EmployeeID,JobRole,CurrentSkill
1,Sales Executive,Salesforce
1,Sales Executive,Excel
1,Sales Executive,CRM Software
2,Research Scientist,R
2,Research Scientist,Data Analysis
2,Research Scientist,Python
4,Laboratory Technician,Excel
4,Laboratory Technician,Data Entry
5,Research Scientist,Machine Learning
5,Research Scientist,Statistics
5,Research Scientist,Python
5,Research Scientist,R
7,Laboratory Technician,Sample Preparation
7,Laboratory Technician,Quality Control
7,Laboratory Technician,Lab Safety
8,Laboratory Technician,Lab Safety
8,Laboratory Technician,Excel
8,Laboratory Technician,Quality Control
10,Laboratory Technician,Lab Safety
10,Laboratory Technician,Sample Preparation
11,Laboratory Technician,Sample Preparation
11,Laboratory Technician,Data Entry
11,Laboratory Technician,Excel
12,Manufacturing Director,ERP
12,Manufacturing Director,Lean Six Sigma
13,Healthcare Representative,Customer Service
13,Healthcare Representative,EMR Software
13,Healthcare Representative,Communication
14,Laboratory Technician,Lab Safety
14,Laboratory Technician,Sample Preparation
15,Laboratory Technician,Excel
15,Laboratory Technician,Data Entry
15,Laboratory Technician,Lab Safety
16,Research Scientist,Python
16,Research Scientist,Statistics
16,Research Scientist,Lab Equipment
18,Laboratory Technician,Lab Safety
18,Laboratory Technician,Data Entry
18,Laboratory Technician,Sample Preparation
19,Laboratory Technician,Quality Control
19,Laboratory Technician,Lab Safety
19,Laboratory Technician,Data Entry
20,Manufacturing Director,Lean Six Sigma
20,Manufacturing Director,ERP
20,Manufacturing Director,Operations Management
20,Manufacturing Director,Supply Chain
21,Research Scientist,R
21,Research Scientist,Lab Equipment
21,Research Scientist,Python
21,Research Scientist,Statistics
22,Laboratory Technician,Sample Preparation
22,Laboratory Technician,Quality Control
22,Laboratory Technician,Lab Safety
23,Manager,Project Management
23,Manager,Strategic Planning
23,Manager,Budgeting
24,Research Scientist,Data Analysis
24,Research Scientist,Lab Equipment
24,Research Scientist,Statistics
26,Manufacturing Director,Operations Management
26,Manufacturing Director,Budgeting
27,Sales Representative,CRM
27,Sales Representative,Communication
28,Research Director,Leadership
28,Research Director,Python
28,Research Director,Data Analysis
30,Research Scientist,Lab Equipment
30,Research Scientist,Python
30,Research Scientist,Data Analysis
30,Research Scientist,R
31,Research Scientist,R
31,Research Scientist,Python
31,Research Scientist,Data Analysis
31,Research Scientist,Lab Equipment
32,Manager,Leadership
32,Manager,Performance Management
32,Manager,Budgeting
33,Research Scientist,R
33,Research Scientist,Statistics
33,Research Scientist,Lab Equipment
33,Research Scientist,Machine Learning
35,Sales Executive,Negotiation
35,Sales Executive,Lead Generation
35,Sales Executive,Salesforce
36,Healthcare Representative,Medical Records
36,Healthcare Representative,Patient Care
38,Manager,Leadership
38,Manager,Budgeting
39,Laboratory Technician,Data Entry
39,Laboratory Technician,Quality Control
39,Laboratory Technician,Lab Safety
39,Laboratory Technician,Sample Preparation
40,Healthcare Representative,Patient Care
40,Healthcare Representative,Customer Service
40,Healthcare Representative,Medical Records
40,Healthcare Representative,Communication
41,Laboratory Technician,Excel
41,Laboratory Technician,Data Entry
41,Laboratory Technician,Lab Safety
42,Sales Representative,Communication
42,Sales Representative,Salesforce
42,Sales Representative,Customer Service
42,Sales Representative,CRM
45,Research Scientist,Lab Equipment
45,Research Scientist,Data Analysis
45,Research Scientist,R
46,Research Scientist,R
46,Research Scientist,Data Analysis
46,Research Scientist,Statistics
46,Research Scientist,Lab Equipment
47,Sales Representative,CRM
47,Sales Representative,Communication
47,Sales Representative,Cold Calling
49,Sales Representative,Customer Service
49,Sales Representative,CRM
49,Sales Representative,Communication
51,Research Scientist,Data Analysis
51,Research Scientist,Statistics
51,Research Scientist,R
51,Research Scientist,Lab Equipment
52,Sales Executive,Lead Generation
52,Sales Executive,CRM Software
52,Sales Executive,Negotiation
52,Sales Executive,Excel
53,Laboratory Technician,Excel
53,Laboratory Technician,Data Entry
53,Laboratory Technician,Sample Preparation
54,Laboratory Technician,Lab Safety
54,Laboratory Technician,Quality Control
54,Laboratory Technician,Excel
55,Laboratory Technician,Sample Preparation
55,Laboratory Technician,Lab Safety
55,Laboratory Technician,Excel
56,Sales Executive,CRM Software
56,Sales Executive,Negotiation
56,Sales Executive,Excel
56,Sales Executive,Salesforce
57,Laboratory Technician,Data Entry
57,Laboratory Technician,Sample Preparation
57,Laboratory Technician,Quality Control
58,Research Director,R&D Strategy
58,Research Director,Grant Writing
58,Research Director,Leadership
60,Sales Executive,CRM Software
60,Sales Executive,Salesforce
60,Sales Executive,Lead Generation
61,Research Scientist,Lab Equipment
61,Research Scientist,R
61,Research Scientist,Machine Learning
61,Research Scientist,Statistics
62,Sales Executive,CRM Software
62,Sales Executive,Lead Generation
62,Sales Executive,Communication
63,Laboratory Technician,Quality Control
63,Laboratory Technician,Sample Preparation
64,Laboratory Technician,Quality Control
64,Laboratory Technician,Sample Preparation
64,Laboratory Technician,Excel
64,Laboratory Technician,Lab Safety
65,Laboratory Technician,Sample Preparation
65,Laboratory Technician,Data Entry
65,Laboratory Technician,Quality Control
68,Sales Executive,CRM Software
68,Sales Executive,Excel
68,Sales Executive,Salesforce
68,Sales Executive,Lead Generation
70,Healthcare Representative,Communication
70,Healthcare Representative,Medical Records
70,Healthcare Representative,Patient Care
70,Healthcare Representative,Customer Service
72,Sales Executive,Lead Generation
72,Sales Executive,CRM Software
72,Sales Executive,Salesforce
72,Sales Executive,Excel
73,Research Director,R&D Strategy
73,Research Director,Data Analysis
73,Research Director,Python
74,Sales Executive,Excel
74,Sales Executive,Salesforce
74,Sales Executive,Communication
74,Sales Executive,CRM Software
75,Laboratory Technician,Sample Preparation
75,Laboratory Technician,Lab Safety
76,Laboratory Technician,Sample Preparation
76,Laboratory Technician,Excel
76,Laboratory Technician,Quality Control
77,Manufacturing Director,Supply Chain
77,Manufacturing Director,Budgeting
77,Manufacturing Director,Operations Management
78,Manufacturing Director,ERP
78,Manufacturing Director,Budgeting
78,Manufacturing Director,Lean Six Sigma
79,Laboratory Technician,Quality Control
79,Laboratory Technician,Sample Preparation
79,Laboratory Technician,Data Entry
80,Research Director,Leadership
80,Research Director,Grant Writing
81,Sales Executive,Negotiation
81,Sales Executive,Excel
81,Sales Executive,CRM Software
83,Healthcare Representative,Medical Records
83,Healthcare Representative,Customer Service
83,Healthcare Representative,EMR Software
84,Manager,Performance Management
84,Manager,Project Management
84,Manager,Leadership
85,Manufacturing Director,Operations Management
85,Manufacturing Director,Supply Chain
85,Manufacturing Director,ERP
86,Research Scientist,Machine Learning
86,Research Scientist,R
86,Research Scientist,Statistics
88,Research Scientist,Python
88,Research Scientist,Machine Learning
88,Research Scientist,Statistics
88,Research Scientist,R
90,Research Scientist,Lab Equipment
90,Research Scientist,Python
90,Research Scientist,R
91,Sales Executive,Communication
91,Sales Executive,Excel
91,Sales Executive,Lead Generation
91,Sales Executive,Salesforce
94,Research Scientist,Machine Learning
94,Research Scientist,R
94,Research Scientist,Python
95,Research Scientist,Statistics
95,Research Scientist,Lab Equipment
95,Research Scientist,Machine Learning
95,Research Scientist,R
96,Research Scientist,Data Analysis
96,Research Scientist,Python
96,Research Scientist,Machine Learning
96,Research Scientist,Statistics
97,Laboratory Technician,Excel
97,Laboratory Technician,Lab Safety
97,Laboratory Technician,Quality Control
98,Manufacturing Director,Lean Six Sigma
98,Manufacturing Director,Budgeting
100,Sales Executive,Negotiation
100,Sales Executive,Communication
100,Sales Executive,CRM Software
101,Research Director,Grant Writing
101,Research Director,Leadership
102,Research Director,Grant Writing
102,Research Director,Data Analysis
102,Research Director,R&D Strategy
103,Human Resources,Workday
103,Human Resources,HRIS
103,Human Resources,Employee Relations
104,Laboratory Technician,Quality Control
104,Laboratory Technician,Sample Preparation
104,Laboratory Technician,Lab Safety
105,Research Scientist,Data Analysis
105,Research Scientist,R
105,Research Scientist,Machine Learning
105,Research Scientist,Python
106,Sales Executive,Negotiation
106,Sales Executive,Communication
106,Sales Executive,CRM Software
107,Research Scientist,Statistics
107,Research Scientist,Data Analysis
107,Research Scientist,Machine Learning
107,Research Scientist,Lab Equipment
110,Manufacturing Director,Supply Chain
110,Manufacturing Director,ERP
110,Manufacturing Director,Lean Six Sigma
110,Manufacturing Director,Budgeting
112,Manufacturing Director,ERP
112,Manufacturing Director,Operations Management
112,Manufacturing Director,Budgeting
113,Sales Representative,Communication
113,Sales Representative,Customer Service
113,Sales Representative,Cold Calling
116,Laboratory Technician,Excel
116,Laboratory Technician,Lab Safety
117,Healthcare Representative,EMR Software
117,Healthcare Representative,Customer Service
118,Sales Executive,Lead Generation
118,Sales Executive,Negotiation
118,Sales Executive,Salesforce
119,Healthcare Representative,Communication
119,Healthcare Representative,Customer Service
119,Healthcare Representative,Medical Records
120,Sales Executive,Negotiation
120,Sales Executive,Communication
120,Sales Executive,CRM Software
120,Sales Executive,Lead Generation
121,Sales Executive,CRM Software
121,Sales Executive,Communication
121,Sales Executive,Lead Generation
124,Healthcare Representative,EMR Software
124,Healthcare Representative,Medical Records
124,Healthcare Representative,Customer Service
125,Sales Executive,Excel
125,Sales Executive,CRM Software
125,Sales Executive,Salesforce
126,Research Director,Grant Writing
126,Research Director,Python
126,Research Director,Data Analysis
128,Sales Executive,Excel
128,Sales Executive,Communication
128,Sales Executive,Salesforce
128,Sales Executive,Lead Generation
129,Sales Executive,CRM Software
129,Sales Executive,Excel
129,Sales Executive,Salesforce
131,Sales Executive,Communication
131,Sales Executive,Excel
131,Sales Executive,CRM Software
132,Laboratory Technician,Lab Safety
132,Laboratory Technician,Quality Control
132,Laboratory Technician,Data Entry
133,Human Resources,Employee Relations
133,Human Resources,Compliance
133,Human Resources,Workday
133,Human Resources,Recruiting
134,Research Scientist,Data Analysis
134,Research Scientist,Statistics
134,Research Scientist,Lab Equipment
134,Research Scientist,Python
137,Laboratory Technician,Quality Control
137,Laboratory Technician,Excel
138,Research Scientist,Machine Learning
138,Research Scientist,Lab Equipment
138,Research Scientist,Data Analysis
138,Research Scientist,R
139,Healthcare Representative,Medical Records
139,Healthcare Representative,Customer Service
139,Healthcare Representative,Patient Care
140,Manager,Budgeting
140,Manager,Project Management
140,Manager,Performance Management
141,Research Director,Data Analysis
141,Research Director,Grant Writing
141,Research Director,R&D Strategy
141,Research Director,Leadership
142,Sales Executive,Salesforce
142,Sales Executive,Excel
142,Sales Executive,Lead Generation
143,Research Scientist,Lab Equipment
143,Research Scientist,Machine Learning
143,Research Scientist,Statistics
143,Research Scientist,Data Analysis
144,Laboratory Technician,Excel
144,Laboratory Technician,Data Entry
144,Laboratory Technician,Lab Safety
145,Healthcare Representative,Medical Records
145,Healthcare Representative,Communication
145,Healthcare Representative,Customer Service
147,Laboratory Technician,Sample Preparation
147,Laboratory Technician,Data Entry
147,Laboratory Technician,Excel
148,Manager,Performance Management
148,Manager,Budgeting
148,Manager,Strategic Planning
150,Laboratory Technician,Lab Safety
150,Laboratory Technician,Data Entry
150,Laboratory Technician,Excel
151,Research Scientist,Statistics
151,Research Scientist,Lab Equipment
151,Research Scientist,Machine Learning
151,Research Scientist,Python
152,Sales Executive,Negotiation
152,Sales Executive,Communication
152,Sales Executive,Excel
153,Manager,Strategic Planning
153,Manager,Project Management
153,Manager,Budgeting
154,Sales Executive,Communication
154,Sales Executive,Negotiation
154,Sales Executive,Excel
154,Sales Executive,Salesforce
154,Sales Executive,CRM Software
155,Laboratory Technician,Lab Safety
155,Laboratory Technician,Quality Control
155,Laboratory Technician,Sample Preparation
155,Laboratory Technician,Data Entry
158,Manager,Strategic Planning
158,Manager,Leadership
159,Research Scientist,R
159,Research Scientist,Python
159,Research Scientist,Lab Equipment
160,Sales Executive,CRM Software
160,Sales Executive,Negotiation
160,Sales Executive,Lead Generation
161,Research Scientist,Data Analysis
161,Research Scientist,R
161,Research Scientist,Lab Equipment
162,Research Director,Grant Writing
162,Research Director,Python
162,Research Director,Leadership
163,Sales Executive,CRM Software
163,Sales Executive,Negotiation
163,Sales Executive,Communication
163,Sales Executive,Salesforce
164,Research Scientist,R
164,Research Scientist,Data Analysis
164,Research Scientist,Python
164,Research Scientist,Statistics
164,Research Scientist,Lab Equipment
165,Healthcare Representative,Communication
165,Healthcare Representative,Medical Records
165,Healthcare Representative,Patient Care
167,Sales Representative,Customer Service
167,Sales Representative,CRM
167,Sales Representative,Salesforce
169,Laboratory Technician,Data Entry
169,Laboratory Technician,Quality Control
169,Laboratory Technician,Sample Preparation
170,Manufacturing Director,Lean Six Sigma
170,Manufacturing Director,Budgeting
170,Manufacturing Director,Operations Management
171,Research Scientist,Statistics
171,Research Scientist,Data Analysis
171,Research Scientist,Python
174,Sales Executive,CRM Software
174,Sales Executive,Negotiation
174,Sales Executive,Lead Generation
175,Sales Executive,Excel
175,Sales Executive,Salesforce
175,Sales Executive,Negotiation
175,Sales Executive,CRM Software
176,Sales Executive,Negotiation
176,Sales Executive,Salesforce
176,Sales Executive,Communication
177,Human Resources,Payroll
177,Human Resources,Workday
177,Human Resources,Recruiting
178,Manufacturing Director,Budgeting
178,Manufacturing Director,Operations Management
178,Manufacturing Director,Supply Chain
179,Manufacturing Director,Lean Six Sigma
179,Manufacturing Director,Budgeting
182,Sales Executive,Communication
182,Sales Executive,Lead Generation
182,Sales Executive,Negotiation
183,Sales Executive,Communication
183,Sales Executive,Lead Generation
183,Sales Executive,Negotiation
184,Human Resources,Compliance
184,Human Resources,Payroll
184,Human Resources,Employee Relations
184,Human Resources,Workday
190,Laboratory Technician,Sample Preparation
190,Laboratory Technician,Quality Control
192,Research Scientist,Data Analysis
192,Research Scientist,R
192,Research Scientist,Python
192,Research Scientist,Lab Equipment
193,Research Scientist,Machine Learning
193,Research Scientist,Lab Equipment
193,Research Scientist,R
193,Research Scientist,Python
194,Research Scientist,Machine Learning
194,Research Scientist,Data Analysis
194,Research Scientist,R
195,Sales Executive,Excel
195,Sales Executive,Lead Generation
195,Sales Executive,Negotiation
197,Research Scientist,Statistics
197,Research Scientist,Python
197,Research Scientist,R
198,Laboratory Technician,Excel
198,Laboratory Technician,Quality Control
198,Laboratory Technician,Sample Preparation
199,Manager,Performance Management
199,Manager,Project Management
199,Manager,Budgeting
200,Laboratory Technician,Data Entry
200,Laboratory Technician,Quality Control
200,Laboratory Technician,Sample Preparation
201,Laboratory Technician,Lab Safety
201,Laboratory Technician,Quality Control
201,Laboratory Technician,Excel
202,Research Scientist,Python
202,Research Scientist,Data Analysis
202,Research Scientist,R
202,Research Scientist,Machine Learning
204,Sales Executive,Lead Generation
204,Sales Executive,Salesforce
204,Sales Executive,Negotiation
205,Sales Representative,CRM
205,Sales Representative,Communication
205,Sales Representative,Cold Calling
206,Laboratory Technician,Quality Control
206,Laboratory Technician,Excel
206,Laboratory Technician,Lab Safety
207,Sales Executive,Negotiation
207,Sales Executive,CRM Software
207,Sales Executive,Excel
207,Sales Executive,Salesforce
208,Manufacturing Director,Operations Management
208,Manufacturing Director,Supply Chain
208,Manufacturing Director,Budgeting
211,Manufacturing Director,Budgeting
211,Manufacturing Director,Lean Six Sigma
211,Manufacturing Director,Supply Chain
214,Research Scientist,Lab Equipment
214,Research Scientist,Python
214,Research Scientist,Data Analysis
214,Research Scientist,R
215,Sales Executive,Communication
215,Sales Executive,Excel
215,Sales Executive,Salesforce
216,Sales Representative,Communication
216,Sales Representative,Customer Service
216,Sales Representative,Cold Calling
217,Research Scientist,R
217,Research Scientist,Statistics
217,Research Scientist,Machine Learning
218,Research Scientist,Machine Learning
218,Research Scientist,R
218,Research Scientist,Statistics
218,Research Scientist,Lab Equipment
221,Research Scientist,Data Analysis
221,Research Scientist,R
221,Research Scientist,Python
221,Research Scientist,Machine Learning
223,Healthcare Representative,Medical Records
223,Healthcare Representative,Customer Service
224,Research Scientist,Python
224,Research Scientist,Machine Learning
224,Research Scientist,Statistics
226,Manager,Strategic Planning
226,Manager,Leadership
226,Manager,Budgeting
227,Research Scientist,R
227,Research Scientist,Data Analysis
227,Research Scientist,Python
228,Sales Executive,Salesforce
228,Sales Executive,Communication
228,Sales Executive,CRM Software
230,Sales Executive,Communication
230,Sales Executive,Excel
230,Sales Executive,Negotiation
231,Research Scientist,Statistics
231,Research Scientist,Data Analysis
231,Research Scientist,Lab Equipment
233,Research Scientist,Machine Learning
233,Research Scientist,Lab Equipment
233,Research Scientist,R
235,Sales Representative,Communication
235,Sales Representative,CRM
238,Laboratory Technician,Data Entry
238,Laboratory Technician,Quality Control
239,Laboratory Technician,Excel
239,Laboratory Technician,Lab Safety
239,Laboratory Technician,Data Entry
240,Sales Executive,Negotiation
240,Sales Executive,Communication
240,Sales Executive,Salesforce
241,Research Scientist,Python
241,Research Scientist,Machine Learning
241,Research Scientist,Lab Equipment
242,Research Scientist,Lab Equipment
242,Research Scientist,Data Analysis
242,Research Scientist,R
243,Laboratory Technician,Lab Safety
243,Laboratory Technician,Excel
243,Laboratory Technician,Quality Control
244,Sales Executive,Negotiation
244,Sales Executive,Lead Generation
244,Sales Executive,Communication
245,Laboratory Technician,Lab Safety
245,Laboratory Technician,Excel
245,Laboratory Technician,Data Entry
246,Research Scientist,Lab Equipment
246,Research Scientist,Statistics
246,Research Scientist,Data Analysis
246,Research Scientist,Python
247,Research Scientist,Lab Equipment
247,Research Scientist,Data Analysis
247,Research Scientist,Machine Learning
248,Sales Representative,Customer Service
248,Sales Representative,Cold Calling
249,Laboratory Technician,Sample Preparation
249,Laboratory Technician,Excel
249,Laboratory Technician,Quality Control
250,Manufacturing Director,ERP
250,Manufacturing Director,Supply Chain
252,Research Scientist,Lab Equipment
252,Research Scientist,Statistics
252,Research Scientist,Machine Learning
253,Manager,Project Management
253,Manager,Strategic Planning
254,Research Director,Python
254,Research Director,R&D Strategy
254,Research Director,Leadership
256,Manufacturing Director,Supply Chain
256,Manufacturing Director,ERP
256,Manufacturing Director,Operations Management
258,Healthcare Representative,EMR Software
258,Healthcare Representative,Communication
258,Healthcare Representative,Medical Records
258,Healthcare Representative,Patient Care
259,Manager,Performance Management
259,Manager,Strategic Planning
259,Manager,Project Management
260,Research Scientist,R
260,Research Scientist,Lab Equipment
260,Research Scientist,Data Analysis
260,Research Scientist,Machine Learning
261,Manufacturing Director,Operations Management
261,Manufacturing Director,ERP
262,Research Scientist,Statistics
262,Research Scientist,Lab Equipment
262,Research Scientist,Machine Learning
262,Research Scientist,Python
264,Manager,Performance Management
264,Manager,Budgeting
264,Manager,Project Management
267,Research Scientist,Data Analysis
267,Research Scientist,Statistics
267,Research Scientist,R
267,Research Scientist,Machine Learning
269,Laboratory Technician,Sample Preparation
269,Laboratory Technician,Lab Safety
269,Laboratory Technician,Quality Control
270,Manufacturing Director,Supply Chain
270,Manufacturing Director,Operations Management
271,Manufacturing Director,Operations Management
271,Manufacturing Director,Supply Chain
271,Manufacturing Director,Lean Six Sigma
273,Manufacturing Director,Lean Six Sigma
273,Manufacturing Director,Operations Management
273,Manufacturing Director,Supply Chain
274,Manufacturing Director,Operations Management
274,Manufacturing Director,Budgeting
274,Manufacturing Director,ERP
275,Manufacturing Director,Supply Chain
275,Manufacturing Director,ERP
277,Research Scientist,Statistics
277,Research Scientist,Machine Learning
277,Research Scientist,R
277,Research Scientist,Lab Equipment
281,Laboratory Technician,Sample Preparation
281,Laboratory Technician,Excel
282,Healthcare Representative,EMR Software
282,Healthcare Representative,Medical Records
282,Healthcare Representative,Patient Care
283,Sales Executive,Lead Generation
283,Sales Executive,CRM Software
283,Sales Executive,Salesforce
284,Research Scientist,Python
284,Research Scientist,Machine Learning
284,Research Scientist,Lab Equipment
284,Research Scientist,Data Analysis
286,Laboratory Technician,Lab Safety
286,Laboratory Technician,Data Entry
286,Laboratory Technician,Quality Control
287,Healthcare Representative,Communication
287,Healthcare Representative,Customer Service
287,Healthcare Representative,EMR Software
287,Healthcare Representative,Patient Care
288,Healthcare Representative,Communication
288,Healthcare Representative,Medical Records
288,Healthcare Representative,Patient Care
291,Sales Executive,Lead Generation
291,Sales Executive,Excel
291,Sales Executive,Negotiation
292,Manufacturing Director,Budgeting
292,Manufacturing Director,Lean Six Sigma
293,Sales Executive,Communication
293,Sales Executive,Excel
293,Sales Executive,Lead Generation
293,Sales Executive,Salesforce
296,Research Director,Leadership
296,Research Director,R&D Strategy
297,Research Scientist,Data Analysis
297,Research Scientist,Python
297,Research Scientist,Machine Learning
298,Manager,Budgeting
298,Manager,Strategic Planning
298,Manager,Project Management
299,Sales Executive,Lead Generation
299,Sales Executive,Excel
299,Sales Executive,Communication
299,Sales Executive,Negotiation
300,Research Scientist,R
300,Research Scientist,Python
300,Research Scientist,Machine Learning
300,Research Scientist,Lab Equipment
302,Sales Executive,Salesforce
302,Sales Executive,Excel
302,Sales Executive,Communication
302,Sales Executive,Lead Generation
303,Sales Executive,Negotiation
303,Sales Executive,Lead Generation
303,Sales Executive,Excel
304,Laboratory Technician,Lab Safety
304,Laboratory Technician,Sample Preparation
304,Laboratory Technician,Data Entry
305,Research Scientist,Lab Equipment
305,Research Scientist,R
305,Research Scientist,Statistics
306,Research Director,Leadership
306,Research Director,Data Analysis
306,Research Director,Grant Writing
306,Research Director,Python
307,Sales Executive,Communication
307,Sales Executive,Salesforce
307,Sales Executive,Excel
308,Manufacturing Director,Supply Chain
308,Manufacturing Director,Operations Management
309,Research Scientist,Statistics
309,Research Scientist,Data Analysis
309,Research Scientist,R
311,Sales Representative,CRM
311,Sales Representative,Communication
311,Sales Representative,Cold Calling
312,Sales Executive,Negotiation
312,Sales Executive,Communication
312,Sales Executive,CRM Software
312,Sales Executive,Lead Generation
314,Sales Executive,Salesforce
314,Sales Executive,Excel
314,Sales Executive,Lead Generation
314,Sales Executive,CRM Software
315,Research Scientist,Python
315,Research Scientist,R
315,Research Scientist,Machine Learning
315,Research Scientist,Statistics
316,Laboratory Technician,Quality Control
316,Laboratory Technician,Lab Safety
316,Laboratory Technician,Sample Preparation
319,Manager,Project Management
319,Manager,Budgeting
319,Manager,Strategic Planning
321,Human Resources,Workday
321,Human Resources,HRIS
321,Human Resources,Recruiting
323,Manager,Budgeting
323,Manager,Project Management
323,Manager,Leadership
325,Laboratory Technician,Lab Safety
325,Laboratory Technician,Data Entry
327,Manager,Performance Management
327,Manager,Project Management
327,Manager,Leadership
328,Laboratory Technician,Data Entry
328,Laboratory Technician,Lab Safety
329,Manager,Project Management
329,Manager,Budgeting
329,Manager,Leadership
330,Sales Representative,Customer Service
330,Sales Representative,Cold Calling
330,Sales Representative,CRM
331,Laboratory Technician,Excel
331,Laboratory Technician,Lab Safety
331,Laboratory Technician,Sample Preparation
332,Laboratory Technician,Sample Preparation
332,Laboratory Technician,Quality Control
332,Laboratory Technician,Lab Safety
333,Sales Executive,Negotiation
333,Sales Executive,Communication
333,Sales Executive,Lead Generation
334,Research Scientist,Statistics
334,Research Scientist,Lab Equipment
334,Research Scientist,Python
335,Research Scientist,R
335,Research Scientist,Machine Learning
335,Research Scientist,Lab Equipment
335,Research Scientist,Data Analysis
336,Manager,Performance Management
336,Manager,Strategic Planning
337,Research Director,R&D Strategy
337,Research Director,Leadership
338,Research Scientist,Python
338,Research Scientist,R
338,Research Scientist,Lab Equipment
338,Research Scientist,Statistics
339,Manufacturing Director,ERP
339,Manufacturing Director,Lean Six Sigma
339,Manufacturing Director,Supply Chain
340,Research Scientist,Lab Equipment
340,Research Scientist,Statistics
340,Research Scientist,R
341,Manufacturing Director,Budgeting
341,Manufacturing Director,ERP
342,Manufacturing Director,Supply Chain
342,Manufacturing Director,Lean Six Sigma
342,Manufacturing Director,Operations Management
342,Manufacturing Director,Budgeting
343,Healthcare Representative,EMR Software
343,Healthcare Representative,Patient Care
343,Healthcare Representative,Medical Records
346,Research Scientist,Python
346,Research Scientist,Statistics
346,Research Scientist,Lab Equipment
346,Research Scientist,Data Analysis
347,Research Scientist,Data Analysis
347,Research Scientist,Lab Equipment
347,Research Scientist,Machine Learning
349,Sales Executive,Communication
349,Sales Executive,Excel
349,Sales Executive,Negotiation
349,Sales Executive,CRM Software
350,Manufacturing Director,Operations Management
350,Manufacturing Director,Lean Six Sigma
350,Manufacturing Director,ERP
351,Laboratory Technician,Lab Safety
351,Laboratory Technician,Excel
351,Laboratory Technician,Data Entry
352,Research Director,Data Analysis
352,Research Director,Grant Writing
352,Research Director,R&D Strategy
352,Research Director,Python
353,Research Scientist,Data Analysis
353,Research Scientist,Python
353,Research Scientist,Lab Equipment
355,Laboratory Technician,Data Entry
355,Laboratory Technician,Lab Safety
355,Laboratory Technician,Sample Preparation
359,Laboratory Technician,Quality Control
359,Laboratory Technician,Sample Preparation
359,Laboratory Technician,Data Entry
361,Sales Executive,Communication
361,Sales Executive,Excel
361,Sales Executive,Salesforce
361,Sales Executive,Negotiation
362,Laboratory Technician,Excel
362,Laboratory Technician,Data Entry
363,Manager,Performance Management
363,Manager,Leadership
363,Manager,Strategic Planning
364,Laboratory Technician,Sample Preparation
364,Laboratory Technician,Excel
366,Sales Executive,Excel
366,Sales Executive,Lead Generation
366,Sales Executive,Negotiation
366,Sales Executive,Salesforce
367,Healthcare Representative,EMR Software
367,Healthcare Representative,Medical Records
367,Healthcare Representative,Communication
369,Healthcare Representative,Customer Service
369,Healthcare Representative,EMR Software
369,Healthcare Representative,Communication
372,Healthcare Representative,Customer Service
372,Healthcare Representative,Communication
373,Laboratory Technician,Excel
373,Laboratory Technician,Lab Safety
374,Manager,Strategic Planning
374,Manager,Leadership
376,Manager,Project Management
376,Manager,Budgeting
377,Research Scientist,R
377,Research Scientist,Lab Equipment
377,Research Scientist,Python
377,Research Scientist,Machine Learning
378,Sales Executive,CRM Software
378,Sales Executive,Excel
378,Sales Executive,Lead Generation
378,Sales Executive,Salesforce
379,Research Scientist,Machine Learning
379,Research Scientist,Data Analysis
379,Research Scientist,Python
379,Research Scientist,R
380,Research Director,Leadership
380,Research Director,R&D Strategy
380,Research Director,Grant Writing
380,Research Director,Python
381,Manager,Strategic Planning
381,Manager,Project Management
381,Manager,Performance Management
382,Sales Executive,Negotiation
382,Sales Executive,Excel
382,Sales Executive,Lead Generation
384,Manufacturing Director,Supply Chain
384,Manufacturing Director,Lean Six Sigma
384,Manufacturing Director,Budgeting
384,Manufacturing Director,ERP
385,Research Director,Grant Writing
385,Research Director,Python
385,Research Director,R&D Strategy
385,Research Director,Leadership
386,Research Director,R&D Strategy
386,Research Director,Grant Writing
386,Research Director,Python
387,Sales Executive,Negotiation
387,Sales Executive,Communication
387,Sales Executive,Salesforce
388,Sales Executive,Negotiation
388,Sales Executive,Lead Generation
388,Sales Executive,Excel
388,Sales Executive,Salesforce
389,Laboratory Technician,Quality Control
389,Laboratory Technician,Sample Preparation
389,Laboratory Technician,Excel
390,Healthcare Representative,Patient Care
390,Healthcare Representative,Customer Service
391,Research Scientist,Data Analysis
391,Research Scientist,Statistics
391,Research Scientist,R
392,Laboratory Technician,Sample Preparation
392,Laboratory Technician,Data Entry
392,Laboratory Technician,Excel
392,Laboratory Technician,Quality Control
393,Healthcare Representative,Communication
393,Healthcare Representative,Patient Care
393,Healthcare Representative,Medical Records
394,Laboratory Technician,Excel
394,Laboratory Technician,Lab Safety
394,Laboratory Technician,Sample Preparation
395,Research Scientist,Machine Learning
395,Research Scientist,R
395,Research Scientist,Python
395,Research Scientist,Data Analysis
396,Research Director,R&D Strategy
396,Research Director,Grant Writing
397,Research Scientist,R
397,Research Scientist,Data Analysis
397,Research Scientist,Python
397,Research Scientist,Statistics
399,Sales Representative,Customer Service
399,Sales Representative,Communication
401,Sales Executive,Excel
401,Sales Executive,Communication
401,Sales Executive,Salesforce
403,Research Scientist,Machine Learning
403,Research Scientist,Lab Equipment
403,Research Scientist,Data Analysis
404,Sales Executive,CRM Software
404,Sales Executive,Lead Generation
404,Sales Executive,Communication
405,Laboratory Technician,Lab Safety
405,Laboratory Technician,Sample Preparation
405,Laboratory Technician,Excel
405,Laboratory Technician,Data Entry
406,Sales Executive,Negotiation
406,Sales Executive,Communication
406,Sales Executive,Salesforce
406,Sales Executive,Excel
407,Laboratory Technician,Sample Preparation
407,Laboratory Technician,Excel
408,Manufacturing Director,Budgeting
408,Manufacturing Director,Operations Management
410,Manager,Project Management
410,Manager,Budgeting
410,Manager,Performance Management
410,Manager,Strategic Planning
411,Sales Representative,Cold Calling
411,Sales Representative,CRM
411,Sales Representative,Customer Service
412,Healthcare Representative,Patient Care
412,Healthcare Representative,Customer Service
416,Sales Executive,Salesforce
416,Sales Executive,Negotiation
416,Sales Executive,CRM Software
417,Healthcare Representative,Customer Service
417,Healthcare Representative,Patient Care
417,Healthcare Representative,Medical Records
419,Laboratory Technician,Lab Safety
419,Laboratory Technician,Excel
419,Laboratory Technician,Sample Preparation
419,Laboratory Technician,Data Entry
420,Sales Executive,Excel
420,Sales Executive,Communication
420,Sales Executive,Negotiation
420,Sales Executive,Salesforce
421,Research Director,Leadership
421,Research Director,Grant Writing
421,Research Director,Python
422,Healthcare Representative,Medical Records
422,Healthcare Representative,Communication
422,Healthcare Representative,EMR Software
423,Research Scientist,Data Analysis
423,Research Scientist,Machine Learning
423,Research Scientist,Python
423,Research Scientist,Lab Equipment
424,Human Resources,Workday
424,Human Resources,Recruiting
424,Human Resources,Payroll
424,Human Resources,Compliance
424,Human Resources,Employee Relations
425,Laboratory Technician,Excel
425,Laboratory Technician,Data Entry
426,Research Scientist,Lab Equipment
426,Research Scientist,Statistics
426,Research Scientist,Python
428,Manager,Strategic Planning
428,Manager,Performance Management
429,Manager,Budgeting
429,Manager,Project Management
429,Manager,Strategic Planning
430,Laboratory Technician,Data Entry
430,Laboratory Technician,Lab Safety
430,Laboratory Technician,Sample Preparation
431,Healthcare Representative,Customer Service
431,Healthcare Representative,EMR Software
431,Healthcare Representative,Communication
433,Research Scientist,R
433,Research Scientist,Statistics
433,Research Scientist,Data Analysis
434,Research Scientist,Python
434,Research Scientist,Machine Learning
434,Research Scientist,Statistics
436,Sales Executive,Negotiation
436,Sales Executive,Lead Generation
436,Sales Executive,Communication
436,Sales Executive,Salesforce
437,Sales Executive,CRM Software
437,Sales Executive,Excel
437,Sales Executive,Communication
438,Sales Executive,CRM Software
438,Sales Executive,Salesforce
438,Sales Executive,Lead Generation
438,Sales Executive,Negotiation
439,Research Scientist,Lab Equipment
439,Research Scientist,R
439,Research Scientist,Data Analysis
439,Research Scientist,Python
440,Research Scientist,Python
440,Research Scientist,R
440,Research Scientist,Machine Learning
440,Research Scientist,Data Analysis
441,Research Scientist,Lab Equipment
441,Research Scientist,Statistics
441,Research Scientist,Python
442,Manufacturing Director,Budgeting
442,Manufacturing Director,Operations Management
442,Manufacturing Director,ERP
444,Manager,Performance Management
444,Manager,Leadership
444,Manager,Strategic Planning
445,Sales Executive,Salesforce
445,Sales Executive,Negotiation
445,Sales Executive,CRM Software
445,Sales Executive,Lead Generation
446,Sales Executive,Excel
446,Sales Executive,CRM Software
446,Sales Executive,Salesforce
446,Sales Executive,Communication
447,Research Director,Python
447,Research Director,Grant Writing
448,Laboratory Technician,Data Entry
448,Laboratory Technician,Excel
448,Laboratory Technician,Quality Control
448,Laboratory Technician,Lab Safety
449,Sales Executive,CRM Software
449,Sales Executive,Lead Generation
449,Sales Executive,Excel
449,Sales Executive,Negotiation
450,Research Scientist,Statistics
450,Research Scientist,Data Analysis
450,Research Scientist,R
451,Healthcare Representative,Communication
451,Healthcare Representative,Patient Care
451,Healthcare Representative,Customer Service
452,Research Scientist,Statistics
452,Research Scientist,Python
452,Research Scientist,Data Analysis
452,Research Scientist,Lab Equipment
453,Sales Executive,Negotiation
453,Sales Executive,Communication
453,Sales Executive,Lead Generation
454,Laboratory Technician,Lab Safety
454,Laboratory Technician,Excel
455,Laboratory Technician,Lab Safety
455,Laboratory Technician,Excel
455,Laboratory Technician,Quality Control
456,Sales Executive,CRM Software
456,Sales Executive,Negotiation
456,Sales Executive,Communication
458,Sales Executive,Salesforce
458,Sales Executive,Lead Generation
458,Sales Executive,Communication
458,Sales Executive,CRM Software
458,Sales Executive,Negotiation
460,Manufacturing Director,Lean Six Sigma
460,Manufacturing Director,Operations Management
460,Manufacturing Director,ERP
460,Manufacturing Director,Budgeting
461,Research Director,Data Analysis
461,Research Director,Grant Writing
461,Research Director,Python
462,Manufacturing Director,ERP
462,Manufacturing Director,Operations Management
463,Sales Executive,Negotiation
463,Sales Executive,Lead Generation
463,Sales Executive,Excel
463,Sales Executive,CRM Software
464,Manufacturing Director,Budgeting
464,Manufacturing Director,ERP
465,Research Scientist,Python
465,Research Scientist,R
465,Research Scientist,Statistics
466,Manufacturing Director,Supply Chain
466,Manufacturing Director,Budgeting
466,Manufacturing Director,Lean Six Sigma
467,Sales Representative,Salesforce
467,Sales Representative,CRM
468,Research Director,Python
468,Research Director,Data Analysis
468,Research Director,Leadership
469,Sales Executive,Excel
469,Sales Executive,Negotiation
469,Sales Executive,Lead Generation
469,Sales Executive,Communication
470,Human Resources,Recruiting
470,Human Resources,HRIS
470,Human Resources,Payroll
470,Human Resources,Compliance
471,Laboratory Technician,Lab Safety
471,Laboratory Technician,Quality Control
471,Laboratory Technician,Excel
471,Laboratory Technician,Sample Preparation
473,Manager,Budgeting
473,Manager,Project Management
473,Manager,Leadership
474,Research Scientist,Python
474,Research Scientist,R
474,Research Scientist,Lab Equipment
474,Research Scientist,Machine Learning
475,Sales Executive,Communication
475,Sales Executive,CRM Software
475,Sales Executive,Excel
476,Sales Executive,Salesforce
476,Sales Executive,Communication
476,Sales Executive,CRM Software
477,Healthcare Representative,Patient Care
477,Healthcare Representative,Customer Service
478,Sales Representative,Salesforce
478,Sales Representative,Customer Service
478,Sales Representative,Cold Calling
479,Sales Executive,Excel
479,Sales Executive,Communication
479,Sales Executive,CRM Software
479,Sales Executive,Lead Generation
481,Sales Executive,Negotiation
481,Sales Executive,Lead Generation
481,Sales Executive,Salesforce
482,Healthcare Representative,Customer Service
482,Healthcare Representative,Medical Records
482,Healthcare Representative,Patient Care
483,Laboratory Technician,Quality Control
483,Laboratory Technician,Lab Safety
483,Laboratory Technician,Sample Preparation
484,Sales Representative,Customer Service
484,Sales Representative,CRM
484,Sales Representative,Salesforce
485,Sales Representative,Cold Calling
485,Sales Representative,CRM
485,Sales Representative,Customer Service
486,Laboratory Technician,Lab Safety
486,Laboratory Technician,Excel
486,Laboratory Technician,Data Entry
487,Manufacturing Director,Lean Six Sigma
487,Manufacturing Director,Operations Management
487,Manufacturing Director,Supply Chain
487,Manufacturing Director,ERP
488,Sales Executive,Lead Generation
488,Sales Executive,Excel
488,Sales Executive,Communication
488,Sales Executive,Salesforce
491,Healthcare Representative,Communication
491,Healthcare Representative,EMR Software
491,Healthcare Representative,Patient Care
492,Sales Executive,Lead Generation
492,Sales Executive,Salesforce
492,Sales Executive,Negotiation
493,Research Scientist,Lab Equipment
493,Research Scientist,Machine Learning
493,Research Scientist,Statistics
493,Research Scientist,Data Analysis
494,Sales Representative,Customer Service
494,Sales Representative,Communication
494,Sales Representative,Salesforce
495,Research Scientist,Data Analysis
495,Research Scientist,Statistics
495,Research Scientist,Lab Equipment
495,Research Scientist,Machine Learning
496,Healthcare Representative,Patient Care
496,Healthcare Representative,EMR Software
496,Healthcare Representative,Communication
497,Laboratory Technician,Data Entry
497,Laboratory Technician,Quality Control
498,Sales Executive,Excel
498,Sales Executive,Salesforce
498,Sales Executive,Negotiation
498,Sales Executive,Communication
499,Healthcare Representative,Medical Records
499,Healthcare Representative,Customer Service
499,Healthcare Representative,Patient Care
500,Sales Executive,Salesforce
500,Sales Executive,Negotiation
500,Sales Executive,Excel
500,Sales Executive,CRM Software
501,Research Scientist,Machine Learning
501,Research Scientist,Data Analysis
501,Research Scientist,Python
501,Research Scientist,Statistics
502,Sales Executive,Communication
502,Sales Executive,Excel
502,Sales Executive,Lead Generation
505,Manager,Performance Management
505,Manager,Project Management
507,Sales Executive,Salesforce
507,Sales Executive,Excel
507,Sales Executive,Communication
508,Sales Representative,Customer Service
508,Sales Representative,CRM
510,Research Scientist,Lab Equipment
510,Research Scientist,R
510,Research Scientist,Machine Learning
510,Research Scientist,Python
510,Research Scientist,Data Analysis
511,Research Scientist,Python
511,Research Scientist,R
511,Research Scientist,Machine Learning
511,Research Scientist,Lab Equipment
513,Sales Executive,CRM Software
513,Sales Executive,Negotiation
513,Sales Executive,Salesforce
514,Research Scientist,R
514,Research Scientist,Lab Equipment
514,Research Scientist,Statistics
514,Research Scientist,Python
515,Laboratory Technician,Data Entry
515,Laboratory Technician,Lab Safety
516,Sales Executive,CRM Software
516,Sales Executive,Lead Generation
516,Sales Executive,Communication
516,Sales Executive,Excel
517,Laboratory Technician,Lab Safety
517,Laboratory Technician,Excel
518,Manufacturing Director,Lean Six Sigma
518,Manufacturing Director,Operations Management
518,Manufacturing Director,Supply Chain
520,Research Director,Leadership
520,Research Director,Grant Writing
520,Research Director,Python
520,Research Director,Data Analysis
521,Laboratory Technician,Data Entry
521,Laboratory Technician,Quality Control
521,Laboratory Technician,Sample Preparation
522,Research Director,Data Analysis
522,Research Director,R&D Strategy
522,Research Director,Leadership
523,Sales Executive,Salesforce
523,Sales Executive,Negotiation
523,Sales Executive,Lead Generation
523,Sales Executive,Communication
523,Sales Executive,Excel
524,Manufacturing Director,Budgeting
524,Manufacturing Director,Lean Six Sigma
525,Laboratory Technician,Lab Safety
525,Laboratory Technician,Excel
525,Laboratory Technician,Quality Control
526,Healthcare Representative,Medical Records
526,Healthcare Representative,EMR Software
526,Healthcare Representative,Customer Service
526,Healthcare Representative,Patient Care
527,Sales Executive,Salesforce
527,Sales Executive,Communication
527,Sales Executive,Negotiation
527,Sales Executive,Lead Generation
529,Research Scientist,Data Analysis
529,Research Scientist,Lab Equipment
529,Research Scientist,Python
530,Laboratory Technician,Excel
530,Laboratory Technician,Data Entry
530,Laboratory Technician,Sample Preparation
531,Manager,Strategic Planning
531,Manager,Leadership
531,Manager,Budgeting
532,Sales Executive,Communication
532,Sales Executive,Negotiation
532,Sales Executive,CRM Software
533,Sales Executive,Excel
533,Sales Executive,Negotiation
533,Sales Executive,CRM Software
534,Sales Executive,Lead Generation
534,Sales Executive,CRM Software
534,Sales Executive,Excel
534,Sales Executive,Communication
536,Laboratory Technician,Sample Preparation
536,Laboratory Technician,Lab Safety
538,Laboratory Technician,Sample Preparation
538,Laboratory Technician,Excel
538,Laboratory Technician,Quality Control
538,Laboratory Technician,Data Entry
543,Manufacturing Director,ERP
543,Manufacturing Director,Budgeting
544,Research Scientist,Statistics
544,Research Scientist,Data Analysis
544,Research Scientist,Python
546,Manager,Leadership
546,Manager,Project Management
546,Manager,Budgeting
547,Research Scientist,Lab Equipment
547,Research Scientist,Statistics
547,Research Scientist,Python
548,Manufacturing Director,Budgeting
548,Manufacturing Director,Lean Six Sigma
548,Manufacturing Director,ERP
549,Manager,Performance Management
549,Manager,Budgeting
549,Manager,Leadership
550,Manufacturing Director,ERP
550,Manufacturing Director,Budgeting
550,Manufacturing Director,Lean Six Sigma
551,Healthcare Representative,Customer Service
551,Healthcare Representative,Patient Care
551,Healthcare Representative,Medical Records
551,Healthcare Representative,Communication
554,Sales Representative,Customer Service
554,Sales Representative,Salesforce
554,Sales Representative,Cold Calling
555,Sales Representative,Cold Calling
555,Sales Representative,Communication
556,Laboratory Technician,Quality Control
556,Laboratory Technician,Excel
556,Laboratory Technician,Sample Preparation
558,Manager,Strategic Planning
558,Manager,Performance Management
558,Manager,Budgeting
560,Research Scientist,R
560,Research Scientist,Machine Learning
560,Research Scientist,Lab Equipment
560,Research Scientist,Statistics
562,Laboratory Technician,Lab Safety
562,Laboratory Technician,Sample Preparation
564,Research Director,Leadership
564,Research Director,R&D Strategy
564,Research Director,Grant Writing
565,Research Scientist,R
565,Research Scientist,Lab Equipment
565,Research Scientist,Data Analysis
566,Human Resources,Workday
566,Human Resources,Recruiting
566,Human Resources,Payroll
567,Sales Executive,Excel
567,Sales Executive,Communication
567,Sales Executive,Lead Generation
568,Manager,Budgeting
568,Manager,Performance Management
568,Manager,Strategic Planning
569,Manager,Performance Management
569,Manager,Leadership
569,Manager,Budgeting
571,Laboratory Technician,Excel
571,Laboratory Technician,Sample Preparation
571,Laboratory Technician,Data Entry
573,Sales Executive,CRM Software
573,Sales Executive,Excel
573,Sales Executive,Lead Generation
574,Manufacturing Director,Budgeting
574,Manufacturing Director,ERP
574,Manufacturing Director,Supply Chain
574,Manufacturing Director,Operations Management
575,Research Director,Grant Writing
575,Research Director,Data Analysis
575,Research Director,Leadership
577,Laboratory Technician,Quality Control
577,Laboratory Technician,Sample Preparation
577,Laboratory Technician,Excel
578,Laboratory Technician,Lab Safety
578,Laboratory Technician,Sample Preparation
579,Research Scientist,Python
579,Research Scientist,R
579,Research Scientist,Machine Learning
579,Research Scientist,Statistics
580,Sales Executive,CRM Software
580,Sales Executive,Communication
580,Sales Executive,Lead Generation
581,Manufacturing Director,Supply Chain
581,Manufacturing Director,Budgeting
581,Manufacturing Director,Lean Six Sigma
582,Manager,Performance Management
582,Manager,Strategic Planning
584,Laboratory Technician,Excel
584,Laboratory Technician,Data Entry
584,Laboratory Technician,Sample Preparation
585,Sales Representative,CRM
585,Sales Representative,Salesforce
585,Sales Representative,Customer Service
586,Healthcare Representative,Communication
586,Healthcare Representative,Patient Care
586,Healthcare Representative,Medical Records
587,Healthcare Representative,Customer Service
587,Healthcare Representative,Medical Records
587,Healthcare Representative,Communication
590,Human Resources,HRIS
590,Human Resources,Compliance
590,Human Resources,Employee Relations
590,Human Resources,Payroll
591,Laboratory Technician,Quality Control
591,Laboratory Technician,Lab Safety
592,Sales Executive,Negotiation
592,Sales Executive,Communication
592,Sales Executive,Lead Generation
593,Laboratory Technician,Sample Preparation
593,Laboratory Technician,Excel
595,Sales Executive,Negotiation
595,Sales Executive,CRM Software
595,Sales Executive,Lead Generation
597,Manager,Leadership
597,Manager,Budgeting
599,Sales Executive,Lead Generation
599,Sales Executive,Excel
599,Sales Executive,CRM Software
599,Sales Executive,Negotiation
600,Sales Executive,CRM Software
600,Sales Executive,Excel
600,Sales Executive,Communication
600,Sales Executive,Salesforce
601,Manufacturing Director,Supply Chain
601,Manufacturing Director,Operations Management
601,Manufacturing Director,Lean Six Sigma
602,Laboratory Technician,Data Entry
602,Laboratory Technician,Lab Safety
602,Laboratory Technician,Sample Preparation
604,Sales Executive,Negotiation
604,Sales Executive,CRM Software
604,Sales Executive,Lead Generation
604,Sales Executive,Excel
605,Manufacturing Director,ERP
605,Manufacturing Director,Budgeting
605,Manufacturing Director,Supply Chain
606,Sales Executive,Salesforce
606,Sales Executive,Excel
606,Sales Executive,Negotiation
606,Sales Executive,Communication
608,Human Resources,Payroll
608,Human Resources,Employee Relations
608,Human Resources,Recruiting
611,Manufacturing Director,Lean Six Sigma
611,Manufacturing Director,Operations Management
611,Manufacturing Director,ERP
612,Research Director,Grant Writing
612,Research Director,Data Analysis
613,Manager,Budgeting
613,Manager,Performance Management
613,Manager,Strategic Planning
614,Sales Representative,Cold Calling
614,Sales Representative,CRM
615,Sales Executive,CRM Software
615,Sales Executive,Communication
615,Sales Executive,Salesforce
616,Healthcare Representative,EMR Software
616,Healthcare Representative,Communication
618,Sales Executive,Salesforce
618,Sales Executive,Communication
618,Sales Executive,Lead Generation
618,Sales Executive,Excel
620,Sales Executive,Communication
620,Sales Executive,Salesforce
620,Sales Executive,CRM Software
621,Sales Executive,Communication
621,Sales Executive,Salesforce
621,Sales Executive,Excel
621,Sales Executive,Negotiation
622,Laboratory Technician,Data Entry
622,Laboratory Technician,Excel
622,Laboratory Technician,Lab Safety
623,Manufacturing Director,Operations Management
623,Manufacturing Director,Supply Chain
623,Manufacturing Director,Budgeting
624,Healthcare Representative,Customer Service
624,Healthcare Representative,EMR Software
624,Healthcare Representative,Medical Records
625,Manager,Budgeting
625,Manager,Leadership
626,Sales Executive,CRM Software
626,Sales Executive,Communication
626,Sales Executive,Excel
630,Research Scientist,R
630,Research Scientist,Statistics
630,Research Scientist,Data Analysis
630,Research Scientist,Lab Equipment
631,Sales Executive,Negotiation
631,Sales Executive,Excel
631,Sales Executive,Communication
631,Sales Executive,CRM Software
632,Sales Representative,Salesforce
632,Sales Representative,Communication
632,Sales Representative,CRM
634,Healthcare Representative,Patient Care
634,Healthcare Representative,Customer Service
634,Healthcare Representative,EMR Software
635,Manufacturing Director,Lean Six Sigma
635,Manufacturing Director,Supply Chain
635,Manufacturing Director,ERP
635,Manufacturing Director,Operations Management
638,Research Director,Data Analysis
638,Research Director,R&D Strategy
638,Research Director,Python
639,Research Scientist,Statistics
639,Research Scientist,Data Analysis
639,Research Scientist,Machine Learning
639,Research Scientist,R
639,Research Scientist,Lab Equipment
641,Sales Executive,Lead Generation
641,Sales Executive,Negotiation
641,Sales Executive,Excel
643,Laboratory Technician,Quality Control
643,Laboratory Technician,Excel
643,Laboratory Technician,Lab Safety
644,Manager,Leadership
644,Manager,Performance Management
644,Manager,Strategic Planning
645,Sales Representative,CRM
645,Sales Representative,Salesforce
645,Sales Representative,Customer Service
647,Laboratory Technician,Sample Preparation
647,Laboratory Technician,Quality Control
647,Laboratory Technician,Lab Safety
647,Laboratory Technician,Data Entry
648,Sales Representative,Salesforce
648,Sales Representative,Customer Service
648,Sales Representative,Cold Calling
649,Research Scientist,Python
649,Research Scientist,Data Analysis
649,Research Scientist,Lab Equipment
649,Research Scientist,R
650,Sales Executive,Negotiation
650,Sales Executive,CRM Software
650,Sales Executive,Salesforce
652,Laboratory Technician,Sample Preparation
652,Laboratory Technician,Lab Safety
652,Laboratory Technician,Excel
653,Sales Executive,Excel
653,Sales Executive,CRM Software
653,Sales Executive,Salesforce
653,Sales Executive,Lead Generation
655,Research Scientist,Python
655,Research Scientist,R
655,Research Scientist,Statistics
655,Research Scientist,Machine Learning
656,Sales Executive,Negotiation
656,Sales Executive,Communication
656,Sales Executive,Salesforce
656,Sales Executive,Lead Generation
657,Research Scientist,Statistics
657,Research Scientist,Lab Equipment
657,Research Scientist,Machine Learning
659,Healthcare Representative,EMR Software
659,Healthcare Representative,Patient Care
659,Healthcare Representative,Communication
661,Research Director,R&D Strategy
661,Research Director,Grant Writing
661,Research Director,Data Analysis
661,Research Director,Python
662,Research Scientist,Python
662,Research Scientist,Data Analysis
662,Research Scientist,Statistics
663,Laboratory Technician,Lab Safety
663,Laboratory Technician,Excel
663,Laboratory Technician,Quality Control
664,Manager,Performance Management
664,Manager,Budgeting
664,Manager,Leadership
665,Human Resources,Employee Relations
665,Human Resources,Compliance
665,Human Resources,HRIS
666,Sales Representative,CRM
666,Sales Representative,Salesforce
666,Sales Representative,Customer Service
666,Sales Representative,Cold Calling
667,Sales Representative,Cold Calling
667,Sales Representative,Communication
669,Sales Representative,Salesforce
669,Sales Representative,Customer Service
669,Sales Representative,CRM
671,Manager,Strategic Planning
671,Manager,Budgeting
675,Research Scientist,Python
675,Research Scientist,Data Analysis
675,Research Scientist,Statistics
675,Research Scientist,Machine Learning
677,Sales Executive,Communication
677,Sales Executive,Excel
677,Sales Executive,Lead Generation
677,Sales Executive,Salesforce
679,Research Scientist,Python
679,Research Scientist,Data Analysis
679,Research Scientist,R
680,Research Scientist,Lab Equipment
680,Research Scientist,Machine Learning
680,Research Scientist,Data Analysis
682,Sales Executive,Communication
682,Sales Executive,Excel
682,Sales Executive,Salesforce
682,Sales Executive,Lead Generation
683,Research Scientist,Machine Learning
683,Research Scientist,Data Analysis
683,Research Scientist,Python
684,Sales Executive,Negotiation
684,Sales Executive,Lead Generation
684,Sales Executive,CRM Software
686,Laboratory Technician,Excel
686,Laboratory Technician,Sample Preparation
686,Laboratory Technician,Quality Control
689,Manufacturing Director,Budgeting
689,Manufacturing Director,Lean Six Sigma
689,Manufacturing Director,Supply Chain
689,Manufacturing Director,ERP
690,Sales Executive,Communication
690,Sales Executive,CRM Software
690,Sales Executive,Salesforce
690,Sales Executive,Lead Generation
691,Research Scientist,Lab Equipment
691,Research Scientist,Statistics
691,Research Scientist,Data Analysis
692,Healthcare Representative,Communication
692,Healthcare Representative,Customer Service
692,Healthcare Representative,Medical Records
698,Human Resources,Workday
698,Human Resources,Recruiting
698,Human Resources,Employee Relations
698,Human Resources,Payroll
699,Manufacturing Director,Budgeting
699,Manufacturing Director,Lean Six Sigma
700,Research Scientist,Statistics
700,Research Scientist,Python
700,Research Scientist,Machine Learning
701,Research Scientist,R
701,Research Scientist,Python
701,Research Scientist,Statistics
702,Research Scientist,Data Analysis
702,Research Scientist,Statistics
702,Research Scientist,Python
704,Laboratory Technician,Quality Control
704,Laboratory Technician,Excel
705,Research Scientist,Python
705,Research Scientist,Statistics
705,Research Scientist,Lab Equipment
707,Sales Executive,Excel
707,Sales Executive,CRM Software
707,Sales Executive,Communication
707,Sales Executive,Lead Generation
709,Sales Executive,CRM Software
709,Sales Executive,Excel
709,Sales Executive,Salesforce
709,Sales Executive,Communication
710,Research Scientist,Machine Learning
710,Research Scientist,Data Analysis
710,Research Scientist,Python
710,Research Scientist,Lab Equipment
712,Sales Executive,Lead Generation
712,Sales Executive,Communication
712,Sales Executive,Negotiation
714,Sales Executive,Salesforce
714,Sales Executive,CRM Software
714,Sales Executive,Excel
715,Research Scientist,R
715,Research Scientist,Statistics
715,Research Scientist,Data Analysis
715,Research Scientist,Lab Equipment
716,Laboratory Technician,Data Entry
716,Laboratory Technician,Lab Safety
716,Laboratory Technician,Sample Preparation
717,Healthcare Representative,EMR Software
717,Healthcare Representative,Medical Records
717,Healthcare Representative,Patient Care
720,Sales Executive,Lead Generation
720,Sales Executive,Negotiation
720,Sales Executive,Salesforce
720,Sales Executive,Excel
721,Healthcare Representative,EMR Software
721,Healthcare Representative,Communication
722,Sales Executive,Salesforce
722,Sales Executive,Communication
722,Sales Executive,Lead Generation
722,Sales Executive,Negotiation
723,Sales Executive,Lead Generation
723,Sales Executive,CRM Software
723,Sales Executive,Communication
723,Sales Executive,Excel
724,Healthcare Representative,Medical Records
724,Healthcare Representative,Customer Service
724,Healthcare Representative,Patient Care
725,Manufacturing Director,Supply Chain
725,Manufacturing Director,ERP
725,Manufacturing Director,Operations Management
727,Research Director,Python
727,Research Director,Leadership
728,Sales Executive,Lead Generation
728,Sales Executive,Negotiation
728,Sales Executive,Communication
728,Sales Executive,Salesforce
729,Sales Executive,Negotiation
729,Sales Executive,Salesforce
729,Sales Executive,Excel
730,Research Director,R&D Strategy
730,Research Director,Data Analysis
731,Manager,Leadership
731,Manager,Budgeting
732,Sales Executive,Negotiation
732,Sales Executive,Lead Generation
732,Sales Executive,Communication
732,Sales Executive,CRM Software
732,Sales Executive,Salesforce
733,Manufacturing Director,Supply Chain
733,Manufacturing Director,Operations Management
734,Manager,Performance Management
734,Manager,Project Management
734,Manager,Budgeting
738,Sales Representative,Communication
738,Sales Representative,Cold Calling
738,Sales Representative,Salesforce
741,Research Scientist,Python
741,Research Scientist,Data Analysis
741,Research Scientist,Lab Equipment
742,Research Director,Data Analysis
742,Research Director,R&D Strategy
742,Research Director,Python
742,Research Director,Leadership
743,Manufacturing Director,Budgeting
743,Manufacturing Director,ERP
743,Manufacturing Director,Supply Chain
744,Laboratory Technician,Sample Preparation
744,Laboratory Technician,Quality Control
744,Laboratory Technician,Lab Safety
746,Sales Executive,Salesforce
746,Sales Executive,Negotiation
746,Sales Executive,Excel
747,Sales Executive,Excel
747,Sales Executive,CRM Software
747,Sales Executive,Salesforce
749,Sales Representative,Salesforce
749,Sales Representative,Customer Service
749,Sales Representative,Communication
752,Research Scientist,R
752,Research Scientist,Lab Equipment
752,Research Scientist,Machine Learning
752,Research Scientist,Python
754,Sales Executive,Negotiation
754,Sales Executive,Communication
754,Sales Executive,Lead Generation
754,Sales Executive,CRM Software
757,Healthcare Representative,Communication
757,Healthcare Representative,Customer Service
758,Laboratory Technician,Data Entry
758,Laboratory Technician,Sample Preparation
758,Laboratory Technician,Excel
758,Laboratory Technician,Lab Safety
760,Human Resources,Compliance
760,Human Resources,HRIS
760,Human Resources,Recruiting
762,Healthcare Representative,Medical Records
762,Healthcare Representative,Communication
763,Research Scientist,Python
763,Research Scientist,Machine Learning
763,Research Scientist,Statistics
764,Healthcare Representative,Customer Service
764,Healthcare Representative,Patient Care
766,Sales Representative,Customer Service
766,Sales Representative,Cold Calling
766,Sales Representative,CRM
766,Sales Representative,Communication
769,Laboratory Technician,Quality Control
769,Laboratory Technician,Excel
771,Healthcare Representative,Communication
771,Healthcare Representative,EMR Software
771,Healthcare Representative,Customer Service
771,Healthcare Representative,Medical Records
772,Laboratory Technician,Data Entry
772,Laboratory Technician,Excel
772,Laboratory Technician,Sample Preparation
773,Research Scientist,Python
773,Research Scientist,Machine Learning
773,Research Scientist,Data Analysis
773,Research Scientist,R
775,Manufacturing Director,Operations Management
775,Manufacturing Director,ERP
775,Manufacturing Director,Lean Six Sigma
776,Manager,Performance Management
776,Manager,Project Management
776,Manager,Budgeting
780,Research Scientist,Python
780,Research Scientist,Statistics
780,Research Scientist,Machine Learning
780,Research Scientist,R
781,Sales Executive,CRM Software
781,Sales Executive,Salesforce
781,Sales Executive,Communication
783,Sales Representative,Salesforce
783,Sales Representative,Customer Service
784,Research Scientist,Data Analysis
784,Research Scientist,Python
784,Research Scientist,Statistics
785,Sales Executive,Lead Generation
785,Sales Executive,Salesforce
785,Sales Executive,CRM Software
786,Sales Executive,Salesforce
786,Sales Executive,Communication
786,Sales Executive,Excel
786,Sales Executive,Negotiation
787,Manager,Leadership
787,Manager,Strategic Planning
787,Manager,Performance Management
789,Sales Executive,Salesforce
789,Sales Executive,Communication
789,Sales Executive,Excel
791,Research Scientist,Python
791,Research Scientist,Statistics
791,Research Scientist,Lab Equipment
792,Laboratory Technician,Sample Preparation
792,Laboratory Technician,Quality Control
792,Laboratory Technician,Lab Safety
793,Healthcare Representative,Patient Care
793,Healthcare Representative,EMR Software
793,Healthcare Representative,Customer Service
796,Sales Executive,Lead Generation
796,Sales Executive,Communication
796,Sales Executive,CRM Software
797,Research Scientist,Python
797,Research Scientist,Machine Learning
797,Research Scientist,Data Analysis
799,Manufacturing Director,Supply Chain
799,Manufacturing Director,ERP
800,Sales Executive,Lead Generation
800,Sales Executive,Excel
800,Sales Executive,CRM Software
800,Sales Executive,Salesforce
802,Research Scientist,R
802,Research Scientist,Lab Equipment
802,Research Scientist,Machine Learning
803,Manufacturing Director,Budgeting
803,Manufacturing Director,Operations Management
803,Manufacturing Director,ERP
804,Research Scientist,Lab Equipment
804,Research Scientist,Data Analysis
804,Research Scientist,Machine Learning
804,Research Scientist,R
804,Research Scientist,Python
805,Sales Representative,Salesforce
805,Sales Representative,Cold Calling
806,Laboratory Technician,Quality Control
806,Laboratory Technician,Sample Preparation
807,Healthcare Representative,Communication
807,Healthcare Representative,Patient Care
808,Sales Executive,Salesforce
808,Sales Executive,Excel
808,Sales Executive,Communication
809,Manager,Project Management
809,Manager,Strategic Planning
809,Manager,Leadership
811,Laboratory Technician,Excel
811,Laboratory Technician,Sample Preparation
811,Laboratory Technician,Quality Control
812,Laboratory Technician,Sample Preparation
812,Laboratory Technician,Lab Safety
812,Laboratory Technician,Data Entry
813,Laboratory Technician,Quality Control
813,Laboratory Technician,Excel
815,Research Director,Grant Writing
815,Research Director,Leadership
815,Research Director,R&D Strategy
816,Laboratory Technician,Lab Safety
816,Laboratory Technician,Data Entry
816,Laboratory Technician,Quality Control
817,Research Director,Python
817,Research Director,R&D Strategy
817,Research Director,Leadership
817,Research Director,Grant Writing
819,Sales Executive,Salesforce
819,Sales Executive,Negotiation
819,Sales Executive,Excel
819,Sales Executive,Lead Generation
820,Manager,Project Management
820,Manager,Performance Management
820,Manager,Budgeting
823,Manufacturing Director,ERP
823,Manufacturing Director,Supply Chain
824,Research Scientist,Statistics
824,Research Scientist,Data Analysis
824,Research Scientist,Machine Learning
824,Research Scientist,R
825,Research Director,Grant Writing
825,Research Director,Python
826,Research Scientist,Machine Learning
826,Research Scientist,Data Analysis
826,Research Scientist,Statistics
827,Manufacturing Director,ERP
827,Manufacturing Director,Lean Six Sigma
827,Manufacturing Director,Budgeting
827,Manufacturing Director,Supply Chain
828,Research Scientist,Lab Equipment
828,Research Scientist,Statistics
828,Research Scientist,Data Analysis
829,Human Resources,Compliance
829,Human Resources,Payroll
829,Human Resources,Employee Relations
829,Human Resources,HRIS
830,Manufacturing Director,Lean Six Sigma
830,Manufacturing Director,Operations Management
832,Laboratory Technician,Sample Preparation
832,Laboratory Technician,Quality Control
833,Manufacturing Director,ERP
833,Manufacturing Director,Budgeting
833,Manufacturing Director,Lean Six Sigma
834,Research Scientist,Machine Learning
834,Research Scientist,Python
834,Research Scientist,Statistics
834,Research Scientist,Data Analysis
836,Manufacturing Director,ERP
836,Manufacturing Director,Lean Six Sigma
836,Manufacturing Director,Supply Chain
837,Healthcare Representative,EMR Software
837,Healthcare Representative,Communication
837,Healthcare Representative,Patient Care
838,Research Scientist,Python
838,Research Scientist,Statistics
838,Research Scientist,Data Analysis
838,Research Scientist,Machine Learning
840,Sales Executive,Negotiation
840,Sales Executive,CRM Software
840,Sales Executive,Lead Generation
840,Sales Executive,Salesforce
842,Sales Executive,Communication
842,Sales Executive,Negotiation
842,Sales Executive,Lead Generation
842,Sales Executive,Salesforce
843,Research Director,R&D Strategy
843,Research Director,Leadership
843,Research Director,Python
844,Research Director,Grant Writing
844,Research Director,Data Analysis
844,Research Director,Python
845,Manufacturing Director,Lean Six Sigma
845,Manufacturing Director,Operations Management
845,Manufacturing Director,Supply Chain
846,Sales Executive,Negotiation
846,Sales Executive,Communication
846,Sales Executive,CRM Software
847,Human Resources,Workday
847,Human Resources,Recruiting
847,Human Resources,HRIS
848,Research Scientist,Lab Equipment
848,Research Scientist,Statistics
848,Research Scientist,Data Analysis
850,Research Scientist,Data Analysis
850,Research Scientist,Statistics
850,Research Scientist,R
851,Manager,Project Management
851,Manager,Leadership
851,Manager,Budgeting
852,Healthcare Representative,Patient Care
852,Healthcare Representative,Medical Records
852,Healthcare Representative,Customer Service
854,Research Scientist,R
854,Research Scientist,Data Analysis
854,Research Scientist,Statistics
854,Research Scientist,Python
854,Research Scientist,Lab Equipment
855,Sales Executive,Negotiation
855,Sales Executive,Salesforce
855,Sales Executive,Communication
855,Sales Executive,CRM Software
856,Research Scientist,Statistics
856,Research Scientist,Machine Learning
856,Research Scientist,Python
857,Sales Executive,Salesforce
857,Sales Executive,CRM Software
857,Sales Executive,Communication
857,Sales Executive,Negotiation
859,Sales Executive,Negotiation
859,Sales Executive,CRM Software
859,Sales Executive,Communication
859,Sales Executive,Lead Generation
861,Research Scientist,Python
861,Research Scientist,Lab Equipment
861,Research Scientist,R
862,Sales Executive,Negotiation
862,Sales Executive,Lead Generation
862,Sales Executive,Salesforce
862,Sales Executive,Communication
864,Sales Executive,Communication
864,Sales Executive,Negotiation
864,Sales Executive,Excel
865,Research Scientist,Statistics
865,Research Scientist,Python
865,Research Scientist,R
865,Research Scientist,Lab Equipment
867,Manufacturing Director,Lean Six Sigma
867,Manufacturing Director,Operations Management
867,Manufacturing Director,Budgeting
867,Manufacturing Director,ERP
868,Sales Executive,Negotiation
868,Sales Executive,Communication
868,Sales Executive,Excel
868,Sales Executive,CRM Software
869,Human Resources,Payroll
869,Human Resources,Employee Relations
869,Human Resources,Workday
869,Human Resources,Compliance
872,Manufacturing Director,Operations Management
872,Manufacturing Director,Budgeting
872,Manufacturing Director,Lean Six Sigma
874,Laboratory Technician,Data Entry
874,Laboratory Technician,Quality Control
875,Research Scientist,Statistics
875,Research Scientist,Machine Learning
875,Research Scientist,Data Analysis
878,Human Resources,Recruiting
878,Human Resources,Payroll
878,Human Resources,HRIS
879,Sales Executive,CRM Software
879,Sales Executive,Negotiation
879,Sales Executive,Salesforce
879,Sales Executive,Lead Generation
880,Manufacturing Director,Operations Management
880,Manufacturing Director,Supply Chain
880,Manufacturing Director,ERP
881,Research Scientist,R
881,Research Scientist,Machine Learning
881,Research Scientist,Python
882,Laboratory Technician,Excel
882,Laboratory Technician,Sample Preparation
882,Laboratory Technician,Quality Control
885,Sales Executive,Salesforce
885,Sales Executive,Negotiation
885,Sales Executive,Excel
887,Research Scientist,Python
887,Research Scientist,Lab Equipment
887,Research Scientist,R
887,Research Scientist,Data Analysis
888,Laboratory Technician,Data Entry
888,Laboratory Technician,Lab Safety
889,Sales Executive,Negotiation
889,Sales Executive,CRM Software
889,Sales Executive,Excel
893,Sales Representative,Customer Service
893,Sales Representative,Communication
894,Laboratory Technician,Sample Preparation
894,Laboratory Technician,Lab Safety
895,Research Scientist,Python
895,Research Scientist,Data Analysis
895,Research Scientist,Machine Learning
896,Sales Representative,Salesforce
896,Sales Representative,Communication
896,Sales Representative,CRM
897,Sales Executive,Negotiation
897,Sales Executive,Excel
897,Sales Executive,Communication
899,Manufacturing Director,Supply Chain
899,Manufacturing Director,Budgeting
899,Manufacturing Director,Operations Management
900,Sales Representative,Salesforce
900,Sales Representative,Customer Service
900,Sales Representative,Communication
900,Sales Representative,CRM
901,Research Director,Data Analysis
901,Research Director,Grant Writing
901,Research Director,Leadership
902,Healthcare Representative,Medical Records
902,Healthcare Representative,Customer Service
902,Healthcare Representative,Communication
903,Sales Executive,Communication
903,Sales Executive,Negotiation
903,Sales Executive,CRM Software
903,Sales Executive,Excel
904,Sales Executive,Communication
904,Sales Executive,Excel
904,Sales Executive,CRM Software
904,Sales Executive,Lead Generation
905,Manager,Leadership
905,Manager,Budgeting
909,Human Resources,Compliance
909,Human Resources,Recruiting
909,Human Resources,HRIS
910,Human Resources,Payroll
910,Human Resources,Recruiting
910,Human Resources,Workday
910,Human Resources,HRIS
911,Laboratory Technician,Sample Preparation
911,Laboratory Technician,Excel
911,Laboratory Technician,Data Entry
912,Laboratory Technician,Quality Control
912,Laboratory Technician,Excel
912,Laboratory Technician,Sample Preparation
912,Laboratory Technician,Data Entry
913,Research Scientist,Data Analysis
913,Research Scientist,Statistics
913,Research Scientist,Lab Equipment
916,Sales Executive,Lead Generation
916,Sales Executive,Communication
916,Sales Executive,Salesforce
916,Sales Executive,CRM Software
918,Laboratory Technician,Quality Control
918,Laboratory Technician,Excel
918,Laboratory Technician,Lab Safety
920,Manufacturing Director,ERP
920,Manufacturing Director,Operations Management
920,Manufacturing Director,Lean Six Sigma
922,Sales Representative,Customer Service
922,Sales Representative,Cold Calling
923,Research Scientist,Statistics
923,Research Scientist,Python
923,Research Scientist,Lab Equipment
923,Research Scientist,Machine Learning
924,Healthcare Representative,Communication
924,Healthcare Representative,Patient Care
924,Healthcare Representative,Customer Service
925,Sales Representative,Salesforce
925,Sales Representative,Communication
925,Sales Representative,Cold Calling
926,Manufacturing Director,Lean Six Sigma
926,Manufacturing Director,Budgeting
926,Manufacturing Director,Operations Management
927,Laboratory Technician,Sample Preparation
927,Laboratory Technician,Lab Safety
927,Laboratory Technician,Data Entry
930,Research Scientist,Data Analysis
930,Research Scientist,Python
930,Research Scientist,Lab Equipment
930,Research Scientist,R
932,Laboratory Technician,Sample Preparation
932,Laboratory Technician,Quality Control
933,Research Scientist,Data Analysis
933,Research Scientist,R
933,Research Scientist,Python
934,Laboratory Technician,Lab Safety
934,Laboratory Technician,Sample Preparation
934,Laboratory Technician,Data Entry
934,Laboratory Technician,Quality Control
936,Sales Executive,Communication
936,Sales Executive,CRM Software
936,Sales Executive,Negotiation
936,Sales Executive,Salesforce
939,Research Scientist,Statistics
939,Research Scientist,Python
939,Research Scientist,Lab Equipment
939,Research Scientist,R
940,Healthcare Representative,EMR Software
940,Healthcare Representative,Communication
941,Sales Representative,Communication
941,Sales Representative,CRM
941,Sales Representative,Customer Service
941,Sales Representative,Cold Calling
942,Healthcare Representative,Medical Records
942,Healthcare Representative,Customer Service
944,Laboratory Technician,Quality Control
944,Laboratory Technician,Sample Preparation
944,Laboratory Technician,Data Entry
945,Research Scientist,Machine Learning
945,Research Scientist,Lab Equipment
945,Research Scientist,Data Analysis
945,Research Scientist,Statistics
947,Sales Executive,Excel
947,Sales Executive,Negotiation
947,Sales Executive,Communication
949,Research Scientist,Python
949,Research Scientist,Data Analysis
949,Research Scientist,R
949,Research Scientist,Machine Learning
950,Research Director,Data Analysis
950,Research Director,R&D Strategy
950,Research Director,Grant Writing
951,Laboratory Technician,Lab Safety
951,Laboratory Technician,Excel
951,Laboratory Technician,Data Entry
951,Laboratory Technician,Sample Preparation
952,Sales Representative,Cold Calling
952,Sales Representative,Customer Service
954,Sales Executive,Excel
954,Sales Executive,CRM Software
954,Sales Executive,Negotiation
956,Sales Executive,Communication
956,Sales Executive,Lead Generation
956,Sales Executive,CRM Software
957,Laboratory Technician,Quality Control
957,Laboratory Technician,Sample Preparation
957,Laboratory Technician,Data Entry
958,Laboratory Technician,Sample Preparation
958,Laboratory Technician,Data Entry
958,Laboratory Technician,Lab Safety
958,Laboratory Technician,Quality Control
959,Sales Representative,CRM
959,Sales Representative,Salesforce
959,Sales Representative,Communication
960,Laboratory Technician,Lab Safety
960,Laboratory Technician,Quality Control
960,Laboratory Technician,Excel
961,Healthcare Representative,Patient Care
961,Healthcare Representative,Customer Service
961,Healthcare Representative,EMR Software
964,Research Scientist,Data Analysis
964,Research Scientist,Lab Equipment
964,Research Scientist,Statistics
966,Manufacturing Director,Supply Chain
966,Manufacturing Director,Operations Management
966,Manufacturing Director,Lean Six Sigma
967,Sales Executive,Excel
967,Sales Executive,Lead Generation
967,Sales Executive,Communication
967,Sales Executive,CRM Software
969,Healthcare Representative,Customer Service
969,Healthcare Representative,EMR Software
970,Sales Executive,Lead Generation
970,Sales Executive,Communication
970,Sales Executive,Salesforce
970,Sales Executive,Negotiation
972,Laboratory Technician,Quality Control
972,Laboratory Technician,Sample Preparation
974,Sales Representative,Salesforce
974,Sales Representative,CRM
974,Sales Representative,Communication
975,Sales Executive,Excel
975,Sales Executive,CRM Software
975,Sales Executive,Lead Generation
976,Manager,Budgeting
976,Manager,Performance Management
976,Manager,Project Management
976,Manager,Leadership
977,Research Scientist,Lab Equipment
977,Research Scientist,R
977,Research Scientist,Data Analysis
977,Research Scientist,Python
981,Manager,Project Management
981,Manager,Performance Management
981,Manager,Strategic Planning
982,Sales Executive,Excel
982,Sales Executive,Communication
982,Sales Executive,Negotiation
982,Sales Executive,CRM Software
983,Sales Executive,Salesforce
983,Sales Executive,Excel
983,Sales Executive,Lead Generation
984,Sales Executive,CRM Software
984,Sales Executive,Salesforce
984,Sales Executive,Excel
985,Sales Executive,Excel
985,Sales Executive,Communication
985,Sales Executive,Negotiation
985,Sales Executive,Salesforce
985,Sales Executive,Lead Generation
986,Sales Executive,Excel
986,Sales Executive,CRM Software
986,Sales Executive,Lead Generation
986,Sales Executive,Communication
987,Manufacturing Director,Operations Management
987,Manufacturing Director,Lean Six Sigma
987,Manufacturing Director,Supply Chain
990,Sales Executive,CRM Software
990,Sales Executive,Excel
990,Sales Executive,Salesforce
991,Research Scientist,Machine Learning
991,Research Scientist,Python
991,Research Scientist,R
992,Manager,Strategic Planning
992,Manager,Budgeting
992,Manager,Project Management
994,Research Scientist,Python
994,Research Scientist,Lab Equipment
994,Research Scientist,Machine Learning
995,Research Scientist,Statistics
995,Research Scientist,Data Analysis
995,Research Scientist,Machine Learning
996,Laboratory Technician,Quality Control
996,Laboratory Technician,Sample Preparation
997,Research Director,Grant Writing
997,Research Director,R&D Strategy
997,Research Director,Data Analysis
998,Healthcare Representative,EMR Software
998,Healthcare Representative,Customer Service
998,Healthcare Representative,Medical Records
999,Research Director,Leadership
999,Research Director,Data Analysis
999,Research Director,Grant Writing
1001,Laboratory Technician,Data Entry
1001,Laboratory Technician,Lab Safety
1002,Laboratory Technician,Sample Preparation
1002,Laboratory Technician,Quality Control
1002,Laboratory Technician,Lab Safety
1002,Laboratory Technician,Excel
1003,Sales Executive,Negotiation
1003,Sales Executive,CRM Software
1003,Sales Executive,Lead Generation
1003,Sales Executive,Excel
1004,Research Scientist,Machine Learning
1004,Research Scientist,Statistics
1004,Research Scientist,Data Analysis
1005,Manufacturing Director,Budgeting
1005,Manufacturing Director,Supply Chain
1006,Research Scientist,Python
1006,Research Scientist,R
1006,Research Scientist,Statistics
1006,Research Scientist,Lab Equipment
1007,Manufacturing Director,Budgeting
1007,Manufacturing Director,Operations Management
1007,Manufacturing Director,ERP
1009,Manufacturing Director,Budgeting
1009,Manufacturing Director,Lean Six Sigma
1010,Laboratory Technician,Sample Preparation
1010,Laboratory Technician,Lab Safety
1010,Laboratory Technician,Excel
1011,Manufacturing Director,Budgeting
1011,Manufacturing Director,Operations Management
1011,Manufacturing Director,Lean Six Sigma
1012,Research Scientist,Data Analysis
1012,Research Scientist,Python
1012,Research Scientist,Machine Learning
1013,Manufacturing Director,Budgeting
1013,Manufacturing Director,ERP
1014,Healthcare Representative,Patient Care
1014,Healthcare Representative,Customer Service
1015,Research Director,Data Analysis
1015,Research Director,R&D Strategy
1015,Research Director,Grant Writing
1015,Research Director,Python
1016,Research Scientist,Lab Equipment
1016,Research Scientist,Data Analysis
1016,Research Scientist,Statistics
1016,Research Scientist,Machine Learning
1016,Research Scientist,Python
1017,Laboratory Technician,Quality Control
1017,Laboratory Technician,Data Entry
1018,Manufacturing Director,Operations Management
1018,Manufacturing Director,Supply Chain
1018,Manufacturing Director,Budgeting
1019,Laboratory Technician,Lab Safety
1019,Laboratory Technician,Sample Preparation
1019,Laboratory Technician,Excel
1022,Healthcare Representative,EMR Software
1022,Healthcare Representative,Medical Records
1022,Healthcare Representative,Customer Service
1024,Healthcare Representative,Medical Records
1024,Healthcare Representative,Communication
1024,Healthcare Representative,Customer Service
1025,Manufacturing Director,ERP
1025,Manufacturing Director,Budgeting
1025,Manufacturing Director,Supply Chain
1026,Manufacturing Director,Lean Six Sigma
1026,Manufacturing Director,Operations Management
1027,Manufacturing Director,Supply Chain
1027,Manufacturing Director,Budgeting
1028,Laboratory Technician,Quality Control
1028,Laboratory Technician,Data Entry
1029,Manager,Leadership
1029,Manager,Strategic Planning
1030,Laboratory Technician,Excel
1030,Laboratory Technician,Lab Safety
1030,Laboratory Technician,Data Entry
1032,Manufacturing Director,Operations Management
1032,Manufacturing Director,Budgeting
1032,Manufacturing Director,Supply Chain
1033,Healthcare Representative,EMR Software
1033,Healthcare Representative,Patient Care
1033,Healthcare Representative,Customer Service
1033,Healthcare Representative,Medical Records
1034,Healthcare Representative,Communication
1034,Healthcare Representative,Medical Records
1035,Research Director,Leadership
1035,Research Director,R&D Strategy
1035,Research Director,Python
1035,Research Director,Grant Writing
1036,Sales Executive,Communication
1036,Sales Executive,Excel
1036,Sales Executive,Negotiation
1037,Sales Executive,CRM Software
1037,Sales Executive,Negotiation
1037,Sales Executive,Communication
1038,Manager,Budgeting
1038,Manager,Project Management
1038,Manager,Leadership
1039,Sales Executive,CRM Software
1039,Sales Executive,Excel
1039,Sales Executive,Salesforce
1039,Sales Executive,Communication
1040,Sales Executive,CRM Software
1040,Sales Executive,Negotiation
1040,Sales Executive,Excel
1040,Sales Executive,Communication
1042,Laboratory Technician,Sample Preparation
1042,Laboratory Technician,Excel
1042,Laboratory Technician,Data Entry
1043,Manufacturing Director,ERP
1043,Manufacturing Director,Budgeting
1044,Sales Representative,Customer Service
1044,Sales Representative,Communication
1044,Sales Representative,Cold Calling
1045,Manager,Performance Management
1045,Manager,Leadership
1045,Manager,Budgeting
1045,Manager,Strategic Planning
1046,Laboratory Technician,Quality Control
1046,Laboratory Technician,Lab Safety
1047,Sales Executive,Salesforce
1047,Sales Executive,Communication
1047,Sales Executive,CRM Software
1047,Sales Executive,Excel
1048,Manager,Budgeting
1048,Manager,Strategic Planning
1048,Manager,Project Management
1049,Human Resources,Payroll
1049,Human Resources,Compliance
1049,Human Resources,HRIS
1050,Sales Executive,Lead Generation
1050,Sales Executive,Salesforce
1050,Sales Executive,Excel
1050,Sales Executive,Communication
1052,Laboratory Technician,Excel
1052,Laboratory Technician,Sample Preparation
1052,Laboratory Technician,Data Entry
1052,Laboratory Technician,Quality Control
1053,Research Scientist,Statistics
1053,Research Scientist,Lab Equipment
1053,Research Scientist,Python
1055,Sales Representative,Customer Service
1055,Sales Representative,CRM
1055,Sales Representative,Cold Calling
1056,Sales Representative,Communication
1056,Sales Representative,CRM
1056,Sales Representative,Customer Service
1056,Sales Representative,Cold Calling
1060,Research Scientist,Statistics
1060,Research Scientist,R
1060,Research Scientist,Data Analysis
1060,Research Scientist,Machine Learning
1061,Research Director,Leadership
1061,Research Director,Data Analysis
1062,Healthcare Representative,Patient Care
1062,Healthcare Representative,Medical Records
1062,Healthcare Representative,Customer Service
1062,Healthcare Representative,EMR Software
1066,Sales Executive,Lead Generation
1066,Sales Executive,CRM Software
1066,Sales Executive,Excel
1066,Sales Executive,Salesforce
1068,Research Scientist,R
1068,Research Scientist,Statistics
1068,Research Scientist,Lab Equipment
1069,Research Director,R&D Strategy
1069,Research Director,Leadership
1069,Research Director,Grant Writing
1070,Sales Executive,Excel
1070,Sales Executive,Salesforce
1070,Sales Executive,Lead Generation
1071,Research Scientist,Machine Learning
1071,Research Scientist,Lab Equipment
1071,Research Scientist,Data Analysis
1073,Manufacturing Director,Lean Six Sigma
1073,Manufacturing Director,Operations Management
1073,Manufacturing Director,Budgeting
1073,Manufacturing Director,ERP
1074,Manager,Strategic Planning
1074,Manager,Leadership
1074,Manager,Project Management
1076,Sales Executive,Lead Generation
1076,Sales Executive,CRM Software
1076,Sales Executive,Excel
1076,Sales Executive,Negotiation
1077,Sales Representative,Salesforce
1077,Sales Representative,Cold Calling
1077,Sales Representative,Customer Service
1079,Laboratory Technician,Data Entry
1079,Laboratory Technician,Quality Control
1080,Research Scientist,Lab Equipment
1080,Research Scientist,Statistics
1080,Research Scientist,Data Analysis
1080,Research Scientist,Python
1081,Research Scientist,R
1081,Research Scientist,Data Analysis
1081,Research Scientist,Statistics
1082,Healthcare Representative,Customer Service
1082,Healthcare Representative,Patient Care
1083,Laboratory Technician,Sample Preparation
1083,Laboratory Technician,Quality Control
1083,Laboratory Technician,Data Entry
1084,Manufacturing Director,Operations Management
1084,Manufacturing Director,Budgeting
1084,Manufacturing Director,ERP
1085,Research Scientist,Python
1085,Research Scientist,R
1085,Research Scientist,Data Analysis
1088,Healthcare Representative,Customer Service
1088,Healthcare Representative,EMR Software
1088,Healthcare Representative,Patient Care
1088,Healthcare Representative,Medical Records
1092,Healthcare Representative,Patient Care
1092,Healthcare Representative,Medical Records
1092,Healthcare Representative,EMR Software
1094,Laboratory Technician,Lab Safety
1094,Laboratory Technician,Data Entry
1094,Laboratory Technician,Excel
1096,Manufacturing Director,Supply Chain
1096,Manufacturing Director,Lean Six Sigma
1096,Manufacturing Director,Operations Management
1097,Research Scientist,Data Analysis
1097,Research Scientist,Machine Learning
1097,Research Scientist,Python
1098,Human Resources,Recruiting
1098,Human Resources,Payroll
1098,Human Resources,Employee Relations
1098,Human Resources,Compliance
1099,Healthcare Representative,EMR Software
1099,Healthcare Representative,Medical Records
1100,Sales Executive,Lead Generation
1100,Sales Executive,Salesforce
1100,Sales Executive,Communication
1101,Research Scientist,Statistics
1101,Research Scientist,R
1101,Research Scientist,Data Analysis
1101,Research Scientist,Machine Learning
1102,Laboratory Technician,Data Entry
1102,Laboratory Technician,Quality Control
1103,Healthcare Representative,Medical Records
1103,Healthcare Representative,EMR Software
1103,Healthcare Representative,Patient Care
1105,Sales Executive,Communication
1105,Sales Executive,Salesforce
1105,Sales Executive,Negotiation
1105,Sales Executive,Excel
1106,Laboratory Technician,Excel
1106,Laboratory Technician,Quality Control
1107,Laboratory Technician,Lab Safety
1107,Laboratory Technician,Excel
1107,Laboratory Technician,Sample Preparation
1108,Research Scientist,Lab Equipment
1108,Research Scientist,Python
1108,Research Scientist,R
1108,Research Scientist,Statistics
1109,Manager,Strategic Planning
1109,Manager,Project Management
1109,Manager,Budgeting
1111,Laboratory Technician,Data Entry
1111,Laboratory Technician,Sample Preparation
1113,Sales Executive,Salesforce
1113,Sales Executive,CRM Software
1113,Sales Executive,Communication
1113,Sales Executive,Excel
1114,Sales Executive,CRM Software
1114,Sales Executive,Salesforce
1114,Sales Executive,Negotiation
1114,Sales Executive,Lead Generation
1115,Research Scientist,R
1115,Research Scientist,Data Analysis
1115,Research Scientist,Lab Equipment
1115,Research Scientist,Machine Learning
1116,Manager,Budgeting
1116,Manager,Leadership
1116,Manager,Performance Management
1117,Sales Executive,Negotiation
1117,Sales Executive,Salesforce
1117,Sales Executive,Lead Generation
1117,Sales Executive,CRM Software
1118,Healthcare Representative,EMR Software
1118,Healthcare Representative,Medical Records
1118,Healthcare Representative,Communication
1119,Sales Executive,Negotiation
1119,Sales Executive,Communication
1119,Sales Executive,Salesforce
1119,Sales Executive,Excel
1120,Research Scientist,Machine Learning
1120,Research Scientist,Lab Equipment
1120,Research Scientist,R
1121,Manufacturing Director,Supply Chain
1121,Manufacturing Director,Budgeting
1121,Manufacturing Director,Operations Management
1124,Manager,Strategic Planning
1124,Manager,Project Management
1124,Manager,Performance Management
1125,Sales Executive,Lead Generation
1125,Sales Executive,CRM Software
1125,Sales Executive,Salesforce
1125,Sales Executive,Communication
1126,Manufacturing Director,ERP
1126,Manufacturing Director,Supply Chain
1127,Healthcare Representative,Communication
1127,Healthcare Representative,Customer Service
1127,Healthcare Representative,Medical Records
1128,Research Director,Leadership
1128,Research Director,Data Analysis
1128,Research Director,Python
1131,Research Scientist,R
1131,Research Scientist,Statistics
1131,Research Scientist,Data Analysis
1132,Laboratory Technician,Data Entry
1132,Laboratory Technician,Sample Preparation
1132,Laboratory Technician,Excel
1133,Manufacturing Director,Lean Six Sigma
1133,Manufacturing Director,Supply Chain
1135,Sales Representative,Cold Calling
1135,Sales Representative,Customer Service
1135,Sales Representative,CRM
1136,Research Scientist,R
1136,Research Scientist,Data Analysis
1136,Research Scientist,Machine Learning
1136,Research Scientist,Python
1136,Research Scientist,Lab Equipment
1137,Sales Executive,Excel
1137,Sales Executive,Salesforce
1137,Sales Executive,Negotiation
1138,Sales Executive,Negotiation
1138,Sales Executive,CRM Software
1138,Sales Executive,Communication
1140,Manufacturing Director,Budgeting
1140,Manufacturing Director,Lean Six Sigma
1140,Manufacturing Director,Supply Chain
1143,Research Scientist,Machine Learning
1143,Research Scientist,Data Analysis
1143,Research Scientist,R
1143,Research Scientist,Statistics
1148,Laboratory Technician,Excel
1148,Laboratory Technician,Sample Preparation
1150,Manufacturing Director,Supply Chain
1150,Manufacturing Director,Operations Management
1150,Manufacturing Director,Budgeting
1152,Human Resources,HRIS
1152,Human Resources,Workday
1152,Human Resources,Recruiting
1152,Human Resources,Payroll
1154,Research Scientist,Data Analysis
1154,Research Scientist,Statistics
1154,Research Scientist,Lab Equipment
1154,Research Scientist,R
1156,Laboratory Technician,Sample Preparation
1156,Laboratory Technician,Data Entry
1156,Laboratory Technician,Quality Control
1157,Sales Executive,Excel
1157,Sales Executive,Negotiation
1157,Sales Executive,Communication
1158,Laboratory Technician,Quality Control
1158,Laboratory Technician,Excel
1158,Laboratory Technician,Data Entry
1160,Laboratory Technician,Sample Preparation
1160,Laboratory Technician,Lab Safety
1160,Laboratory Technician,Excel
1161,Healthcare Representative,Patient Care
1161,Healthcare Representative,Medical Records
1161,Healthcare Representative,Communication
1161,Healthcare Representative,Customer Service
1162,Research Scientist,Lab Equipment
1162,Research Scientist,R
1162,Research Scientist,Machine Learning
1163,Sales Executive,Communication
1163,Sales Executive,Excel
1163,Sales Executive,Salesforce
1164,Human Resources,Workday
1164,Human Resources,Recruiting
1164,Human Resources,Payroll
1164,Human Resources,Employee Relations
1165,Sales Executive,Communication
1165,Sales Executive,Negotiation
1165,Sales Executive,Lead Generation
1165,Sales Executive,Salesforce
1166,Research Director,Leadership
1166,Research Director,Python
1167,Sales Executive,Excel
1167,Sales Executive,Lead Generation
1167,Sales Executive,Salesforce
1171,Sales Executive,Communication
1171,Sales Executive,CRM Software
1171,Sales Executive,Negotiation
1171,Sales Executive,Lead Generation
1172,Laboratory Technician,Quality Control
1172,Laboratory Technician,Lab Safety
1172,Laboratory Technician,Sample Preparation
1173,Laboratory Technician,Excel
1173,Laboratory Technician,Sample Preparation
1173,Laboratory Technician,Data Entry
1175,Laboratory Technician,Excel
1175,Laboratory Technician,Quality Control
1175,Laboratory Technician,Data Entry
1177,Laboratory Technician,Data Entry
1177,Laboratory Technician,Sample Preparation
1177,Laboratory Technician,Excel
1179,Sales Executive,Communication
1179,Sales Executive,Negotiation
1179,Sales Executive,Salesforce
1180,Research Scientist,R
1180,Research Scientist,Python
1180,Research Scientist,Statistics
1180,Research Scientist,Lab Equipment
1182,Manufacturing Director,Supply Chain
1182,Manufacturing Director,ERP
1182,Manufacturing Director,Lean Six Sigma
1184,Healthcare Representative,Customer Service
1184,Healthcare Representative,Patient Care
1185,Laboratory Technician,Data Entry
1185,Laboratory Technician,Excel
1185,Laboratory Technician,Lab Safety
1188,Sales Executive,Communication
1188,Sales Executive,CRM Software
1188,Sales Executive,Excel
1190,Sales Representative,Customer Service
1190,Sales Representative,CRM
1190,Sales Representative,Communication
1191,Manager,Strategic Planning
1191,Manager,Project Management
1192,Laboratory Technician,Excel
1192,Laboratory Technician,Lab Safety
1192,Laboratory Technician,Data Entry
1192,Laboratory Technician,Quality Control
1193,Research Scientist,Data Analysis
1193,Research Scientist,Machine Learning
1193,Research Scientist,Python
1193,Research Scientist,R
1195,Research Scientist,Machine Learning
1195,Research Scientist,Python
1195,Research Scientist,Data Analysis
1196,Manufacturing Director,Supply Chain
1196,Manufacturing Director,Budgeting
1198,Laboratory Technician,Lab Safety
1198,Laboratory Technician,Data Entry
1198,Laboratory Technician,Sample Preparation
1198,Laboratory Technician,Quality Control
1200,Research Scientist,Statistics
1200,Research Scientist,Python
1200,Research Scientist,Lab Equipment
1200,Research Scientist,Data Analysis
1201,Manager,Project Management
1201,Manager,Strategic Planning
1201,Manager,Budgeting
1202,Research Scientist,Python
1202,Research Scientist,Data Analysis
1202,Research Scientist,R
1203,Research Scientist,R
1203,Research Scientist,Lab Equipment
1203,Research Scientist,Python
1203,Research Scientist,Statistics
1204,Manager,Budgeting
1204,Manager,Performance Management
1204,Manager,Leadership
1204,Manager,Project Management
1206,Research Scientist,R
1206,Research Scientist,Data Analysis
1206,Research Scientist,Python
1206,Research Scientist,Statistics
1207,Human Resources,Payroll
1207,Human Resources,Recruiting
1207,Human Resources,Workday
1207,Human Resources,Employee Relations
1210,Research Scientist,Python
1210,Research Scientist,Statistics
1210,Research Scientist,Lab Equipment
1210,Research Scientist,Machine Learning
1211,Sales Executive,Lead Generation
1211,Sales Executive,Excel
1211,Sales Executive,Salesforce
1212,Sales Executive,Lead Generation
1212,Sales Executive,CRM Software
1212,Sales Executive,Excel
1215,Manager,Budgeting
1215,Manager,Leadership
1216,Laboratory Technician,Lab Safety
1216,Laboratory Technician,Data Entry
1217,Research Director,Grant Writing
1217,Research Director,Leadership
1217,Research Director,Python
1217,Research Director,R&D Strategy
1218,Sales Executive,Excel
1218,Sales Executive,Communication
1218,Sales Executive,Salesforce
1218,Sales Executive,Lead Generation
1219,Laboratory Technician,Data Entry
1219,Laboratory Technician,Quality Control
1219,Laboratory Technician,Sample Preparation
1220,Sales Executive,Negotiation
1220,Sales Executive,Communication
1220,Sales Executive,Lead Generation
1221,Laboratory Technician,Sample Preparation
1221,Laboratory Technician,Quality Control
1221,Laboratory Technician,Data Entry
1221,Laboratory Technician,Excel
1224,Laboratory Technician,Excel
1224,Laboratory Technician,Data Entry
1224,Laboratory Technician,Quality Control
1225,Research Scientist,R
1225,Research Scientist,Lab Equipment
1225,Research Scientist,Data Analysis
1226,Sales Representative,Customer Service
1226,Sales Representative,Communication
1226,Sales Representative,Salesforce
1226,Sales Representative,CRM
1228,Manufacturing Director,Operations Management
1228,Manufacturing Director,Budgeting
1228,Manufacturing Director,Lean Six Sigma
1228,Manufacturing Director,Supply Chain
1231,Human Resources,Workday
1231,Human Resources,Compliance
1231,Human Resources,HRIS
1231,Human Resources,Payroll
1233,Sales Executive,Communication
1233,Sales Executive,Negotiation
1233,Sales Executive,Salesforce
1233,Sales Executive,Excel
1234,Laboratory Technician,Excel
1234,Laboratory Technician,Lab Safety
1235,Research Scientist,R
1235,Research Scientist,Python
1235,Research Scientist,Data Analysis
1235,Research Scientist,Lab Equipment
1237,Manufacturing Director,Budgeting
1237,Manufacturing Director,Operations Management
1237,Manufacturing Director,Supply Chain
1237,Manufacturing Director,Lean Six Sigma
1238,Research Scientist,Python
1238,Research Scientist,Machine Learning
1238,Research Scientist,Lab Equipment
1239,Sales Executive,Lead Generation
1239,Sales Executive,Salesforce
1239,Sales Executive,CRM Software
1240,Sales Executive,Salesforce
1240,Sales Executive,Negotiation
1240,Sales Executive,Lead Generation
1240,Sales Executive,CRM Software
1240,Sales Executive,Excel
1241,Research Scientist,Python
1241,Research Scientist,R
1241,Research Scientist,Statistics
1242,Research Director,Python
1242,Research Director,Leadership
1242,Research Director,R&D Strategy
1242,Research Director,Grant Writing
1243,Sales Executive,CRM Software
1243,Sales Executive,Communication
1243,Sales Executive,Salesforce
1244,Research Scientist,Lab Equipment
1244,Research Scientist,Python
1244,Research Scientist,Machine Learning
1245,Manufacturing Director,Supply Chain
1245,Manufacturing Director,Lean Six Sigma
1245,Manufacturing Director,Budgeting
1245,Manufacturing Director,Operations Management
1246,Research Scientist,Statistics
1246,Research Scientist,Machine Learning
1246,Research Scientist,Python
1246,Research Scientist,Data Analysis
1248,Research Scientist,Statistics
1248,Research Scientist,Data Analysis
1248,Research Scientist,Lab Equipment
1248,Research Scientist,Machine Learning
1249,Research Scientist,Lab Equipment
1249,Research Scientist,Statistics
1249,Research Scientist,Python
1249,Research Scientist,R
1250,Research Director,Grant Writing
1250,Research Director,Leadership
1250,Research Director,Data Analysis
1251,Healthcare Representative,Customer Service
1251,Healthcare Representative,Communication
1251,Healthcare Representative,Patient Care
1252,Healthcare Representative,EMR Software
1252,Healthcare Representative,Communication
1252,Healthcare Representative,Medical Records
1252,Healthcare Representative,Patient Care
1254,Sales Executive,Negotiation
1254,Sales Executive,CRM Software
1254,Sales Executive,Excel
1254,Sales Executive,Communication
1255,Research Director,Grant Writing
1255,Research Director,Leadership
1255,Research Director,Python
1256,Manager,Performance Management
1256,Manager,Leadership
1256,Manager,Strategic Planning
1256,Manager,Project Management
1257,Research Scientist,Python
1257,Research Scientist,R
1257,Research Scientist,Statistics
1257,Research Scientist,Machine Learning
1258,Laboratory Technician,Excel
1258,Laboratory Technician,Quality Control
1258,Laboratory Technician,Sample Preparation
1259,Research Scientist,R
1259,Research Scientist,Machine Learning
1259,Research Scientist,Python
1259,Research Scientist,Data Analysis
1260,Healthcare Representative,Communication
1260,Healthcare Representative,Customer Service
1260,Healthcare Representative,Medical Records
1263,Research Director,R&D Strategy
1263,Research Director,Leadership
1264,Research Director,Grant Writing
1264,Research Director,R&D Strategy
1264,Research Director,Data Analysis
1265,Research Scientist,Statistics
1265,Research Scientist,Machine Learning
1265,Research Scientist,Lab Equipment
1267,Manager,Leadership
1267,Manager,Budgeting
1268,Sales Executive,CRM Software
1268,Sales Executive,Excel
1268,Sales Executive,Salesforce
1269,Research Scientist,Data Analysis
1269,Research Scientist,Lab Equipment
1269,Research Scientist,Machine Learning
1269,Research Scientist,R
1270,Research Scientist,R
1270,Research Scientist,Python
1270,Research Scientist,Statistics
1273,Sales Representative,Salesforce
1273,Sales Representative,Cold Calling
1273,Sales Representative,CRM
1275,Research Scientist,Lab Equipment
1275,Research Scientist,R
1275,Research Scientist,Python
1275,Research Scientist,Statistics
1277,Manager,Project Management
1277,Manager,Strategic Planning
1278,Healthcare Representative,EMR Software
1278,Healthcare Representative,Medical Records
1279,Laboratory Technician,Sample Preparation
1279,Laboratory Technician,Quality Control
1279,Laboratory Technician,Lab Safety
1280,Manager,Performance Management
1280,Manager,Budgeting
1281,Sales Executive,Excel
1281,Sales Executive,Communication
1281,Sales Executive,CRM Software
1281,Sales Executive,Lead Generation
1282,Manager,Project Management
1282,Manager,Performance Management
1282,Manager,Budgeting
1283,Manufacturing Director,Lean Six Sigma
1283,Manufacturing Director,Supply Chain
1283,Manufacturing Director,Budgeting
1285,Laboratory Technician,Sample Preparation
1285,Laboratory Technician,Lab Safety
1285,Laboratory Technician,Quality Control
1286,Laboratory Technician,Excel
1286,Laboratory Technician,Data Entry
1286,Laboratory Technician,Lab Safety
1286,Laboratory Technician,Quality Control
1288,Manager,Budgeting
1288,Manager,Performance Management
1289,Human Resources,Employee Relations
1289,Human Resources,Compliance
1289,Human Resources,HRIS
1289,Human Resources,Workday
1291,Research Scientist,R
1291,Research Scientist,Python
1291,Research Scientist,Lab Equipment
1292,Research Scientist,Data Analysis
1292,Research Scientist,Lab Equipment
1292,Research Scientist,Python
1292,Research Scientist,R
1293,Sales Executive,Lead Generation
1293,Sales Executive,Negotiation
1293,Sales Executive,Communication
1293,Sales Executive,Salesforce
1294,Manufacturing Director,Lean Six Sigma
1294,Manufacturing Director,Operations Management
1295,Healthcare Representative,Communication
1295,Healthcare Representative,EMR Software
1295,Healthcare Representative,Patient Care
1296,Laboratory Technician,Lab Safety
1296,Laboratory Technician,Quality Control
1296,Laboratory Technician,Excel
1296,Laboratory Technician,Data Entry
1297,Laboratory Technician,Lab Safety
1297,Laboratory Technician,Sample Preparation
1298,Manufacturing Director,ERP
1298,Manufacturing Director,Supply Chain
1298,Manufacturing Director,Lean Six Sigma
1299,Laboratory Technician,Data Entry
1299,Laboratory Technician,Quality Control
1299,Laboratory Technician,Lab Safety
1301,Research Scientist,Lab Equipment
1301,Research Scientist,Statistics
1301,Research Scientist,Machine Learning
1301,Research Scientist,R
1303,Research Scientist,Machine Learning
1303,Research Scientist,Lab Equipment
1303,Research Scientist,Python
1303,Research Scientist,Data Analysis
1304,Sales Executive,Excel
1304,Sales Executive,Salesforce
1304,Sales Executive,Negotiation
1306,Manager,Project Management
1306,Manager,Budgeting
1306,Manager,Leadership
1307,Manager,Budgeting
1307,Manager,Project Management
1307,Manager,Performance Management
1307,Manager,Leadership
1308,Research Scientist,R
1308,Research Scientist,Data Analysis
1308,Research Scientist,Lab Equipment
1308,Research Scientist,Machine Learning
1309,Laboratory Technician,Sample Preparation
1309,Laboratory Technician,Excel
1309,Laboratory Technician,Quality Control
1310,Research Scientist,Data Analysis
1310,Research Scientist,Python
1310,Research Scientist,Statistics
1310,Research Scientist,Machine Learning
1311,Laboratory Technician,Data Entry
1311,Laboratory Technician,Quality Control
1311,Laboratory Technician,Sample Preparation
1311,Laboratory Technician,Excel
1312,Healthcare Representative,Communication
1312,Healthcare Representative,Patient Care
1312,Healthcare Representative,EMR Software
1314,Human Resources,HRIS
1314,Human Resources,Compliance
1314,Human Resources,Workday
1315,Laboratory Technician,Excel
1315,Laboratory Technician,Sample Preparation
1315,Laboratory Technician,Lab Safety
1315,Laboratory Technician,Quality Control
1317,Research Director,Leadership
1317,Research Director,Grant Writing
1317,Research Director,Data Analysis
1317,Research Director,Python
1318,Sales Executive,CRM Software
1318,Sales Executive,Excel
1318,Sales Executive,Negotiation
1319,Sales Executive,Negotiation
1319,Sales Executive,Salesforce
1319,Sales Executive,CRM Software
1321,Manager,Strategic Planning
1321,Manager,Leadership
1321,Manager,Performance Management
1322,Manufacturing Director,Lean Six Sigma
1322,Manufacturing Director,Supply Chain
1322,Manufacturing Director,Budgeting
1322,Manufacturing Director,ERP
1324,Sales Executive,CRM Software
1324,Sales Executive,Negotiation
1324,Sales Executive,Salesforce
1324,Sales Executive,Communication
1329,Sales Executive,Lead Generation
1329,Sales Executive,CRM Software
1329,Sales Executive,Salesforce
1329,Sales Executive,Communication
1331,Sales Representative,Communication
1331,Sales Representative,CRM
1333,Laboratory Technician,Quality Control
1333,Laboratory Technician,Data Entry
1334,Manager,Performance Management
1334,Manager,Budgeting
1334,Manager,Leadership
1336,Manager,Strategic Planning
1336,Manager,Project Management
1338,Manager,Performance Management
1338,Manager,Budgeting
1338,Manager,Project Management
1340,Research Scientist,Python
1340,Research Scientist,Machine Learning
1340,Research Scientist,Statistics
1340,Research Scientist,Data Analysis
1344,Healthcare Representative,Patient Care
1344,Healthcare Representative,Communication
1344,Healthcare Representative,Medical Records
1346,Research Scientist,Lab Equipment
1346,Research Scientist,Machine Learning
1346,Research Scientist,Data Analysis
1349,Sales Executive,Negotiation
1349,Sales Executive,Communication
1349,Sales Executive,Salesforce
1350,Research Scientist,Python
1350,Research Scientist,Lab Equipment
1350,Research Scientist,Statistics
1350,Research Scientist,Machine Learning
1352,Manager,Budgeting
1352,Manager,Project Management
1355,Sales Executive,CRM Software
1355,Sales Executive,Excel
1355,Sales Executive,Negotiation
1356,Sales Executive,CRM Software
1356,Sales Executive,Negotiation
1356,Sales Executive,Lead Generation
1356,Sales Executive,Communication
1358,Laboratory Technician,Excel
1358,Laboratory Technician,Quality Control
1358,Laboratory Technician,Data Entry
1358,Laboratory Technician,Sample Preparation
1360,Manufacturing Director,Supply Chain
1360,Manufacturing Director,Operations Management
1360,Manufacturing Director,Lean Six Sigma
1361,Laboratory Technician,Data Entry
1361,Laboratory Technician,Sample Preparation
1361,Laboratory Technician,Lab Safety
1362,Sales Executive,Communication
1362,Sales Executive,Excel
1362,Sales Executive,Negotiation
1362,Sales Executive,Salesforce
1362,Sales Executive,Lead Generation
1363,Manufacturing Director,Budgeting
1363,Manufacturing Director,Operations Management
1364,Sales Representative,Salesforce
1364,Sales Representative,Customer Service
1364,Sales Representative,Cold Calling
1367,Manufacturing Director,Operations Management
1367,Manufacturing Director,Budgeting
1368,Laboratory Technician,Quality Control
1368,Laboratory Technician,Lab Safety
1369,Laboratory Technician,Data Entry
1369,Laboratory Technician,Lab Safety
1371,Sales Executive,Salesforce
1371,Sales Executive,Negotiation
1371,Sales Executive,Excel
1371,Sales Executive,Communication
1372,Sales Executive,Communication
1372,Sales Executive,Lead Generation
1372,Sales Executive,CRM Software
1373,Manufacturing Director,Budgeting
1373,Manufacturing Director,ERP
1373,Manufacturing Director,Lean Six Sigma
1373,Manufacturing Director,Supply Chain
1374,Research Scientist,Lab Equipment
1374,Research Scientist,R
1374,Research Scientist,Python
1375,Healthcare Representative,Medical Records
1375,Healthcare Representative,Patient Care
1375,Healthcare Representative,Communication
1377,Laboratory Technician,Sample Preparation
1377,Laboratory Technician,Excel
1377,Laboratory Technician,Lab Safety
1379,Sales Representative,Customer Service
1379,Sales Representative,Salesforce
1379,Sales Representative,Communication
1380,Sales Executive,CRM Software
1380,Sales Executive,Excel
1380,Sales Executive,Salesforce
1380,Sales Executive,Lead Generation
1380,Sales Executive,Negotiation
1382,Research Scientist,Statistics
1382,Research Scientist,Lab Equipment
1382,Research Scientist,Data Analysis
1383,Healthcare Representative,EMR Software
1383,Healthcare Representative,Communication
1383,Healthcare Representative,Patient Care
1387,Sales Executive,Salesforce
1387,Sales Executive,CRM Software
1387,Sales Executive,Communication
1387,Sales Executive,Lead Generation
1389,Manufacturing Director,ERP
1389,Manufacturing Director,Lean Six Sigma
1389,Manufacturing Director,Operations Management
1390,Sales Executive,Communication
1390,Sales Executive,Negotiation
1390,Sales Executive,CRM Software
1390,Sales Executive,Lead Generation
1391,Sales Executive,Salesforce
1391,Sales Executive,Communication
1391,Sales Executive,Negotiation
1391,Sales Executive,Lead Generation
1392,Research Scientist,R
1392,Research Scientist,Lab Equipment
1392,Research Scientist,Data Analysis
1394,Research Scientist,Machine Learning
1394,Research Scientist,Lab Equipment
1394,Research Scientist,Data Analysis
1395,Sales Executive,Excel
1395,Sales Executive,CRM Software
1395,Sales Executive,Negotiation
1396,Sales Executive,Excel
1396,Sales Executive,Lead Generation
1396,Sales Executive,Negotiation
1396,Sales Executive,CRM Software
1397,Healthcare Representative,Communication
1397,Healthcare Representative,Customer Service
1397,Healthcare Representative,Patient Care
1397,Healthcare Representative,Medical Records
1399,Sales Executive,CRM Software
1399,Sales Executive,Excel
1399,Sales Executive,Lead Generation
1401,Manufacturing Director,Lean Six Sigma
1401,Manufacturing Director,Operations Management
1402,Research Scientist,Lab Equipment
1402,Research Scientist,Statistics
1402,Research Scientist,Data Analysis
1403,Sales Executive,Lead Generation
1403,Sales Executive,Salesforce
1403,Sales Executive,Communication
1405,Research Scientist,R
1405,Research Scientist,Lab Equipment
1405,Research Scientist,Data Analysis
1407,Research Scientist,R
1407,Research Scientist,Statistics
1407,Research Scientist,Machine Learning
1408,Manager,Leadership
1408,Manager,Performance Management
1408,Manager,Budgeting
1409,Laboratory Technician,Excel
1409,Laboratory Technician,Data Entry
1409,Laboratory Technician,Lab Safety
1411,Laboratory Technician,Quality Control
1411,Laboratory Technician,Data Entry
1411,Laboratory Technician,Sample Preparation
1412,Manufacturing Director,Supply Chain
1412,Manufacturing Director,Lean Six Sigma
1412,Manufacturing Director,ERP
1415,Laboratory Technician,Quality Control
1415,Laboratory Technician,Data Entry
1415,Laboratory Technician,Excel
1417,Laboratory Technician,Quality Control
1417,Laboratory Technician,Excel
1419,Human Resources,Payroll
1419,Human Resources,Employee Relations
1419,Human Resources,HRIS
1419,Human Resources,Recruiting
1420,Laboratory Technician,Lab Safety
1420,Laboratory Technician,Data Entry
1421,Healthcare Representative,Customer Service
1421,Healthcare Representative,Medical Records
1422,Research Director,Grant Writing
1422,Research Director,Leadership
1422,Research Director,Python
1423,Research Director,Python
1423,Research Director,Leadership
1423,Research Director,Data Analysis
1424,Research Director,R&D Strategy
1424,Research Director,Leadership
1424,Research Director,Grant Writing
1425,Sales Executive,Lead Generation
1425,Sales Executive,Salesforce
1425,Sales Executive,Communication
1427,Sales Representative,Salesforce
1427,Sales Representative,Cold Calling
1427,Sales Representative,Customer Service
1428,Sales Executive,Communication
1428,Sales Executive,Excel
1428,Sales Executive,Salesforce
1428,Sales Executive,Negotiation
1430,Research Director,R&D Strategy
1430,Research Director,Python
1430,Research Director,Leadership
1431,Research Scientist,Python
1431,Research Scientist,Lab Equipment
1431,Research Scientist,R
1433,Research Scientist,Statistics
1433,Research Scientist,Python
1433,Research Scientist,Machine Learning
1433,Research Scientist,Data Analysis
1434,Laboratory Technician,Data Entry
1434,Laboratory Technician,Excel
1435,Laboratory Technician,Sample Preparation
1435,Laboratory Technician,Quality Control
1436,Sales Executive,Salesforce
1436,Sales Executive,Negotiation
1436,Sales Executive,Communication
1438,Research Scientist,R
1438,Research Scientist,Lab Equipment
1438,Research Scientist,Python
1438,Research Scientist,Statistics
1439,Sales Representative,Customer Service
1439,Sales Representative,Cold Calling
1439,Sales Representative,Salesforce
1440,Laboratory Technician,Quality Control
1440,Laboratory Technician,Excel
1441,Research Scientist,Python
1441,Research Scientist,R
1441,Research Scientist,Statistics
1443,Research Director,Python
1443,Research Director,R&D Strategy
1445,Sales Executive,Excel
1445,Sales Executive,Salesforce
1445,Sales Executive,Negotiation
1446,Sales Executive,Lead Generation
1446,Sales Executive,Communication
1446,Sales Executive,Negotiation
1447,Laboratory Technician,Lab Safety
1447,Laboratory Technician,Quality Control
1447,Laboratory Technician,Data Entry
1448,Research Scientist,Machine Learning
1448,Research Scientist,Statistics
1448,Research Scientist,Python
1448,Research Scientist,R
1449,Laboratory Technician,Sample Preparation
1449,Laboratory Technician,Lab Safety
1449,Laboratory Technician,Data Entry
1453,Sales Executive,Salesforce
1453,Sales Executive,Lead Generation
1453,Sales Executive,CRM Software
1453,Sales Executive,Excel
1457,Sales Executive,CRM Software
1457,Sales Executive,Lead Generation
1457,Sales Executive,Salesforce
1458,Laboratory Technician,Sample Preparation
1458,Laboratory Technician,Quality Control
1459,Manufacturing Director,Budgeting
1459,Manufacturing Director,Operations Management
1460,Healthcare Representative,Medical Records
1460,Healthcare Representative,Patient Care
1460,Healthcare Representative,Customer Service
1461,Human Resources,HRIS
1461,Human Resources,Workday
1461,Human Resources,Recruiting
1464,Laboratory Technician,Quality Control
1464,Laboratory Technician,Sample Preparation
1464,Laboratory Technician,Lab Safety
1465,Manufacturing Director,Operations Management
1465,Manufacturing Director,Budgeting
1465,Manufacturing Director,Supply Chain
1466,Sales Executive,Excel
1466,Sales Executive,CRM Software
1466,Sales Executive,Salesforce
1467,Human Resources,HRIS
1467,Human Resources,Workday
1467,Human Resources,Payroll
1467,Human Resources,Compliance
1468,Research Director,Python
1468,Research Director,R&D Strategy
1468,Research Director,Grant Writing
1469,Sales Executive,Communication
1469,Sales Executive,Negotiation
1469,Sales Executive,Excel
1469,Sales Executive,CRM Software
1471,Laboratory Technician,Lab Safety
1471,Laboratory Technician,Data Entry
1471,Laboratory Technician,Quality Control
1472,Research Director,Python
1472,Research Director,Data Analysis
1472,Research Director,Grant Writing
1473,Healthcare Representative,Patient Care
1473,Healthcare Representative,Medical Records
1474,Research Scientist,Data Analysis
1474,Research Scientist,Machine Learning
1474,Research Scientist,Lab Equipment
1475,Research Scientist,Machine Learning
1475,Research Scientist,R
1475,Research Scientist,Python
1477,Sales Executive,Communication
1477,Sales Executive,CRM Software
1477,Sales Executive,Salesforce
1478,Sales Executive,Excel
1478,Sales Executive,Negotiation
1478,Sales Executive,Lead Generation
1478,Sales Executive,Salesforce
1478,Sales Executive,CRM Software
1479,Sales Executive,Excel
1479,Sales Executive,Communication
1479,Sales Executive,Lead Generation
1479,Sales Executive,CRM Software
1480,Laboratory Technician,Quality Control
1480,Laboratory Technician,Excel
1480,Laboratory Technician,Sample Preparation
1481,Sales Executive,Negotiation
1481,Sales Executive,Excel
1481,Sales Executive,Communication
1481,Sales Executive,Lead Generation
1482,Research Scientist,Statistics
1482,Research Scientist,R
1482,Research Scientist,Data Analysis
1482,Research Scientist,Machine Learning
1483,Research Scientist,Machine Learning
1483,Research Scientist,Python
1483,Research Scientist,R
1483,Research Scientist,Statistics
1484,Healthcare Representative,Medical Records
1484,Healthcare Representative,Patient Care
1484,Healthcare Representative,EMR Software
1485,Research Director,Data Analysis
1485,Research Director,Leadership
1486,Sales Representative,Salesforce
1486,Sales Representative,Communication
1486,Sales Representative,Cold Calling
1486,Sales Representative,CRM
1487,Sales Executive,Excel
1487,Sales Executive,CRM Software
1487,Sales Executive,Communication
1489,Sales Executive,Negotiation
1489,Sales Executive,Excel
1489,Sales Executive,CRM Software
1489,Sales Executive,Lead Generation
1492,Sales Representative,Communication
1492,Sales Representative,Cold Calling
1492,Sales Representative,Customer Service
1492,Sales Representative,CRM
1494,Laboratory Technician,Quality Control
1494,Laboratory Technician,Sample Preparation
1494,Laboratory Technician,Lab Safety
1495,Sales Representative,Customer Service
1495,Sales Representative,Salesforce
1496,Manufacturing Director,ERP
1496,Manufacturing Director,Supply Chain
1496,Manufacturing Director,Operations Management
1496,Manufacturing Director,Lean Six Sigma
1497,Sales Executive,Communication
1497,Sales Executive,Excel
1497,Sales Executive,CRM Software
1497,Sales Executive,Negotiation
1499,Human Resources,HRIS
1499,Human Resources,Recruiting
1499,Human Resources,Payroll
1499,Human Resources,Employee Relations
1501,Healthcare Representative,Communication
1501,Healthcare Representative,Medical Records
1501,Healthcare Representative,Patient Care
1502,Laboratory Technician,Lab Safety
1502,Laboratory Technician,Sample Preparation
1503,Sales Executive,Excel
1503,Sales Executive,Negotiation
1503,Sales Executive,Lead Generation
1503,Sales Executive,Salesforce
1504,Laboratory Technician,Quality Control
1504,Laboratory Technician,Lab Safety
1504,Laboratory Technician,Data Entry
1506,Research Scientist,Python
1506,Research Scientist,R
1506,Research Scientist,Lab Equipment
1507,Sales Executive,CRM Software
1507,Sales Executive,Salesforce
1507,Sales Executive,Negotiation
1509,Laboratory Technician,Lab Safety
1509,Laboratory Technician,Data Entry
1513,Laboratory Technician,Quality Control
1513,Laboratory Technician,Sample Preparation
1513,Laboratory Technician,Excel
1513,Laboratory Technician,Data Entry
1514,Manufacturing Director,Budgeting
1514,Manufacturing Director,Lean Six Sigma
1514,Manufacturing Director,ERP
1515,Healthcare Representative,Customer Service
1515,Healthcare Representative,Communication
1515,Healthcare Representative,Patient Care
1516,Manager,Strategic Planning
1516,Manager,Budgeting
1520,Manager,Performance Management
1520,Manager,Leadership
1520,Manager,Budgeting
1520,Manager,Project Management
1522,Research Scientist,Data Analysis
1522,Research Scientist,R
1522,Research Scientist,Statistics
1522,Research Scientist,Lab Equipment
1523,Research Director,R&D Strategy
1523,Research Director,Python
1523,Research Director,Leadership
1523,Research Director,Data Analysis
1525,Manufacturing Director,ERP
1525,Manufacturing Director,Lean Six Sigma
1525,Manufacturing Director,Operations Management
1527,Manager,Project Management
1527,Manager,Performance Management
1527,Manager,Leadership
1527,Manager,Budgeting
1529,Healthcare Representative,Communication
1529,Healthcare Representative,Patient Care
1529,Healthcare Representative,Medical Records
1533,Laboratory Technician,Data Entry
1533,Laboratory Technician,Sample Preparation
1533,Laboratory Technician,Quality Control
1534,Laboratory Technician,Quality Control
1534,Laboratory Technician,Excel
1535,Sales Executive,Lead Generation
1535,Sales Executive,CRM Software
1535,Sales Executive,Salesforce
1537,Research Scientist,R
1537,Research Scientist,Data Analysis
1537,Research Scientist,Machine Learning
1537,Research Scientist,Python
1537,Research Scientist,Lab Equipment
1539,Research Director,Python
1539,Research Director,Leadership
1541,Sales Representative,Cold Calling
1541,Sales Representative,Customer Service
1541,Sales Representative,CRM
1542,Laboratory Technician,Quality Control
1542,Laboratory Technician,Sample Preparation
1542,Laboratory Technician,Excel
1543,Research Scientist,Statistics
1543,Research Scientist,Data Analysis
1543,Research Scientist,Lab Equipment
1543,Research Scientist,R
1544,Healthcare Representative,Customer Service
1544,Healthcare Representative,EMR Software
1545,Manufacturing Director,Lean Six Sigma
1545,Manufacturing Director,Supply Chain
1546,Research Scientist,Statistics
1546,Research Scientist,R
1546,Research Scientist,Machine Learning
1546,Research Scientist,Lab Equipment
1546,Research Scientist,Python
1547,Healthcare Representative,Customer Service
1547,Healthcare Representative,Communication
1548,Sales Executive,Excel
1548,Sales Executive,Lead Generation
1548,Sales Executive,Negotiation
1548,Sales Executive,CRM Software
1549,Laboratory Technician,Data Entry
1549,Laboratory Technician,Lab Safety
1549,Laboratory Technician,Excel
1550,Manager,Budgeting
1550,Manager,Project Management
1550,Manager,Leadership
1550,Manager,Strategic Planning
1551,Laboratory Technician,Lab Safety
1551,Laboratory Technician,Quality Control
1552,Healthcare Representative,Patient Care
1552,Healthcare Representative,Customer Service
1552,Healthcare Representative,Communication
1553,Healthcare Representative,Communication
1553,Healthcare Representative,Customer Service
1554,Sales Representative,Customer Service
1554,Sales Representative,Salesforce
1554,Sales Representative,Cold Calling
1555,Research Scientist,Statistics
1555,Research Scientist,Python
1555,Research Scientist,Machine Learning
1555,Research Scientist,Data Analysis
1556,Sales Representative,Salesforce
1556,Sales Representative,Cold Calling
1557,Sales Executive,Salesforce
1557,Sales Executive,Excel
1557,Sales Executive,CRM Software
1557,Sales Executive,Lead Generation
1558,Research Scientist,Statistics
1558,Research Scientist,Data Analysis
1558,Research Scientist,Lab Equipment
1558,Research Scientist,Python
1560,Sales Executive,Communication
1560,Sales Executive,Excel
1560,Sales Executive,Negotiation
1560,Sales Executive,CRM Software
1562,Sales Executive,Salesforce
1562,Sales Executive,Lead Generation
1562,Sales Executive,Communication
1562,Sales Executive,CRM Software
1563,Human Resources,HRIS
1563,Human Resources,Compliance
1563,Human Resources,Workday
1564,Laboratory Technician,Sample Preparation
1564,Laboratory Technician,Lab Safety
1564,Laboratory Technician,Data Entry
1568,Sales Executive,Lead Generation
1568,Sales Executive,Communication
1568,Sales Executive,Salesforce
1568,Sales Executive,Negotiation
1569,Laboratory Technician,Excel
1569,Laboratory Technician,Sample Preparation
1569,Laboratory Technician,Lab Safety
1572,Manufacturing Director,Supply Chain
1572,Manufacturing Director,Operations Management
1573,Manufacturing Director,Budgeting
1573,Manufacturing Director,Lean Six Sigma
1574,Research Scientist,Lab Equipment
1574,Research Scientist,Data Analysis
1574,Research Scientist,Machine Learning
1576,Research Scientist,Statistics
1576,Research Scientist,R
1576,Research Scientist,Machine Learning
1576,Research Scientist,Data Analysis
1577,Research Scientist,R
1577,Research Scientist,Data Analysis
1577,Research Scientist,Lab Equipment
1577,Research Scientist,Python
1578,Manager,Performance Management
1578,Manager,Project Management
1580,Research Scientist,Python
1580,Research Scientist,Lab Equipment
1580,Research Scientist,Machine Learning
1580,Research Scientist,Data Analysis
1581,Research Scientist,Lab Equipment
1581,Research Scientist,Data Analysis
1581,Research Scientist,R
1582,Sales Executive,Communication
1582,Sales Executive,CRM Software
1582,Sales Executive,Negotiation
1583,Sales Executive,CRM Software
1583,Sales Executive,Lead Generation
1583,Sales Executive,Negotiation
1585,Sales Executive,Excel
1585,Sales Executive,Salesforce
1585,Sales Executive,Negotiation
1586,Laboratory Technician,Sample Preparation
1586,Laboratory Technician,Lab Safety
1587,Healthcare Representative,EMR Software
1587,Healthcare Representative,Patient Care
1588,Sales Executive,CRM Software
1588,Sales Executive,Lead Generation
1588,Sales Executive,Salesforce
1590,Healthcare Representative,EMR Software
1590,Healthcare Representative,Customer Service
1590,Healthcare Representative,Communication
1591,Manager,Performance Management
1591,Manager,Leadership
1591,Manager,Project Management
1592,Research Scientist,Lab Equipment
1592,Research Scientist,Data Analysis
1592,Research Scientist,Python
1594,Laboratory Technician,Sample Preparation
1594,Laboratory Technician,Lab Safety
1594,Laboratory Technician,Excel
1595,Manager,Project Management
1595,Manager,Strategic Planning
1595,Manager,Leadership
1596,Laboratory Technician,Excel
1596,Laboratory Technician,Quality Control
1596,Laboratory Technician,Sample Preparation
1597,Healthcare Representative,Communication
1597,Healthcare Representative,EMR Software
1597,Healthcare Representative,Medical Records
1598,Sales Executive,Salesforce
1598,Sales Executive,Communication
1598,Sales Executive,Lead Generation
1599,Laboratory Technician,Data Entry
1599,Laboratory Technician,Sample Preparation
1599,Laboratory Technician,Lab Safety
1601,Laboratory Technician,Data Entry
1601,Laboratory Technician,Sample Preparation
1601,Laboratory Technician,Lab Safety
1602,Manager,Budgeting
1602,Manager,Performance Management
1604,Laboratory Technician,Sample Preparation
1604,Laboratory Technician,Quality Control
1604,Laboratory Technician,Excel
1605,Research Scientist,Machine Learning
1605,Research Scientist,Lab Equipment
1605,Research Scientist,R
1606,Healthcare Representative,Patient Care
1606,Healthcare Representative,Customer Service
1606,Healthcare Representative,Communication
1607,Research Scientist,R
1607,Research Scientist,Statistics
1607,Research Scientist,Machine Learning
1607,Research Scientist,Lab Equipment
1608,Research Director,Python
1608,Research Director,Grant Writing
1609,Research Scientist,Statistics
1609,Research Scientist,Data Analysis
1609,Research Scientist,Lab Equipment
1611,Laboratory Technician,Excel
1611,Laboratory Technician,Sample Preparation
1612,Sales Executive,Lead Generation
1612,Sales Executive,Negotiation
1612,Sales Executive,Communication
1613,Sales Executive,Lead Generation
1613,Sales Executive,CRM Software
1613,Sales Executive,Excel
1614,Manufacturing Director,ERP
1614,Manufacturing Director,Budgeting
1614,Manufacturing Director,Lean Six Sigma
1615,Manufacturing Director,Supply Chain
1615,Manufacturing Director,Operations Management
1615,Manufacturing Director,Budgeting
1617,Laboratory Technician,Excel
1617,Laboratory Technician,Lab Safety
1617,Laboratory Technician,Quality Control
1618,Manufacturing Director,Supply Chain
1618,Manufacturing Director,Lean Six Sigma
1618,Manufacturing Director,Budgeting
1619,Laboratory Technician,Sample Preparation
1619,Laboratory Technician,Lab Safety
1619,Laboratory Technician,Data Entry
1621,Research Scientist,R
1621,Research Scientist,Python
1621,Research Scientist,Machine Learning
1622,Manufacturing Director,ERP
1622,Manufacturing Director,Supply Chain
1622,Manufacturing Director,Operations Management
1623,Research Scientist,Statistics
1623,Research Scientist,R
1623,Research Scientist,Python
1623,Research Scientist,Data Analysis
1624,Sales Representative,Cold Calling
1624,Sales Representative,Customer Service
1624,Sales Representative,Salesforce
1625,Manager,Strategic Planning
1625,Manager,Budgeting
1627,Laboratory Technician,Data Entry
1627,Laboratory Technician,Excel
1627,Laboratory Technician,Sample Preparation
1628,Manufacturing Director,Lean Six Sigma
1628,Manufacturing Director,Operations Management
1628,Manufacturing Director,Supply Chain
1630,Healthcare Representative,Patient Care
1630,Healthcare Representative,Medical Records
1631,Manufacturing Director,ERP
1631,Manufacturing Director,Budgeting
1631,Manufacturing Director,Supply Chain
1633,Manufacturing Director,Supply Chain
1633,Manufacturing Director,Lean Six Sigma
1635,Manufacturing Director,Budgeting
1635,Manufacturing Director,ERP
1638,Manufacturing Director,Lean Six Sigma
1638,Manufacturing Director,Budgeting
1638,Manufacturing Director,ERP
1639,Sales Executive,Salesforce
1639,Sales Executive,CRM Software
1639,Sales Executive,Excel
1640,Research Scientist,R
1640,Research Scientist,Statistics
1640,Research Scientist,Python
1640,Research Scientist,Lab Equipment
1641,Manufacturing Director,Supply Chain
1641,Manufacturing Director,Operations Management
1641,Manufacturing Director,ERP
1642,Human Resources,Workday
1642,Human Resources,HRIS
1642,Human Resources,Payroll
1642,Human Resources,Employee Relations
1644,Manager,Project Management
1644,Manager,Performance Management
1645,Sales Executive,Salesforce
1645,Sales Executive,Communication
1645,Sales Executive,Negotiation
1646,Research Scientist,Lab Equipment
1646,Research Scientist,Python
1646,Research Scientist,Machine Learning
1647,Research Scientist,Lab Equipment
1647,Research Scientist,Data Analysis
1647,Research Scientist,Python
1648,Research Scientist,Data Analysis
1648,Research Scientist,Lab Equipment
1648,Research Scientist,R
1649,Laboratory Technician,Data Entry
1649,Laboratory Technician,Quality Control
1650,Sales Executive,CRM Software
1650,Sales Executive,Lead Generation
1650,Sales Executive,Excel
1651,Healthcare Representative,EMR Software
1651,Healthcare Representative,Customer Service
1651,Healthcare Representative,Communication
1653,Manufacturing Director,Operations Management
1653,Manufacturing Director,ERP
1653,Manufacturing Director,Lean Six Sigma
1654,Manufacturing Director,Budgeting
1654,Manufacturing Director,Operations Management
1654,Manufacturing Director,Supply Chain
1654,Manufacturing Director,ERP
1655,Research Director,Leadership
1655,Research Director,R&D Strategy
1655,Research Director,Python
1655,Research Director,Grant Writing
1656,Research Director,Leadership
1656,Research Director,Grant Writing
1657,Sales Representative,Customer Service
1657,Sales Representative,Salesforce
1657,Sales Representative,CRM
1658,Research Scientist,Python
1658,Research Scientist,Machine Learning
1658,Research Scientist,R
1659,Laboratory Technician,Sample Preparation
1659,Laboratory Technician,Quality Control
1659,Laboratory Technician,Data Entry
1659,Laboratory Technician,Lab Safety
1661,Healthcare Representative,Patient Care
1661,Healthcare Representative,EMR Software
1662,Manufacturing Director,Budgeting
1662,Manufacturing Director,Supply Chain
1662,Manufacturing Director,ERP
1664,Healthcare Representative,EMR Software
1664,Healthcare Representative,Patient Care
1664,Healthcare Representative,Customer Service
1665,Manager,Project Management
1665,Manager,Leadership
1665,Manager,Budgeting
1666,Research Director,Grant Writing
1666,Research Director,Data Analysis
1666,Research Director,R&D Strategy
1667,Sales Executive,CRM Software
1667,Sales Executive,Communication
1667,Sales Executive,Lead Generation
1668,Research Scientist,Machine Learning
1668,Research Scientist,Data Analysis
1668,Research Scientist,R
1669,Sales Executive,Excel
1669,Sales Executive,Communication
1669,Sales Executive,Negotiation
1669,Sales Executive,Salesforce
1670,Sales Executive,CRM Software
1670,Sales Executive,Communication
1670,Sales Executive,Negotiation
1670,Sales Executive,Salesforce
1671,Research Scientist,Machine Learning
1671,Research Scientist,Data Analysis
1671,Research Scientist,Python
1671,Research Scientist,Lab Equipment
1671,Research Scientist,Statistics
1673,Sales Executive,Communication
1673,Sales Executive,Negotiation
1673,Sales Executive,CRM Software
1674,Laboratory Technician,Sample Preparation
1674,Laboratory Technician,Lab Safety
1674,Laboratory Technician,Excel
1675,Laboratory Technician,Data Entry
1675,Laboratory Technician,Lab Safety
1675,Laboratory Technician,Sample Preparation
1676,Manager,Project Management
1676,Manager,Budgeting
1677,Manager,Performance Management
1677,Manager,Leadership
1677,Manager,Strategic Planning
1678,Sales Executive,CRM Software
1678,Sales Executive,Lead Generation
1678,Sales Executive,Negotiation
1680,Sales Representative,Salesforce
1680,Sales Representative,Customer Service
1680,Sales Representative,Communication
1681,Sales Executive,Communication
1681,Sales Executive,Salesforce
1681,Sales Executive,Negotiation
1682,Healthcare Representative,Customer Service
1682,Healthcare Representative,Medical Records
1683,Human Resources,Employee Relations
1683,Human Resources,Payroll
1683,Human Resources,Workday
1683,Human Resources,Compliance
1684,Laboratory Technician,Quality Control
1684,Laboratory Technician,Lab Safety
1684,Laboratory Technician,Data Entry
1684,Laboratory Technician,Sample Preparation
1687,Laboratory Technician,Excel
1687,Laboratory Technician,Lab Safety
1687,Laboratory Technician,Quality Control
1689,Healthcare Representative,Communication
1689,Healthcare Representative,Medical Records
1689,Healthcare Representative,Customer Service
1691,Sales Representative,Salesforce
1691,Sales Representative,Customer Service
1691,Sales Representative,CRM
1692,Laboratory Technician,Sample Preparation
1692,Laboratory Technician,Quality Control
1692,Laboratory Technician,Excel
1692,Laboratory Technician,Lab Safety
1693,Laboratory Technician,Excel
1693,Laboratory Technician,Data Entry
1693,Laboratory Technician,Lab Safety
1693,Laboratory Technician,Sample Preparation
1694,Research Scientist,Machine Learning
1694,Research Scientist,R
1694,Research Scientist,Data Analysis
1694,Research Scientist,Python
1696,Laboratory Technician,Data Entry
1696,Laboratory Technician,Excel
1697,Healthcare Representative,EMR Software
1697,Healthcare Representative,Customer Service
1698,Laboratory Technician,Lab Safety
1698,Laboratory Technician,Quality Control
1698,Laboratory Technician,Data Entry
1700,Sales Executive,Excel
1700,Sales Executive,CRM Software
1700,Sales Executive,Communication
1700,Sales Executive,Lead Generation
1701,Research Scientist,Data Analysis
1701,Research Scientist,Statistics
1701,Research Scientist,Machine Learning
1702,Sales Representative,Customer Service
1702,Sales Representative,Salesforce
1703,Healthcare Representative,Medical Records
1703,Healthcare Representative,Communication
1703,Healthcare Representative,EMR Software
1703,Healthcare Representative,Patient Care
1704,Research Scientist,Statistics
1704,Research Scientist,Machine Learning
1704,Research Scientist,R
1704,Research Scientist,Python
1706,Sales Executive,Communication
1706,Sales Executive,Excel
1706,Sales Executive,CRM Software
1706,Sales Executive,Negotiation
1706,Sales Executive,Lead Generation
1707,Research Scientist,R
1707,Research Scientist,Statistics
1707,Research Scientist,Machine Learning
1707,Research Scientist,Data Analysis
1708,Sales Executive,Negotiation
1708,Sales Executive,Excel
1708,Sales Executive,Communication
1709,Laboratory Technician,Quality Control
1709,Laboratory Technician,Sample Preparation
1709,Laboratory Technician,Lab Safety
1710,Sales Representative,Cold Calling
1710,Sales Representative,Salesforce
1710,Sales Representative,CRM
1712,Healthcare Representative,EMR Software
1712,Healthcare Representative,Medical Records
1712,Healthcare Representative,Patient Care
1714,Human Resources,Workday
1714,Human Resources,Payroll
1714,Human Resources,Recruiting
1716,Sales Executive,Communication
1716,Sales Executive,Negotiation
1716,Sales Executive,Excel
1718,Laboratory Technician,Lab Safety
1718,Laboratory Technician,Excel
1718,Laboratory Technician,Quality Control
1719,Research Director,R&D Strategy
1719,Research Director,Python
1719,Research Director,Leadership
1720,Research Scientist,Python
1720,Research Scientist,R
1720,Research Scientist,Lab Equipment
1721,Laboratory Technician,Sample Preparation
1721,Laboratory Technician,Excel
1722,Human Resources,Compliance
1722,Human Resources,Payroll
1722,Human Resources,Recruiting
1724,Manufacturing Director,Lean Six Sigma
1724,Manufacturing Director,Operations Management
1724,Manufacturing Director,Budgeting
1725,Laboratory Technician,Lab Safety
1725,Laboratory Technician,Excel
1725,Laboratory Technician,Sample Preparation
1727,Healthcare Representative,EMR Software
1727,Healthcare Representative,Communication
1727,Healthcare Representative,Patient Care
1728,Manufacturing Director,Supply Chain
1728,Manufacturing Director,Lean Six Sigma
1728,Manufacturing Director,Budgeting
1728,Manufacturing Director,Operations Management
1729,Research Scientist,R
1729,Research Scientist,Statistics
1729,Research Scientist,Python
1731,Sales Executive,CRM Software
1731,Sales Executive,Lead Generation
1731,Sales Executive,Communication
1731,Sales Executive,Excel
1732,Sales Executive,Lead Generation
1732,Sales Executive,Communication
1732,Sales Executive,CRM Software
1733,Sales Executive,CRM Software
1733,Sales Executive,Salesforce
1733,Sales Executive,Excel
1734,Sales Executive,Salesforce
1734,Sales Executive,Communication
1734,Sales Executive,CRM Software
1735,Laboratory Technician,Sample Preparation
1735,Laboratory Technician,Lab Safety
1735,Laboratory Technician,Excel
1736,Manufacturing Director,Budgeting
1736,Manufacturing Director,Operations Management
1737,Laboratory Technician,Sample Preparation
1737,Laboratory Technician,Excel
1737,Laboratory Technician,Lab Safety
1739,Sales Executive,Excel
1739,Sales Executive,Communication
1739,Sales Executive,Negotiation
1739,Sales Executive,Salesforce
1740,Manager,Project Management
1740,Manager,Budgeting
1740,Manager,Leadership
1744,Human Resources,Compliance
1744,Human Resources,HRIS
1744,Human Resources,Recruiting
1744,Human Resources,Workday
1745,Research Scientist,Data Analysis
1745,Research Scientist,Python
1745,Research Scientist,R
1745,Research Scientist,Statistics
1746,Human Resources,HRIS
1746,Human Resources,Employee Relations
1746,Human Resources,Workday
1747,Human Resources,HRIS
1747,Human Resources,Payroll
1747,Human Resources,Recruiting
1749,Sales Executive,Communication
1749,Sales Executive,Excel
1749,Sales Executive,Salesforce
1751,Research Scientist,Data Analysis
1751,Research Scientist,Statistics
1751,Research Scientist,Lab Equipment
1751,Research Scientist,Python
1751,Research Scientist,R
1752,Sales Representative,CRM
1752,Sales Representative,Customer Service
1753,Healthcare Representative,Patient Care
1753,Healthcare Representative,Medical Records
1753,Healthcare Representative,EMR Software
1754,Sales Executive,Lead Generation
1754,Sales Executive,CRM Software
1754,Sales Executive,Communication
1754,Sales Executive,Salesforce
1755,Research Scientist,Data Analysis
1755,Research Scientist,Statistics
1755,Research Scientist,Lab Equipment
1756,Sales Executive,CRM Software
1756,Sales Executive,Excel
1756,Sales Executive,Salesforce
1756,Sales Executive,Communication
1757,Sales Executive,Excel
1757,Sales Executive,Lead Generation
1757,Sales Executive,Salesforce
1757,Sales Executive,Communication
1758,Sales Executive,Negotiation
1758,Sales Executive,CRM Software
1758,Sales Executive,Communication
1758,Sales Executive,Excel
1760,Laboratory Technician,Sample Preparation
1760,Laboratory Technician,Data Entry
1760,Laboratory Technician,Quality Control
1760,Laboratory Technician,Lab Safety
1761,Sales Executive,Negotiation
1761,Sales Executive,Communication
1761,Sales Executive,Excel
1761,Sales Executive,Salesforce
1762,Research Scientist,Lab Equipment
1762,Research Scientist,Machine Learning
1762,Research Scientist,Python
1763,Healthcare Representative,EMR Software
1763,Healthcare Representative,Communication
1763,Healthcare Representative,Customer Service
1764,Research Scientist,Statistics
1764,Research Scientist,Data Analysis
1764,Research Scientist,Lab Equipment
1766,Healthcare Representative,Communication
1766,Healthcare Representative,Medical Records
1767,Research Scientist,Python
1767,Research Scientist,Statistics
1767,Research Scientist,Machine Learning
1768,Laboratory Technician,Data Entry
1768,Laboratory Technician,Quality Control
1770,Research Director,Grant Writing
1770,Research Director,Data Analysis
1771,Research Scientist,R
1771,Research Scientist,Machine Learning
1771,Research Scientist,Lab Equipment
1771,Research Scientist,Statistics
1772,Laboratory Technician,Lab Safety
1772,Laboratory Technician,Quality Control
1772,Laboratory Technician,Data Entry
1774,Sales Executive,CRM Software
1774,Sales Executive,Communication
1774,Sales Executive,Lead Generation
1774,Sales Executive,Negotiation
1774,Sales Executive,Excel
1775,Manufacturing Director,ERP
1775,Manufacturing Director,Lean Six Sigma
1775,Manufacturing Director,Supply Chain
1778,Human Resources,Employee Relations
1778,Human Resources,HRIS
1778,Human Resources,Payroll
1778,Human Resources,Recruiting
1779,Sales Executive,CRM Software
1779,Sales Executive,Lead Generation
1779,Sales Executive,Excel
1780,Sales Representative,CRM
1780,Sales Representative,Communication
1780,Sales Representative,Cold Calling
1782,Laboratory Technician,Data Entry
1782,Laboratory Technician,Lab Safety
1783,Laboratory Technician,Excel
1783,Laboratory Technician,Lab Safety
1783,Laboratory Technician,Data Entry
1784,Sales Executive,Excel
1784,Sales Executive,Salesforce
1784,Sales Executive,CRM Software
1784,Sales Executive,Negotiation
1786,Manager,Budgeting
1786,Manager,Leadership
1787,Sales Executive,Salesforce
1787,Sales Executive,Excel
1787,Sales Executive,Lead Generation
1789,Research Director,Python
1789,Research Director,R&D Strategy
1789,Research Director,Leadership
1790,Healthcare Representative,Customer Service
1790,Healthcare Representative,EMR Software
1792,Research Scientist,Machine Learning
1792,Research Scientist,Data Analysis
1792,Research Scientist,R
1794,Human Resources,Employee Relations
1794,Human Resources,Workday
1794,Human Resources,HRIS
1797,Sales Executive,Salesforce
1797,Sales Executive,Communication
1797,Sales Executive,Excel
1797,Sales Executive,Lead Generation
1798,Research Scientist,Python
1798,Research Scientist,Lab Equipment
1798,Research Scientist,Data Analysis
1798,Research Scientist,Statistics
1798,Research Scientist,R
1799,Research Scientist,Python
1799,Research Scientist,Machine Learning
1799,Research Scientist,R
1799,Research Scientist,Data Analysis
1799,Research Scientist,Statistics
1800,Research Director,R&D Strategy
1800,Research Director,Data Analysis
1800,Research Director,Grant Writing
1801,Sales Executive,Excel
1801,Sales Executive,Lead Generation
1801,Sales Executive,Negotiation
1801,Sales Executive,Salesforce
1802,Laboratory Technician,Excel
1802,Laboratory Technician,Lab Safety
1802,Laboratory Technician,Data Entry
1803,Healthcare Representative,Communication
1803,Healthcare Representative,EMR Software
1804,Manufacturing Director,Budgeting
1804,Manufacturing Director,Lean Six Sigma
1804,Manufacturing Director,ERP
1804,Manufacturing Director,Supply Chain
1805,Human Resources,Workday
1805,Human Resources,Recruiting
1805,Human Resources,Payroll
1807,Laboratory Technician,Excel
1807,Laboratory Technician,Sample Preparation
1807,Laboratory Technician,Quality Control
1809,Manufacturing Director,Budgeting
1809,Manufacturing Director,Supply Chain
1809,Manufacturing Director,ERP
1812,Sales Executive,Excel
1812,Sales Executive,Negotiation
1812,Sales Executive,Communication
1812,Sales Executive,CRM Software
1813,Research Scientist,Python
1813,Research Scientist,Machine Learning
1813,Research Scientist,Lab Equipment
1813,Research Scientist,R
1814,Healthcare Representative,Customer Service
1814,Healthcare Representative,Medical Records
1814,Healthcare Representative,EMR Software
1814,Healthcare Representative,Communication
1815,Sales Executive,CRM Software
1815,Sales Executive,Communication
1815,Sales Executive,Lead Generation
1815,Sales Executive,Negotiation
1816,Manufacturing Director,Budgeting
1816,Manufacturing Director,ERP
1816,Manufacturing Director,Supply Chain
1818,Human Resources,Compliance
1818,Human Resources,Workday
1818,Human Resources,HRIS
1821,Healthcare Representative,Communication
1821,Healthcare Representative,Medical Records
1821,Healthcare Representative,Patient Care
1822,Healthcare Representative,Customer Service
1822,Healthcare Representative,Patient Care
1822,Healthcare Representative,EMR Software
1823,Sales Executive,Excel
1823,Sales Executive,Communication
1823,Sales Executive,Salesforce
1824,Manager,Budgeting
1824,Manager,Performance Management
1824,Manager,Project Management
1826,Laboratory Technician,Excel
1826,Laboratory Technician,Data Entry
1826,Laboratory Technician,Sample Preparation
1827,Manufacturing Director,Operations Management
1827,Manufacturing Director,ERP
1829,Healthcare Representative,Communication
1829,Healthcare Representative,Customer Service
1830,Research Scientist,R
1830,Research Scientist,Statistics
1830,Research Scientist,Data Analysis
1833,Sales Executive,Lead Generation
1833,Sales Executive,Excel
1833,Sales Executive,Communication
1833,Sales Executive,CRM Software
1834,Research Scientist,R
1834,Research Scientist,Statistics
1834,Research Scientist,Lab Equipment
1834,Research Scientist,Python
1835,Sales Representative,Customer Service
1835,Sales Representative,Communication
1836,Sales Executive,Communication
1836,Sales Executive,Excel
1836,Sales Executive,Salesforce
1837,Research Director,Grant Writing
1837,Research Director,Leadership
1837,Research Director,R&D Strategy
1839,Research Scientist,Python
1839,Research Scientist,Data Analysis
1839,Research Scientist,Lab Equipment
1842,Human Resources,Workday
1842,Human Resources,Employee Relations
1842,Human Resources,Payroll
1842,Human Resources,Compliance
1844,Human Resources,Workday
1844,Human Resources,Payroll
1844,Human Resources,HRIS
1844,Human Resources,Recruiting
1845,Sales Executive,Negotiation
1845,Sales Executive,Salesforce
1845,Sales Executive,Lead Generation
1845,Sales Executive,Excel
1847,Research Scientist,R
1847,Research Scientist,Machine Learning
1847,Research Scientist,Data Analysis
1849,Sales Executive,CRM Software
1849,Sales Executive,Excel
1849,Sales Executive,Negotiation
1849,Sales Executive,Salesforce
1849,Sales Executive,Lead Generation
1850,Laboratory Technician,Quality Control
1850,Laboratory Technician,Lab Safety
1850,Laboratory Technician,Data Entry
1852,Laboratory Technician,Lab Safety
1852,Laboratory Technician,Quality Control
1853,Sales Executive,Salesforce
1853,Sales Executive,CRM Software
1853,Sales Executive,Negotiation
1853,Sales Executive,Lead Generation
1854,Research Scientist,R
1854,Research Scientist,Python
1854,Research Scientist,Statistics
1856,Laboratory Technician,Sample Preparation
1856,Laboratory Technician,Lab Safety
1856,Laboratory Technician,Quality Control
1857,Manufacturing Director,Supply Chain
1857,Manufacturing Director,Budgeting
1857,Manufacturing Director,ERP
1857,Manufacturing Director,Operations Management
1858,Human Resources,Compliance
1858,Human Resources,Employee Relations
1858,Human Resources,Recruiting
1859,Healthcare Representative,Customer Service
1859,Healthcare Representative,Patient Care
1859,Healthcare Representative,Communication
1860,Laboratory Technician,Lab Safety
1860,Laboratory Technician,Quality Control
1862,Sales Executive,Excel
1862,Sales Executive,Negotiation
1862,Sales Executive,Communication
1862,Sales Executive,Salesforce
1862,Sales Executive,CRM Software
1863,Sales Executive,CRM Software
1863,Sales Executive,Communication
1863,Sales Executive,Salesforce
1863,Sales Executive,Lead Generation
1864,Sales Representative,CRM
1864,Sales Representative,Communication
1864,Sales Representative,Cold Calling
1864,Sales Representative,Salesforce
1865,Human Resources,HRIS
1865,Human Resources,Compliance
1865,Human Resources,Employee Relations
1866,Manager,Leadership
1866,Manager,Project Management
1866,Manager,Performance Management
1867,Research Director,Grant Writing
1867,Research Director,Leadership
1867,Research Director,R&D Strategy
1868,Research Scientist,Python
1868,Research Scientist,Data Analysis
1868,Research Scientist,R
1869,Sales Executive,Salesforce
1869,Sales Executive,Negotiation
1869,Sales Executive,Communication
1869,Sales Executive,CRM Software
1870,Research Scientist,Statistics
1870,Research Scientist,R
1870,Research Scientist,Machine Learning
1871,Research Scientist,Machine Learning
1871,Research Scientist,Lab Equipment
1871,Research Scientist,Python
1873,Research Scientist,Python
1873,Research Scientist,Statistics
1873,Research Scientist,Machine Learning
1875,Sales Representative,Communication
1875,Sales Representative,Customer Service
1876,Sales Representative,Communication
1876,Sales Representative,Cold Calling
1878,Research Scientist,Lab Equipment
1878,Research Scientist,Statistics
1878,Research Scientist,Machine Learning
1878,Research Scientist,Python
1880,Sales Executive,Lead Generation
1880,Sales Executive,Negotiation
1880,Sales Executive,Excel
1880,Sales Executive,Salesforce
1881,Laboratory Technician,Excel
1881,Laboratory Technician,Quality Control
1881,Laboratory Technician,Data Entry
1881,Laboratory Technician,Sample Preparation
1882,Sales Executive,Salesforce
1882,Sales Executive,Communication
1882,Sales Executive,CRM Software
1883,Laboratory Technician,Quality Control
1883,Laboratory Technician,Lab Safety
1885,Research Scientist,Statistics
1885,Research Scientist,Machine Learning
1885,Research Scientist,Lab Equipment
1886,Manufacturing Director,ERP
1886,Manufacturing Director,Budgeting
1886,Manufacturing Director,Lean Six Sigma
1888,Manufacturing Director,Operations Management
1888,Manufacturing Director,Supply Chain
1890,Human Resources,HRIS
1890,Human Resources,Employee Relations
1890,Human Resources,Workday
1892,Manager,Budgeting
1892,Manager,Strategic Planning
1892,Manager,Leadership
1893,Research Scientist,Lab Equipment
1893,Research Scientist,Machine Learning
1893,Research Scientist,Python
1893,Research Scientist,R
1898,Sales Executive,Lead Generation
1898,Sales Executive,Communication
1898,Sales Executive,Salesforce
1900,Manager,Strategic Planning
1900,Manager,Leadership
1900,Manager,Project Management
1903,Healthcare Representative,Communication
1903,Healthcare Representative,Customer Service
1905,Research Scientist,R
1905,Research Scientist,Lab Equipment
1905,Research Scientist,Data Analysis
1905,Research Scientist,Machine Learning
1905,Research Scientist,Statistics
1907,Laboratory Technician,Lab Safety
1907,Laboratory Technician,Sample Preparation
1908,Sales Executive,Lead Generation
1908,Sales Executive,Communication
1908,Sales Executive,CRM Software
1908,Sales Executive,Negotiation
1909,Sales Executive,Lead Generation
1909,Sales Executive,Communication
1909,Sales Executive,CRM Software
1911,Research Director,Data Analysis
1911,Research Director,Python
1911,Research Director,R&D Strategy
1912,Sales Executive,Excel
1912,Sales Executive,Lead Generation
1912,Sales Executive,Communication
1915,Sales Executive,Negotiation
1915,Sales Executive,Excel
1915,Sales Executive,Salesforce
1915,Sales Executive,Communication
1916,Laboratory Technician,Data Entry
1916,Laboratory Technician,Lab Safety
1916,Laboratory Technician,Excel
1918,Laboratory Technician,Quality Control
1918,Laboratory Technician,Excel
1922,Healthcare Representative,Customer Service
1922,Healthcare Representative,Communication
1924,Sales Executive,Communication
1924,Sales Executive,Salesforce
1924,Sales Executive,Excel
1924,Sales Executive,CRM Software
1927,Sales Executive,Communication
1927,Sales Executive,CRM Software
1927,Sales Executive,Lead Generation
1927,Sales Executive,Negotiation
1928,Sales Representative,Customer Service
1928,Sales Representative,CRM
1928,Sales Representative,Communication
1929,Sales Executive,CRM Software
1929,Sales Executive,Communication
1929,Sales Executive,Negotiation
1929,Sales Executive,Excel
1931,Research Scientist,Data Analysis
1931,Research Scientist,Statistics
1931,Research Scientist,R
1931,Research Scientist,Lab Equipment
1932,Research Scientist,R
1932,Research Scientist,Statistics
1932,Research Scientist,Data Analysis
1932,Research Scientist,Lab Equipment
1933,Sales Executive,CRM Software
1933,Sales Executive,Salesforce
1933,Sales Executive,Excel
1933,Sales Executive,Lead Generation
1934,Research Scientist,Machine Learning
1934,Research Scientist,Data Analysis
1934,Research Scientist,Statistics
1935,Sales Executive,Salesforce
1935,Sales Executive,Negotiation
1935,Sales Executive,Communication
1935,Sales Executive,CRM Software
1936,Manufacturing Director,Supply Chain
1936,Manufacturing Director,Operations Management
1936,Manufacturing Director,Budgeting
1937,Research Scientist,Statistics
1937,Research Scientist,Lab Equipment
1937,Research Scientist,Python
1938,Manager,Strategic Planning
1938,Manager,Project Management
1938,Manager,Leadership
1939,Research Scientist,Lab Equipment
1939,Research Scientist,Python
1939,Research Scientist,Statistics
1939,Research Scientist,Data Analysis
1940,Research Scientist,R
1940,Research Scientist,Python
1940,Research Scientist,Lab Equipment
1940,Research Scientist,Statistics
1940,Research Scientist,Machine Learning
1941,Research Director,R&D Strategy
1941,Research Director,Leadership
1941,Research Director,Python
1943,Sales Executive,Excel
1943,Sales Executive,Salesforce
1943,Sales Executive,Negotiation
1943,Sales Executive,Communication
1944,Human Resources,Payroll
1944,Human Resources,Recruiting
1944,Human Resources,Employee Relations
1945,Sales Executive,CRM Software
1945,Sales Executive,Lead Generation
1945,Sales Executive,Salesforce
1947,Research Scientist,Machine Learning
1947,Research Scientist,Statistics
1947,Research Scientist,Lab Equipment
1947,Research Scientist,Data Analysis
1948,Research Scientist,Python
1948,Research Scientist,Lab Equipment
1948,Research Scientist,R
1948,Research Scientist,Statistics
1949,Laboratory Technician,Data Entry
1949,Laboratory Technician,Quality Control
1950,Sales Executive,CRM Software
1950,Sales Executive,Communication
1950,Sales Executive,Excel
1950,Sales Executive,Negotiation
1951,Sales Executive,Communication
1951,Sales Executive,Negotiation
1951,Sales Executive,CRM Software
1952,Laboratory Technician,Sample Preparation
1952,Laboratory Technician,Excel
1952,Laboratory Technician,Quality Control
1954,Healthcare Representative,Patient Care
1954,Healthcare Representative,EMR Software
1954,Healthcare Representative,Customer Service
1954,Healthcare Representative,Communication
1955,Healthcare Representative,Medical Records
1955,Healthcare Representative,Communication
1955,Healthcare Representative,Customer Service
1956,Research Scientist,Machine Learning
1956,Research Scientist,Lab Equipment
1956,Research Scientist,Statistics
1956,Research Scientist,R
1960,Laboratory Technician,Data Entry
1960,Laboratory Technician,Lab Safety
1961,Sales Representative,CRM
1961,Sales Representative,Customer Service
1961,Sales Representative,Cold Calling
1961,Sales Representative,Salesforce
1962,Sales Executive,CRM Software
1962,Sales Executive,Excel
1962,Sales Executive,Salesforce
1962,Sales Executive,Lead Generation
1965,Sales Executive,Excel
1965,Sales Executive,Lead Generation
1965,Sales Executive,Communication
1966,Manufacturing Director,Operations Management
1966,Manufacturing Director,Lean Six Sigma
1966,Manufacturing Director,ERP
1966,Manufacturing Director,Supply Chain
1967,Sales Executive,Excel
1967,Sales Executive,CRM Software
1967,Sales Executive,Lead Generation
1968,Sales Executive,Salesforce
1968,Sales Executive,Excel
1968,Sales Executive,Negotiation
1969,Research Scientist,Lab Equipment
1969,Research Scientist,R
1969,Research Scientist,Python
1970,Healthcare Representative,Medical Records
1970,Healthcare Representative,Patient Care
1971,Healthcare Representative,Customer Service
1971,Healthcare Representative,Medical Records
1972,Human Resources,HRIS
1972,Human Resources,Payroll
1972,Human Resources,Workday
1973,Manager,Budgeting
1973,Manager,Project Management
1973,Manager,Leadership
1974,Laboratory Technician,Sample Preparation
1974,Laboratory Technician,Lab Safety
1974,Laboratory Technician,Excel
1975,Sales Executive,Excel
1975,Sales Executive,Lead Generation
1975,Sales Executive,Salesforce
1976,Research Scientist,Statistics
1976,Research Scientist,Data Analysis
1976,Research Scientist,R
1976,Research Scientist,Machine Learning
1979,Research Director,Data Analysis
1979,Research Director,Leadership
1980,Manufacturing Director,Lean Six Sigma
1980,Manufacturing Director,ERP
1981,Healthcare Representative,EMR Software
1981,Healthcare Representative,Customer Service
1981,Healthcare Representative,Communication
1982,Laboratory Technician,Quality Control
1982,Laboratory Technician,Lab Safety
1982,Laboratory Technician,Excel
1985,Laboratory Technician,Data Entry
1985,Laboratory Technician,Excel
1985,Laboratory Technician,Sample Preparation
1985,Laboratory Technician,Quality Control
1986,Sales Executive,CRM Software
1986,Sales Executive,Negotiation
1986,Sales Executive,Salesforce
1986,Sales Executive,Lead Generation
1987,Human Resources,HRIS
1987,Human Resources,Payroll
1987,Human Resources,Employee Relations
1987,Human Resources,Recruiting
1989,Laboratory Technician,Sample Preparation
1989,Laboratory Technician,Excel
1989,Laboratory Technician,Lab Safety
1989,Laboratory Technician,Data Entry
1992,Laboratory Technician,Excel
1992,Laboratory Technician,Data Entry
1992,Laboratory Technician,Quality Control
1993,Healthcare Representative,EMR Software
1993,Healthcare Representative,Medical Records
1993,Healthcare Representative,Communication
1994,Laboratory Technician,Quality Control
1994,Laboratory Technician,Sample Preparation
1995,Sales Executive,Salesforce
1995,Sales Executive,Lead Generation
1995,Sales Executive,Communication
1996,Sales Representative,Customer Service
1996,Sales Representative,Communication
1996,Sales Representative,Salesforce
1996,Sales Representative,CRM
1997,Manufacturing Director,Supply Chain
1997,Manufacturing Director,Budgeting
1997,Manufacturing Director,ERP
1997,Manufacturing Director,Lean Six Sigma
1998,Research Scientist,Python
1998,Research Scientist,R
1998,Research Scientist,Machine Learning
1998,Research Scientist,Lab Equipment
1999,Research Scientist,Statistics
1999,Research Scientist,R
1999,Research Scientist,Lab Equipment
1999,Research Scientist,Python
2000,Research Director,Data Analysis
2000,Research Director,Grant Writing
2003,Laboratory Technician,Data Entry
2003,Laboratory Technician,Quality Control
2003,Laboratory Technician,Lab Safety
2003,Laboratory Technician,Sample Preparation
2007,Research Scientist,Statistics
2007,Research Scientist,Python
2007,Research Scientist,R
2008,Research Scientist,R
2008,Research Scientist,Machine Learning
2008,Research Scientist,Statistics
2008,Research Scientist,Lab Equipment
2009,Healthcare Representative,Medical Records
2009,Healthcare Representative,EMR Software
2010,Laboratory Technician,Excel
2010,Laboratory Technician,Sample Preparation
2012,Laboratory Technician,Sample Preparation
2012,Laboratory Technician,Quality Control
2012,Laboratory Technician,Lab Safety
2013,Sales Representative,Communication
2013,Sales Representative,CRM
2014,Research Scientist,Python
2014,Research Scientist,Statistics
2014,Research Scientist,Machine Learning
2015,Research Director,Leadership
2015,Research Director,R&D Strategy
2015,Research Director,Grant Writing
2015,Research Director,Python
2016,Sales Executive,Negotiation
2016,Sales Executive,CRM Software
2016,Sales Executive,Excel
2017,Research Director,Data Analysis
2017,Research Director,R&D Strategy
2017,Research Director,Leadership
2018,Sales Executive,Communication
2018,Sales Executive,Lead Generation
2018,Sales Executive,Excel
2019,Sales Representative,Cold Calling
2019,Sales Representative,Customer Service
2019,Sales Representative,Communication
2019,Sales Representative,Salesforce
2020,Research Scientist,Statistics
2020,Research Scientist,Lab Equipment
2020,Research Scientist,Data Analysis
2020,Research Scientist,Machine Learning
2021,Sales Representative,Customer Service
2021,Sales Representative,CRM
2022,Manager,Project Management
2022,Manager,Budgeting
2023,Sales Representative,Communication
2023,Sales Representative,Customer Service
2024,Sales Executive,Negotiation
2024,Sales Executive,CRM Software
2024,Sales Executive,Excel
2025,Manufacturing Director,Budgeting
2025,Manufacturing Director,Lean Six Sigma
2025,Manufacturing Director,ERP
2026,Healthcare Representative,Medical Records
2026,Healthcare Representative,Patient Care
2027,Research Scientist,Statistics
2027,Research Scientist,R
2027,Research Scientist,Python
2027,Research Scientist,Machine Learning
2031,Manager,Leadership
2031,Manager,Performance Management
2032,Laboratory Technician,Data Entry
2032,Laboratory Technician,Lab Safety
2032,Laboratory Technician,Quality Control
2034,Manufacturing Director,Lean Six Sigma
2034,Manufacturing Director,Supply Chain
2035,Sales Executive,Excel
2035,Sales Executive,Negotiation
2035,Sales Executive,Salesforce
2036,Sales Executive,Lead Generation
2036,Sales Executive,Excel
2036,Sales Executive,Negotiation
2037,Sales Executive,Salesforce
2037,Sales Executive,Communication
2037,Sales Executive,Lead Generation
2037,Sales Executive,Excel
2038,Research Scientist,Python
2038,Research Scientist,Data Analysis
2038,Research Scientist,Lab Equipment
2040,Human Resources,Payroll
2040,Human Resources,Recruiting
2040,Human Resources,HRIS
2041,Sales Executive,Communication
2041,Sales Executive,CRM Software
2041,Sales Executive,Salesforce
2044,Sales Executive,Lead Generation
2044,Sales Executive,Salesforce
2044,Sales Executive,Communication
2045,Sales Executive,Lead Generation
2045,Sales Executive,CRM Software
2045,Sales Executive,Negotiation
2046,Sales Executive,CRM Software
2046,Sales Executive,Communication
2046,Sales Executive,Salesforce
2046,Sales Executive,Lead Generation
2048,Research Scientist,Data Analysis
2048,Research Scientist,Statistics
2048,Research Scientist,Lab Equipment
2048,Research Scientist,Python
2049,Healthcare Representative,Customer Service
2049,Healthcare Representative,Patient Care
2049,Healthcare Representative,Medical Records
2051,Research Scientist,Python
2051,Research Scientist,Data Analysis
2051,Research Scientist,R
2052,Research Scientist,Python
2052,Research Scientist,Lab Equipment
2052,Research Scientist,Data Analysis
2053,Laboratory Technician,Sample Preparation
2053,Laboratory Technician,Lab Safety
2053,Laboratory Technician,Excel
2054,Research Scientist,R
2054,Research Scientist,Statistics
2054,Research Scientist,Python
2055,Sales Executive,Negotiation
2055,Sales Executive,Communication
2055,Sales Executive,Excel
2055,Sales Executive,Lead Generation
2056,Sales Executive,Communication
2056,Sales Executive,Excel
2056,Sales Executive,Salesforce
2057,Manufacturing Director,Supply Chain
2057,Manufacturing Director,ERP
2057,Manufacturing Director,Lean Six Sigma
2060,Sales Representative,Customer Service
2060,Sales Representative,Salesforce
2061,Laboratory Technician,Excel
2061,Laboratory Technician,Quality Control
2061,Laboratory Technician,Sample Preparation
2062,Healthcare Representative,Customer Service
2062,Healthcare Representative,Patient Care
2062,Healthcare Representative,EMR Software
2064,Manufacturing Director,Budgeting
2064,Manufacturing Director,Supply Chain
2064,Manufacturing Director,Operations Management
2064,Manufacturing Director,Lean Six Sigma
2065,Sales Executive,Excel
2065,Sales Executive,Lead Generation
2065,Sales Executive,CRM Software
2068,Laboratory Technician,Lab Safety
2068,Laboratory Technician,Excel
376063,Sales Executive,Salesforce
376063,Sales Executive,Communication
376063,Sales Executive,CRM Software
376063,Sales Executive,Excel
810690,Marketing Executive,SEO
810690,Marketing Executive,Social Media
810690,Marketing Executive,Google Analytics
520956,Accountant,Communication
520956,Accountant,Problem Solving
202996,Content Strategist,Excel
383410,Sales Executive,Excel
383410,Sales Executive,Negotiation
383410,Sales Executive,CRM Software
865548,Employee Relations,Excel
302189,Business Development,Problem Solving
302189,Business Development,Excel
907341,Cybersecurity Specialist,Linux
907341,Cybersecurity Specialist,Network Security
907341,Cybersecurity Specialist,Firewalls
275552,Account Manager,Problem Solving
275552,Account Manager,Excel
745670,HR Manager,Communication
745670,HR Manager,Problem Solving
374239,Business Development,Excel
903729,HR Manager,Communication
231366,HR Manager,Excel
888390,Business Development,Excel
888390,Business Development,Problem Solving
378452,Auditor,Communication
786662,Data Analyst,PowerBI
786662,Data Analyst,Statistics
786662,Data Analyst,Excel
786662,Data Analyst,Python
786662,Data Analyst,Tableau
453442,Recruitment Specialist,Communication
247543,Cybersecurity Specialist,Python
247543,Cybersecurity Specialist,Incident Response
247543,Cybersecurity Specialist,Linux
760752,Marketing Executive,SEO
760752,Marketing Executive,Social Media
760752,Marketing Executive,Google Analytics
861299,Recruitment Specialist,Problem Solving
276598,Cybersecurity Specialist,Linux
276598,Cybersecurity Specialist,Incident Response
897782,Auditor,Excel
514230,Account Manager,Problem Solving
514230,Account Manager,Communication
834049,Account Manager,Problem Solving
181362,Software Engineer,Java
181362,Software Engineer,Data Structures
181362,Software Engineer,REST API
181362,Software Engineer,Git
181362,Software Engineer,SQL
190571,Accountant,Excel
190571,Accountant,Communication
478699,SEO Specialist,Problem Solving
892101,Financial Analyst,Communication
892101,Financial Analyst,Problem Solving
268043,Financial Analyst,Problem Solving
108201,Sales Executive,Communication
108201,Sales Executive,Excel
108201,Sales Executive,Salesforce
108201,Sales Executive,Negotiation
431608,SEO Specialist,Problem Solving
302120,Cybersecurity Specialist,Network Security
302120,Cybersecurity Specialist,Python
949655,Recruitment Specialist,Excel
999957,Financial Analyst,Communication
999957,Financial Analyst,Excel
853352,HR Manager,Problem Solving
853352,HR Manager,Excel
972885,Marketing Executive,Content Strategy
972885,Marketing Executive,Copywriting
692055,Recruitment Specialist,Excel
691847,Marketing Executive,Content Strategy
691847,Marketing Executive,SEO
691847,Marketing Executive,Google Analytics
325523,Software Engineer,Java
325523,Software Engineer,Git
325523,Software Engineer,SQL
325523,Software Engineer,Docker
325523,Software Engineer,REST API
529211,Cybersecurity Specialist,Incident Response
529211,Cybersecurity Specialist,Linux
748631,HR Manager,Excel
748631,HR Manager,Communication
352450,Cybersecurity Specialist,Incident Response
352450,Cybersecurity Specialist,Python
352450,Cybersecurity Specialist,Network Security
597949,HR Manager,Problem Solving
597949,HR Manager,Communication
538851,Business Development,Excel
538851,Business Development,Communication
982166,Accountant,Communication
891328,Data Analyst,Statistics
891328,Data Analyst,PowerBI
891328,Data Analyst,SQL
976367,Financial Analyst,Communication
976367,Financial Analyst,Problem Solving
968990,Employee Relations,Communication
968990,Employee Relations,Excel
675019,Auditor,Problem Solving
326885,Cybersecurity Specialist,Firewalls
326885,Cybersecurity Specialist,Python
326885,Cybersecurity Specialist,Incident Response
803681,Account Manager,Problem Solving
525050,Marketing Executive,Copywriting
525050,Marketing Executive,Google Analytics
525050,Marketing Executive,Social Media
525050,Marketing Executive,Content Strategy
603407,Employee Relations,Communication
603407,Employee Relations,Problem Solving
211921,Employee Relations,Problem Solving
211921,Employee Relations,Communication
582539,HR Manager,Communication
713340,Financial Analyst,Excel
713340,Financial Analyst,Communication
162959,Account Manager,Communication
692057,Content Strategist,Problem Solving
692057,Content Strategist,Communication
886392,Accountant,Problem Solving
886392,Accountant,Communication
311713,Financial Analyst,Excel
311713,Financial Analyst,Problem Solving
420151,Auditor,Communication
690698,Marketing Executive,Content Strategy
690698,Marketing Executive,Copywriting
690698,Marketing Executive,Social Media
690698,Marketing Executive,Google Analytics
978856,Account Manager,Excel
978856,Account Manager,Communication
171922,SEO Specialist,Problem Solving
978968,Content Strategist,Communication
560366,Recruitment Specialist,Communication
560366,Recruitment Specialist,Excel
168956,Accountant,Problem Solving
168956,Accountant,Communication
654455,Software Engineer,REST API
654455,Software Engineer,Java
654455,Software Engineer,SQL
654455,Software Engineer,Data Structures
654455,Software Engineer,Python
727177,Auditor,Excel
727177,Auditor,Problem Solving
553994,Account Manager,Problem Solving
474749,Data Analyst,Python
474749,Data Analyst,Excel
474749,Data Analyst,PowerBI
474749,Data Analyst,SQL
404381,Content Strategist,Problem Solving
404381,Content Strategist,Excel
149475,Financial Analyst,Problem Solving
165487,Recruitment Specialist,Problem Solving
165487,Recruitment Specialist,Excel
618249,SEO Specialist,Excel
618249,SEO Specialist,Communication
132554,Accountant,Communication
995697,Business Development,Excel
709737,Business Development,Problem Solving
709737,Business Development,Communication
292420,Content Strategist,Communication
549479,Employee Relations,Communication
549479,Employee Relations,Excel
925538,Accountant,Excel
925538,Accountant,Communication
948763,HR Manager,Excel
948763,HR Manager,Communication
314725,Software Engineer,REST API
314725,Software Engineer,SQL
314725,Software Engineer,Python
314725,Software Engineer,Data Structures
314725,Software Engineer,Git
429616,Marketing Executive,Google Analytics
429616,Marketing Executive,Copywriting
774009,Accountant,Problem Solving
317578,Recruitment Specialist,Problem Solving
306725,Account Manager,Problem Solving
306725,Account Manager,Excel
485549,Recruitment Specialist,Problem Solving
331817,Business Development,Problem Solving
331817,Business Development,Excel
114099,Marketing Executive,Copywriting
114099,Marketing Executive,Social Media
114099,Marketing Executive,Content Strategy
139080,Employee Relations,Problem Solving
305887,Accountant,Communication
639096,Account Manager,Excel
639096,Account Manager,Communication
262442,Recruitment Specialist,Communication
262442,Recruitment Specialist,Problem Solving
710432,Employee Relations,Communication
438030,Accountant,Communication
438030,Accountant,Problem Solving
967292,Content Strategist,Problem Solving
967292,Content Strategist,Communication
840198,Cybersecurity Specialist,Python
840198,Cybersecurity Specialist,Firewalls
158146,Software Engineer,Java
158146,Software Engineer,Data Structures
158146,Software Engineer,Python
158146,Software Engineer,SQL
741554,Content Strategist,Problem Solving
594881,Software Engineer,REST API
594881,Software Engineer,Python
594881,Software Engineer,Data Structures
594881,Software Engineer,SQL
794196,Recruitment Specialist,Problem Solving
731647,Auditor,Communication
818673,SEO Specialist,Excel
818673,SEO Specialist,Communication
336865,Account Manager,Excel
336865,Account Manager,Communication
129211,Accountant,Problem Solving
395943,SEO Specialist,Communication
675021,Marketing Executive,Content Strategy
675021,Marketing Executive,Social Media
675021,Marketing Executive,Copywriting
887129,Software Engineer,Data Structures
887129,Software Engineer,REST API
887129,Software Engineer,Python
887129,Software Engineer,Docker
830319,Marketing Executive,Social Media
830319,Marketing Executive,Google Analytics
830319,Marketing Executive,Copywriting
918541,Accountant,Problem Solving
918541,Accountant,Excel
337244,Sales Executive,Negotiation
337244,Sales Executive,Communication
337244,Sales Executive,Lead Generation
337244,Sales Executive,Excel
346485,Data Analyst,Tableau
346485,Data Analyst,PowerBI
346485,Data Analyst,SQL
346485,Data Analyst,Excel
568048,Employee Relations,Communication
689881,Business Development,Communication
689881,Business Development,Excel
920549,Marketing Executive,SEO
920549,Marketing Executive,Content Strategy
684377,Employee Relations,Excel
684377,Employee Relations,Communication
809194,Financial Analyst,Excel
373287,Accountant,Communication
348494,Content Strategist,Excel
991106,Employee Relations,Problem Solving
434736,SEO Specialist,Communication
300291,Auditor,Excel
300291,Auditor,Problem Solving
930682,Business Development,Excel
872547,Financial Analyst,Excel
137227,Sales Executive,Excel
137227,Sales Executive,Negotiation
137227,Sales Executive,CRM Software
137227,Sales Executive,Salesforce
492346,Recruitment Specialist,Problem Solving
492346,Recruitment Specialist,Excel
104894,Marketing Executive,Google Analytics
104894,Marketing Executive,Copywriting
104894,Marketing Executive,Content Strategy
574980,Data Analyst,PowerBI
574980,Data Analyst,Tableau
574980,Data Analyst,Excel
938510,HR Manager,Excel
914691,Business Development,Excel
914691,Business Development,Problem Solving
959287,Employee Relations,Problem Solving
959287,Employee Relations,Excel
657468,Employee Relations,Communication
657468,Employee Relations,Problem Solving
251209,Financial Analyst,Excel
251209,Financial Analyst,Communication
627672,Accountant,Problem Solving
627672,Accountant,Communication
283291,Data Analyst,SQL
283291,Data Analyst,Tableau
283291,Data Analyst,PowerBI
366737,Content Strategist,Problem Solving
722297,Account Manager,Communication
722297,Account Manager,Problem Solving
814101,SEO Specialist,Communication
814101,SEO Specialist,Excel
381345,Accountant,Excel
295113,Content Strategist,Excel
414900,Recruitment Specialist,Communication
933548,Marketing Executive,SEO
933548,Marketing Executive,Social Media
933548,Marketing Executive,Content Strategy
218595,Marketing Executive,SEO
218595,Marketing Executive,Social Media
218595,Marketing Executive,Google Analytics
384248,Software Engineer,Git
384248,Software Engineer,REST API
384248,Software Engineer,Java
384248,Software Engineer,Docker
384248,Software Engineer,SQL
501422,Auditor,Excel
403338,Account Manager,Communication
850100,Accountant,Communication
850100,Accountant,Excel
522109,Business Development,Communication
522109,Business Development,Problem Solving
709198,Accountant,Problem Solving
829551,Sales Executive,CRM Software
829551,Sales Executive,Salesforce
829551,Sales Executive,Lead Generation
480394,Employee Relations,Communication
941122,Financial Analyst,Communication
296812,Business Development,Problem Solving
296812,Business Development,Communication
706124,Accountant,Communication
706124,Accountant,Excel
297819,Accountant,Communication
165053,HR Manager,Problem Solving
165053,HR Manager,Communication
398012,Content Strategist,Communication
555457,Cybersecurity Specialist,Linux
555457,Cybersecurity Specialist,Firewalls
555457,Cybersecurity Specialist,Python
177315,HR Manager,Problem Solving
401685,Account Manager,Excel
401685,Account Manager,Problem Solving
363762,HR Manager,Problem Solving
488108,Employee Relations,Excel
399562,Sales Executive,CRM Software
399562,Sales Executive,Excel
399562,Sales Executive,Lead Generation
399562,Sales Executive,Negotiation
808996,Employee Relations,Communication
402302,SEO Specialist,Excel
402302,SEO Specialist,Problem Solving
879751,Business Development,Excel
879751,Business Development,Problem Solving
308048,Recruitment Specialist,Communication
308048,Recruitment Specialist,Problem Solving
786418,Cybersecurity Specialist,Firewalls
786418,Cybersecurity Specialist,Network Security
786418,Cybersecurity Specialist,Linux
786418,Cybersecurity Specialist,Python
882537,Financial Analyst,Communication
235703,Software Engineer,Data Structures
235703,Software Engineer,Git
235703,Software Engineer,REST API
235703,Software Engineer,Python
859541,Account Manager,Excel
859541,Account Manager,Problem Solving
197224,HR Manager,Problem Solving
197224,HR Manager,Excel
511364,Business Development,Problem Solving
511364,Business Development,Excel
118799,Accountant,Communication
118799,Accountant,Problem Solving
674778,Account Manager,Excel
418635,Software Engineer,Java
418635,Software Engineer,REST API
418635,Software Engineer,Python
418635,Software Engineer,Git
936670,Data Analyst,Tableau
936670,Data Analyst,SQL
936670,Data Analyst,Statistics
936670,Data Analyst,Python
936670,Data Analyst,Excel
726742,Software Engineer,Docker
726742,Software Engineer,Java
726742,Software Engineer,Python
726742,Software Engineer,Git
936736,Accountant,Problem Solving
936736,Accountant,Communication
581644,Sales Executive,CRM Software
581644,Sales Executive,Negotiation
581644,Sales Executive,Excel
510131,Marketing Executive,Social Media
510131,Marketing Executive,SEO
510131,Marketing Executive,Content Strategy
294626,Accountant,Communication
573387,Cybersecurity Specialist,Python
573387,Cybersecurity Specialist,Incident Response
784768,Marketing Executive,SEO
784768,Marketing Executive,Google Analytics
134108,Auditor,Excel
134108,Auditor,Problem Solving
174649,Sales Executive,Negotiation
174649,Sales Executive,Excel
174649,Sales Executive,Lead Generation
689338,Software Engineer,Python
689338,Software Engineer,REST API
689338,Software Engineer,SQL
689338,Software Engineer,Data Structures
523061,Sales Executive,Lead Generation
523061,Sales Executive,Communication
523061,Sales Executive,Negotiation
901936,Content Strategist,Excel
300537,Financial Analyst,Excel
300537,Financial Analyst,Problem Solving
569817,HR Manager,Problem Solving
569817,HR Manager,Excel
489553,Data Analyst,Statistics
489553,Data Analyst,Python
489553,Data Analyst,Excel
489553,Data Analyst,SQL
995986,Financial Analyst,Communication
370437,Recruitment Specialist,Communication
370437,Recruitment Specialist,Excel
641341,Employee Relations,Problem Solving
686344,Cybersecurity Specialist,Incident Response
686344,Cybersecurity Specialist,Firewalls
686344,Cybersecurity Specialist,Linux
476946,HR Manager,Problem Solving
476946,HR Manager,Excel
642417,Sales Executive,Excel
642417,Sales Executive,Negotiation
642417,Sales Executive,CRM Software
455338,Accountant,Problem Solving
492243,Sales Executive,Excel
492243,Sales Executive,Lead Generation
492243,Sales Executive,Communication
135842,Accountant,Problem Solving
356703,Software Engineer,Docker
356703,Software Engineer,Java
356703,Software Engineer,REST API
356703,Software Engineer,Git
118920,Recruitment Specialist,Excel
105561,Auditor,Problem Solving
425760,Recruitment Specialist,Excel
397069,Auditor,Problem Solving
150406,Account Manager,Problem Solving
774763,Sales Executive,Lead Generation
774763,Sales Executive,CRM Software
774763,Sales Executive,Communication
714313,Accountant,Problem Solving
991564,Auditor,Communication
991564,Auditor,Problem Solving
274295,Cybersecurity Specialist,Linux
274295,Cybersecurity Specialist,Firewalls
439231,Employee Relations,Communication
869777,Cybersecurity Specialist,Incident Response
869777,Cybersecurity Specialist,Firewalls
869777,Cybersecurity Specialist,Python
869777,Cybersecurity Specialist,Linux
645354,Marketing Executive,SEO
645354,Marketing Executive,Social Media
441767,HR Manager,Excel
139995,Data Analyst,Excel
139995,Data Analyst,Statistics
139995,Data Analyst,Tableau
139995,Data Analyst,Python
139995,Data Analyst,PowerBI
154629,Business Development,Excel
518607,Employee Relations,Excel
228875,Sales Executive,CRM Software
228875,Sales Executive,Lead Generation
228875,Sales Executive,Negotiation
228875,Sales Executive,Excel
440728,Accountant,Communication
814503,Content Strategist,Problem Solving
814503,Content Strategist,Communication
207810,Content Strategist,Problem Solving
671113,Data Analyst,SQL
671113,Data Analyst,PowerBI
671113,Data Analyst,Statistics
671113,Data Analyst,Python
322000,Business Development,Communication
322000,Business Development,Problem Solving
939507,Cybersecurity Specialist,Network Security
939507,Cybersecurity Specialist,Firewalls
939507,Cybersecurity Specialist,Linux
851852,Recruitment Specialist,Excel
851852,Recruitment Specialist,Problem Solving
708380,HR Manager,Excel
911947,Accountant,Problem Solving
706670,Account Manager,Problem Solving
706670,Account Manager,Communication
902256,Software Engineer,Data Structures
902256,Software Engineer,SQL
902256,Software Engineer,REST API
794499,Financial Analyst,Excel
106054,Business Development,Communication
451785,Auditor,Excel
266584,Employee Relations,Excel
625909,Financial Analyst,Communication
625909,Financial Analyst,Problem Solving
257068,Content Strategist,Problem Solving
257068,Content Strategist,Excel
614013,Accountant,Excel
961711,Business Development,Communication
149976,SEO Specialist,Problem Solving
149976,SEO Specialist,Communication
793928,Marketing Executive,Copywriting
793928,Marketing Executive,SEO
149508,SEO Specialist,Problem Solving
228972,Account Manager,Communication
228972,Account Manager,Problem Solving
363615,Auditor,Communication
363615,Auditor,Excel
950003,Employee Relations,Problem Solving
308395,Recruitment Specialist,Excel
308395,Recruitment Specialist,Problem Solving
538353,Software Engineer,Python
538353,Software Engineer,Data Structures
538353,Software Engineer,REST API
106528,Cybersecurity Specialist,Network Security
106528,Cybersecurity Specialist,Linux
642778,Software Engineer,Data Structures
642778,Software Engineer,REST API
642778,Software Engineer,SQL
642778,Software Engineer,Python
794296,Financial Analyst,Problem Solving
794296,Financial Analyst,Excel
158214,Marketing Executive,Content Strategy
158214,Marketing Executive,Copywriting
945273,Sales Executive,Lead Generation
945273,Sales Executive,CRM Software
945273,Sales Executive,Salesforce
216921,Employee Relations,Communication
812942,Accountant,Excel
383779,Financial Analyst,Excel
383779,Financial Analyst,Problem Solving
947172,Software Engineer,Python
947172,Software Engineer,Docker
947172,Software Engineer,SQL
947172,Software Engineer,Git
360465,Recruitment Specialist,Excel
982370,Software Engineer,Python
982370,Software Engineer,Git
982370,Software Engineer,SQL
982370,Software Engineer,Data Structures
982370,Software Engineer,Java
958725,Accountant,Communication
958725,Accountant,Excel
288553,Accountant,Problem Solving
955218,Employee Relations,Communication
542988,Account Manager,Excel
542988,Account Manager,Communication
276037,Cybersecurity Specialist,Incident Response
276037,Cybersecurity Specialist,Network Security
276037,Cybersecurity Specialist,Firewalls
451093,Financial Analyst,Excel
994891,Sales Executive,Excel
994891,Sales Executive,Lead Generation
994891,Sales Executive,Salesforce
994891,Sales Executive,Communication
761004,Content Strategist,Excel
761004,Content Strategist,Communication
267354,Content Strategist,Communication
267354,Content Strategist,Excel
214673,SEO Specialist,Communication
214673,SEO Specialist,Problem Solving
803478,SEO Specialist,Excel
103367,SEO Specialist,Excel
964426,Sales Executive,Excel
964426,Sales Executive,Communication
964426,Sales Executive,Negotiation
487792,Marketing Executive,Copywriting
487792,Marketing Executive,Google Analytics
535918,Accountant,Excel
524534,Software Engineer,Docker
524534,Software Engineer,REST API
524534,Software Engineer,Java
524534,Software Engineer,Data Structures
355764,Data Analyst,Tableau
355764,Data Analyst,Excel
355764,Data Analyst,PowerBI
829980,Cybersecurity Specialist,Linux
829980,Cybersecurity Specialist,Network Security
966986,Marketing Executive,Copywriting
966986,Marketing Executive,Content Strategy
966986,Marketing Executive,SEO
988349,Sales Executive,Negotiation
988349,Sales Executive,CRM Software
988349,Sales Executive,Communication
834139,SEO Specialist,Excel
834139,SEO Specialist,Communication
696050,HR Manager,Communication
696050,HR Manager,Problem Solving
166038,Content Strategist,Excel
166038,Content Strategist,Problem Solving
215684,Business Development,Communication
385606,HR Manager,Excel
385606,HR Manager,Communication
172962,Content Strategist,Communication
172962,Content Strategist,Problem Solving
394198,Accountant,Excel
394198,Accountant,Problem Solving
582316,Business Development,Excel
911708,SEO Specialist,Problem Solving
911708,SEO Specialist,Communication
152176,Financial Analyst,Communication
374439,Recruitment Specialist,Excel
374439,Recruitment Specialist,Problem Solving
694891,Account Manager,Communication
406625,Recruitment Specialist,Excel
742879,Employee Relations,Communication
728778,Financial Analyst,Excel
728778,Financial Analyst,Problem Solving
950868,Financial Analyst,Communication
950868,Financial Analyst,Problem Solving
254544,Account Manager,Problem Solving
318850,Software Engineer,Docker
318850,Software Engineer,SQL
318850,Software Engineer,Java
573370,Account Manager,Problem Solving
940884,Cybersecurity Specialist,Network Security
940884,Cybersecurity Specialist,Firewalls
940884,Cybersecurity Specialist,Linux
203931,Data Analyst,Excel
203931,Data Analyst,PowerBI
203931,Data Analyst,Tableau
642094,Content Strategist,Excel
642094,Content Strategist,Communication
658286,Cybersecurity Specialist,Incident Response
658286,Cybersecurity Specialist,Python
658286,Cybersecurity Specialist,Network Security
705020,Software Engineer,SQL
705020,Software Engineer,Java
705020,Software Engineer,Data Structures
705020,Software Engineer,REST API
705020,Software Engineer,Python
582295,Recruitment Specialist,Problem Solving
776797,Sales Executive,Lead Generation
776797,Sales Executive,Excel
776797,Sales Executive,Salesforce
776797,Sales Executive,Communication
829898,Business Development,Communication
829898,Business Development,Excel
779862,Auditor,Problem Solving
779862,Auditor,Communication
251680,Business Development,Excel
251680,Business Development,Communication
521943,Content Strategist,Problem Solving
521943,Content Strategist,Excel
288123,Accountant,Problem Solving
902743,Software Engineer,Java
902743,Software Engineer,REST API
902743,Software Engineer,Git
242992,Cybersecurity Specialist,Linux
242992,Cybersecurity Specialist,Incident Response
242992,Cybersecurity Specialist,Network Security
818722,Financial Analyst,Communication
984783,Data Analyst,Excel
984783,Data Analyst,Python
984783,Data Analyst,Statistics
189952,Recruitment Specialist,Communication
645549,Business Development,Communication
645549,Business Development,Excel
774078,Software Engineer,REST API
774078,Software Engineer,Git
774078,Software Engineer,Data Structures
774078,Software Engineer,Java
774078,Software Engineer,Docker
529471,Business Development,Communication
529471,Business Development,Problem Solving
459232,Marketing Executive,Content Strategy
459232,Marketing Executive,Copywriting
459232,Marketing Executive,Google Analytics
292515,Sales Executive,Salesforce
292515,Sales Executive,Excel
292515,Sales Executive,Lead Generation
201265,Content Strategist,Excel
845074,Data Analyst,SQL
845074,Data Analyst,Excel
845074,Data Analyst,Tableau
845074,Data Analyst,PowerBI
834424,SEO Specialist,Communication
749957,Account Manager,Problem Solving
328589,SEO Specialist,Problem Solving
328589,SEO Specialist,Excel
281726,Financial Analyst,Problem Solving
281726,Financial Analyst,Communication
304341,Account Manager,Problem Solving
304341,Account Manager,Excel
873474,SEO Specialist,Problem Solving
888575,HR Manager,Excel
888575,HR Manager,Communication
261476,SEO Specialist,Problem Solving
261476,SEO Specialist,Excel
663202,Recruitment Specialist,Communication
663202,Recruitment Specialist,Problem Solving
277155,Data Analyst,Statistics
277155,Data Analyst,SQL
277155,Data Analyst,Excel
207126,Accountant,Communication
207126,Accountant,Excel
210335,HR Manager,Excel
210335,HR Manager,Communication
480908,SEO Specialist,Communication
480908,SEO Specialist,Problem Solving
851215,Marketing Executive,Content Strategy
851215,Marketing Executive,Copywriting
851215,Marketing Executive,Social Media
851215,Marketing Executive,Google Analytics
941004,Financial Analyst,Communication
941004,Financial Analyst,Excel
161314,Content Strategist,Excel
161314,Content Strategist,Communication
933801,Account Manager,Problem Solving
668669,Data Analyst,Statistics
668669,Data Analyst,Excel
668669,Data Analyst,Python
803262,Data Analyst,Statistics
803262,Data Analyst,SQL
803262,Data Analyst,Tableau
803262,Data Analyst,PowerBI
263373,Software Engineer,Data Structures
263373,Software Engineer,REST API
263373,Software Engineer,Docker
263373,Software Engineer,SQL
815582,Accountant,Problem Solving
815582,Accountant,Communication
515014,Marketing Executive,Social Media
515014,Marketing Executive,Content Strategy
515014,Marketing Executive,Google Analytics
515014,Marketing Executive,SEO
450579,Software Engineer,Git
450579,Software Engineer,Docker
450579,Software Engineer,REST API
357862,Cybersecurity Specialist,Incident Response
357862,Cybersecurity Specialist,Network Security
729128,Account Manager,Problem Solving
774019,Sales Executive,Salesforce
774019,Sales Executive,Negotiation
774019,Sales Executive,Communication
648788,Cybersecurity Specialist,Incident Response
648788,Cybersecurity Specialist,Firewalls
648788,Cybersecurity Specialist,Linux
648788,Cybersecurity Specialist,Python
509441,Business Development,Problem Solving
509441,Business Development,Communication
487626,SEO Specialist,Communication
796440,Accountant,Excel
378122,SEO Specialist,Excel
391797,Auditor,Problem Solving
391797,Auditor,Communication
910219,Accountant,Problem Solving
975730,Auditor,Excel
745704,Employee Relations,Problem Solving
745704,Employee Relations,Communication
998605,Cybersecurity Specialist,Linux
998605,Cybersecurity Specialist,Incident Response
998605,Cybersecurity Specialist,Firewalls
454551,Business Development,Problem Solving
454551,Business Development,Excel
248037,Cybersecurity Specialist,Firewalls
248037,Cybersecurity Specialist,Python
248037,Cybersecurity Specialist,Linux
248037,Cybersecurity Specialist,Network Security
826954,Content Strategist,Excel
819942,Business Development,Excel
494125,SEO Specialist,Problem Solving
494125,SEO Specialist,Communication
974487,Data Analyst,Statistics
974487,Data Analyst,PowerBI
974487,Data Analyst,SQL
974487,Data Analyst,Tableau
141601,Financial Analyst,Excel
141601,Financial Analyst,Communication
402021,Recruitment Specialist,Problem Solving
895201,Marketing Executive,Google Analytics
895201,Marketing Executive,Content Strategy
895201,Marketing Executive,Social Media
799217,Financial Analyst,Excel
355668,Financial Analyst,Excel
736430,Business Development,Communication
736430,Business Development,Problem Solving
917326,Data Analyst,Tableau
917326,Data Analyst,Python
917326,Data Analyst,PowerBI
384302,Marketing Executive,Copywriting
384302,Marketing Executive,Social Media
384302,Marketing Executive,SEO
733720,Business Development,Excel
200768,Marketing Executive,Content Strategy
200768,Marketing Executive,Copywriting
621993,Cybersecurity Specialist,Python
621993,Cybersecurity Specialist,Linux
621993,Cybersecurity Specialist,Firewalls
755521,Employee Relations,Communication
755521,Employee Relations,Problem Solving
745851,Software Engineer,Git
745851,Software Engineer,Data Structures
745851,Software Engineer,SQL
937038,Business Development,Communication
588709,Sales Executive,Salesforce
588709,Sales Executive,Excel
588709,Sales Executive,Negotiation
588709,Sales Executive,CRM Software
942288,Business Development,Problem Solving
942288,Business Development,Communication
965059,Recruitment Specialist,Communication
965059,Recruitment Specialist,Problem Solving
544630,Data Analyst,Python
544630,Data Analyst,Excel
544630,Data Analyst,PowerBI
277711,Accountant,Excel
288469,Data Analyst,PowerBI
288469,Data Analyst,Python
288469,Data Analyst,SQL
162230,Business Development,Communication
119844,Auditor,Excel
168043,Cybersecurity Specialist,Firewalls
168043,Cybersecurity Specialist,Python
168043,Cybersecurity Specialist,Linux
381819,Sales Executive,Communication
381819,Sales Executive,Excel
381819,Sales Executive,Salesforce
832827,Accountant,Communication
641315,Marketing Executive,Google Analytics
641315,Marketing Executive,SEO
641315,Marketing Executive,Social Media
641315,Marketing Executive,Copywriting
221239,Account Manager,Excel
221239,Account Manager,Problem Solving
402377,Business Development,Communication
799916,Employee Relations,Excel
799916,Employee Relations,Problem Solving
809020,Sales Executive,Excel
809020,Sales Executive,CRM Software
809020,Sales Executive,Communication
997808,Content Strategist,Communication
997808,Content Strategist,Problem Solving
366596,Financial Analyst,Problem Solving
281969,Software Engineer,Data Structures
281969,Software Engineer,Python
281969,Software Engineer,REST API
281969,Software Engineer,Docker
197024,Recruitment Specialist,Problem Solving
197024,Recruitment Specialist,Excel
285447,Account Manager,Problem Solving
398601,Auditor,Excel
398601,Auditor,Problem Solving
650966,Employee Relations,Communication
415568,Marketing Executive,Social Media
415568,Marketing Executive,SEO
193509,Content Strategist,Excel
289849,HR Manager,Communication
795903,Recruitment Specialist,Communication
795903,Recruitment Specialist,Problem Solving
406677,HR Manager,Communication
709372,Data Analyst,SQL
709372,Data Analyst,Excel
709372,Data Analyst,Tableau
257403,Recruitment Specialist,Communication
951348,Content Strategist,Problem Solving
951348,Content Strategist,Excel
557824,Accountant,Communication
283137,Business Development,Excel
541829,Content Strategist,Communication
338202,Recruitment Specialist,Problem Solving
338202,Recruitment Specialist,Communication
930806,Financial Analyst,Problem Solving
132187,Business Development,Excel
132187,Business Development,Problem Solving
227704,HR Manager,Excel
804659,HR Manager,Problem Solving
804659,HR Manager,Excel
274246,Recruitment Specialist,Communication
274246,Recruitment Specialist,Problem Solving
383483,Auditor,Excel
949218,Software Engineer,REST API
949218,Software Engineer,Java
949218,Software Engineer,Git
949218,Software Engineer,Python
949218,Software Engineer,Docker
862029,Employee Relations,Communication
291107,Cybersecurity Specialist,Incident Response
291107,Cybersecurity Specialist,Network Security
291107,Cybersecurity Specialist,Firewalls
543111,Software Engineer,SQL
543111,Software Engineer,Python
543111,Software Engineer,Docker
543111,Software Engineer,Data Structures
543111,Software Engineer,REST API
755709,Business Development,Problem Solving
663449,SEO Specialist,Problem Solving
290729,Content Strategist,Communication
961300,Business Development,Communication
232977,Sales Executive,Salesforce
232977,Sales Executive,Negotiation
232977,Sales Executive,Lead Generation
232977,Sales Executive,Communication
916530,Account Manager,Problem Solving
916530,Account Manager,Excel
260061,Sales Executive,Negotiation
260061,Sales Executive,CRM Software
260061,Sales Executive,Lead Generation
260061,Sales Executive,Communication
177090,Auditor,Problem Solving
622711,Data Analyst,Python
622711,Data Analyst,PowerBI
622711,Data Analyst,Statistics
622711,Data Analyst,Tableau
784817,Sales Executive,Communication
784817,Sales Executive,Negotiation
784817,Sales Executive,Salesforce
784817,Sales Executive,CRM Software
501214,Recruitment Specialist,Excel
426228,Auditor,Problem Solving
426228,Auditor,Communication
194039,HR Manager,Problem Solving
126871,Account Manager,Problem Solving
126871,Account Manager,Excel
505071,Recruitment Specialist,Problem Solving
505071,Recruitment Specialist,Excel
674045,Auditor,Communication
674045,Auditor,Problem Solving
918665,Business Development,Excel
393484,Software Engineer,SQL
393484,Software Engineer,Git
393484,Software Engineer,REST API
393484,Software Engineer,Data Structures
448359,Cybersecurity Specialist,Firewalls
448359,Cybersecurity Specialist,Incident Response
448359,Cybersecurity Specialist,Linux
897753,Software Engineer,REST API
897753,Software Engineer,Java
897753,Software Engineer,Docker
265525,Marketing Executive,Google Analytics
265525,Marketing Executive,Content Strategy
265525,Marketing Executive,Copywriting
568662,Business Development,Problem Solving
568662,Business Development,Communication
213349,Sales Executive,Excel
213349,Sales Executive,Negotiation
213349,Sales Executive,Communication
886394,Content Strategist,Communication
323829,SEO Specialist,Problem Solving
225689,Employee Relations,Communication
225689,Employee Relations,Problem Solving
483986,Auditor,Communication
186868,Marketing Executive,Content Strategy
186868,Marketing Executive,SEO
981385,Recruitment Specialist,Excel
772849,Marketing Executive,Content Strategy
772849,Marketing Executive,Google Analytics
772849,Marketing Executive,SEO
522029,Data Analyst,Statistics
522029,Data Analyst,Tableau
522029,Data Analyst,Excel
522029,Data Analyst,PowerBI
861582,Sales Executive,Communication
861582,Sales Executive,Negotiation
861582,Sales Executive,CRM Software
861582,Sales Executive,Excel
648545,Sales Executive,Excel
648545,Sales Executive,Salesforce
648545,Sales Executive,Lead Generation
116007,SEO Specialist,Excel
387250,Recruitment Specialist,Problem Solving
526973,Cybersecurity Specialist,Linux
526973,Cybersecurity Specialist,Firewalls
526973,Cybersecurity Specialist,Incident Response
281482,Recruitment Specialist,Excel
281482,Recruitment Specialist,Communication
431983,SEO Specialist,Excel
674804,Accountant,Problem Solving
216033,Software Engineer,REST API
216033,Software Engineer,Java
216033,Software Engineer,Data Structures
421596,Cybersecurity Specialist,Network Security
421596,Cybersecurity Specialist,Python
514857,Employee Relations,Problem Solving
514857,Employee Relations,Excel
776178,Software Engineer,Python
776178,Software Engineer,Docker
776178,Software Engineer,Git
776178,Software Engineer,REST API
718595,HR Manager,Communication
502395,Employee Relations,Communication
678611,Data Analyst,Statistics
678611,Data Analyst,PowerBI
678611,Data Analyst,Tableau
678611,Data Analyst,SQL
835755,HR Manager,Communication
776133,SEO Specialist,Excel
440783,Sales Executive,Communication
440783,Sales Executive,Salesforce
440783,Sales Executive,CRM Software
963366,Data Analyst,Tableau
963366,Data Analyst,SQL
963366,Data Analyst,PowerBI
138715,Sales Executive,Negotiation
138715,Sales Executive,Excel
138715,Sales Executive,Lead Generation
754534,Software Engineer,Data Structures
754534,Software Engineer,Git
754534,Software Engineer,Docker
177440,Employee Relations,Excel
619070,Account Manager,Problem Solving
619070,Account Manager,Excel
764685,SEO Specialist,Communication
764685,SEO Specialist,Excel
276271,Accountant,Excel
799372,SEO Specialist,Problem Solving
799372,SEO Specialist,Communication
582436,Software Engineer,REST API
582436,Software Engineer,SQL
582436,Software Engineer,Git
869034,Accountant,Excel
243721,SEO Specialist,Excel
919860,Accountant,Communication
905961,Account Manager,Communication
452755,Business Development,Communication
894052,Account Manager,Excel
403969,HR Manager,Communication
567358,Business Development,Communication
567358,Business Development,Excel
816400,Auditor,Excel
969538,Software Engineer,Data Structures
969538,Software Engineer,Git
969538,Software Engineer,REST API
547443,Employee Relations,Communication
547443,Employee Relations,Excel
474974,Business Development,Problem Solving
474974,Business Development,Communication
922428,SEO Specialist,Communication
922428,SEO Specialist,Problem Solving
427532,SEO Specialist,Problem Solving
577953,Account Manager,Communication
155063,Auditor,Excel
468678,Software Engineer,SQL
468678,Software Engineer,Java
468678,Software Engineer,Docker
468678,Software Engineer,Git
497122,Marketing Executive,Content Strategy
497122,Marketing Executive,Google Analytics
497122,Marketing Executive,SEO
357902,Auditor,Excel
977477,Marketing Executive,SEO
977477,Marketing Executive,Google Analytics
977477,Marketing Executive,Copywriting
689546,Recruitment Specialist,Communication
689546,Recruitment Specialist,Excel
167558,Cybersecurity Specialist,Firewalls
167558,Cybersecurity Specialist,Linux
167558,Cybersecurity Specialist,Incident Response
167558,Cybersecurity Specialist,Network Security
117098,Financial Analyst,Excel
117098,Financial Analyst,Problem Solving
852250,Auditor,Communication
852250,Auditor,Problem Solving
821875,Recruitment Specialist,Communication
821875,Recruitment Specialist,Excel
609080,SEO Specialist,Excel
540899,Financial Analyst,Communication
818984,Financial Analyst,Communication
818984,Financial Analyst,Problem Solving
125355,Financial Analyst,Problem Solving
286027,Business Development,Problem Solving
286027,Business Development,Excel
165030,HR Manager,Excel
751118,Accountant,Problem Solving
751118,Accountant,Communication
273890,Financial Analyst,Communication
273890,Financial Analyst,Excel
600472,Software Engineer,Docker
600472,Software Engineer,Java
600472,Software Engineer,Data Structures
600472,Software Engineer,REST API
600472,Software Engineer,Git
153562,Employee Relations,Communication
153562,Employee Relations,Problem Solving
439150,Accountant,Excel
849801,Auditor,Excel
154750,HR Manager,Problem Solving
841302,HR Manager,Problem Solving
841302,HR Manager,Communication
647216,Auditor,Communication
944276,SEO Specialist,Problem Solving
944276,SEO Specialist,Excel
322502,Marketing Executive,SEO
322502,Marketing Executive,Content Strategy
322502,Marketing Executive,Copywriting
514165,Data Analyst,Python
514165,Data Analyst,Excel
514165,Data Analyst,Statistics
438675,Marketing Executive,Copywriting
438675,Marketing Executive,Content Strategy
438675,Marketing Executive,SEO
521435,Auditor,Problem Solving
339655,Content Strategist,Problem Solving
160742,SEO Specialist,Excel
717216,Marketing Executive,Google Analytics
717216,Marketing Executive,Content Strategy
746741,Auditor,Communication
210952,Employee Relations,Problem Solving
862635,Content Strategist,Communication
862635,Content Strategist,Excel
279951,Financial Analyst,Excel
479739,Auditor,Excel
269730,Auditor,Excel
269730,Auditor,Communication
560747,Marketing Executive,Google Analytics
560747,Marketing Executive,SEO
560747,Marketing Executive,Social Media
748950,SEO Specialist,Communication
943105,Financial Analyst,Problem Solving
757399,SEO Specialist,Communication
124294,Sales Executive,Salesforce
124294,Sales Executive,Excel
124294,Sales Executive,CRM Software
124294,Sales Executive,Communication
701076,Accountant,Communication
336895,Account Manager,Communication
336895,Account Manager,Problem Solving
395946,Account Manager,Excel
395946,Account Manager,Communication
712427,SEO Specialist,Excel
712427,SEO Specialist,Communication
812203,Auditor,Communication
177492,SEO Specialist,Communication
797065,Account Manager,Problem Solving
797065,Account Manager,Communication
140409,Content Strategist,Communication
618960,Cybersecurity Specialist,Firewalls
618960,Cybersecurity Specialist,Python
618960,Cybersecurity Specialist,Network Security
618960,Cybersecurity Specialist,Incident Response
499006,HR Manager,Excel
499006,HR Manager,Problem Solving
100813,Business Development,Problem Solving
100813,Business Development,Excel
160363,Data Analyst,Excel
160363,Data Analyst,Python
160363,Data Analyst,Statistics
160363,Data Analyst,PowerBI
802656,Accountant,Excel
709601,Data Analyst,Python
709601,Data Analyst,Statistics
709601,Data Analyst,PowerBI
709601,Data Analyst,Tableau
715230,Content Strategist,Communication
390768,Business Development,Communication
390768,Business Development,Problem Solving
867527,Cybersecurity Specialist,Python
867527,Cybersecurity Specialist,Linux
867527,Cybersecurity Specialist,Network Security
721790,Software Engineer,Java
721790,Software Engineer,Python
721790,Software Engineer,SQL
585590,Marketing Executive,SEO
585590,Marketing Executive,Social Media
585590,Marketing Executive,Content Strategy
469894,Accountant,Problem Solving
852593,Financial Analyst,Problem Solving
552747,Marketing Executive,Social Media
552747,Marketing Executive,Google Analytics
530770,SEO Specialist,Problem Solving
530770,SEO Specialist,Communication
941080,Employee Relations,Excel
661440,SEO Specialist,Communication
661440,SEO Specialist,Excel
454617,Recruitment Specialist,Excel
454617,Recruitment Specialist,Communication
317022,Software Engineer,Docker
317022,Software Engineer,Data Structures
317022,Software Engineer,REST API
317022,Software Engineer,Git
649592,Content Strategist,Excel
649592,Content Strategist,Problem Solving
303977,Employee Relations,Problem Solving
302929,SEO Specialist,Problem Solving
460339,HR Manager,Excel
460339,HR Manager,Communication
224744,Recruitment Specialist,Problem Solving
224744,Recruitment Specialist,Excel
795511,Software Engineer,Data Structures
795511,Software Engineer,Python
795511,Software Engineer,Docker
795511,Software Engineer,SQL
795511,Software Engineer,Git
658952,Data Analyst,Excel
658952,Data Analyst,Tableau
658952,Data Analyst,SQL
569484,Content Strategist,Excel
569484,Content Strategist,Problem Solving
978668,Sales Executive,Excel
978668,Sales Executive,Salesforce
978668,Sales Executive,CRM Software
200386,Business Development,Excel
178944,SEO Specialist,Problem Solving
672800,SEO Specialist,Excel
157465,SEO Specialist,Communication
157465,SEO Specialist,Problem Solving
423086,Cybersecurity Specialist,Python
423086,Cybersecurity Specialist,Linux
423086,Cybersecurity Specialist,Network Security
442346,SEO Specialist,Problem Solving
759144,Sales Executive,CRM Software
759144,Sales Executive,Negotiation
759144,Sales Executive,Communication
969161,Marketing Executive,Copywriting
969161,Marketing Executive,Social Media
296088,Accountant,Excel
296088,Accountant,Communication
606382,SEO Specialist,Excel
806061,Recruitment Specialist,Communication
685801,Marketing Executive,Copywriting
685801,Marketing Executive,Google Analytics
541902,Sales Executive,Negotiation
541902,Sales Executive,Salesforce
541902,Sales Executive,Communication
541902,Sales Executive,CRM Software
799346,Software Engineer,Data Structures
799346,Software Engineer,SQL
799346,Software Engineer,REST API
799346,Software Engineer,Java
799346,Software Engineer,Docker
603896,Content Strategist,Excel
603896,Content Strategist,Communication
550755,Financial Analyst,Communication
402075,Accountant,Communication
622752,Financial Analyst,Excel
549689,Sales Executive,CRM Software
549689,Sales Executive,Salesforce
549689,Sales Executive,Excel
883703,Accountant,Communication
883703,Accountant,Problem Solving
123009,Financial Analyst,Communication
123009,Financial Analyst,Excel
884470,Recruitment Specialist,Excel
631310,Data Analyst,SQL
631310,Data Analyst,Tableau
631310,Data Analyst,Statistics
506473,Data Analyst,Tableau
506473,Data Analyst,Excel
506473,Data Analyst,Statistics
306244,Recruitment Specialist,Excel
800784,SEO Specialist,Problem Solving
800784,SEO Specialist,Communication
568017,Sales Executive,Negotiation
568017,Sales Executive,Excel
568017,Sales Executive,Communication
568017,Sales Executive,Lead Generation
851406,Account Manager,Excel
851406,Account Manager,Communication
822392,Business Development,Problem Solving
822392,Business Development,Communication
842474,Sales Executive,Salesforce
842474,Sales Executive,Excel
842474,Sales Executive,Lead Generation
848266,Account Manager,Communication
640948,HR Manager,Communication
640948,HR Manager,Excel
161100,HR Manager,Communication
161100,HR Manager,Problem Solving
602424,Recruitment Specialist,Communication
602424,Recruitment Specialist,Excel
602716,Software Engineer,Python
602716,Software Engineer,Docker
602716,Software Engineer,REST API
602716,Software Engineer,Java
281299,Software Engineer,Java
281299,Software Engineer,REST API
281299,Software Engineer,SQL
281299,Software Engineer,Git
281299,Software Engineer,Python
605239,Financial Analyst,Problem Solving
731879,Data Analyst,PowerBI
731879,Data Analyst,Python
731879,Data Analyst,Statistics
922524,Auditor,Excel
922524,Auditor,Problem Solving
219479,Software Engineer,Docker
219479,Software Engineer,Git
219479,Software Engineer,Data Structures
219479,Software Engineer,SQL
918065,Business Development,Problem Solving
918065,Business Development,Communication
459649,Content Strategist,Excel
459649,Content Strategist,Problem Solving
664885,Data Analyst,PowerBI
664885,Data Analyst,Excel
664885,Data Analyst,Tableau
664885,Data Analyst,SQL
916926,Cybersecurity Specialist,Incident Response
916926,Cybersecurity Specialist,Network Security
916926,Cybersecurity Specialist,Python
866448,Auditor,Excel
424772,Sales Executive,Excel
424772,Sales Executive,Negotiation
424772,Sales Executive,Lead Generation
424772,Sales Executive,Communication
894375,Accountant,Communication
894375,Accountant,Problem Solving
456634,Employee Relations,Problem Solving
456634,Employee Relations,Communication
943660,HR Manager,Communication
943660,HR Manager,Excel
490010,Sales Executive,Excel
490010,Sales Executive,Salesforce
490010,Sales Executive,Communication
490010,Sales Executive,Negotiation
430758,Sales Executive,CRM Software
430758,Sales Executive,Communication
430758,Sales Executive,Negotiation
430758,Sales Executive,Salesforce
578963,Software Engineer,Python
578963,Software Engineer,Docker
578963,Software Engineer,Data Structures
160029,Software Engineer,Python
160029,Software Engineer,SQL
160029,Software Engineer,Docker
160029,Software Engineer,Data Structures
367930,Accountant,Problem Solving
367930,Accountant,Excel
478531,Content Strategist,Excel
478531,Content Strategist,Problem Solving
972172,SEO Specialist,Problem Solving
972172,SEO Specialist,Excel
882206,Auditor,Excel
395283,HR Manager,Problem Solving
177232,Employee Relations,Excel
177232,Employee Relations,Problem Solving
356177,Accountant,Problem Solving
356177,Accountant,Excel
245086,Cybersecurity Specialist,Firewalls
245086,Cybersecurity Specialist,Python
765593,Marketing Executive,Copywriting
765593,Marketing Executive,Social Media
196164,Data Analyst,Tableau
196164,Data Analyst,PowerBI
196164,Data Analyst,SQL
196164,Data Analyst,Statistics
225708,Software Engineer,SQL
225708,Software Engineer,Java
225708,Software Engineer,Data Structures
225708,Software Engineer,Python
225708,Software Engineer,Docker
800323,HR Manager,Problem Solving
481367,Content Strategist,Communication
481367,Content Strategist,Problem Solving
711446,Recruitment Specialist,Problem Solving
464263,Software Engineer,REST API
464263,Software Engineer,Docker
464263,Software Engineer,Data Structures
464263,Software Engineer,Java
144782,Data Analyst,Tableau
144782,Data Analyst,Excel
144782,Data Analyst,PowerBI
441410,Auditor,Problem Solving
745028,HR Manager,Communication
261584,Sales Executive,Negotiation
261584,Sales Executive,Communication
261584,Sales Executive,Lead Generation
261584,Sales Executive,CRM Software
216251,Business Development,Problem Solving
530490,Accountant,Excel
444969,HR Manager,Excel
444969,HR Manager,Problem Solving
298955,Software Engineer,Data Structures
298955,Software Engineer,Python
298955,Software Engineer,Docker
298955,Software Engineer,REST API
214387,Auditor,Communication
214387,Auditor,Problem Solving
810096,Account Manager,Excel
879248,SEO Specialist,Excel
744362,Financial Analyst,Excel
744362,Financial Analyst,Problem Solving
622902,Accountant,Excel
622902,Accountant,Communication
735920,Cybersecurity Specialist,Incident Response
735920,Cybersecurity Specialist,Firewalls
735920,Cybersecurity Specialist,Network Security
893657,Accountant,Communication
335290,Software Engineer,Git
335290,Software Engineer,Docker
335290,Software Engineer,Python
490368,Recruitment Specialist,Problem Solving
490368,Recruitment Specialist,Excel
599045,Business Development,Problem Solving
599045,Business Development,Communication
876675,Cybersecurity Specialist,Linux
876675,Cybersecurity Specialist,Firewalls
876675,Cybersecurity Specialist,Network Security
668997,Recruitment Specialist,Communication
668997,Recruitment Specialist,Problem Solving
539216,Sales Executive,Lead Generation
539216,Sales Executive,Excel
539216,Sales Executive,Communication
539216,Sales Executive,CRM Software
320337,Marketing Executive,Social Media
320337,Marketing Executive,Copywriting
880371,Business Development,Excel
880371,Business Development,Communication
710987,Software Engineer,Python
710987,Software Engineer,Git
710987,Software Engineer,Data Structures
710987,Software Engineer,SQL
788363,Accountant,Excel
788363,Accountant,Communication
914046,Marketing Executive,Social Media
914046,Marketing Executive,Copywriting
914046,Marketing Executive,Google Analytics
914046,Marketing Executive,SEO
638485,Financial Analyst,Excel
638485,Financial Analyst,Communication
556437,Accountant,Problem Solving
400023,Business Development,Excel
400023,Business Development,Problem Solving
773604,Cybersecurity Specialist,Incident Response
773604,Cybersecurity Specialist,Linux
773604,Cybersecurity Specialist,Firewalls
877245,Employee Relations,Problem Solving
877245,Employee Relations,Excel
824955,Account Manager,Communication
824955,Account Manager,Excel
342453,Accountant,Excel
464841,Employee Relations,Communication
198280,Recruitment Specialist,Excel
695670,Cybersecurity Specialist,Incident Response
695670,Cybersecurity Specialist,Firewalls
194151,Account Manager,Excel
194151,Account Manager,Communication
747435,Business Development,Communication
747435,Business Development,Excel
542399,Business Development,Problem Solving
643121,Data Analyst,Tableau
643121,Data Analyst,Statistics
643121,Data Analyst,SQL
209477,Accountant,Excel
734501,Data Analyst,SQL
734501,Data Analyst,Excel
734501,Data Analyst,Tableau
734501,Data Analyst,PowerBI
965207,Software Engineer,REST API
965207,Software Engineer,Data Structures
965207,Software Engineer,Python
965207,Software Engineer,Git
143797,Content Strategist,Excel
143797,Content Strategist,Communication
902051,HR Manager,Excel
464437,Auditor,Problem Solving
464437,Auditor,Excel
230158,Sales Executive,Salesforce
230158,Sales Executive,Communication
230158,Sales Executive,Excel
230158,Sales Executive,Lead Generation
532493,Data Analyst,Python
532493,Data Analyst,SQL
532493,Data Analyst,PowerBI
678253,Data Analyst,PowerBI
678253,Data Analyst,SQL
678253,Data Analyst,Excel
678253,Data Analyst,Statistics
668258,Content Strategist,Communication
931246,Software Engineer,REST API
931246,Software Engineer,Data Structures
931246,Software Engineer,Python
931246,Software Engineer,Java
931246,Software Engineer,SQL
380783,Marketing Executive,Copywriting
380783,Marketing Executive,Social Media
380783,Marketing Executive,Google Analytics
582179,Sales Executive,Salesforce
582179,Sales Executive,Excel
582179,Sales Executive,Negotiation
679276,HR Manager,Excel
679276,HR Manager,Problem Solving
927501,Marketing Executive,Content Strategy
927501,Marketing Executive,Copywriting
927501,Marketing Executive,Google Analytics
537647,HR Manager,Communication
537647,HR Manager,Problem Solving
972377,Software Engineer,Python
972377,Software Engineer,Git
972377,Software Engineer,Java
850673,Business Development,Excel
605476,Cybersecurity Specialist,Python
605476,Cybersecurity Specialist,Linux
605476,Cybersecurity Specialist,Firewalls
712181,Sales Executive,CRM Software
712181,Sales Executive,Salesforce
712181,Sales Executive,Excel
712181,Sales Executive,Communication
868326,SEO Specialist,Excel
868326,SEO Specialist,Problem Solving
426986,Account Manager,Communication
149872,Account Manager,Excel
110513,Marketing Executive,Copywriting
110513,Marketing Executive,Google Analytics
110513,Marketing Executive,Content Strategy
108205,Account Manager,Excel
108205,Account Manager,Problem Solving
781774,Recruitment Specialist,Communication
171714,Cybersecurity Specialist,Incident Response
171714,Cybersecurity Specialist,Firewalls
132645,Auditor,Excel
132645,Auditor,Problem Solving
837457,Auditor,Excel
329786,Content Strategist,Communication
554245,Accountant,Problem Solving
554245,Accountant,Communication
774276,Financial Analyst,Problem Solving
547118,Software Engineer,REST API
547118,Software Engineer,Data Structures
547118,Software Engineer,Docker
547118,Software Engineer,Python
547118,Software Engineer,Java
554981,Recruitment Specialist,Communication
554981,Recruitment Specialist,Problem Solving
726049,Sales Executive,Communication
726049,Sales Executive,Negotiation
726049,Sales Executive,Lead Generation
726049,Sales Executive,Excel
849278,Recruitment Specialist,Excel
901065,Employee Relations,Communication
361720,Financial Analyst,Excel
361720,Financial Analyst,Problem Solving
308533,Recruitment Specialist,Problem Solving
138077,Cybersecurity Specialist,Python
138077,Cybersecurity Specialist,Linux
138077,Cybersecurity Specialist,Firewalls
432523,Recruitment Specialist,Problem Solving
432523,Recruitment Specialist,Communication
508574,Software Engineer,Docker
508574,Software Engineer,SQL
508574,Software Engineer,Java
386204,Business Development,Excel
386204,Business Development,Communication
314260,Business Development,Communication
314260,Business Development,Problem Solving
275284,Financial Analyst,Excel
275284,Financial Analyst,Problem Solving
445843,Business Development,Excel
438794,Marketing Executive,SEO
438794,Marketing Executive,Content Strategy
438794,Marketing Executive,Copywriting
288665,Accountant,Excel
288665,Accountant,Communication
486153,Marketing Executive,Google Analytics
486153,Marketing Executive,Copywriting
944016,Business Development,Problem Solving
944016,Business Development,Excel
250513,HR Manager,Problem Solving
250513,HR Manager,Communication
375019,Software Engineer,Data Structures
375019,Software Engineer,SQL
375019,Software Engineer,Docker
375019,Software Engineer,Git
375019,Software Engineer,Java
465527,Recruitment Specialist,Excel
465527,Recruitment Specialist,Problem Solving
514267,Data Analyst,Python
514267,Data Analyst,Excel
514267,Data Analyst,Tableau
514267,Data Analyst,Statistics
827080,Account Manager,Excel
827080,Account Manager,Problem Solving
341217,Data Analyst,Tableau
341217,Data Analyst,Statistics
341217,Data Analyst,Python
341217,Data Analyst,Excel
322196,Data Analyst,Excel
322196,Data Analyst,Tableau
322196,Data Analyst,Statistics
322196,Data Analyst,Python
730641,Marketing Executive,Content Strategy
730641,Marketing Executive,Social Media
213427,Sales Executive,Excel
213427,Sales Executive,Communication
213427,Sales Executive,CRM Software
213427,Sales Executive,Salesforce
213427,Sales Executive,Negotiation
126410,Sales Executive,Communication
126410,Sales Executive,Excel
126410,Sales Executive,CRM Software
359440,Account Manager,Problem Solving
359440,Account Manager,Communication
654411,Auditor,Communication
654411,Auditor,Excel
254181,Content Strategist,Excel
254181,Content Strategist,Problem Solving
666883,Sales Executive,Excel
666883,Sales Executive,Negotiation
666883,Sales Executive,Salesforce
666883,Sales Executive,Communication
752227,Marketing Executive,Google Analytics
752227,Marketing Executive,Content Strategy
728861,Accountant,Excel
728861,Accountant,Problem Solving
613504,SEO Specialist,Problem Solving
613504,SEO Specialist,Excel
170273,Financial Analyst,Excel
327111,HR Manager,Communication
327111,HR Manager,Problem Solving
389471,Recruitment Specialist,Problem Solving
389471,Recruitment Specialist,Excel
866096,Marketing Executive,Google Analytics
866096,Marketing Executive,Copywriting
866096,Marketing Executive,SEO
866096,Marketing Executive,Social Media
786801,Marketing Executive,Copywriting
786801,Marketing Executive,Social Media
786801,Marketing Executive,Google Analytics
488628,HR Manager,Communication
322852,SEO Specialist,Excel
322852,SEO Specialist,Communication
562680,Account Manager,Excel
189011,HR Manager,Problem Solving
969750,Financial Analyst,Problem Solving
809309,HR Manager,Communication
809309,HR Manager,Excel
562858,HR Manager,Problem Solving
428390,Business Development,Problem Solving
428390,Business Development,Communication
272738,Marketing Executive,Google Analytics
272738,Marketing Executive,Social Media
272738,Marketing Executive,Copywriting
272738,Marketing Executive,SEO
480631,Cybersecurity Specialist,Firewalls
480631,Cybersecurity Specialist,Python
480631,Cybersecurity Specialist,Incident Response
815734,Content Strategist,Communication
815734,Content Strategist,Excel
660612,Marketing Executive,Content Strategy
660612,Marketing Executive,Google Analytics
677809,Content Strategist,Excel
252553,Auditor,Communication
252553,Auditor,Problem Solving
699840,Accountant,Excel
699840,Accountant,Communication
327774,Cybersecurity Specialist,Network Security
327774,Cybersecurity Specialist,Linux
327774,Cybersecurity Specialist,Firewalls
346594,SEO Specialist,Communication
346594,SEO Specialist,Problem Solving
199042,Content Strategist,Excel
199042,Content Strategist,Problem Solving
735632,Financial Analyst,Communication
325772,Accountant,Communication
325772,Accountant,Excel
255134,Sales Executive,CRM Software
255134,Sales Executive,Communication
255134,Sales Executive,Excel
255134,Sales Executive,Salesforce
301570,Cybersecurity Specialist,Incident Response
301570,Cybersecurity Specialist,Python
301570,Cybersecurity Specialist,Firewalls
462986,SEO Specialist,Communication
462986,SEO Specialist,Problem Solving
650706,Financial Analyst,Excel
650706,Financial Analyst,Communication
530965,Business Development,Excel
530965,Business Development,Communication
994421,Accountant,Excel
994421,Accountant,Communication
202456,Content Strategist,Problem Solving
202456,Content Strategist,Excel
629224,Auditor,Excel
629224,Auditor,Problem Solving
365926,Financial Analyst,Communication
691758,Business Development,Communication
691758,Business Development,Excel
163408,Account Manager,Communication
204347,Employee Relations,Excel
204347,Employee Relations,Communication
686703,Cybersecurity Specialist,Network Security
686703,Cybersecurity Specialist,Linux
547935,Accountant,Communication
182021,Financial Analyst,Excel
860241,Accountant,Problem Solving
860241,Accountant,Communication
393464,SEO Specialist,Communication
393464,SEO Specialist,Excel
439957,Software Engineer,Data Structures
439957,Software Engineer,SQL
439957,Software Engineer,Git
439957,Software Engineer,Java
109592,HR Manager,Excel
232245,Financial Analyst,Communication
690155,Financial Analyst,Problem Solving
690155,Financial Analyst,Excel
535543,Content Strategist,Communication
251693,HR Manager,Problem Solving
251693,HR Manager,Communication
934202,Cybersecurity Specialist,Python
934202,Cybersecurity Specialist,Incident Response
934202,Cybersecurity Specialist,Firewalls
107707,Cybersecurity Specialist,Python
107707,Cybersecurity Specialist,Linux
107707,Cybersecurity Specialist,Incident Response
345843,Sales Executive,Negotiation
345843,Sales Executive,Communication
345843,Sales Executive,CRM Software
173292,Content Strategist,Problem Solving
199980,HR Manager,Problem Solving
964680,Financial Analyst,Communication
964680,Financial Analyst,Problem Solving
291931,Data Analyst,SQL
291931,Data Analyst,Excel
291931,Data Analyst,Tableau
291931,Data Analyst,PowerBI
291931,Data Analyst,Statistics
765431,Cybersecurity Specialist,Firewalls
765431,Cybersecurity Specialist,Incident Response
180633,Auditor,Communication
180633,Auditor,Problem Solving
450996,Cybersecurity Specialist,Firewalls
450996,Cybersecurity Specialist,Incident Response
450996,Cybersecurity Specialist,Linux
457604,Financial Analyst,Problem Solving
787273,Marketing Executive,Content Strategy
787273,Marketing Executive,Google Analytics
787273,Marketing Executive,SEO
787273,Marketing Executive,Social Media
333080,Business Development,Problem Solving
173380,HR Manager,Problem Solving
173380,HR Manager,Communication
141444,Financial Analyst,Communication
579568,Financial Analyst,Problem Solving
579568,Financial Analyst,Excel
890588,HR Manager,Communication
478721,Business Development,Communication
138783,Sales Executive,Salesforce
138783,Sales Executive,Excel
138783,Sales Executive,Communication
138783,Sales Executive,Negotiation
799194,Business Development,Problem Solving
768548,Data Analyst,Statistics
768548,Data Analyst,Excel
768548,Data Analyst,Python
768548,Data Analyst,PowerBI
827716,Employee Relations,Communication
898660,Content Strategist,Communication
255208,Financial Analyst,Problem Solving
533724,Marketing Executive,Social Media
533724,Marketing Executive,Google Analytics
533724,Marketing Executive,Content Strategy
893853,Marketing Executive,Copywriting
893853,Marketing Executive,SEO
875893,Content Strategist,Excel
686767,SEO Specialist,Problem Solving
686767,SEO Specialist,Communication
654944,Financial Analyst,Excel
198144,SEO Specialist,Problem Solving
198144,SEO Specialist,Communication
657491,Account Manager,Excel
657491,Account Manager,Communication
995196,Auditor,Problem Solving
995196,Auditor,Communication
549110,Cybersecurity Specialist,Linux
549110,Cybersecurity Specialist,Python
549110,Cybersecurity Specialist,Network Security
630173,Sales Executive,Lead Generation
630173,Sales Executive,Salesforce
630173,Sales Executive,Communication
630173,Sales Executive,CRM Software
760494,Business Development,Problem Solving
473877,Cybersecurity Specialist,Firewalls
473877,Cybersecurity Specialist,Network Security
971452,Content Strategist,Communication
689871,Employee Relations,Communication
689871,Employee Relations,Problem Solving
833957,Accountant,Communication
460684,Accountant,Communication
460684,Accountant,Excel
662418,Business Development,Problem Solving
662418,Business Development,Excel
156721,Accountant,Communication
516645,Data Analyst,Statistics
516645,Data Analyst,Tableau
516645,Data Analyst,Python
850144,Accountant,Communication
850144,Accountant,Excel
728174,Cybersecurity Specialist,Linux
728174,Cybersecurity Specialist,Incident Response
728174,Cybersecurity Specialist,Firewalls
804602,Auditor,Problem Solving
776038,Content Strategist,Excel
580567,Account Manager,Problem Solving
799013,Accountant,Problem Solving
799013,Accountant,Excel
444563,Software Engineer,Data Structures
444563,Software Engineer,Python
444563,Software Engineer,SQL
444563,Software Engineer,Docker
516622,Auditor,Excel
287528,Business Development,Excel
287528,Business Development,Communication
773149,Account Manager,Problem Solving
773149,Account Manager,Communication
873076,SEO Specialist,Communication
873076,SEO Specialist,Problem Solving
695478,Financial Analyst,Communication
785822,Recruitment Specialist,Problem Solving
785822,Recruitment Specialist,Communication
848431,Financial Analyst,Excel
848431,Financial Analyst,Communication
947730,Accountant,Communication
947730,Accountant,Excel
750748,HR Manager,Problem Solving
685630,Software Engineer,Java
685630,Software Engineer,Docker
685630,Software Engineer,Git
685630,Software Engineer,SQL
300363,Cybersecurity Specialist,Firewalls
300363,Cybersecurity Specialist,Network Security
300363,Cybersecurity Specialist,Incident Response
767323,Accountant,Excel
767323,Accountant,Communication
986166,Financial Analyst,Problem Solving
986166,Financial Analyst,Communication
398341,SEO Specialist,Excel
577304,Software Engineer,Java
577304,Software Engineer,Docker
577304,Software Engineer,Data Structures
577304,Software Engineer,REST API
577304,Software Engineer,SQL
497843,Data Analyst,Python
497843,Data Analyst,SQL
497843,Data Analyst,PowerBI
930699,Cybersecurity Specialist,Firewalls
930699,Cybersecurity Specialist,Python
930699,Cybersecurity Specialist,Incident Response
439247,Accountant,Excel
482548,Auditor,Problem Solving
482548,Auditor,Communication
916163,Recruitment Specialist,Communication
258496,Accountant,Excel
650162,SEO Specialist,Excel
914105,Content Strategist,Excel
823308,Account Manager,Communication
130399,Accountant,Problem Solving
130399,Accountant,Excel
111623,Employee Relations,Problem Solving
492236,Business Development,Excel
313636,Auditor,Problem Solving
313636,Auditor,Communication
444361,Sales Executive,Excel
444361,Sales Executive,Negotiation
444361,Sales Executive,Communication
738370,SEO Specialist,Problem Solving
775296,Accountant,Problem Solving
775296,Accountant,Communication
692874,Financial Analyst,Communication
692874,Financial Analyst,Problem Solving
320741,Auditor,Problem Solving
938248,Sales Executive,CRM Software
938248,Sales Executive,Communication
938248,Sales Executive,Lead Generation
938248,Sales Executive,Salesforce
789914,SEO Specialist,Communication
789914,SEO Specialist,Excel
206331,Recruitment Specialist,Problem Solving
854221,Sales Executive,Negotiation
854221,Sales Executive,Salesforce
854221,Sales Executive,CRM Software
854221,Sales Executive,Lead Generation
365428,Sales Executive,CRM Software
365428,Sales Executive,Communication
365428,Sales Executive,Negotiation
863275,HR Manager,Problem Solving
981069,Sales Executive,Communication
981069,Sales Executive,CRM Software
981069,Sales Executive,Lead Generation
774417,Financial Analyst,Excel
311532,HR Manager,Problem Solving
311532,HR Manager,Communication
551576,Account Manager,Excel
551576,Account Manager,Communication
606751,Content Strategist,Excel
637720,Cybersecurity Specialist,Python
637720,Cybersecurity Specialist,Network Security
287020,Recruitment Specialist,Excel
287020,Recruitment Specialist,Communication
860665,Sales Executive,Negotiation
860665,Sales Executive,Excel
860665,Sales Executive,Communication
860665,Sales Executive,Salesforce
405395,Content Strategist,Communication
879655,Marketing Executive,SEO
879655,Marketing Executive,Copywriting
325377,Sales Executive,Lead Generation
325377,Sales Executive,Negotiation
325377,Sales Executive,Excel
407161,Account Manager,Excel
407161,Account Manager,Problem Solving
678248,Sales Executive,Negotiation
678248,Sales Executive,Salesforce
678248,Sales Executive,Excel
678248,Sales Executive,Lead Generation
911534,Account Manager,Communication
911534,Account Manager,Excel
866073,Financial Analyst,Excel
866073,Financial Analyst,Problem Solving
697851,Software Engineer,Python
697851,Software Engineer,Data Structures
697851,Software Engineer,SQL
697851,Software Engineer,Docker
611732,Data Analyst,PowerBI
611732,Data Analyst,SQL
611732,Data Analyst,Tableau
541482,Marketing Executive,Content Strategy
541482,Marketing Executive,Copywriting
541482,Marketing Executive,Social Media
984886,Cybersecurity Specialist,Incident Response
984886,Cybersecurity Specialist,Python
984886,Cybersecurity Specialist,Linux
874551,HR Manager,Problem Solving
874551,HR Manager,Communication
208522,Marketing Executive,Social Media
208522,Marketing Executive,SEO
208522,Marketing Executive,Copywriting
216837,Business Development,Excel
240533,Software Engineer,Docker
240533,Software Engineer,Python
240533,Software Engineer,Git
942605,Cybersecurity Specialist,Python
942605,Cybersecurity Specialist,Network Security
942605,Cybersecurity Specialist,Linux
687520,HR Manager,Problem Solving
946565,Auditor,Excel
946565,Auditor,Communication
798459,HR Manager,Communication
614698,Account Manager,Excel
675967,Account Manager,Excel
675967,Account Manager,Communication
952094,Financial Analyst,Communication
952094,Financial Analyst,Excel
146318,Sales Executive,Communication
146318,Sales Executive,Excel
146318,Sales Executive,Negotiation
324224,Auditor,Problem Solving
796248,Accountant,Problem Solving
336947,Software Engineer,Data Structures
336947,Software Engineer,Docker
336947,Software Engineer,Java
608162,Recruitment Specialist,Problem Solving
151746,Business Development,Excel
151746,Business Development,Problem Solving
838557,Recruitment Specialist,Communication
838557,Recruitment Specialist,Problem Solving
479240,Accountant,Communication
479240,Accountant,Excel
990952,Auditor,Excel
407575,Auditor,Problem Solving
291280,Business Development,Problem Solving
994582,Sales Executive,Lead Generation
994582,Sales Executive,Salesforce
994582,Sales Executive,Communication
324408,Cybersecurity Specialist,Python
324408,Cybersecurity Specialist,Network Security
318462,Sales Executive,Negotiation
318462,Sales Executive,CRM Software
318462,Sales Executive,Communication
129907,Financial Analyst,Communication
267605,Employee Relations,Problem Solving
395954,Software Engineer,Data Structures
395954,Software Engineer,Python
395954,Software Engineer,Docker
395954,Software Engineer,Git
886718,Content Strategist,Communication
990214,Account Manager,Communication
913309,Marketing Executive,SEO
913309,Marketing Executive,Content Strategy
913309,Marketing Executive,Social Media
838806,Business Development,Communication
201801,Financial Analyst,Communication
201801,Financial Analyst,Problem Solving
354506,Recruitment Specialist,Excel
249848,HR Manager,Problem Solving
285059,Financial Analyst,Excel
285059,Financial Analyst,Communication
885249,Data Analyst,Excel
885249,Data Analyst,Python
885249,Data Analyst,Tableau
885249,Data Analyst,Statistics
656715,SEO Specialist,Communication
841243,Financial Analyst,Communication
841243,Financial Analyst,Excel
155357,Business Development,Communication
155357,Business Development,Problem Solving
724113,Employee Relations,Problem Solving
724113,Employee Relations,Excel
839838,SEO Specialist,Excel
839838,SEO Specialist,Problem Solving
935427,Software Engineer,REST API
935427,Software Engineer,Data Structures
935427,Software Engineer,Git
935427,Software Engineer,Java
572989,Software Engineer,Git
572989,Software Engineer,Data Structures
572989,Software Engineer,REST API
572989,Software Engineer,Docker
572989,Software Engineer,Python
664518,Account Manager,Excel
107620,Financial Analyst,Excel
679054,HR Manager,Communication
679054,HR Manager,Excel
938445,Marketing Executive,SEO
938445,Marketing Executive,Google Analytics
509889,Recruitment Specialist,Problem Solving
509889,Recruitment Specialist,Communication
523438,Content Strategist,Excel
523438,Content Strategist,Communication
133139,SEO Specialist,Excel
133139,SEO Specialist,Problem Solving
639139,Auditor,Excel
639139,Auditor,Problem Solving
941605,SEO Specialist,Problem Solving
152116,Content Strategist,Problem Solving
152116,Content Strategist,Communication
271877,Account Manager,Problem Solving
271877,Account Manager,Excel
276713,Software Engineer,REST API
276713,Software Engineer,Docker
276713,Software Engineer,Data Structures
276713,Software Engineer,Python
276713,Software Engineer,Git
794709,Business Development,Excel
100468,Accountant,Excel
735215,Sales Executive,Salesforce
735215,Sales Executive,Communication
735215,Sales Executive,Excel
973328,Cybersecurity Specialist,Firewalls
973328,Cybersecurity Specialist,Incident Response
973328,Cybersecurity Specialist,Python
977794,HR Manager,Communication
977794,HR Manager,Problem Solving
200096,Recruitment Specialist,Problem Solving
188252,SEO Specialist,Communication
188252,SEO Specialist,Problem Solving
191426,Content Strategist,Communication
179927,Content Strategist,Excel
179927,Content Strategist,Problem Solving
746698,Sales Executive,Communication
746698,Sales Executive,Salesforce
746698,Sales Executive,CRM Software
746698,Sales Executive,Lead Generation
507375,Business Development,Problem Solving
632142,Accountant,Problem Solving
632142,Accountant,Excel
591425,Business Development,Problem Solving
591425,Business Development,Excel
708022,Financial Analyst,Communication
708022,Financial Analyst,Excel
571673,Marketing Executive,Content Strategy
571673,Marketing Executive,Google Analytics
571673,Marketing Executive,SEO
571673,Marketing Executive,Social Media
791553,HR Manager,Communication
791553,HR Manager,Excel
437116,Software Engineer,SQL
437116,Software Engineer,Git
437116,Software Engineer,Python
437116,Software Engineer,REST API
437116,Software Engineer,Data Structures
217243,Business Development,Excel
872776,Software Engineer,Git
872776,Software Engineer,Docker
872776,Software Engineer,REST API
872776,Software Engineer,Data Structures
698265,HR Manager,Communication
698265,HR Manager,Excel
455357,Data Analyst,Tableau
455357,Data Analyst,Python
455357,Data Analyst,PowerBI
765186,SEO Specialist,Excel
713395,Data Analyst,Tableau
713395,Data Analyst,SQL
713395,Data Analyst,Excel
713395,Data Analyst,Python
378413,Financial Analyst,Communication
378413,Financial Analyst,Problem Solving
529784,SEO Specialist,Problem Solving
531106,Financial Analyst,Excel
592818,Content Strategist,Excel
187496,Account Manager,Communication
187496,Account Manager,Excel
775503,Recruitment Specialist,Communication
775503,Recruitment Specialist,Problem Solving
771910,Data Analyst,Excel
771910,Data Analyst,Tableau
771910,Data Analyst,Python
375034,Financial Analyst,Excel
592732,Financial Analyst,Problem Solving
172793,Auditor,Communication
172793,Auditor,Excel
663644,Employee Relations,Communication
663644,Employee Relations,Excel
495914,Business Development,Problem Solving
628441,Sales Executive,Excel
628441,Sales Executive,Communication
628441,Sales Executive,Salesforce
628441,Sales Executive,Negotiation
299503,Employee Relations,Excel
269477,Marketing Executive,Content Strategy
269477,Marketing Executive,Copywriting
269477,Marketing Executive,Google Analytics
504373,Employee Relations,Excel
366504,Marketing Executive,Copywriting
366504,Marketing Executive,Content Strategy
366504,Marketing Executive,Social Media
394359,Employee Relations,Communication
394359,Employee Relations,Excel
237322,Financial Analyst,Excel
237322,Financial Analyst,Communication
561866,Accountant,Communication
735546,Cybersecurity Specialist,Network Security
735546,Cybersecurity Specialist,Python
421075,Cybersecurity Specialist,Python
421075,Cybersecurity Specialist,Firewalls
728274,Marketing Executive,Social Media
728274,Marketing Executive,Copywriting
728274,Marketing Executive,Google Analytics
546619,Data Analyst,PowerBI
546619,Data Analyst,Tableau
546619,Data Analyst,Statistics
453232,Sales Executive,Excel
453232,Sales Executive,Negotiation
453232,Sales Executive,Salesforce
848166,Business Development,Excel
848166,Business Development,Communication
714406,Recruitment Specialist,Problem Solving
714406,Recruitment Specialist,Communication
187558,Content Strategist,Problem Solving
573858,Software Engineer,Data Structures
573858,Software Engineer,REST API
573858,Software Engineer,Python
573858,Software Engineer,Docker
375394,Account Manager,Excel
818293,SEO Specialist,Problem Solving
616082,Accountant,Problem Solving
991989,Recruitment Specialist,Excel
991989,Recruitment Specialist,Problem Solving
706912,Sales Executive,Salesforce
706912,Sales Executive,CRM Software
706912,Sales Executive,Negotiation
706912,Sales Executive,Excel
565468,SEO Specialist,Problem Solving
565468,SEO Specialist,Communication
449495,Marketing Executive,Content Strategy
449495,Marketing Executive,SEO
449495,Marketing Executive,Social Media
735184,Business Development,Excel
325646,Cybersecurity Specialist,Incident Response
325646,Cybersecurity Specialist,Linux
325646,Cybersecurity Specialist,Python
835602,Accountant,Communication
835602,Accountant,Excel
325537,Data Analyst,Statistics
325537,Data Analyst,Python
325537,Data Analyst,PowerBI
367507,Business Development,Communication
974409,Data Analyst,Excel
974409,Data Analyst,Python
974409,Data Analyst,SQL
974409,Data Analyst,PowerBI
233059,Accountant,Problem Solving
233059,Accountant,Communication
500079,Software Engineer,REST API
500079,Software Engineer,Java
500079,Software Engineer,Git
500079,Software Engineer,Python
105109,SEO Specialist,Problem Solving
105109,SEO Specialist,Communication
602645,Data Analyst,Tableau
602645,Data Analyst,Excel
602645,Data Analyst,SQL
602645,Data Analyst,Statistics
597714,Cybersecurity Specialist,Incident Response
597714,Cybersecurity Specialist,Firewalls
597714,Cybersecurity Specialist,Linux
597714,Cybersecurity Specialist,Network Security
354274,Marketing Executive,Social Media
354274,Marketing Executive,Copywriting
354274,Marketing Executive,Google Analytics
275185,SEO Specialist,Communication
873424,Software Engineer,REST API
873424,Software Engineer,Docker
873424,Software Engineer,Git
873424,Software Engineer,Python
211434,Content Strategist,Problem Solving
211434,Content Strategist,Excel
810352,Sales Executive,Salesforce
810352,Sales Executive,Negotiation
810352,Sales Executive,CRM Software
810352,Sales Executive,Lead Generation
507393,Software Engineer,Java
507393,Software Engineer,Python
507393,Software Engineer,Git
507393,Software Engineer,Data Structures
290890,Employee Relations,Communication
588684,Accountant,Excel
118741,Content Strategist,Problem Solving
118741,Content Strategist,Communication
665519,Marketing Executive,Social Media
665519,Marketing Executive,SEO
665519,Marketing Executive,Content Strategy
987791,Marketing Executive,Content Strategy
987791,Marketing Executive,Social Media
427641,SEO Specialist,Excel
577032,Employee Relations,Excel
540381,SEO Specialist,Communication
976794,Employee Relations,Communication
976794,Employee Relations,Excel
415407,Data Analyst,Tableau
415407,Data Analyst,SQL
415407,Data Analyst,Statistics
415407,Data Analyst,Python
330044,Employee Relations,Communication
423286,Accountant,Excel
221222,Recruitment Specialist,Excel
863175,Software Engineer,Data Structures
863175,Software Engineer,REST API
863175,Software Engineer,Java
947406,Financial Analyst,Excel
199340,Recruitment Specialist,Communication
199340,Recruitment Specialist,Excel
871029,Marketing Executive,Content Strategy
871029,Marketing Executive,Google Analytics
871029,Marketing Executive,Social Media
956640,Business Development,Problem Solving
684320,Employee Relations,Problem Solving
684320,Employee Relations,Communication
717901,Sales Executive,Salesforce
717901,Sales Executive,Communication
717901,Sales Executive,Excel
717901,Sales Executive,Lead Generation
713845,Accountant,Excel
713845,Accountant,Communication
235575,Recruitment Specialist,Problem Solving
519064,Account Manager,Excel
731526,Software Engineer,Docker
731526,Software Engineer,Git
731526,Software Engineer,Java
731526,Software Engineer,Data Structures
731526,Software Engineer,SQL
356636,Sales Executive,Communication
356636,Sales Executive,CRM Software
356636,Sales Executive,Lead Generation
912833,Cybersecurity Specialist,Python
912833,Cybersecurity Specialist,Firewalls
934970,Data Analyst,Tableau
934970,Data Analyst,PowerBI
934970,Data Analyst,SQL
934970,Data Analyst,Statistics
433183,Recruitment Specialist,Excel
433183,Recruitment Specialist,Communication
911663,Data Analyst,Statistics
911663,Data Analyst,Python
911663,Data Analyst,Tableau
555829,Recruitment Specialist,Excel
555829,Recruitment Specialist,Problem Solving
891044,Auditor,Problem Solving
891044,Auditor,Excel
950284,Recruitment Specialist,Problem Solving
950284,Recruitment Specialist,Excel
156834,Recruitment Specialist,Excel
156834,Recruitment Specialist,Problem Solving
930259,Auditor,Problem Solving
930259,Auditor,Excel
539275,Cybersecurity Specialist,Firewalls
539275,Cybersecurity Specialist,Linux
539275,Cybersecurity Specialist,Python
462642,Data Analyst,SQL
462642,Data Analyst,Python
462642,Data Analyst,Statistics
634075,Data Analyst,SQL
634075,Data Analyst,Python
634075,Data Analyst,PowerBI
634075,Data Analyst,Tableau
723585,Accountant,Problem Solving
762205,Software Engineer,Git
762205,Software Engineer,REST API
762205,Software Engineer,Java
762205,Software Engineer,SQL
762205,Software Engineer,Data Structures
330511,Sales Executive,Excel
330511,Sales Executive,Negotiation
330511,Sales Executive,CRM Software
330511,Sales Executive,Communication
763796,Auditor,Communication
763796,Auditor,Excel
720135,Marketing Executive,Social Media
720135,Marketing Executive,SEO
720135,Marketing Executive,Google Analytics
289526,Content Strategist,Problem Solving
322452,Data Analyst,Python
322452,Data Analyst,Excel
322452,Data Analyst,Statistics
322452,Data Analyst,PowerBI
893814,Content Strategist,Excel
893814,Content Strategist,Problem Solving
602204,Accountant,Excel
650283,Recruitment Specialist,Excel
886420,HR Manager,Problem Solving
960474,Software Engineer,SQL
960474,Software Engineer,REST API
960474,Software Engineer,Docker
960474,Software Engineer,Python
960474,Software Engineer,Data Structures
262598,Marketing Executive,SEO
262598,Marketing Executive,Google Analytics
262598,Marketing Executive,Copywriting
768126,Data Analyst,Python
768126,Data Analyst,Excel
768126,Data Analyst,Tableau
768126,Data Analyst,SQL
407392,HR Manager,Problem Solving
681032,Financial Analyst,Communication
339653,Content Strategist,Communication
339653,Content Strategist,Excel
362818,Sales Executive,Excel
362818,Sales Executive,Salesforce
362818,Sales Executive,Communication
362818,Sales Executive,CRM Software
178252,Auditor,Excel
178252,Auditor,Problem Solving
422019,Cybersecurity Specialist,Firewalls
422019,Cybersecurity Specialist,Network Security
422019,Cybersecurity Specialist,Linux
422019,Cybersecurity Specialist,Incident Response
276737,Financial Analyst,Excel
276737,Financial Analyst,Problem Solving
236238,Financial Analyst,Problem Solving
392185,Auditor,Communication
406980,Employee Relations,Communication
323646,Software Engineer,Git
323646,Software Engineer,Data Structures
323646,Software Engineer,Java
323646,Software Engineer,Python
323646,Software Engineer,SQL
188940,Content Strategist,Communication
635987,Cybersecurity Specialist,Firewalls
635987,Cybersecurity Specialist,Incident Response
635987,Cybersecurity Specialist,Python
303700,Financial Analyst,Excel
303700,Financial Analyst,Communication
387395,Business Development,Excel
387395,Business Development,Problem Solving
394838,Business Development,Excel
394838,Business Development,Communication
762077,Business Development,Communication
648713,Financial Analyst,Excel
648713,Financial Analyst,Problem Solving
782643,Software Engineer,Data Structures
782643,Software Engineer,Java
782643,Software Engineer,Git
335076,Business Development,Communication
742640,Accountant,Problem Solving
742640,Accountant,Communication
587790,Marketing Executive,Content Strategy
587790,Marketing Executive,Copywriting
587790,Marketing Executive,Google Analytics
741941,Content Strategist,Problem Solving
542568,SEO Specialist,Excel
542568,SEO Specialist,Communication
839443,Data Analyst,Statistics
839443,Data Analyst,PowerBI
839443,Data Analyst,Tableau
839443,Data Analyst,Excel
984036,Account Manager,Communication
594996,Employee Relations,Excel
594996,Employee Relations,Problem Solving
267932,Employee Relations,Excel
267932,Employee Relations,Problem Solving
834944,Marketing Executive,Google Analytics
834944,Marketing Executive,Copywriting
834944,Marketing Executive,Content Strategy
541090,Marketing Executive,Copywriting
541090,Marketing Executive,Content Strategy
541090,Marketing Executive,SEO
561289,Data Analyst,PowerBI
561289,Data Analyst,Statistics
561289,Data Analyst,SQL
561289,Data Analyst,Excel
851462,SEO Specialist,Problem Solving
851462,SEO Specialist,Excel
252844,Software Engineer,Docker
252844,Software Engineer,Python
252844,Software Engineer,Git
252844,Software Engineer,REST API
252844,Software Engineer,Java
826413,Sales Executive,Excel
826413,Sales Executive,Salesforce
826413,Sales Executive,CRM Software
826413,Sales Executive,Communication
312278,Sales Executive,Negotiation
312278,Sales Executive,Communication
312278,Sales Executive,Lead Generation
698472,Content Strategist,Communication
185729,Recruitment Specialist,Communication
185729,Recruitment Specialist,Excel
993983,Cybersecurity Specialist,Linux
993983,Cybersecurity Specialist,Python
208933,Accountant,Communication
208933,Accountant,Excel
308105,Auditor,Problem Solving
956821,Sales Executive,Communication
956821,Sales Executive,Salesforce
956821,Sales Executive,CRM Software
537396,Content Strategist,Communication
537396,Content Strategist,Problem Solving
502306,Accountant,Excel
154238,Data Analyst,SQL
154238,Data Analyst,Excel
154238,Data Analyst,Statistics
154238,Data Analyst,PowerBI
753094,Business Development,Communication
753094,Business Development,Excel
987628,Accountant,Communication
315441,Content Strategist,Communication
315441,Content Strategist,Excel
546027,Recruitment Specialist,Excel
289687,Auditor,Excel
289687,Auditor,Problem Solving
602759,Data Analyst,Statistics
602759,Data Analyst,Excel
602759,Data Analyst,Tableau
602759,Data Analyst,PowerBI
602759,Data Analyst,Python
263697,Financial Analyst,Excel
263697,Financial Analyst,Communication
172448,HR Manager,Problem Solving
172448,HR Manager,Excel
427542,Cybersecurity Specialist,Python
427542,Cybersecurity Specialist,Incident Response
631621,Account Manager,Problem Solving
915795,Data Analyst,Python
915795,Data Analyst,SQL
915795,Data Analyst,Tableau
847450,Marketing Executive,Content Strategy
847450,Marketing Executive,SEO
847450,Marketing Executive,Social Media
847450,Marketing Executive,Copywriting
959448,SEO Specialist,Excel
959448,SEO Specialist,Problem Solving
762556,Auditor,Communication
762556,Auditor,Excel
333098,Financial Analyst,Problem Solving
663170,Content Strategist,Communication
663170,Content Strategist,Problem Solving
550082,SEO Specialist,Communication
550082,SEO Specialist,Excel
847088,Business Development,Excel
847088,Business Development,Communication
920235,HR Manager,Problem Solving
704454,Employee Relations,Problem Solving
704454,Employee Relations,Excel
508344,Financial Analyst,Communication
508344,Financial Analyst,Excel
842518,Content Strategist,Excel
326916,Accountant,Communication
326916,Accountant,Problem Solving
936303,Sales Executive,Lead Generation
936303,Sales Executive,Excel
936303,Sales Executive,CRM Software
592492,Content Strategist,Problem Solving
592492,Content Strategist,Communication
294202,Sales Executive,Salesforce
294202,Sales Executive,CRM Software
294202,Sales Executive,Communication
337519,Employee Relations,Communication
295577,Data Analyst,Python
295577,Data Analyst,Excel
295577,Data Analyst,Tableau
295577,Data Analyst,Statistics
860642,Auditor,Excel
342610,Software Engineer,Data Structures
342610,Software Engineer,Git
342610,Software Engineer,SQL
342610,Software Engineer,Java
814951,Account Manager,Communication
814951,Account Manager,Problem Solving
793554,Data Analyst,PowerBI
793554,Data Analyst,SQL
793554,Data Analyst,Tableau
793554,Data Analyst,Python
211915,Software Engineer,Java
211915,Software Engineer,Data Structures
211915,Software Engineer,Git
211915,Software Engineer,Python
471393,Cybersecurity Specialist,Firewalls
471393,Cybersecurity Specialist,Linux
698901,Auditor,Communication
698901,Auditor,Excel
746266,HR Manager,Communication
964667,Cybersecurity Specialist,Python
964667,Cybersecurity Specialist,Incident Response
534033,Business Development,Communication
534033,Business Development,Excel
679655,Data Analyst,Excel
679655,Data Analyst,Tableau
679655,Data Analyst,Statistics
679655,Data Analyst,SQL
453437,Sales Executive,Excel
453437,Sales Executive,CRM Software
453437,Sales Executive,Communication
453437,Sales Executive,Negotiation
644425,Auditor,Problem Solving
360054,Cybersecurity Specialist,Network Security
360054,Cybersecurity Specialist,Python
360054,Cybersecurity Specialist,Incident Response
360054,Cybersecurity Specialist,Linux
958983,Cybersecurity Specialist,Linux
958983,Cybersecurity Specialist,Python
958983,Cybersecurity Specialist,Incident Response
896143,Marketing Executive,SEO
896143,Marketing Executive,Copywriting
896143,Marketing Executive,Google Analytics
112033,Data Analyst,Statistics
112033,Data Analyst,Tableau
112033,Data Analyst,Python
112033,Data Analyst,SQL
966510,Business Development,Communication
966510,Business Development,Excel
816553,HR Manager,Communication
201544,Marketing Executive,Google Analytics
201544,Marketing Executive,Content Strategy
201544,Marketing Executive,Copywriting
421420,SEO Specialist,Excel
784115,Marketing Executive,SEO
784115,Marketing Executive,Copywriting
980882,Content Strategist,Communication
963994,Business Development,Communication
197724,Business Development,Communication
197724,Business Development,Problem Solving
628515,Auditor,Excel
628515,Auditor,Problem Solving
428037,Business Development,Excel
545469,Marketing Executive,Content Strategy
545469,Marketing Executive,Google Analytics
545469,Marketing Executive,Social Media
588823,SEO Specialist,Problem Solving
214279,Accountant,Problem Solving
214279,Accountant,Communication
546626,Content Strategist,Communication
546626,Content Strategist,Problem Solving
886828,Account Manager,Problem Solving
944488,Software Engineer,Git
944488,Software Engineer,SQL
944488,Software Engineer,Java
944488,Software Engineer,Data Structures
944488,Software Engineer,Python
956439,Cybersecurity Specialist,Network Security
956439,Cybersecurity Specialist,Firewalls
956439,Cybersecurity Specialist,Linux
956439,Cybersecurity Specialist,Python
777134,Accountant,Problem Solving
867035,Marketing Executive,SEO
867035,Marketing Executive,Content Strategy
503551,Employee Relations,Communication
503551,Employee Relations,Excel
229357,Accountant,Communication
229357,Accountant,Excel
165246,Account Manager,Communication
165246,Account Manager,Excel
154234,Auditor,Problem Solving
154234,Auditor,Excel
570841,HR Manager,Excel
570841,HR Manager,Problem Solving
491184,Sales Executive,CRM Software
491184,Sales Executive,Salesforce
491184,Sales Executive,Communication
491184,Sales Executive,Lead Generation
111003,Content Strategist,Excel
111003,Content Strategist,Communication
743102,HR Manager,Problem Solving
743102,HR Manager,Excel
421030,Content Strategist,Problem Solving
421030,Content Strategist,Excel
867866,Software Engineer,Docker
867866,Software Engineer,REST API
867866,Software Engineer,SQL
867866,Software Engineer,Python
976327,Employee Relations,Communication
852635,Business Development,Communication
482970,Data Analyst,Python
482970,Data Analyst,PowerBI
482970,Data Analyst,Excel
507301,Sales Executive,CRM Software
507301,Sales Executive,Communication
507301,Sales Executive,Negotiation
979193,Business Development,Communication
979193,Business Development,Excel
578260,SEO Specialist,Problem Solving
578260,SEO Specialist,Communication
722103,Content Strategist,Problem Solving
722103,Content Strategist,Excel
878117,HR Manager,Problem Solving
878117,HR Manager,Communication
248305,Content Strategist,Communication
248305,Content Strategist,Problem Solving
460624,Financial Analyst,Problem Solving
547479,Financial Analyst,Problem Solving
491782,HR Manager,Excel
491782,HR Manager,Problem Solving
437918,Sales Executive,Lead Generation
437918,Sales Executive,Salesforce
437918,Sales Executive,Communication
725370,Recruitment Specialist,Excel
725370,Recruitment Specialist,Communication
867397,Sales Executive,Lead Generation
867397,Sales Executive,Communication
867397,Sales Executive,Salesforce
788096,Account Manager,Problem Solving
277702,Sales Executive,Negotiation
277702,Sales Executive,Communication
277702,Sales Executive,CRM Software
277702,Sales Executive,Lead Generation
456614,Software Engineer,Data Structures
456614,Software Engineer,SQL
456614,Software Engineer,Python
456614,Software Engineer,Docker
100518,Account Manager,Communication
829422,Recruitment Specialist,Communication
106767,Financial Analyst,Problem Solving
106767,Financial Analyst,Excel
749676,Marketing Executive,Content Strategy
749676,Marketing Executive,Copywriting
749676,Marketing Executive,Google Analytics
989754,Cybersecurity Specialist,Linux
989754,Cybersecurity Specialist,Network Security
701566,HR Manager,Communication
701566,HR Manager,Problem Solving
983385,Software Engineer,REST API
983385,Software Engineer,Python
983385,Software Engineer,Docker
983385,Software Engineer,SQL
175504,Marketing Executive,Copywriting
175504,Marketing Executive,Content Strategy
175504,Marketing Executive,Social Media
957647,Cybersecurity Specialist,Linux
957647,Cybersecurity Specialist,Firewalls
957647,Cybersecurity Specialist,Python
390533,Content Strategist,Excel
390533,Content Strategist,Communication
156499,Cybersecurity Specialist,Linux
156499,Cybersecurity Specialist,Firewalls
638294,Account Manager,Excel
684696,Software Engineer,Java
684696,Software Engineer,Data Structures
684696,Software Engineer,Python
684696,Software Engineer,SQL
684696,Software Engineer,Docker
989524,Financial Analyst,Problem Solving
989524,Financial Analyst,Communication
137220,Sales Executive,Lead Generation
137220,Sales Executive,CRM Software
137220,Sales Executive,Salesforce
137220,Sales Executive,Negotiation
483500,Cybersecurity Specialist,Incident Response
483500,Cybersecurity Specialist,Python
483500,Cybersecurity Specialist,Linux
483500,Cybersecurity Specialist,Network Security
927544,Financial Analyst,Communication
324262,Accountant,Communication
790124,Sales Executive,Salesforce
790124,Sales Executive,Negotiation
790124,Sales Executive,Excel
396232,SEO Specialist,Communication
947362,SEO Specialist,Communication
947362,SEO Specialist,Excel
718297,HR Manager,Excel
718297,HR Manager,Problem Solving
730498,Account Manager,Problem Solving
730498,Account Manager,Excel
611163,Sales Executive,Salesforce
611163,Sales Executive,Excel
611163,Sales Executive,Lead Generation
195474,Content Strategist,Problem Solving
195474,Content Strategist,Communication
442187,Account Manager,Excel
543775,Sales Executive,Lead Generation
543775,Sales Executive,Communication
543775,Sales Executive,CRM Software
862032,Accountant,Communication
109437,Business Development,Communication
179362,HR Manager,Communication
179362,HR Manager,Excel
333437,Content Strategist,Communication
333437,Content Strategist,Problem Solving
910106,Data Analyst,SQL
910106,Data Analyst,PowerBI
910106,Data Analyst,Python
910106,Data Analyst,Tableau
907216,Marketing Executive,Copywriting
907216,Marketing Executive,Google Analytics
907216,Marketing Executive,Social Media
232186,Content Strategist,Communication
232186,Content Strategist,Problem Solving
854991,Account Manager,Problem Solving
854991,Account Manager,Communication
201511,Auditor,Problem Solving
201511,Auditor,Excel
699835,Employee Relations,Problem Solving
665553,Marketing Executive,Copywriting
665553,Marketing Executive,Google Analytics
665553,Marketing Executive,Content Strategy
890439,Auditor,Communication
716755,HR Manager,Communication
716755,HR Manager,Problem Solving
748838,Financial Analyst,Excel
748838,Financial Analyst,Communication
880580,Auditor,Communication
404757,Business Development,Excel
404757,Business Development,Problem Solving
510610,Cybersecurity Specialist,Firewalls
510610,Cybersecurity Specialist,Network Security
510610,Cybersecurity Specialist,Linux
510610,Cybersecurity Specialist,Incident Response
550593,Data Analyst,Tableau
550593,Data Analyst,Statistics
550593,Data Analyst,SQL
550593,Data Analyst,Excel
961481,Accountant,Excel
234804,Employee Relations,Excel
234804,Employee Relations,Communication
391731,Financial Analyst,Problem Solving
420457,Account Manager,Communication
374045,SEO Specialist,Excel
374045,SEO Specialist,Communication
408708,Data Analyst,Statistics
408708,Data Analyst,PowerBI
408708,Data Analyst,Python
408708,Data Analyst,Tableau
444181,Content Strategist,Excel
444181,Content Strategist,Communication
279158,Recruitment Specialist,Excel
899066,Marketing Executive,Google Analytics
899066,Marketing Executive,SEO
899066,Marketing Executive,Content Strategy
210858,Recruitment Specialist,Problem Solving
324049,Recruitment Specialist,Excel
324049,Recruitment Specialist,Communication
743502,Software Engineer,REST API
743502,Software Engineer,Java
743502,Software Engineer,Docker
743502,Software Engineer,Data Structures
743502,Software Engineer,SQL
556012,HR Manager,Communication
425767,Auditor,Communication
681640,Account Manager,Communication
937965,Financial Analyst,Problem Solving
876231,Data Analyst,Statistics
876231,Data Analyst,SQL
876231,Data Analyst,Python
343042,Content Strategist,Excel
343042,Content Strategist,Communication
597342,Recruitment Specialist,Communication
199900,SEO Specialist,Excel
199900,SEO Specialist,Communication
624293,Employee Relations,Communication
624293,Employee Relations,Excel
666708,Cybersecurity Specialist,Linux
666708,Cybersecurity Specialist,Firewalls
666708,Cybersecurity Specialist,Incident Response
821580,HR Manager,Excel
273429,Content Strategist,Communication
587962,Marketing Executive,Content Strategy
587962,Marketing Executive,Google Analytics
587962,Marketing Executive,Copywriting
158993,HR Manager,Communication
158993,HR Manager,Excel
754402,HR Manager,Communication
147572,Content Strategist,Problem Solving
147572,Content Strategist,Communication
149524,Financial Analyst,Excel
267851,Accountant,Communication
267851,Accountant,Problem Solving
994578,Marketing Executive,Content Strategy
994578,Marketing Executive,Social Media
994578,Marketing Executive,SEO
212840,Account Manager,Communication
212840,Account Manager,Excel
723998,HR Manager,Problem Solving
528120,Auditor,Problem Solving
528120,Auditor,Excel
814209,SEO Specialist,Communication
814209,SEO Specialist,Problem Solving
173088,Accountant,Problem Solving
173088,Accountant,Excel
971324,Business Development,Problem Solving
113859,Auditor,Problem Solving
113859,Auditor,Excel
202575,SEO Specialist,Problem Solving
786419,Cybersecurity Specialist,Incident Response
786419,Cybersecurity Specialist,Linux
786419,Cybersecurity Specialist,Network Security
918412,Content Strategist,Problem Solving
918412,Content Strategist,Communication
923713,Content Strategist,Excel
923713,Content Strategist,Problem Solving
726267,Employee Relations,Communication
531522,HR Manager,Problem Solving
531522,HR Manager,Communication
668287,Data Analyst,Excel
668287,Data Analyst,Statistics
668287,Data Analyst,Python
668287,Data Analyst,SQL
562237,Sales Executive,Salesforce
562237,Sales Executive,Excel
562237,Sales Executive,Communication
562237,Sales Executive,CRM Software
842209,Business Development,Problem Solving
907833,Account Manager,Problem Solving
907833,Account Manager,Excel
294821,Data Analyst,Python
294821,Data Analyst,Tableau
294821,Data Analyst,PowerBI
294821,Data Analyst,SQL
294821,Data Analyst,Statistics
647109,Auditor,Communication
647109,Auditor,Excel
217539,SEO Specialist,Communication
306888,Financial Analyst,Problem Solving
306888,Financial Analyst,Communication
930376,Financial Analyst,Communication
930376,Financial Analyst,Problem Solving
172400,Employee Relations,Problem Solving
273417,Recruitment Specialist,Excel
685654,Software Engineer,Git
685654,Software Engineer,Data Structures
685654,Software Engineer,Java
728627,Sales Executive,Communication
728627,Sales Executive,CRM Software
728627,Sales Executive,Salesforce
728627,Sales Executive,Lead Generation
738311,SEO Specialist,Excel
738311,SEO Specialist,Problem Solving
656933,SEO Specialist,Communication
878794,Financial Analyst,Communication
878794,Financial Analyst,Problem Solving
796535,Cybersecurity Specialist,Network Security
796535,Cybersecurity Specialist,Python
796535,Cybersecurity Specialist,Firewalls
756402,Cybersecurity Specialist,Python
756402,Cybersecurity Specialist,Linux
756402,Cybersecurity Specialist,Firewalls
506054,Data Analyst,Statistics
506054,Data Analyst,SQL
506054,Data Analyst,Excel
506054,Data Analyst,Python
556870,SEO Specialist,Excel
518242,HR Manager,Communication
518242,HR Manager,Excel
317218,Auditor,Communication
177238,Auditor,Communication
652243,Account Manager,Problem Solving
652243,Account Manager,Excel
665258,Marketing Executive,Social Media
665258,Marketing Executive,SEO
665258,Marketing Executive,Content Strategy
254095,Data Analyst,PowerBI
254095,Data Analyst,Statistics
254095,Data Analyst,SQL
254095,Data Analyst,Tableau
521820,SEO Specialist,Problem Solving
328735,Financial Analyst,Excel
328735,Financial Analyst,Communication
619872,Cybersecurity Specialist,Linux
619872,Cybersecurity Specialist,Network Security
619872,Cybersecurity Specialist,Firewalls
619872,Cybersecurity Specialist,Python
648758,Financial Analyst,Problem Solving
648758,Financial Analyst,Communication
412273,Account Manager,Communication
412273,Account Manager,Problem Solving
832515,Recruitment Specialist,Excel
333120,Recruitment Specialist,Communication
333120,Recruitment Specialist,Excel
715641,Software Engineer,Git
715641,Software Engineer,REST API
715641,Software Engineer,Java
715641,Software Engineer,Python
715641,Software Engineer,Docker
772182,Accountant,Excel
366953,Data Analyst,Tableau
366953,Data Analyst,Python
366953,Data Analyst,SQL
366953,Data Analyst,PowerBI
807043,Content Strategist,Excel
739863,Marketing Executive,Content Strategy
739863,Marketing Executive,SEO
739863,Marketing Executive,Google Analytics
739863,Marketing Executive,Social Media
625906,Cybersecurity Specialist,Python
625906,Cybersecurity Specialist,Incident Response
625906,Cybersecurity Specialist,Firewalls
340579,Recruitment Specialist,Communication
340579,Recruitment Specialist,Problem Solving
423044,Content Strategist,Problem Solving
423044,Content Strategist,Communication
975516,SEO Specialist,Excel
716498,HR Manager,Problem Solving
716498,HR Manager,Communication
870543,Recruitment Specialist,Communication
870543,Recruitment Specialist,Excel
580145,Business Development,Problem Solving
580145,Business Development,Excel
746049,SEO Specialist,Problem Solving
746049,SEO Specialist,Excel
538887,Recruitment Specialist,Excel
538887,Recruitment Specialist,Problem Solving
412757,Employee Relations,Problem Solving
559289,HR Manager,Communication
857674,Employee Relations,Excel
857674,Employee Relations,Problem Solving
918144,HR Manager,Problem Solving
898197,Financial Analyst,Excel
898197,Financial Analyst,Problem Solving
221770,HR Manager,Excel
221770,HR Manager,Problem Solving
127736,Software Engineer,Git
127736,Software Engineer,Data Structures
127736,Software Engineer,Java
127736,Software Engineer,REST API
127736,Software Engineer,Docker
298513,Data Analyst,PowerBI
298513,Data Analyst,SQL
298513,Data Analyst,Tableau
298513,Data Analyst,Statistics
835477,Financial Analyst,Problem Solving
474033,Auditor,Communication
365161,Marketing Executive,Google Analytics
365161,Marketing Executive,Copywriting
365161,Marketing Executive,Social Media
915366,Employee Relations,Excel
598048,Business Development,Problem Solving
598048,Business Development,Excel
246294,Marketing Executive,Google Analytics
246294,Marketing Executive,Copywriting
246294,Marketing Executive,SEO
320412,Employee Relations,Communication
320412,Employee Relations,Excel
804321,Business Development,Communication
644599,Sales Executive,Excel
644599,Sales Executive,Communication
644599,Sales Executive,Negotiation
644599,Sales Executive,Salesforce
142719,Financial Analyst,Excel
142719,Financial Analyst,Communication
152231,Business Development,Problem Solving
604081,Software Engineer,Data Structures
604081,Software Engineer,REST API
604081,Software Engineer,Docker
604081,Software Engineer,Python
880576,Accountant,Problem Solving
536553,Marketing Executive,SEO
536553,Marketing Executive,Google Analytics
536553,Marketing Executive,Content Strategy
254337,Marketing Executive,SEO
254337,Marketing Executive,Content Strategy
254337,Marketing Executive,Google Analytics
494655,SEO Specialist,Communication
285619,Cybersecurity Specialist,Network Security
285619,Cybersecurity Specialist,Firewalls
285619,Cybersecurity Specialist,Python
285619,Cybersecurity Specialist,Linux
909565,Account Manager,Communication
909565,Account Manager,Excel
880631,Employee Relations,Problem Solving
880631,Employee Relations,Excel
910959,Marketing Executive,Google Analytics
910959,Marketing Executive,Social Media
760305,Content Strategist,Communication
760305,Content Strategist,Excel
576286,Recruitment Specialist,Communication
210947,Business Development,Problem Solving
210947,Business Development,Excel
534568,Recruitment Specialist,Excel
132325,Accountant,Excel
132325,Accountant,Communication
380101,Content Strategist,Problem Solving
276251,Accountant,Communication
255648,Cybersecurity Specialist,Linux
255648,Cybersecurity Specialist,Network Security
255648,Cybersecurity Specialist,Incident Response
426202,Financial Analyst,Excel
426202,Financial Analyst,Communication
425169,Auditor,Problem Solving
957633,Marketing Executive,Google Analytics
957633,Marketing Executive,Content Strategy
283446,SEO Specialist,Problem Solving
283446,SEO Specialist,Excel
305557,Software Engineer,Git
305557,Software Engineer,Docker
305557,Software Engineer,REST API
305557,Software Engineer,SQL
305557,Software Engineer,Java
988823,SEO Specialist,Communication
126764,Auditor,Communication
871187,Cybersecurity Specialist,Network Security
871187,Cybersecurity Specialist,Firewalls
871187,Cybersecurity Specialist,Python
786981,Recruitment Specialist,Excel
786981,Recruitment Specialist,Problem Solving
343070,Account Manager,Problem Solving
343070,Account Manager,Excel
713097,Account Manager,Communication
552230,Sales Executive,Excel
552230,Sales Executive,CRM Software
552230,Sales Executive,Lead Generation
552230,Sales Executive,Negotiation
689917,Content Strategist,Problem Solving
689917,Content Strategist,Communication
608866,Data Analyst,SQL
608866,Data Analyst,Tableau
608866,Data Analyst,Python
408868,Auditor,Communication
408868,Auditor,Problem Solving
815458,Recruitment Specialist,Communication
597089,Account Manager,Excel
750794,Accountant,Communication
750794,Accountant,Problem Solving
766737,Accountant,Problem Solving
552784,Software Engineer,Docker
552784,Software Engineer,Java
552784,Software Engineer,Python
552784,Software Engineer,Git
552784,Software Engineer,SQL
730147,Auditor,Excel
730147,Auditor,Communication
785949,Recruitment Specialist,Excel
454328,HR Manager,Problem Solving
223501,Account Manager,Communication
381357,Financial Analyst,Problem Solving
998502,HR Manager,Excel
998502,HR Manager,Problem Solving
306118,SEO Specialist,Problem Solving
306118,SEO Specialist,Communication
174408,Financial Analyst,Problem Solving
174408,Financial Analyst,Communication
304460,Sales Executive,Lead Generation
304460,Sales Executive,Salesforce
304460,Sales Executive,CRM Software
483445,Financial Analyst,Excel
128657,Employee Relations,Problem Solving
373472,Content Strategist,Problem Solving
373472,Content Strategist,Communication
908419,Auditor,Communication
908419,Auditor,Excel
563319,SEO Specialist,Problem Solving
563319,SEO Specialist,Excel
912426,Marketing Executive,SEO
912426,Marketing Executive,Google Analytics
355899,Employee Relations,Excel
609935,Employee Relations,Communication
476904,Data Analyst,SQL
476904,Data Analyst,Excel
476904,Data Analyst,PowerBI
485690,Employee Relations,Excel
764583,Account Manager,Communication
764583,Account Manager,Problem Solving
695958,Financial Analyst,Communication
695958,Financial Analyst,Problem Solving
604624,Account Manager,Communication
694488,Software Engineer,Java
694488,Software Engineer,Python
694488,Software Engineer,REST API
477031,Accountant,Problem Solving
184613,Marketing Executive,Social Media
184613,Marketing Executive,SEO
184613,Marketing Executive,Google Analytics
170795,HR Manager,Problem Solving
170795,HR Manager,Excel
745468,Sales Executive,Excel
745468,Sales Executive,CRM Software
745468,Sales Executive,Negotiation
709514,Account Manager,Problem Solving
709514,Account Manager,Communication
342115,Software Engineer,SQL
342115,Software Engineer,Python
342115,Software Engineer,Java
342115,Software Engineer,Data Structures
309326,Recruitment Specialist,Problem Solving
668705,Recruitment Specialist,Excel
668705,Recruitment Specialist,Problem Solving
379524,Auditor,Excel
379524,Auditor,Problem Solving
197410,Software Engineer,Git
197410,Software Engineer,Java
197410,Software Engineer,Docker
197410,Software Engineer,Data Structures
557958,Cybersecurity Specialist,Network Security
557958,Cybersecurity Specialist,Python
557958,Cybersecurity Specialist,Firewalls
826319,Cybersecurity Specialist,Network Security
826319,Cybersecurity Specialist,Firewalls
412248,Auditor,Excel
780301,Content Strategist,Communication
780301,Content Strategist,Excel
391183,Sales Executive,Lead Generation
391183,Sales Executive,Negotiation
391183,Sales Executive,Communication
368928,Auditor,Communication
152322,Auditor,Problem Solving
152322,Auditor,Excel
758736,Content Strategist,Excel
758736,Content Strategist,Problem Solving
162810,Auditor,Communication
569167,HR Manager,Problem Solving
569167,HR Manager,Communication
355253,Sales Executive,Lead Generation
355253,Sales Executive,Salesforce
355253,Sales Executive,Excel
891662,Account Manager,Communication
891662,Account Manager,Excel
774064,HR Manager,Communication
728646,HR Manager,Excel
728646,HR Manager,Communication
505259,SEO Specialist,Communication
462042,Accountant,Problem Solving
462042,Accountant,Communication
939775,Account Manager,Excel
704703,Marketing Executive,SEO
704703,Marketing Executive,Google Analytics
704703,Marketing Executive,Content Strategy
704703,Marketing Executive,Copywriting
626564,HR Manager,Problem Solving
609775,Marketing Executive,Content Strategy
609775,Marketing Executive,Social Media
609775,Marketing Executive,Copywriting
215780,Auditor,Communication
295853,Auditor,Communication
996507,Financial Analyst,Problem Solving
787897,Data Analyst,Statistics
787897,Data Analyst,PowerBI
787897,Data Analyst,SQL
787897,Data Analyst,Tableau
956601,Marketing Executive,SEO
956601,Marketing Executive,Copywriting
956601,Marketing Executive,Content Strategy
867506,Employee Relations,Communication
781855,Marketing Executive,Google Analytics
781855,Marketing Executive,SEO
781855,Marketing Executive,Content Strategy
468292,Cybersecurity Specialist,Python
468292,Cybersecurity Specialist,Incident Response
468292,Cybersecurity Specialist,Linux
468292,Cybersecurity Specialist,Network Security
429690,Cybersecurity Specialist,Linux
429690,Cybersecurity Specialist,Incident Response
429690,Cybersecurity Specialist,Python
836370,Employee Relations,Excel
677859,Financial Analyst,Excel
654359,Recruitment Specialist,Excel
594994,Auditor,Problem Solving
594994,Auditor,Communication
976678,Business Development,Problem Solving
407888,Account Manager,Problem Solving
424053,Employee Relations,Excel
449851,Accountant,Excel
198245,Cybersecurity Specialist,Network Security
198245,Cybersecurity Specialist,Linux
198245,Cybersecurity Specialist,Python
198245,Cybersecurity Specialist,Firewalls
821313,Account Manager,Problem Solving
292023,Data Analyst,Statistics
292023,Data Analyst,Excel
292023,Data Analyst,Tableau
532857,Sales Executive,Salesforce
532857,Sales Executive,Negotiation
532857,Sales Executive,Communication
532857,Sales Executive,CRM Software
726946,Software Engineer,Data Structures
726946,Software Engineer,Docker
726946,Software Engineer,Python
726946,Software Engineer,SQL
863894,Financial Analyst,Problem Solving
863894,Financial Analyst,Communication
491437,Employee Relations,Problem Solving
961385,Marketing Executive,Social Media
961385,Marketing Executive,Content Strategy
961385,Marketing Executive,Google Analytics
204833,Account Manager,Problem Solving
118155,Accountant,Communication
727315,Marketing Executive,Copywriting
727315,Marketing Executive,Social Media
291860,Accountant,Problem Solving
291860,Accountant,Communication
620525,Sales Executive,Excel
620525,Sales Executive,Communication
620525,Sales Executive,CRM Software
620525,Sales Executive,Lead Generation
623591,Business Development,Communication
623591,Business Development,Excel
364903,Employee Relations,Communication
897973,Account Manager,Excel
829635,Cybersecurity Specialist,Linux
829635,Cybersecurity Specialist,Python
518905,Data Analyst,PowerBI
518905,Data Analyst,Excel
518905,Data Analyst,Statistics
432623,Cybersecurity Specialist,Linux
432623,Cybersecurity Specialist,Firewalls
432623,Cybersecurity Specialist,Incident Response
432623,Cybersecurity Specialist,Network Security
827816,Data Analyst,Statistics
827816,Data Analyst,SQL
827816,Data Analyst,PowerBI
827816,Data Analyst,Excel
823527,Sales Executive,Salesforce
823527,Sales Executive,Excel
823527,Sales Executive,Negotiation
605736,Data Analyst,Excel
605736,Data Analyst,Tableau
605736,Data Analyst,Python
515717,Business Development,Communication
515717,Business Development,Problem Solving
920993,Sales Executive,Negotiation
920993,Sales Executive,Communication
920993,Sales Executive,Lead Generation
675147,Business Development,Communication
698709,Accountant,Excel
264232,Content Strategist,Excel
264232,Content Strategist,Problem Solving
481783,Content Strategist,Problem Solving
481783,Content Strategist,Excel
998209,Account Manager,Communication
321762,Cybersecurity Specialist,Incident Response
321762,Cybersecurity Specialist,Python
321762,Cybersecurity Specialist,Linux
192763,Financial Analyst,Excel
168703,Cybersecurity Specialist,Network Security
168703,Cybersecurity Specialist,Linux
168703,Cybersecurity Specialist,Python
414096,Accountant,Excel
414096,Accountant,Communication
315200,Business Development,Communication
315200,Business Development,Excel
725495,Business Development,Communication
725495,Business Development,Problem Solving
285907,Employee Relations,Excel
836144,Account Manager,Communication
836144,Account Manager,Excel
643444,Recruitment Specialist,Problem Solving
149271,Auditor,Excel
149271,Auditor,Problem Solving
268051,Cybersecurity Specialist,Python
268051,Cybersecurity Specialist,Network Security
268051,Cybersecurity Specialist,Incident Response
323889,Accountant,Communication
323889,Accountant,Excel
396950,SEO Specialist,Communication
396950,SEO Specialist,Excel
963676,Data Analyst,Python
963676,Data Analyst,Tableau
963676,Data Analyst,PowerBI
628051,Cybersecurity Specialist,Firewalls
628051,Cybersecurity Specialist,Incident Response
974685,Financial Analyst,Excel
974685,Financial Analyst,Communication
380906,HR Manager,Problem Solving
380906,HR Manager,Communication
354777,Marketing Executive,Copywriting
354777,Marketing Executive,SEO
354777,Marketing Executive,Google Analytics
354777,Marketing Executive,Social Media
760925,Employee Relations,Excel
123983,Employee Relations,Excel
920467,Sales Executive,Lead Generation
920467,Sales Executive,Salesforce
920467,Sales Executive,Negotiation
186309,Sales Executive,Excel
186309,Sales Executive,Negotiation
186309,Sales Executive,Lead Generation
616423,SEO Specialist,Problem Solving
616423,SEO Specialist,Excel
902228,Business Development,Excel
902228,Business Development,Problem Solving
473464,Sales Executive,CRM Software
473464,Sales Executive,Negotiation
473464,Sales Executive,Salesforce
300481,Marketing Executive,Content Strategy
300481,Marketing Executive,Copywriting
402921,Sales Executive,Excel
402921,Sales Executive,Lead Generation
402921,Sales Executive,Salesforce
402921,Sales Executive,CRM Software
543100,Cybersecurity Specialist,Python
543100,Cybersecurity Specialist,Network Security
573152,Auditor,Problem Solving
573152,Auditor,Communication
109407,Financial Analyst,Problem Solving
109407,Financial Analyst,Communication
172146,Accountant,Excel
172146,Accountant,Communication
419950,Cybersecurity Specialist,Network Security
419950,Cybersecurity Specialist,Incident Response
343205,Employee Relations,Excel
343205,Employee Relations,Communication
224821,SEO Specialist,Communication
224821,SEO Specialist,Excel
186740,Account Manager,Communication
813867,Cybersecurity Specialist,Network Security
813867,Cybersecurity Specialist,Python
813867,Cybersecurity Specialist,Linux
281004,Software Engineer,Python
281004,Software Engineer,Data Structures
281004,Software Engineer,REST API
281004,Software Engineer,Java
281004,Software Engineer,SQL
677386,Marketing Executive,Copywriting
677386,Marketing Executive,Content Strategy
677386,Marketing Executive,Google Analytics
645538,Business Development,Excel
185852,Financial Analyst,Problem Solving
185852,Financial Analyst,Excel
938488,Employee Relations,Problem Solving
698504,Marketing Executive,SEO
698504,Marketing Executive,Social Media
454605,Employee Relations,Excel
527711,HR Manager,Excel
295187,Data Analyst,PowerBI
295187,Data Analyst,Excel
295187,Data Analyst,Statistics
295187,Data Analyst,Python
532306,SEO Specialist,Problem Solving
532306,SEO Specialist,Excel
266915,Auditor,Excel
266915,Auditor,Communication
802816,Auditor,Communication
802816,Auditor,Problem Solving
519176,Marketing Executive,Social Media
519176,Marketing Executive,SEO
519176,Marketing Executive,Google Analytics
313460,Content Strategist,Problem Solving
313460,Content Strategist,Excel
736217,Employee Relations,Communication
736217,Employee Relations,Problem Solving
166316,Business Development,Problem Solving
166316,Business Development,Excel
171279,Content Strategist,Excel
961997,Data Analyst,Statistics
961997,Data Analyst,SQL
961997,Data Analyst,Excel
391668,Sales Executive,Lead Generation
391668,Sales Executive,Negotiation
391668,Sales Executive,CRM Software
821807,HR Manager,Problem Solving
660347,SEO Specialist,Communication
660347,SEO Specialist,Problem Solving
142969,Sales Executive,CRM Software
142969,Sales Executive,Excel
142969,Sales Executive,Negotiation
479925,Business Development,Communication
587669,Employee Relations,Communication
138012,Content Strategist,Communication
138012,Content Strategist,Problem Solving
720596,SEO Specialist,Communication
720596,SEO Specialist,Problem Solving
296089,Sales Executive,Negotiation
296089,Sales Executive,Excel
296089,Sales Executive,Communication
296089,Sales Executive,CRM Software
877306,Software Engineer,REST API
877306,Software Engineer,Java
877306,Software Engineer,SQL
877306,Software Engineer,Python
877306,Software Engineer,Git
251009,Data Analyst,Tableau
251009,Data Analyst,PowerBI
251009,Data Analyst,Statistics
785523,Recruitment Specialist,Communication
785523,Recruitment Specialist,Problem Solving
801732,Data Analyst,Excel
801732,Data Analyst,Tableau
801732,Data Analyst,Python
696500,Account Manager,Problem Solving
696500,Account Manager,Excel
529153,SEO Specialist,Communication
529153,SEO Specialist,Problem Solving
812887,Employee Relations,Excel
383358,Cybersecurity Specialist,Python
383358,Cybersecurity Specialist,Firewalls
383358,Cybersecurity Specialist,Linux
882546,Business Development,Problem Solving
882546,Business Development,Excel
977312,Recruitment Specialist,Problem Solving
724892,Auditor,Communication
724892,Auditor,Excel
530706,Financial Analyst,Excel
530706,Financial Analyst,Problem Solving
705580,Marketing Executive,Google Analytics
705580,Marketing Executive,SEO
388918,Software Engineer,SQL
388918,Software Engineer,Git
388918,Software Engineer,Data Structures
388918,Software Engineer,Java
388918,Software Engineer,REST API
127287,Recruitment Specialist,Problem Solving
927818,Cybersecurity Specialist,Network Security
927818,Cybersecurity Specialist,Python
430810,Data Analyst,Excel
430810,Data Analyst,PowerBI
430810,Data Analyst,Statistics
430810,Data Analyst,Tableau
701419,Business Development,Communication
701419,Business Development,Problem Solving
902856,Data Analyst,Excel
902856,Data Analyst,SQL
902856,Data Analyst,Statistics
902856,Data Analyst,Python
883123,Software Engineer,Docker
883123,Software Engineer,REST API
883123,Software Engineer,Java
883123,Software Engineer,Data Structures
883123,Software Engineer,SQL
979742,HR Manager,Communication
979742,HR Manager,Problem Solving
149327,Employee Relations,Excel
513418,Software Engineer,Python
513418,Software Engineer,Git
513418,Software Engineer,SQL
513418,Software Engineer,Data Structures
526227,SEO Specialist,Problem Solving
526227,SEO Specialist,Communication
260608,SEO Specialist,Excel
984420,Accountant,Communication
817183,Employee Relations,Excel
817183,Employee Relations,Communication
507252,Content Strategist,Communication
507252,Content Strategist,Excel
794803,Auditor,Excel
491565,Cybersecurity Specialist,Network Security
491565,Cybersecurity Specialist,Firewalls
491565,Cybersecurity Specialist,Incident Response
658033,Account Manager,Problem Solving
658033,Account Manager,Communication
570204,Accountant,Problem Solving
325961,Business Development,Problem Solving
613857,Data Analyst,PowerBI
613857,Data Analyst,Tableau
613857,Data Analyst,Excel
654059,Recruitment Specialist,Excel
809318,Financial Analyst,Problem Solving
809318,Financial Analyst,Communication
868275,HR Manager,Excel
868275,HR Manager,Communication
185293,Auditor,Problem Solving
185293,Auditor,Communication
453361,Marketing Executive,Google Analytics
453361,Marketing Executive,Copywriting
453361,Marketing Executive,SEO
453361,Marketing Executive,Social Media
111448,Employee Relations,Problem Solving
111448,Employee Relations,Excel
769057,HR Manager,Problem Solving
769057,HR Manager,Communication
432356,Marketing Executive,Social Media
432356,Marketing Executive,Content Strategy
432356,Marketing Executive,Google Analytics
102861,Auditor,Communication
102861,Auditor,Excel
375081,Account Manager,Communication
375081,Account Manager,Excel
125896,Recruitment Specialist,Excel
176626,Employee Relations,Excel
176626,Employee Relations,Communication
181960,Accountant,Excel
181960,Accountant,Problem Solving
445495,Sales Executive,Negotiation
445495,Sales Executive,Excel
445495,Sales Executive,CRM Software
445495,Sales Executive,Communication
445495,Sales Executive,Lead Generation
659816,Account Manager,Excel
233858,Cybersecurity Specialist,Python
233858,Cybersecurity Specialist,Network Security
233858,Cybersecurity Specialist,Firewalls
531234,Account Manager,Excel
531234,Account Manager,Problem Solving
310262,Recruitment Specialist,Communication
751413,SEO Specialist,Communication
724782,HR Manager,Communication
174133,Sales Executive,Salesforce
174133,Sales Executive,Excel
174133,Sales Executive,Negotiation
174133,Sales Executive,Communication
631695,Employee Relations,Communication
253805,SEO Specialist,Communication
540202,Recruitment Specialist,Excel
540202,Recruitment Specialist,Problem Solving
239737,Auditor,Excel
239737,Auditor,Communication
993873,Financial Analyst,Excel
993873,Financial Analyst,Communication
166202,Cybersecurity Specialist,Python
166202,Cybersecurity Specialist,Incident Response
166202,Cybersecurity Specialist,Firewalls
248820,Marketing Executive,Copywriting
248820,Marketing Executive,Google Analytics
248820,Marketing Executive,Social Media
248820,Marketing Executive,SEO
356052,Data Analyst,Excel
356052,Data Analyst,SQL
356052,Data Analyst,Tableau
356052,Data Analyst,Python
981715,Data Analyst,Statistics
981715,Data Analyst,SQL
981715,Data Analyst,PowerBI
981715,Data Analyst,Excel
849892,Account Manager,Communication
849892,Account Manager,Problem Solving
389359,Account Manager,Communication
389359,Account Manager,Excel
652128,Employee Relations,Communication
652128,Employee Relations,Problem Solving
192691,Financial Analyst,Problem Solving
192691,Financial Analyst,Communication
939860,Recruitment Specialist,Communication
874068,Accountant,Communication
220546,Employee Relations,Excel
664068,Recruitment Specialist,Excel
664068,Recruitment Specialist,Problem Solving
478792,Sales Executive,Negotiation
478792,Sales Executive,Salesforce
478792,Sales Executive,Communication
478792,Sales Executive,Lead Generation
748863,SEO Specialist,Communication
748863,SEO Specialist,Problem Solving
405642,Account Manager,Problem Solving
405642,Account Manager,Excel
449648,Content Strategist,Problem Solving
449648,Content Strategist,Communication
582709,Cybersecurity Specialist,Incident Response
582709,Cybersecurity Specialist,Firewalls
907550,Account Manager,Excel
279221,SEO Specialist,Excel
603832,Financial Analyst,Communication
603832,Financial Analyst,Problem Solving
314593,Accountant,Communication
579449,Account Manager,Problem Solving
579449,Account Manager,Excel
536596,Financial Analyst,Problem Solving
910867,HR Manager,Communication
910867,HR Manager,Problem Solving
216324,Recruitment Specialist,Excel
556883,Marketing Executive,Content Strategy
556883,Marketing Executive,SEO
844738,Account Manager,Communication
844738,Account Manager,Excel
318631,HR Manager,Excel
450136,Content Strategist,Problem Solving
489191,Cybersecurity Specialist,Linux
489191,Cybersecurity Specialist,Python
489191,Cybersecurity Specialist,Incident Response
236093,Sales Executive,Excel
236093,Sales Executive,Negotiation
236093,Sales Executive,Salesforce
236093,Sales Executive,CRM Software
591818,Auditor,Communication
591818,Auditor,Excel
950767,Employee Relations,Problem Solving
950767,Employee Relations,Excel
736562,Accountant,Problem Solving
871114,Data Analyst,SQL
871114,Data Analyst,Tableau
871114,Data Analyst,Python
871114,Data Analyst,Statistics
867564,Financial Analyst,Excel
110794,Software Engineer,Data Structures
110794,Software Engineer,Python
110794,Software Engineer,REST API
110794,Software Engineer,SQL
339073,Auditor,Problem Solving
662811,HR Manager,Communication
177667,Cybersecurity Specialist,Linux
177667,Cybersecurity Specialist,Incident Response
177667,Cybersecurity Specialist,Python
177667,Cybersecurity Specialist,Firewalls
277640,Account Manager,Communication
277640,Account Manager,Problem Solving
549301,Accountant,Excel
281956,Employee Relations,Problem Solving
281956,Employee Relations,Communication
924102,Recruitment Specialist,Problem Solving
924102,Recruitment Specialist,Communication
794815,Sales Executive,Lead Generation
794815,Sales Executive,Excel
794815,Sales Executive,Negotiation
262841,Content Strategist,Excel
262841,Content Strategist,Communication
294251,Auditor,Excel
493384,Content Strategist,Problem Solving
409958,Cybersecurity Specialist,Incident Response
409958,Cybersecurity Specialist,Python
409958,Cybersecurity Specialist,Network Security
863675,Account Manager,Excel
863675,Account Manager,Problem Solving
365886,Sales Executive,Lead Generation
365886,Sales Executive,CRM Software
365886,Sales Executive,Communication
365886,Sales Executive,Excel
533566,Cybersecurity Specialist,Incident Response
533566,Cybersecurity Specialist,Linux
911308,Business Development,Communication
423078,Data Analyst,Python
423078,Data Analyst,SQL
423078,Data Analyst,Tableau
934803,Business Development,Communication
950531,Cybersecurity Specialist,Linux
950531,Cybersecurity Specialist,Python
950531,Cybersecurity Specialist,Network Security
950531,Cybersecurity Specialist,Firewalls
757506,Cybersecurity Specialist,Linux
757506,Cybersecurity Specialist,Network Security
474256,Content Strategist,Problem Solving
803323,Auditor,Problem Solving
803323,Auditor,Communication
591905,Financial Analyst,Excel
591905,Financial Analyst,Problem Solving
247430,Data Analyst,Python
247430,Data Analyst,Tableau
247430,Data Analyst,Statistics
247430,Data Analyst,PowerBI
133001,Content Strategist,Excel
133001,Content Strategist,Communication
184728,Data Analyst,Python
184728,Data Analyst,SQL
184728,Data Analyst,Tableau
397762,Financial Analyst,Excel
722685,Financial Analyst,Problem Solving
860614,Account Manager,Communication
860614,Account Manager,Excel
695230,Software Engineer,Docker
695230,Software Engineer,SQL
695230,Software Engineer,REST API
695230,Software Engineer,Java
695230,Software Engineer,Git
602341,Accountant,Communication
602341,Accountant,Problem Solving
957767,SEO Specialist,Problem Solving
509317,Financial Analyst,Problem Solving
824922,Content Strategist,Communication
305519,HR Manager,Excel
215876,Account Manager,Excel
562317,Business Development,Excel
562317,Business Development,Problem Solving
202702,HR Manager,Communication
202702,HR Manager,Excel
842855,Marketing Executive,Copywriting
842855,Marketing Executive,Content Strategy
842855,Marketing Executive,Social Media
497330,Cybersecurity Specialist,Incident Response
497330,Cybersecurity Specialist,Network Security
497330,Cybersecurity Specialist,Firewalls
375832,Data Analyst,PowerBI
375832,Data Analyst,Statistics
375832,Data Analyst,Python
375832,Data Analyst,Tableau
375832,Data Analyst,SQL
777778,Financial Analyst,Problem Solving
777778,Financial Analyst,Communication
208502,Business Development,Communication
822543,Software Engineer,REST API
822543,Software Engineer,SQL
822543,Software Engineer,Docker
822543,Software Engineer,Data Structures
339123,Business Development,Problem Solving
606023,Data Analyst,PowerBI
606023,Data Analyst,SQL
606023,Data Analyst,Python
621334,Software Engineer,Docker
621334,Software Engineer,Data Structures
621334,Software Engineer,SQL
621334,Software Engineer,Python
540806,Data Analyst,Tableau
540806,Data Analyst,SQL
540806,Data Analyst,Excel
540806,Data Analyst,Python
101069,Data Analyst,SQL
101069,Data Analyst,Excel
101069,Data Analyst,PowerBI
101069,Data Analyst,Python
585417,Content Strategist,Problem Solving
802371,Software Engineer,SQL
802371,Software Engineer,Python
802371,Software Engineer,REST API
802371,Software Engineer,Data Structures
802371,Software Engineer,Java
556231,Account Manager,Excel
556231,Account Manager,Problem Solving
981415,Sales Executive,Lead Generation
981415,Sales Executive,Excel
981415,Sales Executive,CRM Software
981415,Sales Executive,Communication
402865,Business Development,Problem Solving
402865,Business Development,Excel
395631,Financial Analyst,Communication
395631,Financial Analyst,Problem Solving
129815,Employee Relations,Communication
655762,Marketing Executive,Content Strategy
655762,Marketing Executive,Social Media
655762,Marketing Executive,SEO
655762,Marketing Executive,Copywriting
124790,Software Engineer,SQL
124790,Software Engineer,Python
124790,Software Engineer,Data Structures
124790,Software Engineer,REST API
145559,Recruitment Specialist,Problem Solving
377949,Auditor,Excel
344629,SEO Specialist,Communication
242841,Content Strategist,Communication
557094,Business Development,Problem Solving
860492,Marketing Executive,Content Strategy
860492,Marketing Executive,Copywriting
354639,HR Manager,Communication
354639,HR Manager,Problem Solving
989716,Account Manager,Communication
628342,SEO Specialist,Excel
628342,SEO Specialist,Problem Solving
947449,Accountant,Communication
120635,Data Analyst,PowerBI
120635,Data Analyst,Excel
120635,Data Analyst,Python
295342,SEO Specialist,Communication
584079,Sales Executive,CRM Software
584079,Sales Executive,Salesforce
584079,Sales Executive,Communication
584079,Sales Executive,Lead Generation
827512,Marketing Executive,Social Media
827512,Marketing Executive,Content Strategy
827512,Marketing Executive,Copywriting
584934,Recruitment Specialist,Problem Solving
584934,Recruitment Specialist,Excel
224965,Recruitment Specialist,Problem Solving
224965,Recruitment Specialist,Communication
430080,Account Manager,Excel
286756,Marketing Executive,Content Strategy
286756,Marketing Executive,Social Media
286756,Marketing Executive,Copywriting
843748,Financial Analyst,Excel
843748,Financial Analyst,Problem Solving
744370,Recruitment Specialist,Problem Solving
744370,Recruitment Specialist,Communication
367828,Data Analyst,Statistics
367828,Data Analyst,Python
367828,Data Analyst,PowerBI
561393,Recruitment Specialist,Excel
561393,Recruitment Specialist,Communication
873186,Content Strategist,Problem Solving
873186,Content Strategist,Excel
260701,Accountant,Communication
846053,Software Engineer,Java
846053,Software Engineer,Docker
846053,Software Engineer,SQL
846053,Software Engineer,REST API
251222,Employee Relations,Excel
251222,Employee Relations,Communication
355954,Data Analyst,Statistics
355954,Data Analyst,SQL
355954,Data Analyst,Excel
355954,Data Analyst,Python
182586,Business Development,Excel
182586,Business Development,Problem Solving
993940,Cybersecurity Specialist,Python
993940,Cybersecurity Specialist,Firewalls
912892,HR Manager,Excel
409027,Software Engineer,Python
409027,Software Engineer,Docker
409027,Software Engineer,Java
409027,Software Engineer,Git
409027,Software Engineer,Data Structures
730338,Content Strategist,Communication
428565,Cybersecurity Specialist,Network Security
428565,Cybersecurity Specialist,Firewalls
428565,Cybersecurity Specialist,Linux
920768,Employee Relations,Excel
117388,Marketing Executive,Social Media
117388,Marketing Executive,Copywriting
117388,Marketing Executive,Google Analytics
117388,Marketing Executive,SEO
964676,Content Strategist,Excel
771837,Business Development,Excel
360357,Cybersecurity Specialist,Network Security
360357,Cybersecurity Specialist,Incident Response
360357,Cybersecurity Specialist,Firewalls
956131,Data Analyst,Python
956131,Data Analyst,SQL
956131,Data Analyst,PowerBI
953951,Employee Relations,Excel
953951,Employee Relations,Problem Solving
812708,Auditor,Communication
812708,Auditor,Problem Solving
513182,Software Engineer,REST API
513182,Software Engineer,SQL
513182,Software Engineer,Git
513182,Software Engineer,Data Structures
513182,Software Engineer,Java
171258,Sales Executive,Communication
171258,Sales Executive,Negotiation
171258,Sales Executive,CRM Software
658375,Employee Relations,Excel
658375,Employee Relations,Problem Solving
191503,Employee Relations,Problem Solving
191503,Employee Relations,Excel
931412,Business Development,Problem Solving
931412,Business Development,Communication
962915,SEO Specialist,Communication
265214,Financial Analyst,Excel
809065,Sales Executive,Communication
809065,Sales Executive,Lead Generation
809065,Sales Executive,Excel
809065,Sales Executive,Negotiation
467412,Data Analyst,PowerBI
467412,Data Analyst,Excel
467412,Data Analyst,Tableau
148829,Account Manager,Excel
148829,Account Manager,Problem Solving
485268,Account Manager,Excel
485268,Account Manager,Communication
892952,Software Engineer,Data Structures
892952,Software Engineer,Git
892952,Software Engineer,Java
892952,Software Engineer,SQL
587217,Employee Relations,Problem Solving
587217,Employee Relations,Communication
505746,Business Development,Problem Solving
627469,Auditor,Excel
154864,Sales Executive,Communication
154864,Sales Executive,Negotiation
154864,Sales Executive,Lead Generation
154864,Sales Executive,CRM Software
401286,Sales Executive,Lead Generation
401286,Sales Executive,Salesforce
401286,Sales Executive,Negotiation
401286,Sales Executive,Communication
559285,Marketing Executive,Google Analytics
559285,Marketing Executive,Content Strategy
559285,Marketing Executive,Copywriting
652674,SEO Specialist,Problem Solving
652674,SEO Specialist,Excel
980096,SEO Specialist,Excel
510681,Employee Relations,Excel
510681,Employee Relations,Problem Solving
900733,Account Manager,Excel
900733,Account Manager,Communication
832583,Account Manager,Problem Solving
725475,Data Analyst,Excel
725475,Data Analyst,Tableau
725475,Data Analyst,Python
725475,Data Analyst,SQL
626921,Employee Relations,Problem Solving
626921,Employee Relations,Communication
417698,Marketing Executive,Social Media
417698,Marketing Executive,Copywriting
417698,Marketing Executive,Google Analytics
417698,Marketing Executive,SEO
794666,Cybersecurity Specialist,Incident Response
794666,Cybersecurity Specialist,Firewalls
794666,Cybersecurity Specialist,Network Security
794666,Cybersecurity Specialist,Python
222441,Employee Relations,Problem Solving
598992,Account Manager,Communication
598992,Account Manager,Excel
704619,SEO Specialist,Communication
987966,Recruitment Specialist,Excel
596168,Cybersecurity Specialist,Network Security
596168,Cybersecurity Specialist,Python
596168,Cybersecurity Specialist,Firewalls
596168,Cybersecurity Specialist,Linux
714131,Sales Executive,Salesforce
714131,Sales Executive,Negotiation
714131,Sales Executive,Lead Generation
714131,Sales Executive,Excel
786766,Accountant,Excel
976104,HR Manager,Problem Solving
976104,HR Manager,Excel
583461,Financial Analyst,Excel
494793,Business Development,Communication
494793,Business Development,Excel
920241,Content Strategist,Excel
185073,Recruitment Specialist,Excel
425152,Business Development,Problem Solving
425152,Business Development,Excel
412263,Recruitment Specialist,Communication
412263,Recruitment Specialist,Problem Solving
295304,Cybersecurity Specialist,Network Security
295304,Cybersecurity Specialist,Linux
812902,Sales Executive,Salesforce
812902,Sales Executive,Lead Generation
812902,Sales Executive,Negotiation
386241,Recruitment Specialist,Communication
837015,Sales Executive,CRM Software
837015,Sales Executive,Lead Generation
837015,Sales Executive,Communication
506737,Auditor,Problem Solving
649034,Sales Executive,CRM Software
649034,Sales Executive,Negotiation
649034,Sales Executive,Salesforce
649034,Sales Executive,Lead Generation
649034,Sales Executive,Communication
535227,Content Strategist,Communication
878473,Sales Executive,Negotiation
878473,Sales Executive,Salesforce
878473,Sales Executive,Lead Generation
433973,Employee Relations,Problem Solving
903269,Auditor,Excel
642012,Content Strategist,Excel
642012,Content Strategist,Communication
982368,Business Development,Excel
620534,Account Manager,Communication
620534,Account Manager,Excel
790512,Financial Analyst,Communication
790512,Financial Analyst,Problem Solving
275234,Data Analyst,Tableau
275234,Data Analyst,PowerBI
275234,Data Analyst,SQL
459765,Auditor,Problem Solving
467569,Content Strategist,Excel
467569,Content Strategist,Communication
452074,Sales Executive,Salesforce
452074,Sales Executive,CRM Software
452074,Sales Executive,Communication
452074,Sales Executive,Negotiation
452074,Sales Executive,Lead Generation
199854,Marketing Executive,Social Media
199854,Marketing Executive,Google Analytics
819626,Cybersecurity Specialist,Python
819626,Cybersecurity Specialist,Network Security
819626,Cybersecurity Specialist,Firewalls
557755,Cybersecurity Specialist,Incident Response
557755,Cybersecurity Specialist,Network Security
557755,Cybersecurity Specialist,Python
826224,Sales Executive,Negotiation
826224,Sales Executive,CRM Software
826224,Sales Executive,Lead Generation
826224,Sales Executive,Salesforce
983907,Content Strategist,Problem Solving
983907,Content Strategist,Excel
947683,Recruitment Specialist,Excel
649122,Data Analyst,Python
649122,Data Analyst,Statistics
649122,Data Analyst,Excel
649122,Data Analyst,Tableau
771230,Cybersecurity Specialist,Python
771230,Cybersecurity Specialist,Firewalls
771230,Cybersecurity Specialist,Incident Response
631678,Marketing Executive,Content Strategy
631678,Marketing Executive,Social Media
631678,Marketing Executive,SEO
182624,Software Engineer,Git
182624,Software Engineer,Python
182624,Software Engineer,Data Structures
182624,Software Engineer,REST API
182624,Software Engineer,Docker
372406,Business Development,Excel
372406,Business Development,Communication
560071,Financial Analyst,Excel
560071,Financial Analyst,Problem Solving
458987,Account Manager,Communication
458987,Account Manager,Excel
731297,Employee Relations,Problem Solving
769605,HR Manager,Communication
769605,HR Manager,Problem Solving
813679,Marketing Executive,Copywriting
813679,Marketing Executive,Content Strategy
813679,Marketing Executive,SEO
564542,Software Engineer,Git
564542,Software Engineer,Docker
564542,Software Engineer,SQL
709235,Content Strategist,Communication
709235,Content Strategist,Excel
309011,Employee Relations,Excel
708684,HR Manager,Excel
708684,HR Manager,Communication
755029,HR Manager,Communication
755029,HR Manager,Excel
685795,Cybersecurity Specialist,Firewalls
685795,Cybersecurity Specialist,Linux
932538,Business Development,Problem Solving
394296,Auditor,Communication
233654,Software Engineer,Data Structures
233654,Software Engineer,SQL
233654,Software Engineer,REST API
233654,Software Engineer,Git
291591,Cybersecurity Specialist,Network Security
291591,Cybersecurity Specialist,Linux
884223,Sales Executive,CRM Software
884223,Sales Executive,Salesforce
884223,Sales Executive,Negotiation
884223,Sales Executive,Excel
472068,Cybersecurity Specialist,Python
472068,Cybersecurity Specialist,Network Security
975230,Financial Analyst,Communication
910846,Account Manager,Excel
930676,Business Development,Problem Solving
930676,Business Development,Communication
982810,Recruitment Specialist,Problem Solving
982810,Recruitment Specialist,Communication
125170,Cybersecurity Specialist,Incident Response
125170,Cybersecurity Specialist,Python
125170,Cybersecurity Specialist,Linux
686882,Content Strategist,Communication
686882,Content Strategist,Problem Solving
533611,HR Manager,Excel
316421,Data Analyst,Tableau
316421,Data Analyst,PowerBI
316421,Data Analyst,Excel
463794,Business Development,Problem Solving
463794,Business Development,Communication
412906,Sales Executive,Salesforce
412906,Sales Executive,Excel
412906,Sales Executive,CRM Software
412906,Sales Executive,Negotiation
555352,Account Manager,Excel
555352,Account Manager,Communication
685912,HR Manager,Communication
756803,Sales Executive,Excel
756803,Sales Executive,Communication
756803,Sales Executive,Negotiation
710022,Content Strategist,Communication
710022,Content Strategist,Excel
354063,Auditor,Excel
555651,Employee Relations,Problem Solving
950473,Data Analyst,SQL
950473,Data Analyst,PowerBI
950473,Data Analyst,Statistics
950473,Data Analyst,Python
702767,HR Manager,Problem Solving
806233,Software Engineer,REST API
806233,Software Engineer,SQL
806233,Software Engineer,Docker
806233,Software Engineer,Python
893650,Business Development,Excel
893650,Business Development,Problem Solving
526280,Data Analyst,PowerBI
526280,Data Analyst,Tableau
526280,Data Analyst,Python
526280,Data Analyst,SQL
216769,HR Manager,Problem Solving
216769,HR Manager,Excel
912187,Business Development,Excel
912187,Business Development,Problem Solving
381421,Data Analyst,Tableau
381421,Data Analyst,Python
381421,Data Analyst,PowerBI
189778,Sales Executive,Excel
189778,Sales Executive,Lead Generation
189778,Sales Executive,Salesforce
189778,Sales Executive,Communication
295929,Software Engineer,REST API
295929,Software Engineer,Java
295929,Software Engineer,Python
295929,Software Engineer,Data Structures
716034,Sales Executive,Excel
716034,Sales Executive,Communication
716034,Sales Executive,CRM Software
968521,Cybersecurity Specialist,Python
968521,Cybersecurity Specialist,Network Security
968521,Cybersecurity Specialist,Linux
842724,Cybersecurity Specialist,Python
842724,Cybersecurity Specialist,Network Security
486122,Sales Executive,Salesforce
486122,Sales Executive,CRM Software
486122,Sales Executive,Negotiation
486122,Sales Executive,Communication
934241,Accountant,Problem Solving
528942,Recruitment Specialist,Communication
835092,SEO Specialist,Problem Solving
835092,SEO Specialist,Excel
646920,Auditor,Communication
764085,Auditor,Problem Solving
891153,Data Analyst,Excel
891153,Data Analyst,SQL
891153,Data Analyst,Statistics
891153,Data Analyst,Tableau
891153,Data Analyst,PowerBI
917623,Account Manager,Excel
917623,Account Manager,Problem Solving
478328,Marketing Executive,Social Media
478328,Marketing Executive,SEO
478328,Marketing Executive,Google Analytics
495214,Sales Executive,Salesforce
495214,Sales Executive,Communication
495214,Sales Executive,CRM Software
495214,Sales Executive,Lead Generation
896289,Auditor,Communication
521025,Software Engineer,Data Structures
521025,Software Engineer,Docker
521025,Software Engineer,Python
592572,Recruitment Specialist,Problem Solving
592572,Recruitment Specialist,Excel
790331,Business Development,Excel
625849,Business Development,Communication
429167,Software Engineer,Git
429167,Software Engineer,REST API
429167,Software Engineer,Java
739353,Recruitment Specialist,Excel
739353,Recruitment Specialist,Problem Solving
941613,Employee Relations,Problem Solving
941613,Employee Relations,Communication
607836,SEO Specialist,Communication
607836,SEO Specialist,Problem Solving
505017,Employee Relations,Problem Solving
334126,Account Manager,Communication
749978,Financial Analyst,Excel
749978,Financial Analyst,Communication
207885,Recruitment Specialist,Problem Solving
207885,Recruitment Specialist,Communication
269172,Cybersecurity Specialist,Python
269172,Cybersecurity Specialist,Incident Response
899019,Financial Analyst,Problem Solving
899019,Financial Analyst,Excel
482871,HR Manager,Excel
491256,Recruitment Specialist,Excel
491256,Recruitment Specialist,Communication
252870,Accountant,Communication
252870,Accountant,Problem Solving
144723,Account Manager,Problem Solving
860222,Software Engineer,Data Structures
860222,Software Engineer,REST API
860222,Software Engineer,Docker
860222,Software Engineer,SQL
229431,SEO Specialist,Communication
229431,SEO Specialist,Problem Solving
471162,Financial Analyst,Excel
471162,Financial Analyst,Communication
881395,Financial Analyst,Communication
881395,Financial Analyst,Problem Solving
296520,Data Analyst,PowerBI
296520,Data Analyst,Python
296520,Data Analyst,Excel
296520,Data Analyst,SQL
880399,Business Development,Excel
880399,Business Development,Problem Solving
691129,SEO Specialist,Communication
346676,Data Analyst,Python
346676,Data Analyst,SQL
346676,Data Analyst,Excel
832077,HR Manager,Problem Solving
832077,HR Manager,Excel
578704,Sales Executive,Communication
578704,Sales Executive,Negotiation
578704,Sales Executive,Excel
578704,Sales Executive,CRM Software
508959,Cybersecurity Specialist,Firewalls
508959,Cybersecurity Specialist,Python
508959,Cybersecurity Specialist,Incident Response
504938,Content Strategist,Problem Solving
504938,Content Strategist,Communication
103022,Data Analyst,Excel
103022,Data Analyst,PowerBI
103022,Data Analyst,Statistics
103022,Data Analyst,Python
103022,Data Analyst,SQL
331851,Auditor,Communication
331851,Auditor,Problem Solving
135798,Employee Relations,Communication
974392,HR Manager,Excel
974392,HR Manager,Problem Solving
888872,Marketing Executive,Social Media
888872,Marketing Executive,Content Strategy
152410,Business Development,Communication
461348,Data Analyst,Tableau
461348,Data Analyst,SQL
461348,Data Analyst,Excel
461348,Data Analyst,Statistics
311245,Recruitment Specialist,Communication
311245,Recruitment Specialist,Problem Solving
476084,SEO Specialist,Problem Solving
906004,Software Engineer,Git
906004,Software Engineer,Docker
906004,Software Engineer,Data Structures
906004,Software Engineer,REST API
296920,Auditor,Excel
903534,Employee Relations,Communication
735366,Financial Analyst,Communication
326562,Data Analyst,Tableau
326562,Data Analyst,Excel
326562,Data Analyst,SQL
326562,Data Analyst,Statistics
503846,SEO Specialist,Excel
236702,Accountant,Excel
236702,Accountant,Communication
174984,Accountant,Communication
174984,Accountant,Excel
656968,Account Manager,Problem Solving
734970,Business Development,Communication
734970,Business Development,Excel
992439,Business Development,Problem Solving
892742,SEO Specialist,Excel
305331,Marketing Executive,Social Media
305331,Marketing Executive,Copywriting
305331,Marketing Executive,Google Analytics
305331,Marketing Executive,SEO
433200,SEO Specialist,Communication
433200,SEO Specialist,Problem Solving
349019,Content Strategist,Problem Solving
539075,HR Manager,Communication
539075,HR Manager,Excel
329541,Sales Executive,Negotiation
329541,Sales Executive,CRM Software
329541,Sales Executive,Communication
540989,Auditor,Problem Solving
540989,Auditor,Communication
294096,SEO Specialist,Excel
271056,Account Manager,Communication
209939,Sales Executive,CRM Software
209939,Sales Executive,Excel
209939,Sales Executive,Salesforce
209939,Sales Executive,Lead Generation
163488,Auditor,Problem Solving
139462,Financial Analyst,Problem Solving
139462,Financial Analyst,Excel
604075,Marketing Executive,SEO
604075,Marketing Executive,Google Analytics
604075,Marketing Executive,Copywriting
316519,Recruitment Specialist,Problem Solving
316519,Recruitment Specialist,Excel
987975,Business Development,Communication
987975,Business Development,Excel
476370,Employee Relations,Excel
476370,Employee Relations,Problem Solving
207158,Sales Executive,CRM Software
207158,Sales Executive,Salesforce
207158,Sales Executive,Communication
207158,Sales Executive,Excel
339624,HR Manager,Problem Solving
339624,HR Manager,Excel
858660,Accountant,Excel
858660,Accountant,Communication
650269,Account Manager,Excel
331877,Accountant,Excel
263674,Content Strategist,Problem Solving
263674,Content Strategist,Communication
858826,Account Manager,Problem Solving
760608,Sales Executive,Communication
760608,Sales Executive,Lead Generation
760608,Sales Executive,Negotiation
760608,Sales Executive,Excel
280988,Software Engineer,Python
280988,Software Engineer,REST API
280988,Software Engineer,Git
280988,Software Engineer,SQL
280988,Software Engineer,Data Structures
649564,Cybersecurity Specialist,Firewalls
649564,Cybersecurity Specialist,Incident Response
649564,Cybersecurity Specialist,Network Security
649564,Cybersecurity Specialist,Python
985721,Employee Relations,Excel
985721,Employee Relations,Problem Solving
410234,Auditor,Problem Solving
219835,Marketing Executive,Google Analytics
219835,Marketing Executive,Copywriting
165205,Employee Relations,Problem Solving
825317,Account Manager,Communication
825317,Account Manager,Problem Solving
958787,Auditor,Communication
600490,Auditor,Excel
600490,Auditor,Communication
791313,Account Manager,Problem Solving
791313,Account Manager,Communication
249463,Data Analyst,Tableau
249463,Data Analyst,Statistics
249463,Data Analyst,Python
249463,Data Analyst,SQL
175348,Recruitment Specialist,Problem Solving
840063,Sales Executive,Excel
840063,Sales Executive,Communication
840063,Sales Executive,Negotiation
840063,Sales Executive,Salesforce
656576,HR Manager,Excel
853536,Recruitment Specialist,Communication
954064,Employee Relations,Excel
719379,SEO Specialist,Problem Solving
581148,Financial Analyst,Communication
111544,SEO Specialist,Excel
210159,Employee Relations,Problem Solving
507310,Financial Analyst,Problem Solving
507310,Financial Analyst,Excel
994618,Financial Analyst,Communication
994618,Financial Analyst,Problem Solving
142405,Employee Relations,Communication
170269,Employee Relations,Excel
389401,SEO Specialist,Excel
389401,SEO Specialist,Problem Solving
123940,Recruitment Specialist,Excel
662858,Cybersecurity Specialist,Linux
662858,Cybersecurity Specialist,Firewalls
662858,Cybersecurity Specialist,Python
209712,Cybersecurity Specialist,Network Security
209712,Cybersecurity Specialist,Linux
209712,Cybersecurity Specialist,Incident Response
101467,Recruitment Specialist,Excel
101467,Recruitment Specialist,Problem Solving
699588,Marketing Executive,Copywriting
699588,Marketing Executive,Content Strategy
699588,Marketing Executive,Google Analytics
721537,Content Strategist,Excel
152413,Content Strategist,Communication
152413,Content Strategist,Problem Solving
700543,Accountant,Excel
587804,Account Manager,Problem Solving
587804,Account Manager,Communication
787645,Employee Relations,Problem Solving
943710,Auditor,Excel
386626,Data Analyst,PowerBI
386626,Data Analyst,Excel
386626,Data Analyst,Tableau
386626,Data Analyst,SQL
506570,Employee Relations,Excel
506570,Employee Relations,Communication
713562,Employee Relations,Problem Solving
914388,Cybersecurity Specialist,Firewalls
914388,Cybersecurity Specialist,Python
914388,Cybersecurity Specialist,Linux
914388,Cybersecurity Specialist,Network Security
610139,Software Engineer,REST API
610139,Software Engineer,Java
610139,Software Engineer,Data Structures
610139,Software Engineer,Python
525234,Financial Analyst,Excel
525234,Financial Analyst,Problem Solving
625933,Accountant,Communication
625933,Accountant,Problem Solving
239865,SEO Specialist,Communication
778084,SEO Specialist,Communication
778084,SEO Specialist,Problem Solving
241428,Business Development,Communication
241428,Business Development,Excel
652225,Sales Executive,Negotiation
652225,Sales Executive,CRM Software
652225,Sales Executive,Lead Generation
933510,Content Strategist,Communication
933510,Content Strategist,Excel
363746,Financial Analyst,Problem Solving
581667,Employee Relations,Problem Solving
581667,Employee Relations,Excel
743798,HR Manager,Communication
469954,Recruitment Specialist,Excel
469954,Recruitment Specialist,Problem Solving
817516,Data Analyst,Excel
817516,Data Analyst,SQL
817516,Data Analyst,Python
799579,Software Engineer,Git
799579,Software Engineer,Java
799579,Software Engineer,Python
799579,Software Engineer,REST API
799579,Software Engineer,SQL
206369,SEO Specialist,Problem Solving
206369,SEO Specialist,Excel
808258,Business Development,Communication
273286,HR Manager,Communication
273286,HR Manager,Problem Solving
731862,Auditor,Problem Solving
673345,Financial Analyst,Communication
148578,Accountant,Problem Solving
148578,Accountant,Communication
344541,Data Analyst,SQL
344541,Data Analyst,Tableau
344541,Data Analyst,Statistics
344541,Data Analyst,Excel
573521,Accountant,Excel
573521,Accountant,Communication
406444,SEO Specialist,Excel
406444,SEO Specialist,Problem Solving
488077,Data Analyst,Python
488077,Data Analyst,Statistics
488077,Data Analyst,Excel
873410,Recruitment Specialist,Excel
873410,Recruitment Specialist,Communication
993839,Accountant,Communication
993839,Accountant,Problem Solving
149390,Employee Relations,Communication
149390,Employee Relations,Problem Solving
791130,Accountant,Communication
791130,Accountant,Excel
606623,Employee Relations,Problem Solving
619755,Data Analyst,Statistics
619755,Data Analyst,Python
619755,Data Analyst,SQL
941949,Sales Executive,Excel
941949,Sales Executive,Negotiation
941949,Sales Executive,CRM Software
242372,SEO Specialist,Communication
242372,SEO Specialist,Problem Solving
753460,Account Manager,Communication
753460,Account Manager,Excel
828969,HR Manager,Excel
828969,HR Manager,Problem Solving
609145,Software Engineer,Python
609145,Software Engineer,SQL
609145,Software Engineer,Java
395001,Cybersecurity Specialist,Firewalls
395001,Cybersecurity Specialist,Linux
647978,Accountant,Communication
172683,Account Manager,Excel
172683,Account Manager,Communication
893995,Sales Executive,CRM Software
893995,Sales Executive,Communication
893995,Sales Executive,Lead Generation
792276,Auditor,Communication
672171,Accountant,Communication
672171,Accountant,Excel
771822,Business Development,Communication
922972,Software Engineer,Java
922972,Software Engineer,Git
922972,Software Engineer,REST API
922972,Software Engineer,SQL
922972,Software Engineer,Docker
705108,Financial Analyst,Excel
441034,Software Engineer,Python
441034,Software Engineer,Git
441034,Software Engineer,Docker
441034,Software Engineer,Data Structures
973522,Employee Relations,Communication
973522,Employee Relations,Excel
478193,Recruitment Specialist,Problem Solving
122865,Financial Analyst,Excel
129858,Cybersecurity Specialist,Firewalls
129858,Cybersecurity Specialist,Incident Response
129858,Cybersecurity Specialist,Linux
994100,Content Strategist,Excel
994100,Content Strategist,Communication
434743,Content Strategist,Excel
434743,Content Strategist,Problem Solving
924746,Business Development,Excel
825486,Data Analyst,Python
825486,Data Analyst,Excel
825486,Data Analyst,SQL
867358,Cybersecurity Specialist,Firewalls
867358,Cybersecurity Specialist,Network Security
867358,Cybersecurity Specialist,Incident Response
803122,HR Manager,Communication
993291,Software Engineer,Python
993291,Software Engineer,REST API
993291,Software Engineer,SQL
993291,Software Engineer,Git
270481,Marketing Executive,Google Analytics
270481,Marketing Executive,Copywriting
615326,Account Manager,Excel
359938,Business Development,Communication
359938,Business Development,Problem Solving
715046,Financial Analyst,Problem Solving
830400,Sales Executive,CRM Software
830400,Sales Executive,Communication
830400,Sales Executive,Lead Generation
830400,Sales Executive,Negotiation
694248,Account Manager,Problem Solving
595983,Account Manager,Problem Solving
595983,Account Manager,Excel
759350,Auditor,Communication
759350,Auditor,Excel
286418,Recruitment Specialist,Excel
863654,Content Strategist,Excel
863654,Content Strategist,Communication
523906,Accountant,Communication
977349,Cybersecurity Specialist,Python
977349,Cybersecurity Specialist,Network Security
851226,Accountant,Problem Solving
968218,Software Engineer,Java
968218,Software Engineer,Python
968218,Software Engineer,Data Structures
968218,Software Engineer,SQL
968218,Software Engineer,Docker
419253,Recruitment Specialist,Problem Solving
296917,Data Analyst,Statistics
296917,Data Analyst,PowerBI
296917,Data Analyst,Excel
296917,Data Analyst,SQL
428829,Software Engineer,Git
428829,Software Engineer,Docker
428829,Software Engineer,SQL
428829,Software Engineer,REST API
375139,Data Analyst,Tableau
375139,Data Analyst,Excel
375139,Data Analyst,PowerBI
375139,Data Analyst,Python
742163,Financial Analyst,Excel
894506,Marketing Executive,Social Media
894506,Marketing Executive,Copywriting
894506,Marketing Executive,Google Analytics
279724,Auditor,Excel
279724,Auditor,Problem Solving
646858,Business Development,Communication
875903,Financial Analyst,Communication
315945,Accountant,Communication
315945,Accountant,Excel
392685,Marketing Executive,SEO
392685,Marketing Executive,Copywriting
392685,Marketing Executive,Content Strategy
520370,HR Manager,Excel
520370,HR Manager,Communication
490018,HR Manager,Excel
869133,SEO Specialist,Excel
869133,SEO Specialist,Problem Solving
124448,Content Strategist,Excel
514867,Business Development,Excel
514867,Business Development,Communication
515284,Cybersecurity Specialist,Network Security
515284,Cybersecurity Specialist,Linux
515284,Cybersecurity Specialist,Incident Response
635345,Marketing Executive,Social Media
635345,Marketing Executive,SEO
956179,Auditor,Problem Solving
956179,Auditor,Communication
671698,Recruitment Specialist,Excel
671698,Recruitment Specialist,Problem Solving
803317,Business Development,Communication
563173,Data Analyst,Tableau
563173,Data Analyst,PowerBI
563173,Data Analyst,SQL
210622,HR Manager,Problem Solving
210622,HR Manager,Excel
285614,Marketing Executive,Content Strategy
285614,Marketing Executive,SEO
269372,Employee Relations,Communication
269372,Employee Relations,Problem Solving
831417,Account Manager,Excel
831417,Account Manager,Problem Solving
150433,Data Analyst,Tableau
150433,Data Analyst,Excel
150433,Data Analyst,Python
150433,Data Analyst,Statistics
389434,Marketing Executive,Social Media
389434,Marketing Executive,Copywriting
389434,Marketing Executive,SEO
389434,Marketing Executive,Content Strategy
668245,Employee Relations,Excel
682568,Accountant,Communication
186547,Marketing Executive,SEO
186547,Marketing Executive,Copywriting
678872,Cybersecurity Specialist,Linux
678872,Cybersecurity Specialist,Incident Response
678872,Cybersecurity Specialist,Firewalls
643748,Financial Analyst,Excel
788487,HR Manager,Communication
788487,HR Manager,Excel
184465,Cybersecurity Specialist,Incident Response
184465,Cybersecurity Specialist,Python
184465,Cybersecurity Specialist,Firewalls
184465,Cybersecurity Specialist,Linux
133670,Auditor,Communication
133670,Auditor,Problem Solving
492913,Employee Relations,Excel
492913,Employee Relations,Problem Solving
885920,Auditor,Excel
435928,Content Strategist,Communication
435928,Content Strategist,Excel
660697,Content Strategist,Excel
339677,Employee Relations,Problem Solving
339677,Employee Relations,Excel
386845,Software Engineer,Data Structures
386845,Software Engineer,Git
386845,Software Engineer,Python
386845,Software Engineer,SQL
851201,Data Analyst,Statistics
851201,Data Analyst,Tableau
851201,Data Analyst,Python
851201,Data Analyst,SQL
573538,Accountant,Excel
839249,HR Manager,Excel
756739,Account Manager,Excel
756739,Account Manager,Communication
866490,Data Analyst,SQL
866490,Data Analyst,Python
866490,Data Analyst,Tableau
866490,Data Analyst,Statistics
378536,Data Analyst,PowerBI
378536,Data Analyst,Excel
378536,Data Analyst,Statistics
378536,Data Analyst,SQL
939466,Cybersecurity Specialist,Linux
939466,Cybersecurity Specialist,Firewalls
939466,Cybersecurity Specialist,Network Security
145682,Financial Analyst,Problem Solving
383760,Auditor,Excel
581454,Recruitment Specialist,Communication
581454,Recruitment Specialist,Problem Solving
535051,Accountant,Communication
226681,Software Engineer,Docker
226681,Software Engineer,Java
226681,Software Engineer,REST API
226681,Software Engineer,SQL
226681,Software Engineer,Git
887500,SEO Specialist,Problem Solving
561566,Business Development,Excel
782808,Business Development,Communication
782808,Business Development,Problem Solving
589224,Accountant,Communication
102836,Content Strategist,Communication
102836,Content Strategist,Excel
812606,Content Strategist,Excel
812606,Content Strategist,Problem Solving
903645,Auditor,Problem Solving
903645,Auditor,Communication
111256,Marketing Executive,SEO
111256,Marketing Executive,Google Analytics
111256,Marketing Executive,Content Strategy
204580,Data Analyst,SQL
204580,Data Analyst,Statistics
204580,Data Analyst,Excel
857085,Content Strategist,Problem Solving
857085,Content Strategist,Excel
519117,Business Development,Excel
519117,Business Development,Communication
174200,Software Engineer,Data Structures
174200,Software Engineer,Docker
174200,Software Engineer,REST API
174200,Software Engineer,Git
471062,Cybersecurity Specialist,Network Security
471062,Cybersecurity Specialist,Python
471062,Cybersecurity Specialist,Linux
647667,Sales Executive,Excel
647667,Sales Executive,Salesforce
647667,Sales Executive,Lead Generation
647667,Sales Executive,Communication
151516,Sales Executive,Negotiation
151516,Sales Executive,CRM Software
151516,Sales Executive,Communication
151516,Sales Executive,Lead Generation
652936,Marketing Executive,Google Analytics
652936,Marketing Executive,SEO
652936,Marketing Executive,Social Media
161681,Sales Executive,Communication
161681,Sales Executive,Lead Generation
161681,Sales Executive,Excel
418503,Software Engineer,Java
418503,Software Engineer,REST API
418503,Software Engineer,Python
418503,Software Engineer,SQL
649093,Business Development,Excel
702060,SEO Specialist,Communication
702060,SEO Specialist,Excel
180828,SEO Specialist,Communication
180828,SEO Specialist,Problem Solving
921137,Business Development,Communication
242190,HR Manager,Excel
242190,HR Manager,Problem Solving
389737,SEO Specialist,Communication
389737,SEO Specialist,Problem Solving
115931,SEO Specialist,Problem Solving
115931,SEO Specialist,Excel
413486,Financial Analyst,Communication
327109,Sales Executive,Excel
327109,Sales Executive,Lead Generation
327109,Sales Executive,Negotiation
327109,Sales Executive,CRM Software
883403,Cybersecurity Specialist,Python
883403,Cybersecurity Specialist,Incident Response
229750,Cybersecurity Specialist,Network Security
229750,Cybersecurity Specialist,Incident Response
229750,Cybersecurity Specialist,Firewalls
667357,Sales Executive,Excel
667357,Sales Executive,Negotiation
667357,Sales Executive,Salesforce
667357,Sales Executive,Communication
667357,Sales Executive,Lead Generation
385226,Recruitment Specialist,Excel
385226,Recruitment Specialist,Communication
686098,Auditor,Problem Solving
686098,Auditor,Excel
880431,HR Manager,Excel
441444,Account Manager,Excel
428591,Auditor,Communication
428591,Auditor,Problem Solving
374772,Sales Executive,Communication
374772,Sales Executive,Excel
374772,Sales Executive,CRM Software
374772,Sales Executive,Negotiation
697977,Sales Executive,Excel
697977,Sales Executive,CRM Software
697977,Sales Executive,Communication
920844,Auditor,Communication
722832,HR Manager,Communication
722832,HR Manager,Excel
269236,Data Analyst,Tableau
269236,Data Analyst,SQL
269236,Data Analyst,Excel
269236,Data Analyst,Statistics
515459,Business Development,Communication
896142,Recruitment Specialist,Excel
896142,Recruitment Specialist,Communication
471920,HR Manager,Excel
471920,HR Manager,Communication
499740,Auditor,Excel
793880,Cybersecurity Specialist,Python
793880,Cybersecurity Specialist,Firewalls
793880,Cybersecurity Specialist,Linux
776746,Account Manager,Excel
425637,Content Strategist,Communication
425637,Content Strategist,Excel
467028,Data Analyst,SQL
467028,Data Analyst,Python
467028,Data Analyst,Tableau
608043,Accountant,Communication
261701,HR Manager,Excel
261701,HR Manager,Communication
329309,Content Strategist,Problem Solving
967163,SEO Specialist,Excel
761246,Cybersecurity Specialist,Python
761246,Cybersecurity Specialist,Linux
761246,Cybersecurity Specialist,Incident Response
761246,Cybersecurity Specialist,Network Security
770628,Marketing Executive,Copywriting
770628,Marketing Executive,SEO
770628,Marketing Executive,Content Strategy
417829,Software Engineer,REST API
417829,Software Engineer,Java
417829,Software Engineer,SQL
417829,Software Engineer,Docker
994709,HR Manager,Problem Solving
566242,Account Manager,Problem Solving
566242,Account Manager,Excel
255161,Business Development,Communication
582440,Financial Analyst,Communication
582440,Financial Analyst,Excel
845674,Account Manager,Problem Solving
845674,Account Manager,Excel
343759,Sales Executive,Negotiation
343759,Sales Executive,Excel
343759,Sales Executive,Lead Generation
670589,HR Manager,Communication
365916,Cybersecurity Specialist,Incident Response
365916,Cybersecurity Specialist,Network Security
365916,Cybersecurity Specialist,Linux
655703,Marketing Executive,Content Strategy
655703,Marketing Executive,Copywriting
655703,Marketing Executive,SEO
457226,Financial Analyst,Problem Solving
984853,HR Manager,Excel
672554,Account Manager,Problem Solving
672554,Account Manager,Excel
819727,Marketing Executive,Social Media
819727,Marketing Executive,Google Analytics
819727,Marketing Executive,SEO
271893,Account Manager,Excel
876830,SEO Specialist,Excel
169764,Data Analyst,Tableau
169764,Data Analyst,PowerBI
169764,Data Analyst,Excel
169764,Data Analyst,Statistics
932627,Financial Analyst,Communication
122708,Employee Relations,Excel
122708,Employee Relations,Communication
197333,Software Engineer,Java
197333,Software Engineer,Git
197333,Software Engineer,REST API
331821,Sales Executive,Negotiation
331821,Sales Executive,CRM Software
331821,Sales Executive,Communication
331821,Sales Executive,Lead Generation
589902,Business Development,Communication
282132,Recruitment Specialist,Problem Solving
844914,SEO Specialist,Excel
844914,SEO Specialist,Communication
415369,Financial Analyst,Excel
415369,Financial Analyst,Problem Solving
453419,Sales Executive,Lead Generation
453419,Sales Executive,Negotiation
453419,Sales Executive,CRM Software
453419,Sales Executive,Communication
833667,Accountant,Problem Solving
272269,Employee Relations,Problem Solving
679064,Recruitment Specialist,Excel
679064,Recruitment Specialist,Problem Solving
499544,Account Manager,Excel
330766,Financial Analyst,Excel
330766,Financial Analyst,Communication
558287,Account Manager,Excel
618556,Sales Executive,Communication
618556,Sales Executive,Negotiation
618556,Sales Executive,Lead Generation
618556,Sales Executive,CRM Software
618556,Sales Executive,Excel
892191,Accountant,Communication
992829,Content Strategist,Problem Solving
992829,Content Strategist,Excel
933322,Recruitment Specialist,Excel
933322,Recruitment Specialist,Communication
197938,Account Manager,Excel
577031,Accountant,Excel
681092,Content Strategist,Communication
681092,Content Strategist,Problem Solving
241844,Employee Relations,Communication
241844,Employee Relations,Excel
246470,Employee Relations,Problem Solving
246470,Employee Relations,Communication
616652,Auditor,Excel
653355,Sales Executive,Lead Generation
653355,Sales Executive,Communication
653355,Sales Executive,Negotiation
653355,Sales Executive,Excel
434717,Data Analyst,Tableau
434717,Data Analyst,PowerBI
434717,Data Analyst,Python
434717,Data Analyst,SQL
591325,Data Analyst,Statistics
591325,Data Analyst,Tableau
591325,Data Analyst,SQL
591325,Data Analyst,PowerBI
110370,Business Development,Problem Solving
110370,Business Development,Communication
102004,Data Analyst,Statistics
102004,Data Analyst,PowerBI
102004,Data Analyst,Python
382404,Accountant,Excel
382404,Accountant,Problem Solving
411592,HR Manager,Problem Solving
564424,Marketing Executive,Content Strategy
564424,Marketing Executive,Google Analytics
506722,Financial Analyst,Excel
506722,Financial Analyst,Problem Solving
314720,Account Manager,Problem Solving
746048,Marketing Executive,Copywriting
746048,Marketing Executive,Content Strategy
746048,Marketing Executive,Social Media
486826,Software Engineer,Java
486826,Software Engineer,Python
486826,Software Engineer,Data Structures
207236,Business Development,Problem Solving
207236,Business Development,Excel
684505,Auditor,Communication
738017,HR Manager,Problem Solving
260624,Financial Analyst,Communication
423442,Cybersecurity Specialist,Python
423442,Cybersecurity Specialist,Linux
511897,Accountant,Communication
511897,Accountant,Problem Solving
238458,Financial Analyst,Problem Solving
238458,Financial Analyst,Communication
400150,Financial Analyst,Excel
400150,Financial Analyst,Problem Solving
641882,Accountant,Problem Solving
641882,Accountant,Excel
816666,Sales Executive,Salesforce
816666,Sales Executive,Negotiation
816666,Sales Executive,Lead Generation
816666,Sales Executive,CRM Software
801023,Content Strategist,Problem Solving
299648,Data Analyst,Python
299648,Data Analyst,Excel
299648,Data Analyst,Statistics
421407,Sales Executive,Excel
421407,Sales Executive,Negotiation
421407,Sales Executive,CRM Software
421407,Sales Executive,Communication
712303,Content Strategist,Communication
890908,Auditor,Problem Solving
890908,Auditor,Communication
331236,Accountant,Excel
331236,Accountant,Communication
663581,Marketing Executive,Copywriting
663581,Marketing Executive,SEO
663581,Marketing Executive,Google Analytics
226849,Financial Analyst,Problem Solving
315163,Sales Executive,Lead Generation
315163,Sales Executive,Negotiation
315163,Sales Executive,Excel
184662,Business Development,Problem Solving
184662,Business Development,Excel
114390,Software Engineer,Java
114390,Software Engineer,Data Structures
114390,Software Engineer,REST API
114390,Software Engineer,Python
415417,Software Engineer,Python
415417,Software Engineer,SQL
415417,Software Engineer,Git
415417,Software Engineer,Docker
619849,Sales Executive,CRM Software
619849,Sales Executive,Communication
619849,Sales Executive,Lead Generation
619849,Sales Executive,Negotiation
314472,Accountant,Excel
314472,Accountant,Problem Solving
982874,Financial Analyst,Excel
982874,Financial Analyst,Problem Solving
257706,HR Manager,Communication
675227,Accountant,Excel
405565,Software Engineer,Python
405565,Software Engineer,Java
405565,Software Engineer,Docker
405565,Software Engineer,REST API
845621,Employee Relations,Communication
633964,Financial Analyst,Communication
161961,Auditor,Communication
161961,Auditor,Excel
573316,Software Engineer,Python
573316,Software Engineer,Docker
573316,Software Engineer,Data Structures
616877,Software Engineer,Git
616877,Software Engineer,SQL
616877,Software Engineer,REST API
616877,Software Engineer,Docker
616877,Software Engineer,Java
811762,Account Manager,Communication
811762,Account Manager,Excel
186662,Employee Relations,Problem Solving
186662,Employee Relations,Excel
985305,Account Manager,Communication
985305,Account Manager,Problem Solving
533315,Account Manager,Excel
723420,Marketing Executive,Copywriting
723420,Marketing Executive,Google Analytics
723420,Marketing Executive,Content Strategy
667843,Sales Executive,Negotiation
667843,Sales Executive,Communication
667843,Sales Executive,Lead Generation
472796,Marketing Executive,Content Strategy
472796,Marketing Executive,Google Analytics
472796,Marketing Executive,SEO
959539,Software Engineer,Data Structures
959539,Software Engineer,Java
959539,Software Engineer,Git
130745,Cybersecurity Specialist,Firewalls
130745,Cybersecurity Specialist,Linux
130745,Cybersecurity Specialist,Incident Response
228663,Accountant,Excel
271632,Sales Executive,CRM Software
271632,Sales Executive,Salesforce
271632,Sales Executive,Excel
571695,SEO Specialist,Communication
571695,SEO Specialist,Excel
964277,Accountant,Excel
964277,Accountant,Problem Solving
243975,Marketing Executive,Copywriting
243975,Marketing Executive,SEO
450629,Data Analyst,SQL
450629,Data Analyst,Tableau
450629,Data Analyst,Python
450629,Data Analyst,Statistics
450629,Data Analyst,Excel
680706,Financial Analyst,Excel
680706,Financial Analyst,Problem Solving
345340,Account Manager,Communication
785165,Account Manager,Excel
335553,Software Engineer,SQL
335553,Software Engineer,REST API
335553,Software Engineer,Python
627046,Cybersecurity Specialist,Incident Response
627046,Cybersecurity Specialist,Python
482010,Accountant,Excel
482010,Accountant,Communication
850939,Business Development,Communication
932001,Auditor,Problem Solving
932001,Auditor,Communication
173989,Cybersecurity Specialist,Network Security
173989,Cybersecurity Specialist,Linux
173989,Cybersecurity Specialist,Python
340732,SEO Specialist,Communication
340732,SEO Specialist,Problem Solving
800277,Accountant,Communication
800277,Accountant,Problem Solving
436324,Employee Relations,Excel
436324,Employee Relations,Communication
929892,Content Strategist,Communication
889952,Recruitment Specialist,Problem Solving
556253,Employee Relations,Communication
598176,Auditor,Communication
214260,Cybersecurity Specialist,Incident Response
214260,Cybersecurity Specialist,Network Security
214260,Cybersecurity Specialist,Firewalls
472565,HR Manager,Communication
472565,HR Manager,Excel
357116,Account Manager,Communication
146234,Accountant,Communication
146234,Accountant,Excel
344684,Data Analyst,Python
344684,Data Analyst,SQL
344684,Data Analyst,PowerBI
993445,Marketing Executive,SEO
993445,Marketing Executive,Google Analytics
524782,Data Analyst,PowerBI
524782,Data Analyst,Tableau
524782,Data Analyst,Statistics
115040,Employee Relations,Excel
115040,Employee Relations,Communication
737658,Business Development,Excel
606498,Marketing Executive,Social Media
606498,Marketing Executive,Content Strategy
606498,Marketing Executive,SEO
894280,Software Engineer,Data Structures
894280,Software Engineer,Java
894280,Software Engineer,SQL
894280,Software Engineer,REST API
894280,Software Engineer,Git
214698,Financial Analyst,Communication
262682,Software Engineer,Java
262682,Software Engineer,Data Structures
262682,Software Engineer,REST API
262682,Software Engineer,Python
868872,Auditor,Excel
316427,Recruitment Specialist,Communication
316427,Recruitment Specialist,Excel
831117,Financial Analyst,Communication
831117,Financial Analyst,Problem Solving
449942,Cybersecurity Specialist,Python
449942,Cybersecurity Specialist,Network Security
191554,Software Engineer,Data Structures
191554,Software Engineer,Java
191554,Software Engineer,REST API
191554,Software Engineer,Python
544255,Sales Executive,Lead Generation
544255,Sales Executive,Communication
544255,Sales Executive,Salesforce
544255,Sales Executive,Negotiation
562922,Auditor,Excel
562922,Auditor,Communication
858934,Marketing Executive,Content Strategy
858934,Marketing Executive,Copywriting
314014,Account Manager,Excel
481431,Sales Executive,CRM Software
481431,Sales Executive,Excel
481431,Sales Executive,Communication
481431,Sales Executive,Salesforce
296027,HR Manager,Communication
925720,Employee Relations,Excel
925720,Employee Relations,Problem Solving
224768,HR Manager,Problem Solving
283315,Sales Executive,CRM Software
283315,Sales Executive,Communication
283315,Sales Executive,Lead Generation
283315,Sales Executive,Excel
350772,Data Analyst,Python
350772,Data Analyst,Excel
350772,Data Analyst,Tableau
350772,Data Analyst,PowerBI
721302,HR Manager,Communication
721302,HR Manager,Excel
420355,Financial Analyst,Communication
420355,Financial Analyst,Problem Solving
680880,Sales Executive,Excel
680880,Sales Executive,CRM Software
680880,Sales Executive,Communication
736673,HR Manager,Communication
420188,Business Development,Problem Solving
420188,Business Development,Excel
610097,Marketing Executive,Copywriting
610097,Marketing Executive,Social Media
610097,Marketing Executive,Content Strategy
471042,Marketing Executive,SEO
471042,Marketing Executive,Social Media
471042,Marketing Executive,Google Analytics
327132,Sales Executive,Lead Generation
327132,Sales Executive,Salesforce
327132,Sales Executive,CRM Software
327132,Sales Executive,Communication
704161,Content Strategist,Communication
692903,Accountant,Excel
692903,Accountant,Problem Solving
532049,Employee Relations,Excel
532049,Employee Relations,Problem Solving
880641,Data Analyst,SQL
880641,Data Analyst,Statistics
880641,Data Analyst,Excel
880641,Data Analyst,PowerBI
636931,Cybersecurity Specialist,Python
636931,Cybersecurity Specialist,Incident Response
636931,Cybersecurity Specialist,Linux
182318,Sales Executive,Salesforce
182318,Sales Executive,Communication
182318,Sales Executive,Lead Generation
669867,Financial Analyst,Communication
669867,Financial Analyst,Problem Solving
581080,Recruitment Specialist,Problem Solving
637688,Account Manager,Excel
306594,Cybersecurity Specialist,Python
306594,Cybersecurity Specialist,Network Security
306594,Cybersecurity Specialist,Incident Response
452579,Financial Analyst,Excel
732997,Auditor,Problem Solving
732997,Auditor,Communication
586583,Recruitment Specialist,Problem Solving
586583,Recruitment Specialist,Excel
807421,Accountant,Problem Solving
628378,Employee Relations,Problem Solving
628378,Employee Relations,Communication
752945,Accountant,Excel
119080,Marketing Executive,SEO
119080,Marketing Executive,Copywriting
119080,Marketing Executive,Content Strategy
119080,Marketing Executive,Google Analytics
490265,Software Engineer,SQL
490265,Software Engineer,Docker
490265,Software Engineer,Data Structures
490265,Software Engineer,REST API
124188,Data Analyst,Excel
124188,Data Analyst,Tableau
124188,Data Analyst,SQL
124188,Data Analyst,Statistics
563352,Cybersecurity Specialist,Python
563352,Cybersecurity Specialist,Incident Response
563352,Cybersecurity Specialist,Firewalls
737168,Employee Relations,Problem Solving
737168,Employee Relations,Communication
708706,Auditor,Problem Solving
708706,Auditor,Communication
658558,HR Manager,Communication
664475,Cybersecurity Specialist,Incident Response
664475,Cybersecurity Specialist,Network Security
664475,Cybersecurity Specialist,Firewalls
698276,Business Development,Problem Solving
205046,Sales Executive,Lead Generation
205046,Sales Executive,CRM Software
205046,Sales Executive,Excel
205046,Sales Executive,Communication
205046,Sales Executive,Negotiation
102988,Sales Executive,Negotiation
102988,Sales Executive,Communication
102988,Sales Executive,CRM Software
102988,Sales Executive,Excel
102988,Sales Executive,Salesforce
219699,Auditor,Excel
589664,SEO Specialist,Communication
589664,SEO Specialist,Excel
536049,Financial Analyst,Excel
817248,SEO Specialist,Excel
817248,SEO Specialist,Problem Solving
815629,Data Analyst,Statistics
815629,Data Analyst,Tableau
815629,Data Analyst,SQL
815629,Data Analyst,Excel
936216,Content Strategist,Excel
466622,Marketing Executive,Google Analytics
466622,Marketing Executive,Content Strategy
935629,Recruitment Specialist,Problem Solving
349070,Data Analyst,Excel
349070,Data Analyst,Python
349070,Data Analyst,SQL
349070,Data Analyst,PowerBI
383339,Content Strategist,Excel
400391,Sales Executive,Negotiation
400391,Sales Executive,CRM Software
400391,Sales Executive,Communication
243690,Marketing Executive,Content Strategy
243690,Marketing Executive,Copywriting
243690,Marketing Executive,SEO
243690,Marketing Executive,Google Analytics
457483,Sales Executive,Negotiation
457483,Sales Executive,Salesforce
457483,Sales Executive,CRM Software
457483,Sales Executive,Communication
208148,Recruitment Specialist,Problem Solving
808742,Marketing Executive,Social Media
808742,Marketing Executive,Copywriting
808742,Marketing Executive,Content Strategy
808742,Marketing Executive,Google Analytics
696581,Marketing Executive,Copywriting
696581,Marketing Executive,SEO
696581,Marketing Executive,Social Media
640400,Cybersecurity Specialist,Incident Response
640400,Cybersecurity Specialist,Python
640400,Cybersecurity Specialist,Firewalls
716141,Data Analyst,Statistics
716141,Data Analyst,PowerBI
716141,Data Analyst,Tableau
716141,Data Analyst,SQL
818099,Software Engineer,Java
818099,Software Engineer,Docker
818099,Software Engineer,SQL
818099,Software Engineer,REST API
818099,Software Engineer,Git
362484,Auditor,Communication
362484,Auditor,Problem Solving
347937,Employee Relations,Excel
347937,Employee Relations,Problem Solving
298334,Cybersecurity Specialist,Linux
298334,Cybersecurity Specialist,Firewalls
298334,Cybersecurity Specialist,Network Security
627137,Cybersecurity Specialist,Firewalls
627137,Cybersecurity Specialist,Incident Response
627137,Cybersecurity Specialist,Network Security
627137,Cybersecurity Specialist,Linux
393803,Employee Relations,Problem Solving
364851,Recruitment Specialist,Excel
364851,Recruitment Specialist,Communication
266354,Sales Executive,Salesforce
266354,Sales Executive,Lead Generation
266354,Sales Executive,Excel
266354,Sales Executive,CRM Software
615377,Content Strategist,Excel
615377,Content Strategist,Communication
770107,Auditor,Problem Solving
770107,Auditor,Excel
575847,Business Development,Communication
604572,Sales Executive,Negotiation
604572,Sales Executive,Lead Generation
604572,Sales Executive,Communication
604572,Sales Executive,Salesforce
729190,Content Strategist,Problem Solving
722835,Marketing Executive,Social Media
722835,Marketing Executive,Google Analytics
722835,Marketing Executive,Copywriting
901257,Financial Analyst,Problem Solving
779481,Auditor,Problem Solving
779481,Auditor,Communication
647097,HR Manager,Excel
647097,HR Manager,Problem Solving
498714,Business Development,Problem Solving
697184,HR Manager,Communication
879133,Content Strategist,Problem Solving
879133,Content Strategist,Excel
101319,Content Strategist,Problem Solving
101319,Content Strategist,Communication
383680,Employee Relations,Communication
532562,Software Engineer,Java
532562,Software Engineer,REST API
532562,Software Engineer,Data Structures
532562,Software Engineer,SQL
532562,Software Engineer,Python
544561,Auditor,Excel
600619,Financial Analyst,Excel
600619,Financial Analyst,Problem Solving
406414,Financial Analyst,Communication
465158,Auditor,Communication
465158,Auditor,Problem Solving
998180,HR Manager,Excel
998180,HR Manager,Communication
521118,Data Analyst,Statistics
521118,Data Analyst,Python
521118,Data Analyst,Tableau
521118,Data Analyst,Excel
146964,Data Analyst,Python
146964,Data Analyst,Tableau
146964,Data Analyst,Excel
959628,Marketing Executive,Social Media
959628,Marketing Executive,Content Strategy
720368,Recruitment Specialist,Excel
893936,HR Manager,Excel
893936,HR Manager,Communication
440512,Content Strategist,Problem Solving
425069,HR Manager,Excel
425069,HR Manager,Problem Solving
120682,Business Development,Communication
120682,Business Development,Excel
753155,Sales Executive,CRM Software
753155,Sales Executive,Lead Generation
753155,Sales Executive,Negotiation
753155,Sales Executive,Salesforce
753155,Sales Executive,Excel
399105,Business Development,Communication
399105,Business Development,Problem Solving
800901,Data Analyst,PowerBI
800901,Data Analyst,Python
800901,Data Analyst,Excel
245924,Sales Executive,CRM Software
245924,Sales Executive,Communication
245924,Sales Executive,Negotiation
577958,Financial Analyst,Excel
577958,Financial Analyst,Problem Solving
697287,HR Manager,Communication
697287,HR Manager,Excel
472083,Software Engineer,Python
472083,Software Engineer,Git
472083,Software Engineer,Docker
472083,Software Engineer,Java
190712,Auditor,Problem Solving
657379,Sales Executive,CRM Software
657379,Sales Executive,Negotiation
657379,Sales Executive,Excel
139338,Financial Analyst,Communication
139338,Financial Analyst,Problem Solving
822519,Accountant,Excel
693816,Data Analyst,Statistics
693816,Data Analyst,PowerBI
693816,Data Analyst,Tableau
528008,Account Manager,Excel
528008,Account Manager,Communication
726992,Sales Executive,CRM Software
726992,Sales Executive,Salesforce
726992,Sales Executive,Lead Generation
919129,HR Manager,Excel
919129,HR Manager,Problem Solving
288216,Account Manager,Communication
829382,Accountant,Excel
411201,SEO Specialist,Excel
411201,SEO Specialist,Problem Solving
232350,Recruitment Specialist,Problem Solving
757436,Business Development,Excel
215298,Employee Relations,Excel
407191,Business Development,Excel
407191,Business Development,Communication
655164,Accountant,Problem Solving
461843,Data Analyst,Tableau
461843,Data Analyst,Python
461843,Data Analyst,Statistics
127172,Employee Relations,Excel
127172,Employee Relations,Problem Solving
297565,Data Analyst,SQL
297565,Data Analyst,Excel
297565,Data Analyst,PowerBI
729491,Employee Relations,Communication
728091,Cybersecurity Specialist,Linux
728091,Cybersecurity Specialist,Network Security
728091,Cybersecurity Specialist,Python
377988,Account Manager,Excel
856933,Business Development,Communication
856933,Business Development,Excel
952873,Data Analyst,PowerBI
952873,Data Analyst,Python
952873,Data Analyst,Tableau
952873,Data Analyst,Excel
666026,Financial Analyst,Excel
666026,Financial Analyst,Problem Solving
953160,Sales Executive,Salesforce
953160,Sales Executive,Negotiation
953160,Sales Executive,Lead Generation
953160,Sales Executive,Excel
494930,Recruitment Specialist,Communication
494930,Recruitment Specialist,Excel
758984,Business Development,Excel
758984,Business Development,Communication
723744,Account Manager,Problem Solving
723744,Account Manager,Excel
848235,Content Strategist,Communication
344633,Accountant,Excel
458013,Account Manager,Problem Solving
796792,Employee Relations,Excel
796792,Employee Relations,Problem Solving
656962,Financial Analyst,Excel
656962,Financial Analyst,Problem Solving
949278,Software Engineer,REST API
949278,Software Engineer,Data Structures
949278,Software Engineer,Java
949278,Software Engineer,SQL
948826,Cybersecurity Specialist,Firewalls
948826,Cybersecurity Specialist,Incident Response
948826,Cybersecurity Specialist,Linux
278563,Recruitment Specialist,Communication
193666,Accountant,Excel
467771,Cybersecurity Specialist,Firewalls
467771,Cybersecurity Specialist,Network Security
467771,Cybersecurity Specialist,Linux
305281,Content Strategist,Excel
771970,HR Manager,Problem Solving
209083,HR Manager,Excel
641990,Accountant,Communication
838087,Auditor,Problem Solving
838087,Auditor,Communication
245396,Data Analyst,Tableau
245396,Data Analyst,Python
245396,Data Analyst,PowerBI
245396,Data Analyst,SQL
935669,Business Development,Communication
716173,Employee Relations,Problem Solving
716173,Employee Relations,Excel
742750,Employee Relations,Communication
742750,Employee Relations,Problem Solving
187560,Marketing Executive,Content Strategy
187560,Marketing Executive,Copywriting
187560,Marketing Executive,Social Media
430854,Data Analyst,SQL
430854,Data Analyst,Tableau
430854,Data Analyst,Python
757424,Accountant,Communication
954259,Cybersecurity Specialist,Linux
954259,Cybersecurity Specialist,Firewalls
954259,Cybersecurity Specialist,Python
733338,Financial Analyst,Excel
907038,Recruitment Specialist,Communication
907038,Recruitment Specialist,Excel
767444,Auditor,Communication
213126,Data Analyst,Excel
213126,Data Analyst,Tableau
213126,Data Analyst,Python
213126,Data Analyst,SQL
640097,Software Engineer,Docker
640097,Software Engineer,Data Structures
640097,Software Engineer,Java
640097,Software Engineer,SQL
883472,Marketing Executive,Google Analytics
883472,Marketing Executive,SEO
883472,Marketing Executive,Social Media
883472,Marketing Executive,Content Strategy
429927,Business Development,Communication
429927,Business Development,Excel
920466,Sales Executive,Communication
920466,Sales Executive,Negotiation
920466,Sales Executive,CRM Software
920466,Sales Executive,Lead Generation
618938,Employee Relations,Excel
591046,Data Analyst,PowerBI
591046,Data Analyst,SQL
591046,Data Analyst,Python
903328,Auditor,Excel
903328,Auditor,Problem Solving
117607,Auditor,Communication
785923,Account Manager,Communication
196285,Data Analyst,SQL
196285,Data Analyst,Excel
196285,Data Analyst,Tableau
307074,Software Engineer,Docker
307074,Software Engineer,REST API
307074,Software Engineer,Git
307074,Software Engineer,Python
863944,Marketing Executive,SEO
863944,Marketing Executive,Content Strategy
863944,Marketing Executive,Copywriting
107974,Business Development,Communication
963103,Cybersecurity Specialist,Python
963103,Cybersecurity Specialist,Firewalls
963103,Cybersecurity Specialist,Incident Response
963103,Cybersecurity Specialist,Network Security
640424,Marketing Executive,SEO
640424,Marketing Executive,Google Analytics
640424,Marketing Executive,Copywriting
193366,Marketing Executive,SEO
193366,Marketing Executive,Social Media
821885,HR Manager,Problem Solving
821885,HR Manager,Communication
621461,Recruitment Specialist,Problem Solving
508654,HR Manager,Communication
426921,Recruitment Specialist,Excel
221469,Account Manager,Excel
956549,Marketing Executive,Content Strategy
956549,Marketing Executive,SEO
956549,Marketing Executive,Google Analytics
956549,Marketing Executive,Social Media
982401,Financial Analyst,Problem Solving
486505,Data Analyst,PowerBI
486505,Data Analyst,Python
486505,Data Analyst,SQL
331329,Data Analyst,SQL
331329,Data Analyst,Statistics
331329,Data Analyst,Excel
239159,Account Manager,Problem Solving
990528,Account Manager,Excel
921351,Sales Executive,Salesforce
921351,Sales Executive,Excel
921351,Sales Executive,CRM Software
524971,Account Manager,Excel
524971,Account Manager,Communication
129789,Data Analyst,Python
129789,Data Analyst,SQL
129789,Data Analyst,Statistics
556785,Sales Executive,Lead Generation
556785,Sales Executive,Negotiation
556785,Sales Executive,Excel
556785,Sales Executive,CRM Software
823424,Financial Analyst,Problem Solving
697225,Cybersecurity Specialist,Firewalls
697225,Cybersecurity Specialist,Python
164753,HR Manager,Communication
793996,Auditor,Excel
793996,Auditor,Communication
738308,Auditor,Excel
738308,Auditor,Communication
256422,Auditor,Communication
256422,Auditor,Problem Solving
522247,Cybersecurity Specialist,Firewalls
522247,Cybersecurity Specialist,Linux
158074,Cybersecurity Specialist,Network Security
158074,Cybersecurity Specialist,Python
158074,Cybersecurity Specialist,Incident Response
605041,Data Analyst,PowerBI
605041,Data Analyst,Python
605041,Data Analyst,Excel
680481,Sales Executive,Salesforce
680481,Sales Executive,Communication
680481,Sales Executive,Excel
290472,Account Manager,Communication
463295,Marketing Executive,Google Analytics
463295,Marketing Executive,Content Strategy
792704,Software Engineer,Data Structures
792704,Software Engineer,Java
792704,Software Engineer,Python
792704,Software Engineer,Docker
792704,Software Engineer,SQL
367786,Sales Executive,Communication
367786,Sales Executive,Salesforce
367786,Sales Executive,CRM Software
367786,Sales Executive,Excel
431693,Account Manager,Excel
431693,Account Manager,Communication
775143,Accountant,Communication
546758,Recruitment Specialist,Communication
546758,Recruitment Specialist,Excel
570393,Account Manager,Communication
499627,Sales Executive,Lead Generation
499627,Sales Executive,CRM Software
499627,Sales Executive,Communication
499627,Sales Executive,Salesforce
490730,Auditor,Excel
511585,SEO Specialist,Communication
511585,SEO Specialist,Problem Solving
132252,Cybersecurity Specialist,Network Security
132252,Cybersecurity Specialist,Linux
132252,Cybersecurity Specialist,Firewalls
132252,Cybersecurity Specialist,Incident Response
291381,Data Analyst,Tableau
291381,Data Analyst,Excel
291381,Data Analyst,Statistics
291381,Data Analyst,SQL
258946,Employee Relations,Excel
782846,Auditor,Communication
782846,Auditor,Problem Solving
489260,Cybersecurity Specialist,Network Security
489260,Cybersecurity Specialist,Incident Response
489260,Cybersecurity Specialist,Firewalls
982937,HR Manager,Problem Solving
577270,Financial Analyst,Excel
577270,Financial Analyst,Problem Solving
912975,Business Development,Problem Solving
912975,Business Development,Communication
652581,Employee Relations,Communication
652581,Employee Relations,Excel
734862,SEO Specialist,Problem Solving
949635,Cybersecurity Specialist,Python
949635,Cybersecurity Specialist,Firewalls
949635,Cybersecurity Specialist,Linux
211458,Auditor,Problem Solving
211458,Auditor,Excel
575964,Employee Relations,Excel
182544,Accountant,Problem Solving
382185,Recruitment Specialist,Communication
382185,Recruitment Specialist,Problem Solving
392413,Employee Relations,Communication
838326,Recruitment Specialist,Communication
967016,Marketing Executive,Google Analytics
967016,Marketing Executive,Copywriting
266926,Employee Relations,Problem Solving
266926,Employee Relations,Communication
581595,Financial Analyst,Communication
581595,Financial Analyst,Excel
221365,Auditor,Excel
525539,Sales Executive,Salesforce
525539,Sales Executive,Communication
525539,Sales Executive,CRM Software
525539,Sales Executive,Negotiation
102907,Auditor,Excel
498083,Accountant,Communication
292640,Data Analyst,SQL
292640,Data Analyst,Excel
292640,Data Analyst,Tableau
255426,Software Engineer,Git
255426,Software Engineer,SQL
255426,Software Engineer,Python
509587,Auditor,Excel
509587,Auditor,Communication
648618,Employee Relations,Excel
237189,Data Analyst,SQL
237189,Data Analyst,PowerBI
237189,Data Analyst,Excel
237189,Data Analyst,Python
199050,Content Strategist,Communication
199050,Content Strategist,Problem Solving
112977,Software Engineer,Data Structures
112977,Software Engineer,SQL
112977,Software Engineer,Docker
112977,Software Engineer,Java
112977,Software Engineer,REST API
425234,Content Strategist,Communication
481877,Cybersecurity Specialist,Incident Response
481877,Cybersecurity Specialist,Firewalls
624685,Cybersecurity Specialist,Python
624685,Cybersecurity Specialist,Network Security
624685,Cybersecurity Specialist,Linux
874584,Sales Executive,Excel
874584,Sales Executive,CRM Software
874584,Sales Executive,Lead Generation
874584,Sales Executive,Communication
545145,Content Strategist,Problem Solving
545145,Content Strategist,Communication
578775,Employee Relations,Problem Solving
924070,Auditor,Communication
924070,Auditor,Problem Solving
588338,Cybersecurity Specialist,Incident Response
588338,Cybersecurity Specialist,Firewalls
626281,Content Strategist,Communication
626281,Content Strategist,Problem Solving
364502,Financial Analyst,Excel
364502,Financial Analyst,Problem Solving
353340,Business Development,Excel
353340,Business Development,Problem Solving
416627,Marketing Executive,SEO
416627,Marketing Executive,Social Media
416627,Marketing Executive,Google Analytics
727647,Account Manager,Communication
254394,Cybersecurity Specialist,Network Security
254394,Cybersecurity Specialist,Firewalls
542857,HR Manager,Communication
542857,HR Manager,Problem Solving
570523,Employee Relations,Communication
570523,Employee Relations,Excel
999233,Sales Executive,CRM Software
999233,Sales Executive,Salesforce
999233,Sales Executive,Communication
999233,Sales Executive,Excel
787247,Software Engineer,Git
787247,Software Engineer,SQL
787247,Software Engineer,REST API
787247,Software Engineer,Docker
434108,Auditor,Problem Solving
434108,Auditor,Communication
687398,Cybersecurity Specialist,Firewalls
687398,Cybersecurity Specialist,Incident Response
761608,Marketing Executive,Google Analytics
761608,Marketing Executive,SEO
702859,SEO Specialist,Excel
702859,SEO Specialist,Problem Solving
539556,Data Analyst,SQL
539556,Data Analyst,Tableau
539556,Data Analyst,Statistics
517159,Business Development,Excel
394783,HR Manager,Problem Solving
457913,Auditor,Communication
457913,Auditor,Excel
923149,Account Manager,Excel
870520,Cybersecurity Specialist,Firewalls
870520,Cybersecurity Specialist,Linux
363725,Auditor,Communication
363725,Auditor,Problem Solving
962884,SEO Specialist,Problem Solving
487489,Sales Executive,Communication
487489,Sales Executive,CRM Software
487489,Sales Executive,Negotiation
746654,Software Engineer,Python
746654,Software Engineer,Data Structures
746654,Software Engineer,SQL
746654,Software Engineer,Git
634540,Sales Executive,Lead Generation
634540,Sales Executive,Salesforce
634540,Sales Executive,Communication
193844,Recruitment Specialist,Communication
578669,Cybersecurity Specialist,Python
578669,Cybersecurity Specialist,Linux
578669,Cybersecurity Specialist,Firewalls
168402,SEO Specialist,Excel
168402,SEO Specialist,Communication
406818,Software Engineer,Java
406818,Software Engineer,Data Structures
406818,Software Engineer,Git
952345,Recruitment Specialist,Problem Solving
749087,Sales Executive,Negotiation
749087,Sales Executive,Communication
749087,Sales Executive,Excel
472501,Business Development,Excel
472501,Business Development,Communication
532997,Sales Executive,CRM Software
532997,Sales Executive,Communication
532997,Sales Executive,Lead Generation
508507,Software Engineer,REST API
508507,Software Engineer,SQL
508507,Software Engineer,Data Structures
508507,Software Engineer,Python
508507,Software Engineer,Git
202970,Employee Relations,Excel
202970,Employee Relations,Communication
446077,Account Manager,Problem Solving
446077,Account Manager,Excel
132560,Sales Executive,Communication
132560,Sales Executive,Negotiation
132560,Sales Executive,Lead Generation
132560,Sales Executive,Salesforce
227717,Employee Relations,Communication
968677,Marketing Executive,Copywriting
968677,Marketing Executive,SEO
263461,Auditor,Communication
263461,Auditor,Excel
955805,Auditor,Communication
955805,Auditor,Excel
299262,Software Engineer,Git
299262,Software Engineer,Docker
299262,Software Engineer,Data Structures
299262,Software Engineer,Python
299262,Software Engineer,REST API
784449,Recruitment Specialist,Excel
137873,HR Manager,Communication
137873,HR Manager,Excel
197005,Software Engineer,REST API
197005,Software Engineer,Git
197005,Software Engineer,Java
197005,Software Engineer,SQL
582656,Accountant,Excel
582656,Accountant,Problem Solving
467053,Account Manager,Excel
171718,Marketing Executive,Social Media
171718,Marketing Executive,SEO
171718,Marketing Executive,Copywriting
988504,Content Strategist,Problem Solving
421442,Recruitment Specialist,Problem Solving
421442,Recruitment Specialist,Excel
288779,Cybersecurity Specialist,Firewalls
288779,Cybersecurity Specialist,Python
288779,Cybersecurity Specialist,Network Security
965378,Marketing Executive,Google Analytics
965378,Marketing Executive,SEO
297108,SEO Specialist,Excel
297108,SEO Specialist,Problem Solving
282785,Sales Executive,Excel
282785,Sales Executive,CRM Software
282785,Sales Executive,Negotiation
727262,HR Manager,Excel
727262,HR Manager,Problem Solving
904616,Accountant,Communication
273465,Data Analyst,Tableau
273465,Data Analyst,Statistics
273465,Data Analyst,Excel
273465,Data Analyst,Python
615504,HR Manager,Excel
560911,Recruitment Specialist,Problem Solving
560911,Recruitment Specialist,Communication
851424,Cybersecurity Specialist,Python
851424,Cybersecurity Specialist,Incident Response
149969,Auditor,Communication
149969,Auditor,Excel
488295,Employee Relations,Problem Solving
194337,Recruitment Specialist,Problem Solving
635897,Recruitment Specialist,Communication
635897,Recruitment Specialist,Excel
701494,Software Engineer,SQL
701494,Software Engineer,REST API
701494,Software Engineer,Java
925115,Accountant,Communication
925115,Accountant,Problem Solving
388904,HR Manager,Problem Solving
388904,HR Manager,Excel
515369,SEO Specialist,Problem Solving
895486,Account Manager,Communication
506999,Recruitment Specialist,Communication
433033,Software Engineer,SQL
433033,Software Engineer,Git
433033,Software Engineer,Python
433033,Software Engineer,Java
433033,Software Engineer,REST API
978453,SEO Specialist,Problem Solving
467489,HR Manager,Excel
232329,HR Manager,Excel
984958,Recruitment Specialist,Excel
984958,Recruitment Specialist,Communication
767033,Software Engineer,REST API
767033,Software Engineer,Docker
767033,Software Engineer,Java
767033,Software Engineer,Python
247250,Cybersecurity Specialist,Linux
247250,Cybersecurity Specialist,Python
111008,Account Manager,Problem Solving
111008,Account Manager,Excel
929537,Sales Executive,Excel
929537,Sales Executive,Salesforce
929537,Sales Executive,Lead Generation
336270,Cybersecurity Specialist,Firewalls
336270,Cybersecurity Specialist,Network Security
879559,Accountant,Communication
506522,Employee Relations,Excel
506522,Employee Relations,Problem Solving
469514,Account Manager,Communication
476049,Account Manager,Communication
476049,Account Manager,Excel
783567,Financial Analyst,Communication
783567,Financial Analyst,Excel
844540,Accountant,Problem Solving
844540,Accountant,Excel
844024,Content Strategist,Problem Solving
844024,Content Strategist,Communication
866516,Sales Executive,Salesforce
866516,Sales Executive,CRM Software
866516,Sales Executive,Communication
866516,Sales Executive,Excel
900343,Employee Relations,Problem Solving
900343,Employee Relations,Communication
676712,Marketing Executive,Content Strategy
676712,Marketing Executive,Google Analytics
676712,Marketing Executive,Copywriting
855681,Account Manager,Excel
855681,Account Manager,Problem Solving
681499,Cybersecurity Specialist,Incident Response
681499,Cybersecurity Specialist,Linux
659423,Accountant,Communication
622318,Business Development,Problem Solving
424372,Financial Analyst,Communication
441486,Sales Executive,Excel
441486,Sales Executive,Salesforce
441486,Sales Executive,Negotiation
441486,Sales Executive,Lead Generation
533267,Sales Executive,Lead Generation
533267,Sales Executive,Salesforce
533267,Sales Executive,Communication
533267,Sales Executive,CRM Software
958959,Financial Analyst,Communication
826662,Marketing Executive,Copywriting
826662,Marketing Executive,Content Strategy
826662,Marketing Executive,SEO
826662,Marketing Executive,Social Media
496946,SEO Specialist,Communication
496946,SEO Specialist,Excel
856499,Business Development,Communication
856499,Business Development,Problem Solving
301758,Account Manager,Excel
301758,Account Manager,Communication
416468,Employee Relations,Excel
416468,Employee Relations,Problem Solving
982476,Software Engineer,Java
982476,Software Engineer,Data Structures
982476,Software Engineer,Python
982476,Software Engineer,REST API
596377,Marketing Executive,Social Media
596377,Marketing Executive,SEO
596377,Marketing Executive,Google Analytics
868521,Auditor,Problem Solving
462417,Software Engineer,Python
462417,Software Engineer,Docker
462417,Software Engineer,REST API
462417,Software Engineer,Data Structures
462417,Software Engineer,Git
735129,Recruitment Specialist,Communication
601399,Account Manager,Excel
601399,Account Manager,Communication
697289,HR Manager,Excel
697289,HR Manager,Problem Solving
146352,Employee Relations,Excel
603933,SEO Specialist,Excel
706958,Accountant,Problem Solving
706958,Accountant,Excel
295742,Sales Executive,Excel
295742,Sales Executive,Salesforce
295742,Sales Executive,Lead Generation
295742,Sales Executive,Negotiation
966300,Account Manager,Communication
966300,Account Manager,Problem Solving
682682,Content Strategist,Excel
490054,Software Engineer,SQL
490054,Software Engineer,Python
490054,Software Engineer,Docker
615419,Content Strategist,Communication
615419,Content Strategist,Excel
256154,Business Development,Communication
256154,Business Development,Problem Solving
904766,Business Development,Communication
219194,Employee Relations,Excel
264382,Auditor,Problem Solving
882220,Content Strategist,Problem Solving
369520,Content Strategist,Excel
965575,Marketing Executive,Google Analytics
965575,Marketing Executive,Content Strategy
976037,Financial Analyst,Excel
534344,Cybersecurity Specialist,Incident Response
534344,Cybersecurity Specialist,Python
988379,Accountant,Communication
988379,Accountant,Problem Solving
193674,Software Engineer,Python
193674,Software Engineer,REST API
193674,Software Engineer,Docker
193674,Software Engineer,SQL
193674,Software Engineer,Java
337917,Marketing Executive,Social Media
337917,Marketing Executive,SEO
337917,Marketing Executive,Google Analytics
337917,Marketing Executive,Content Strategy
188263,Financial Analyst,Communication
353599,Data Analyst,Excel
353599,Data Analyst,Python
353599,Data Analyst,Tableau
891878,Software Engineer,REST API
891878,Software Engineer,SQL
891878,Software Engineer,Git
891878,Software Engineer,Data Structures
891878,Software Engineer,Python
146417,Data Analyst,Tableau
146417,Data Analyst,SQL
146417,Data Analyst,Excel
177999,SEO Specialist,Problem Solving
177999,SEO Specialist,Excel
438498,Auditor,Problem Solving
438498,Auditor,Communication
810728,Employee Relations,Excel
810728,Employee Relations,Problem Solving
191671,Content Strategist,Problem Solving
719213,Accountant,Communication
271309,Employee Relations,Problem Solving
271309,Employee Relations,Communication
239972,Cybersecurity Specialist,Incident Response
239972,Cybersecurity Specialist,Network Security
239972,Cybersecurity Specialist,Python
209419,Marketing Executive,Social Media
209419,Marketing Executive,SEO
209419,Marketing Executive,Copywriting
209419,Marketing Executive,Content Strategy
544954,Business Development,Problem Solving
544954,Business Development,Excel
224870,Cybersecurity Specialist,Network Security
224870,Cybersecurity Specialist,Linux
322135,Content Strategist,Excel
322135,Content Strategist,Communication
746114,Accountant,Communication
746114,Accountant,Problem Solving
923123,Auditor,Problem Solving
923123,Auditor,Communication
626952,Software Engineer,Java
626952,Software Engineer,Python
626952,Software Engineer,Data Structures
626952,Software Engineer,SQL
626952,Software Engineer,Docker
213797,Auditor,Excel
735209,Business Development,Problem Solving
911301,Software Engineer,Git
911301,Software Engineer,Docker
911301,Software Engineer,SQL
188515,Cybersecurity Specialist,Firewalls
188515,Cybersecurity Specialist,Incident Response
188515,Cybersecurity Specialist,Network Security
734572,Sales Executive,CRM Software
734572,Sales Executive,Communication
734572,Sales Executive,Lead Generation
850478,Financial Analyst,Communication
587474,Sales Executive,Communication
587474,Sales Executive,Lead Generation
587474,Sales Executive,CRM Software
587474,Sales Executive,Salesforce
849392,HR Manager,Communication
849392,HR Manager,Excel
548834,Software Engineer,REST API
548834,Software Engineer,SQL
548834,Software Engineer,Docker
548834,Software Engineer,Python
548834,Software Engineer,Data Structures
255458,Content Strategist,Excel
255458,Content Strategist,Problem Solving
422372,Data Analyst,Tableau
422372,Data Analyst,Statistics
422372,Data Analyst,Python
422372,Data Analyst,PowerBI
981762,Data Analyst,SQL
981762,Data Analyst,Tableau
981762,Data Analyst,Python
981762,Data Analyst,PowerBI
563230,Recruitment Specialist,Excel
935870,Accountant,Excel
935870,Accountant,Problem Solving
416198,SEO Specialist,Communication
209199,Cybersecurity Specialist,Python
209199,Cybersecurity Specialist,Network Security
209199,Cybersecurity Specialist,Incident Response
670062,HR Manager,Excel
791583,Account Manager,Communication
318172,Cybersecurity Specialist,Linux
318172,Cybersecurity Specialist,Firewalls
318172,Cybersecurity Specialist,Python
537761,Content Strategist,Excel
880954,Business Development,Excel
590418,Software Engineer,Docker
590418,Software Engineer,REST API
590418,Software Engineer,Git
542908,SEO Specialist,Problem Solving
542908,SEO Specialist,Communication
295750,SEO Specialist,Problem Solving
784411,SEO Specialist,Excel
784411,SEO Specialist,Problem Solving
515923,Financial Analyst,Communication
481395,Accountant,Communication
481395,Accountant,Excel
488935,Sales Executive,Communication
488935,Sales Executive,Lead Generation
488935,Sales Executive,CRM Software
500842,Content Strategist,Communication
829717,Recruitment Specialist,Problem Solving
829717,Recruitment Specialist,Excel
301292,Business Development,Problem Solving
332292,Cybersecurity Specialist,Python
332292,Cybersecurity Specialist,Network Security
332292,Cybersecurity Specialist,Incident Response
391184,Cybersecurity Specialist,Network Security
391184,Cybersecurity Specialist,Python
391184,Cybersecurity Specialist,Linux
102928,Recruitment Specialist,Communication
102928,Recruitment Specialist,Excel
238037,Marketing Executive,Content Strategy
238037,Marketing Executive,Google Analytics
238037,Marketing Executive,Social Media
530999,HR Manager,Excel
530999,HR Manager,Communication
620611,Recruitment Specialist,Communication
199145,Marketing Executive,Social Media
199145,Marketing Executive,Content Strategy
349090,Auditor,Problem Solving
906820,Employee Relations,Problem Solving
590869,Cybersecurity Specialist,Network Security
590869,Cybersecurity Specialist,Linux
590869,Cybersecurity Specialist,Firewalls
860960,Business Development,Communication
860960,Business Development,Excel
137127,Recruitment Specialist,Communication
737753,Employee Relations,Problem Solving
424195,Recruitment Specialist,Communication
794019,Marketing Executive,Copywriting
794019,Marketing Executive,SEO
593427,Marketing Executive,Social Media
593427,Marketing Executive,Copywriting
593427,Marketing Executive,Google Analytics
659869,Sales Executive,Lead Generation
659869,Sales Executive,Negotiation
659869,Sales Executive,CRM Software
659869,Sales Executive,Salesforce
659869,Sales Executive,Communication
482829,Recruitment Specialist,Problem Solving
482829,Recruitment Specialist,Communication
493092,Financial Analyst,Communication
570104,Cybersecurity Specialist,Python
570104,Cybersecurity Specialist,Linux
570104,Cybersecurity Specialist,Network Security
324427,Financial Analyst,Excel
324427,Financial Analyst,Problem Solving
339528,Software Engineer,SQL
339528,Software Engineer,REST API
339528,Software Engineer,Python
339528,Software Engineer,Java
339528,Software Engineer,Data Structures
946960,Financial Analyst,Problem Solving
946960,Financial Analyst,Excel
731424,Auditor,Communication
842692,HR Manager,Communication
842692,HR Manager,Excel
278306,Accountant,Excel
609399,Marketing Executive,Content Strategy
609399,Marketing Executive,Social Media
609399,Marketing Executive,Copywriting
609399,Marketing Executive,SEO
132841,Account Manager,Communication
132841,Account Manager,Problem Solving
729250,Software Engineer,Python
729250,Software Engineer,SQL
729250,Software Engineer,Java
729250,Software Engineer,Docker
729250,Software Engineer,Git
129892,Financial Analyst,Communication
267795,Accountant,Problem Solving
525528,Accountant,Problem Solving
848046,Business Development,Communication
752362,Software Engineer,SQL
752362,Software Engineer,REST API
752362,Software Engineer,Data Structures
916452,Business Development,Problem Solving
186110,Recruitment Specialist,Problem Solving
125052,Auditor,Excel
125052,Auditor,Communication
362851,Business Development,Communication
362851,Business Development,Problem Solving
946388,Financial Analyst,Excel
872665,Marketing Executive,Google Analytics
872665,Marketing Executive,Content Strategy
872665,Marketing Executive,Social Media
977935,Accountant,Excel
977935,Accountant,Problem Solving
646736,Software Engineer,Git
646736,Software Engineer,Data Structures
646736,Software Engineer,REST API
646736,Software Engineer,Python
474625,Employee Relations,Communication
223790,Employee Relations,Communication
938700,Business Development,Communication
671927,Account Manager,Excel
671927,Account Manager,Problem Solving
685345,Employee Relations,Excel
685345,Employee Relations,Problem Solving
473298,Accountant,Communication
737360,Account Manager,Communication
145730,Accountant,Problem Solving
145730,Accountant,Communication
912978,Employee Relations,Problem Solving
912978,Employee Relations,Excel
850624,Marketing Executive,Content Strategy
850624,Marketing Executive,Google Analytics
850624,Marketing Executive,SEO
850624,Marketing Executive,Copywriting
171937,Content Strategist,Communication
884429,Sales Executive,Negotiation
884429,Sales Executive,CRM Software
884429,Sales Executive,Communication
884429,Sales Executive,Salesforce
728424,HR Manager,Problem Solving
728424,HR Manager,Excel
880296,Recruitment Specialist,Excel
761061,Account Manager,Problem Solving
156156,Data Analyst,Statistics
156156,Data Analyst,Tableau
156156,Data Analyst,PowerBI
156156,Data Analyst,Excel
691406,Accountant,Excel
632730,Business Development,Problem Solving
632730,Business Development,Communication
286824,Financial Analyst,Communication
286824,Financial Analyst,Problem Solving
995749,Account Manager,Communication
439866,Auditor,Problem Solving
439866,Auditor,Excel
425648,Recruitment Specialist,Problem Solving
551207,Employee Relations,Excel
551207,Employee Relations,Communication
895289,Employee Relations,Excel
740139,Software Engineer,SQL
740139,Software Engineer,REST API
740139,Software Engineer,Docker
740139,Software Engineer,Java
740139,Software Engineer,Python
250239,Accountant,Communication
250239,Accountant,Excel
311211,Content Strategist,Problem Solving
940441,HR Manager,Communication
318048,Cybersecurity Specialist,Python
318048,Cybersecurity Specialist,Linux
917471,HR Manager,Excel
705706,Auditor,Problem Solving
705706,Auditor,Communication
551820,Content Strategist,Excel
551820,Content Strategist,Communication
221582,Marketing Executive,Copywriting
221582,Marketing Executive,SEO
441547,Recruitment Specialist,Problem Solving
795310,Data Analyst,Excel
795310,Data Analyst,Tableau
795310,Data Analyst,PowerBI
578635,Software Engineer,SQL
578635,Software Engineer,Python
578635,Software Engineer,Git
578635,Software Engineer,Java
578635,Software Engineer,REST API
346443,Software Engineer,Git
346443,Software Engineer,Data Structures
346443,Software Engineer,SQL
346443,Software Engineer,Docker
832149,Content Strategist,Excel
832149,Content Strategist,Communication
925126,Account Manager,Excel
925126,Account Manager,Communication
560397,Employee Relations,Communication
560397,Employee Relations,Excel
350626,Accountant,Communication
350626,Accountant,Excel
335208,Recruitment Specialist,Communication
860980,Auditor,Problem Solving
860980,Auditor,Communication
349858,Account Manager,Communication
349858,Account Manager,Excel
965221,Account Manager,Problem Solving
965221,Account Manager,Excel
680014,Recruitment Specialist,Excel
680014,Recruitment Specialist,Communication
770909,Cybersecurity Specialist,Linux
770909,Cybersecurity Specialist,Firewalls
232269,Employee Relations,Problem Solving
232269,Employee Relations,Excel
418960,Auditor,Problem Solving
755582,Sales Executive,Lead Generation
755582,Sales Executive,Excel
755582,Sales Executive,Salesforce
755582,Sales Executive,Negotiation
913107,Accountant,Excel
913107,Accountant,Problem Solving
219532,HR Manager,Communication
219532,HR Manager,Problem Solving
516332,Recruitment Specialist,Communication
445720,Auditor,Communication
201647,Recruitment Specialist,Communication
201647,Recruitment Specialist,Excel
125397,Content Strategist,Problem Solving
338231,Software Engineer,Git
338231,Software Engineer,Java
338231,Software Engineer,Docker
338231,Software Engineer,Python
283018,Software Engineer,Git
283018,Software Engineer,Java
283018,Software Engineer,REST API
375092,Employee Relations,Communication
948704,Financial Analyst,Communication
948704,Financial Analyst,Excel
501435,Content Strategist,Excel
501435,Content Strategist,Communication
427518,SEO Specialist,Communication
830311,Cybersecurity Specialist,Network Security
830311,Cybersecurity Specialist,Linux
830311,Cybersecurity Specialist,Python
830311,Cybersecurity Specialist,Incident Response
938143,Marketing Executive,SEO
938143,Marketing Executive,Content Strategy
938143,Marketing Executive,Copywriting
189294,Business Development,Problem Solving
189294,Business Development,Excel
582678,Software Engineer,Git
582678,Software Engineer,Data Structures
582678,Software Engineer,Docker
582678,Software Engineer,Java
582678,Software Engineer,SQL
322714,Financial Analyst,Communication
700739,SEO Specialist,Communication
697715,Account Manager,Excel
697715,Account Manager,Problem Solving
423076,SEO Specialist,Communication
423076,SEO Specialist,Problem Solving
956232,Data Analyst,Excel
956232,Data Analyst,SQL
956232,Data Analyst,Python
481589,Business Development,Problem Solving
640250,Business Development,Excel
640250,Business Development,Problem Solving
284205,Accountant,Problem Solving
657968,HR Manager,Problem Solving
920286,HR Manager,Problem Solving
997513,Accountant,Problem Solving
521197,Employee Relations,Communication
521197,Employee Relations,Problem Solving
682614,Marketing Executive,Google Analytics
682614,Marketing Executive,SEO
682614,Marketing Executive,Content Strategy
491320,Employee Relations,Communication
491320,Employee Relations,Excel
212943,Marketing Executive,Content Strategy
212943,Marketing Executive,Copywriting
212943,Marketing Executive,Google Analytics
603571,SEO Specialist,Excel
960911,HR Manager,Excel
542816,SEO Specialist,Communication
799701,HR Manager,Communication
799701,HR Manager,Problem Solving
386385,HR Manager,Excel
467268,SEO Specialist,Problem Solving
440183,Content Strategist,Problem Solving
799671,Software Engineer,Python
799671,Software Engineer,Java
799671,Software Engineer,Git
799671,Software Engineer,Docker
846174,Employee Relations,Communication
846174,Employee Relations,Excel
107658,Account Manager,Communication
107658,Account Manager,Problem Solving
668817,SEO Specialist,Excel
668817,SEO Specialist,Problem Solving
354554,Sales Executive,CRM Software
354554,Sales Executive,Negotiation
354554,Sales Executive,Excel
289677,Software Engineer,Data Structures
289677,Software Engineer,Docker
289677,Software Engineer,SQL
239763,Financial Analyst,Communication
187647,Sales Executive,Lead Generation
187647,Sales Executive,Negotiation
187647,Sales Executive,Salesforce
187647,Sales Executive,Communication
187647,Sales Executive,Excel
804964,Sales Executive,Excel
804964,Sales Executive,CRM Software
804964,Sales Executive,Salesforce
804964,Sales Executive,Negotiation
414839,Recruitment Specialist,Problem Solving
414839,Recruitment Specialist,Excel
237379,Accountant,Problem Solving
574652,Business Development,Excel
461876,Data Analyst,Statistics
461876,Data Analyst,SQL
461876,Data Analyst,PowerBI
461876,Data Analyst,Python
871801,Accountant,Excel
242466,Cybersecurity Specialist,Python
242466,Cybersecurity Specialist,Firewalls
242466,Cybersecurity Specialist,Network Security
276778,Sales Executive,Negotiation
276778,Sales Executive,Excel
276778,Sales Executive,Salesforce
276778,Sales Executive,Communication
462162,Accountant,Communication
462162,Accountant,Excel
218020,HR Manager,Communication
218020,HR Manager,Problem Solving
315371,Software Engineer,Docker
315371,Software Engineer,Python
315371,Software Engineer,Data Structures
315371,Software Engineer,SQL
831689,Account Manager,Excel
636317,Cybersecurity Specialist,Firewalls
636317,Cybersecurity Specialist,Python
636317,Cybersecurity Specialist,Network Security
128755,Software Engineer,REST API
128755,Software Engineer,Git
128755,Software Engineer,Data Structures
128755,Software Engineer,Python
128755,Software Engineer,Docker
268753,Employee Relations,Communication
959736,Marketing Executive,SEO
959736,Marketing Executive,Content Strategy
959736,Marketing Executive,Copywriting
970279,SEO Specialist,Communication
304464,Recruitment Specialist,Problem Solving
304464,Recruitment Specialist,Excel
633692,Marketing Executive,Content Strategy
633692,Marketing Executive,Google Analytics
172159,Business Development,Excel
997052,Auditor,Excel
997052,Auditor,Communication
836049,HR Manager,Communication
385650,Financial Analyst,Communication
863727,Business Development,Excel
330405,Recruitment Specialist,Problem Solving
330405,Recruitment Specialist,Excel
762512,Sales Executive,Lead Generation
762512,Sales Executive,Communication
762512,Sales Executive,Excel
762512,Sales Executive,Salesforce
762512,Sales Executive,Negotiation
676115,Business Development,Communication
676115,Business Development,Problem Solving
999653,Cybersecurity Specialist,Linux
999653,Cybersecurity Specialist,Python
999653,Cybersecurity Specialist,Network Security
622482,Content Strategist,Excel
271054,SEO Specialist,Excel
271054,SEO Specialist,Communication
316433,Data Analyst,SQL
316433,Data Analyst,PowerBI
316433,Data Analyst,Statistics
316433,Data Analyst,Tableau
914673,Data Analyst,Tableau
914673,Data Analyst,Statistics
914673,Data Analyst,PowerBI
655954,Financial Analyst,Communication
655954,Financial Analyst,Problem Solving
833486,HR Manager,Communication
387598,Software Engineer,REST API
387598,Software Engineer,Java
387598,Software Engineer,Python
387598,Software Engineer,SQL
387598,Software Engineer,Git
729513,Data Analyst,Excel
729513,Data Analyst,SQL
729513,Data Analyst,PowerBI
729513,Data Analyst,Statistics
207324,Auditor,Communication
207324,Auditor,Excel
351873,Account Manager,Communication
351873,Account Manager,Excel
900614,SEO Specialist,Problem Solving
900614,SEO Specialist,Communication
855906,Data Analyst,PowerBI
855906,Data Analyst,SQL
855906,Data Analyst,Python
840994,Marketing Executive,Content Strategy
840994,Marketing Executive,Copywriting
220836,SEO Specialist,Problem Solving
141021,Employee Relations,Problem Solving
984998,Accountant,Communication
984998,Accountant,Problem Solving
475371,Auditor,Excel
529264,Content Strategist,Problem Solving
529264,Content Strategist,Communication
391476,Content Strategist,Problem Solving
967124,Recruitment Specialist,Excel
883298,Marketing Executive,Social Media
883298,Marketing Executive,SEO
883298,Marketing Executive,Copywriting
312337,Recruitment Specialist,Excel
711065,Software Engineer,SQL
711065,Software Engineer,REST API
711065,Software Engineer,Python
711065,Software Engineer,Docker
711065,Software Engineer,Git
713918,Recruitment Specialist,Communication
568508,Recruitment Specialist,Problem Solving
568508,Recruitment Specialist,Communication
299441,Financial Analyst,Communication
299441,Financial Analyst,Excel
933785,Sales Executive,Lead Generation
933785,Sales Executive,Excel
933785,Sales Executive,Negotiation
858842,Employee Relations,Excel
858842,Employee Relations,Communication
581350,Employee Relations,Excel
581350,Employee Relations,Problem Solving
761136,SEO Specialist,Problem Solving
323181,SEO Specialist,Excel
292276,Recruitment Specialist,Problem Solving
292276,Recruitment Specialist,Communication
557502,Marketing Executive,Content Strategy
557502,Marketing Executive,Google Analytics
557502,Marketing Executive,Social Media
619911,HR Manager,Communication
619911,HR Manager,Excel
959460,Employee Relations,Communication
117814,Business Development,Excel
162225,Employee Relations,Communication
162225,Employee Relations,Excel
517826,SEO Specialist,Communication
984800,Accountant,Excel
836255,Marketing Executive,Google Analytics
836255,Marketing Executive,Social Media
836255,Marketing Executive,Content Strategy
786966,Data Analyst,PowerBI
786966,Data Analyst,Excel
786966,Data Analyst,Statistics
786966,Data Analyst,Tableau
295585,Data Analyst,SQL
295585,Data Analyst,Tableau
295585,Data Analyst,Statistics
295585,Data Analyst,Python
295585,Data Analyst,Excel
840289,Software Engineer,REST API
840289,Software Engineer,Git
840289,Software Engineer,Data Structures
840289,Software Engineer,Python
840289,Software Engineer,Docker
879607,Recruitment Specialist,Problem Solving
640494,Accountant,Problem Solving
296395,Marketing Executive,SEO
296395,Marketing Executive,Copywriting
125546,Sales Executive,CRM Software
125546,Sales Executive,Lead Generation
125546,Sales Executive,Excel
125546,Sales Executive,Communication
747944,Account Manager,Communication
747944,Account Manager,Excel
168343,Data Analyst,Statistics
168343,Data Analyst,Excel
168343,Data Analyst,SQL
168343,Data Analyst,Tableau
759331,Accountant,Communication
469127,HR Manager,Problem Solving
485924,Software Engineer,Docker
485924,Software Engineer,Python
485924,Software Engineer,REST API
485924,Software Engineer,SQL
326079,Account Manager,Communication
586460,Accountant,Excel
551937,SEO Specialist,Problem Solving
551937,SEO Specialist,Excel
599103,Business Development,Problem Solving
523812,HR Manager,Problem Solving
523812,HR Manager,Excel
479099,Auditor,Excel
681342,Account Manager,Excel
753777,Auditor,Excel
191289,Business Development,Problem Solving
191289,Business Development,Excel
194973,Employee Relations,Excel
146035,Accountant,Excel
146035,Accountant,Problem Solving
689963,Content Strategist,Excel
621545,Data Analyst,Tableau
621545,Data Analyst,Python
621545,Data Analyst,Excel
621545,Data Analyst,PowerBI
559156,Auditor,Communication
559156,Auditor,Problem Solving
215858,Account Manager,Excel
519213,Content Strategist,Communication
937313,Business Development,Excel
386351,Cybersecurity Specialist,Incident Response
386351,Cybersecurity Specialist,Network Security
386351,Cybersecurity Specialist,Linux
125258,Financial Analyst,Excel
125258,Financial Analyst,Communication
717288,Recruitment Specialist,Problem Solving
717288,Recruitment Specialist,Communication
641425,Data Analyst,Statistics
641425,Data Analyst,Python
641425,Data Analyst,Tableau
361788,Recruitment Specialist,Problem Solving
522252,Software Engineer,Python
522252,Software Engineer,Java
522252,Software Engineer,Docker
522252,Software Engineer,SQL
781175,Business Development,Communication
573799,Employee Relations,Problem Solving
573799,Employee Relations,Communication
439427,Employee Relations,Communication
442344,Recruitment Specialist,Problem Solving
442344,Recruitment Specialist,Excel
116231,Sales Executive,Lead Generation
116231,Sales Executive,Negotiation
116231,Sales Executive,CRM Software
918072,Auditor,Communication
918072,Auditor,Problem Solving
416998,Accountant,Problem Solving
351523,Cybersecurity Specialist,Incident Response
351523,Cybersecurity Specialist,Python
476552,SEO Specialist,Communication
476552,SEO Specialist,Excel
141361,Sales Executive,Communication
141361,Sales Executive,Lead Generation
141361,Sales Executive,CRM Software
141361,Sales Executive,Excel
123083,Sales Executive,Salesforce
123083,Sales Executive,Excel
123083,Sales Executive,Negotiation
123083,Sales Executive,CRM Software
479628,Auditor,Problem Solving
479628,Auditor,Excel
184752,SEO Specialist,Problem Solving
586305,Marketing Executive,Social Media
586305,Marketing Executive,Copywriting
666949,Software Engineer,Data Structures
666949,Software Engineer,Python
666949,Software Engineer,SQL
273389,Business Development,Communication
199571,Data Analyst,PowerBI
199571,Data Analyst,Tableau
199571,Data Analyst,Statistics
369972,Financial Analyst,Communication
369972,Financial Analyst,Excel
839585,Accountant,Problem Solving
839585,Accountant,Excel
612060,SEO Specialist,Excel
612060,SEO Specialist,Problem Solving
809374,Software Engineer,SQL
809374,Software Engineer,Data Structures
809374,Software Engineer,Git
809374,Software Engineer,Java
809374,Software Engineer,REST API
283201,Cybersecurity Specialist,Linux
283201,Cybersecurity Specialist,Incident Response
138624,Accountant,Excel
138624,Accountant,Communication
195831,Employee Relations,Excel
195831,Employee Relations,Problem Solving
104582,Marketing Executive,Social Media
104582,Marketing Executive,Content Strategy
104582,Marketing Executive,Copywriting
104582,Marketing Executive,Google Analytics
937943,Accountant,Excel
502412,Employee Relations,Excel
217874,Recruitment Specialist,Problem Solving
217874,Recruitment Specialist,Excel
805164,HR Manager,Problem Solving
100956,HR Manager,Communication
100956,HR Manager,Excel
728807,Data Analyst,Statistics
728807,Data Analyst,SQL
728807,Data Analyst,Tableau
728807,Data Analyst,PowerBI
583085,Auditor,Communication
679308,Data Analyst,Statistics
679308,Data Analyst,SQL
679308,Data Analyst,PowerBI
679308,Data Analyst,Excel
548013,Business Development,Communication
991157,Content Strategist,Problem Solving
657666,Content Strategist,Communication
657666,Content Strategist,Excel
167374,Data Analyst,Python
167374,Data Analyst,Statistics
167374,Data Analyst,PowerBI
167374,Data Analyst,Excel
470545,Cybersecurity Specialist,Firewalls
470545,Cybersecurity Specialist,Linux
115614,HR Manager,Problem Solving
958930,Employee Relations,Communication
958930,Employee Relations,Problem Solving
295743,Content Strategist,Communication
295743,Content Strategist,Problem Solving
858462,Marketing Executive,SEO
858462,Marketing Executive,Social Media
543096,HR Manager,Problem Solving
543096,HR Manager,Communication
559184,Data Analyst,Statistics
559184,Data Analyst,Python
559184,Data Analyst,Tableau
548768,Sales Executive,Negotiation
548768,Sales Executive,Communication
548768,Sales Executive,Excel
548768,Sales Executive,Lead Generation
377404,Software Engineer,Data Structures
377404,Software Engineer,Java
377404,Software Engineer,Git
377404,Software Engineer,Docker
781744,Software Engineer,Data Structures
781744,Software Engineer,SQL
781744,Software Engineer,Git
781744,Software Engineer,Python
115601,Sales Executive,Negotiation
115601,Sales Executive,Excel
115601,Sales Executive,Lead Generation
948808,Sales Executive,Lead Generation
948808,Sales Executive,Salesforce
948808,Sales Executive,CRM Software
421529,Content Strategist,Excel
649735,Employee Relations,Problem Solving
649735,Employee Relations,Communication
535748,Recruitment Specialist,Problem Solving
535748,Recruitment Specialist,Communication
166477,Account Manager,Communication
315430,Marketing Executive,Content Strategy
315430,Marketing Executive,Google Analytics
315430,Marketing Executive,Social Media
151009,Accountant,Problem Solving
362145,Account Manager,Problem Solving
575441,Software Engineer,Java
575441,Software Engineer,Data Structures
575441,Software Engineer,SQL
575441,Software Engineer,Python
148684,Sales Executive,Salesforce
148684,Sales Executive,Negotiation
148684,Sales Executive,Excel
344708,Financial Analyst,Communication
344708,Financial Analyst,Excel
607716,Data Analyst,Tableau
607716,Data Analyst,PowerBI
607716,Data Analyst,Python
607716,Data Analyst,Statistics
406281,Financial Analyst,Communication
406281,Financial Analyst,Problem Solving
672760,Software Engineer,Data Structures
672760,Software Engineer,Python
672760,Software Engineer,REST API
672760,Software Engineer,Java
225584,Auditor,Problem Solving
781813,Financial Analyst,Problem Solving
781813,Financial Analyst,Excel
264862,Cybersecurity Specialist,Python
264862,Cybersecurity Specialist,Network Security
264862,Cybersecurity Specialist,Firewalls
264862,Cybersecurity Specialist,Linux
827183,Data Analyst,Excel
827183,Data Analyst,Python
827183,Data Analyst,Statistics
827183,Data Analyst,Tableau
229264,Financial Analyst,Problem Solving
229264,Financial Analyst,Excel
236512,Business Development,Communication
558641,Sales Executive,Lead Generation
558641,Sales Executive,Negotiation
558641,Sales Executive,CRM Software
558641,Sales Executive,Salesforce
194410,Auditor,Problem Solving
826217,Sales Executive,Lead Generation
826217,Sales Executive,Excel
826217,Sales Executive,Negotiation
826217,Sales Executive,Salesforce
568883,Content Strategist,Problem Solving
526548,SEO Specialist,Problem Solving
526548,SEO Specialist,Excel
277979,Marketing Executive,Copywriting
277979,Marketing Executive,Content Strategy
277979,Marketing Executive,Google Analytics
277979,Marketing Executive,Social Media
113981,Financial Analyst,Communication
868091,Data Analyst,Excel
868091,Data Analyst,SQL
868091,Data Analyst,Statistics
342334,Financial Analyst,Communication
342334,Financial Analyst,Excel
748706,SEO Specialist,Problem Solving
748706,SEO Specialist,Communication
331689,HR Manager,Problem Solving
331689,HR Manager,Excel
488568,Accountant,Problem Solving
754604,Marketing Executive,Content Strategy
754604,Marketing Executive,SEO
321003,Sales Executive,Lead Generation
321003,Sales Executive,Communication
321003,Sales Executive,Negotiation
319256,Business Development,Excel
425125,Accountant,Communication
455358,Cybersecurity Specialist,Incident Response
455358,Cybersecurity Specialist,Python
455358,Cybersecurity Specialist,Linux
806159,Account Manager,Problem Solving
806159,Account Manager,Communication
891483,Content Strategist,Communication
891483,Content Strategist,Problem Solving
895947,Sales Executive,Communication
895947,Sales Executive,Negotiation
895947,Sales Executive,Lead Generation
688873,Employee Relations,Communication
713690,Accountant,Communication
290108,Software Engineer,Data Structures
290108,Software Engineer,Git
290108,Software Engineer,Python
290108,Software Engineer,SQL
290108,Software Engineer,Docker
716295,Accountant,Excel
716295,Accountant,Communication
636691,Cybersecurity Specialist,Python
636691,Cybersecurity Specialist,Incident Response
636691,Cybersecurity Specialist,Network Security
299828,Data Analyst,Excel
299828,Data Analyst,Statistics
299828,Data Analyst,Python
299828,Data Analyst,PowerBI
804227,Recruitment Specialist,Problem Solving
804227,Recruitment Specialist,Communication
386743,Financial Analyst,Excel
386743,Financial Analyst,Communication
537776,Cybersecurity Specialist,Linux
537776,Cybersecurity Specialist,Firewalls
537776,Cybersecurity Specialist,Incident Response
336301,SEO Specialist,Problem Solving
427191,Accountant,Problem Solving
747036,Marketing Executive,Copywriting
747036,Marketing Executive,Social Media
747036,Marketing Executive,Google Analytics
802885,Sales Executive,Salesforce
802885,Sales Executive,CRM Software
802885,Sales Executive,Negotiation
981134,Data Analyst,Statistics
981134,Data Analyst,Excel
981134,Data Analyst,Tableau
981134,Data Analyst,Python
735800,Sales Executive,Salesforce
735800,Sales Executive,CRM Software
735800,Sales Executive,Negotiation
118134,Account Manager,Communication
118134,Account Manager,Excel
729578,Cybersecurity Specialist,Linux
729578,Cybersecurity Specialist,Network Security
729578,Cybersecurity Specialist,Python
729578,Cybersecurity Specialist,Incident Response
526493,Sales Executive,Negotiation
526493,Sales Executive,Salesforce
526493,Sales Executive,CRM Software
526493,Sales Executive,Excel
548883,Marketing Executive,Copywriting
548883,Marketing Executive,Content Strategy
548883,Marketing Executive,Social Media
595985,SEO Specialist,Excel
595985,SEO Specialist,Communication
536307,Marketing Executive,Content Strategy
536307,Marketing Executive,Copywriting
194552,HR Manager,Problem Solving
194552,HR Manager,Excel
409547,Content Strategist,Problem Solving
996196,Auditor,Excel
996196,Auditor,Communication
542666,Cybersecurity Specialist,Network Security
542666,Cybersecurity Specialist,Incident Response
542666,Cybersecurity Specialist,Python
194466,Sales Executive,Excel
194466,Sales Executive,Communication
194466,Sales Executive,Negotiation
759516,Account Manager,Problem Solving
759516,Account Manager,Communication
767334,Recruitment Specialist,Problem Solving
767334,Recruitment Specialist,Communication
840653,Recruitment Specialist,Problem Solving
985091,HR Manager,Excel
356650,Marketing Executive,Google Analytics
356650,Marketing Executive,Social Media
356650,Marketing Executive,Content Strategy
398438,Auditor,Problem Solving
398438,Auditor,Communication
974765,Employee Relations,Excel
974765,Employee Relations,Communication
125463,Auditor,Excel
125463,Auditor,Problem Solving
424410,Marketing Executive,Google Analytics
424410,Marketing Executive,Copywriting
424410,Marketing Executive,Social Media
603104,SEO Specialist,Communication
329092,Cybersecurity Specialist,Incident Response
329092,Cybersecurity Specialist,Network Security
329092,Cybersecurity Specialist,Linux
329092,Cybersecurity Specialist,Firewalls
388649,Data Analyst,SQL
388649,Data Analyst,Statistics
388649,Data Analyst,Python
388649,Data Analyst,Tableau
495587,Cybersecurity Specialist,Incident Response
495587,Cybersecurity Specialist,Python
385088,Software Engineer,Docker
385088,Software Engineer,REST API
385088,Software Engineer,SQL
268419,Sales Executive,CRM Software
268419,Sales Executive,Salesforce
268419,Sales Executive,Excel
918417,Data Analyst,SQL
918417,Data Analyst,Tableau
918417,Data Analyst,Excel
997134,Cybersecurity Specialist,Incident Response
997134,Cybersecurity Specialist,Linux
594129,Content Strategist,Excel
269255,Data Analyst,Statistics
269255,Data Analyst,PowerBI
269255,Data Analyst,Python
269255,Data Analyst,SQL
773640,Business Development,Excel
442984,Cybersecurity Specialist,Linux
442984,Cybersecurity Specialist,Firewalls
442984,Cybersecurity Specialist,Python
560213,Account Manager,Communication
972003,Sales Executive,Salesforce
972003,Sales Executive,Excel
972003,Sales Executive,Negotiation
899590,Content Strategist,Problem Solving
899590,Content Strategist,Excel
192403,Data Analyst,Python
192403,Data Analyst,PowerBI
192403,Data Analyst,Statistics
151905,Content Strategist,Excel
323227,Financial Analyst,Excel
122712,Financial Analyst,Communication
114320,Marketing Executive,Copywriting
114320,Marketing Executive,Content Strategy
114320,Marketing Executive,Social Media
700540,Sales Executive,CRM Software
700540,Sales Executive,Excel
700540,Sales Executive,Communication
700540,Sales Executive,Negotiation
170802,Sales Executive,Lead Generation
170802,Sales Executive,Communication
170802,Sales Executive,CRM Software
522677,Software Engineer,Docker
522677,Software Engineer,Git
522677,Software Engineer,Python
522677,Software Engineer,Data Structures
522677,Software Engineer,Java
542032,Cybersecurity Specialist,Linux
542032,Cybersecurity Specialist,Python
784897,HR Manager,Excel
784897,HR Manager,Communication
548757,Software Engineer,Python
548757,Software Engineer,Data Structures
548757,Software Engineer,Docker
548757,Software Engineer,Java
548757,Software Engineer,REST API
737611,SEO Specialist,Problem Solving
962477,Data Analyst,Excel
962477,Data Analyst,SQL
962477,Data Analyst,Statistics
962477,Data Analyst,Python
235704,Employee Relations,Problem Solving
266424,Sales Executive,Lead Generation
266424,Sales Executive,Communication
266424,Sales Executive,Excel
900336,Business Development,Excel
549980,Recruitment Specialist,Communication
549980,Recruitment Specialist,Excel
280372,Recruitment Specialist,Communication
280372,Recruitment Specialist,Problem Solving
985142,Accountant,Communication
383508,Cybersecurity Specialist,Linux
383508,Cybersecurity Specialist,Firewalls
136215,Cybersecurity Specialist,Network Security
136215,Cybersecurity Specialist,Python
780641,Employee Relations,Communication
158576,SEO Specialist,Communication
734661,Account Manager,Excel
960376,Marketing Executive,Google Analytics
960376,Marketing Executive,Content Strategy
960376,Marketing Executive,SEO
960376,Marketing Executive,Copywriting
298732,Software Engineer,Git
298732,Software Engineer,Docker
298732,Software Engineer,Java
298732,Software Engineer,REST API
298732,Software Engineer,SQL
266688,Account Manager,Communication
568326,Software Engineer,REST API
568326,Software Engineer,Python
568326,Software Engineer,Java
568326,Software Engineer,SQL
568326,Software Engineer,Docker
649567,Employee Relations,Excel
649567,Employee Relations,Problem Solving
183931,Marketing Executive,Content Strategy
183931,Marketing Executive,Copywriting
183931,Marketing Executive,SEO
827749,Business Development,Communication
827749,Business Development,Excel
177855,Content Strategist,Problem Solving
177855,Content Strategist,Communication
906712,Software Engineer,REST API
906712,Software Engineer,SQL
906712,Software Engineer,Python
906712,Software Engineer,Git
906712,Software Engineer,Java
996132,Software Engineer,Docker
996132,Software Engineer,Git
996132,Software Engineer,Java
996132,Software Engineer,SQL
996132,Software Engineer,Data Structures
965184,SEO Specialist,Communication
212289,Recruitment Specialist,Excel
212289,Recruitment Specialist,Problem Solving
164176,HR Manager,Problem Solving
164176,HR Manager,Excel
929912,Auditor,Problem Solving
929912,Auditor,Excel
360784,Employee Relations,Problem Solving
483507,Business Development,Problem Solving
483507,Business Development,Communication
926833,Auditor,Communication
902761,Software Engineer,Java
902761,Software Engineer,SQL
902761,Software Engineer,Docker
902761,Software Engineer,Python
902761,Software Engineer,Data Structures
343258,Cybersecurity Specialist,Firewalls
343258,Cybersecurity Specialist,Linux
343258,Cybersecurity Specialist,Network Security
600021,Cybersecurity Specialist,Linux
600021,Cybersecurity Specialist,Network Security
600021,Cybersecurity Specialist,Incident Response
415592,Financial Analyst,Excel
844040,Marketing Executive,Copywriting
844040,Marketing Executive,Social Media
844040,Marketing Executive,Content Strategy
980593,Financial Analyst,Excel
814478,Software Engineer,Python
814478,Software Engineer,REST API
814478,Software Engineer,Data Structures
814478,Software Engineer,SQL
591577,Content Strategist,Problem Solving
591577,Content Strategist,Communication
864247,HR Manager,Excel
864247,HR Manager,Communication
167393,Auditor,Problem Solving
167393,Auditor,Excel
998341,Auditor,Problem Solving
659886,Content Strategist,Communication
485369,Recruitment Specialist,Excel
765312,Content Strategist,Excel
765312,Content Strategist,Communication
817294,Business Development,Excel
817294,Business Development,Problem Solving
684286,SEO Specialist,Excel
684286,SEO Specialist,Communication
724397,Auditor,Problem Solving
724397,Auditor,Excel
877799,HR Manager,Problem Solving
662243,Financial Analyst,Excel
662243,Financial Analyst,Problem Solving
986309,Software Engineer,REST API
986309,Software Engineer,Git
986309,Software Engineer,SQL
986309,Software Engineer,Data Structures
986309,Software Engineer,Docker
946003,HR Manager,Excel
877911,Cybersecurity Specialist,Network Security
877911,Cybersecurity Specialist,Incident Response
877911,Cybersecurity Specialist,Linux
877911,Cybersecurity Specialist,Firewalls
635982,Auditor,Communication
635982,Auditor,Excel
331070,Account Manager,Communication
519962,Content Strategist,Problem Solving
242915,Marketing Executive,Social Media
242915,Marketing Executive,Google Analytics
242915,Marketing Executive,SEO
242915,Marketing Executive,Content Strategy
407228,HR Manager,Problem Solving
407228,HR Manager,Communication
955008,Content Strategist,Excel
700164,Business Development,Excel
771416,Accountant,Problem Solving
771416,Accountant,Communication
635899,Recruitment Specialist,Communication
699005,Sales Executive,Excel
699005,Sales Executive,Communication
699005,Sales Executive,CRM Software
699005,Sales Executive,Lead Generation
863056,SEO Specialist,Problem Solving
354103,Software Engineer,REST API
354103,Software Engineer,Git
354103,Software Engineer,Python
354103,Software Engineer,SQL
683562,SEO Specialist,Problem Solving
574076,Accountant,Excel
574076,Accountant,Communication
860484,Employee Relations,Excel
314437,Cybersecurity Specialist,Linux
314437,Cybersecurity Specialist,Incident Response
314437,Cybersecurity Specialist,Firewalls
382052,Financial Analyst,Communication
105085,SEO Specialist,Excel
651144,Marketing Executive,Content Strategy
651144,Marketing Executive,Google Analytics
651144,Marketing Executive,SEO
488366,Business Development,Communication
488366,Business Development,Excel
863371,Business Development,Excel
130655,Recruitment Specialist,Excel
179761,Software Engineer,Java
179761,Software Engineer,Docker
179761,Software Engineer,Git
179761,Software Engineer,Python
392065,SEO Specialist,Problem Solving
578576,Cybersecurity Specialist,Incident Response
578576,Cybersecurity Specialist,Firewalls
578576,Cybersecurity Specialist,Linux
308039,Auditor,Problem Solving
609161,Cybersecurity Specialist,Linux
609161,Cybersecurity Specialist,Network Security
609161,Cybersecurity Specialist,Firewalls
953670,Cybersecurity Specialist,Incident Response
953670,Cybersecurity Specialist,Network Security
320211,Recruitment Specialist,Communication
320211,Recruitment Specialist,Excel
386939,Cybersecurity Specialist,Incident Response
386939,Cybersecurity Specialist,Firewalls
212229,Account Manager,Communication
212229,Account Manager,Excel
280261,Content Strategist,Communication
884323,Cybersecurity Specialist,Python
884323,Cybersecurity Specialist,Firewalls
884323,Cybersecurity Specialist,Incident Response
964752,Recruitment Specialist,Communication
858696,Auditor,Communication
858696,Auditor,Problem Solving
968079,Cybersecurity Specialist,Firewalls
968079,Cybersecurity Specialist,Network Security
121835,Financial Analyst,Problem Solving
121835,Financial Analyst,Communication
907976,Software Engineer,Python
907976,Software Engineer,REST API
907976,Software Engineer,SQL
236930,Employee Relations,Communication
454457,Business Development,Excel
472977,Sales Executive,CRM Software
472977,Sales Executive,Negotiation
472977,Sales Executive,Communication
529145,Account Manager,Problem Solving
590221,Recruitment Specialist,Excel
590221,Recruitment Specialist,Problem Solving
808571,Software Engineer,SQL
808571,Software Engineer,REST API
808571,Software Engineer,Git
808571,Software Engineer,Data Structures
808571,Software Engineer,Docker
920075,Account Manager,Problem Solving
920075,Account Manager,Excel
847538,Business Development,Excel
847538,Business Development,Communication
511783,Data Analyst,Excel
511783,Data Analyst,Statistics
511783,Data Analyst,SQL
511783,Data Analyst,Tableau
375423,Recruitment Specialist,Communication
488317,Business Development,Problem Solving
617975,Account Manager,Excel
917472,Content Strategist,Communication
177733,Account Manager,Communication
177733,Account Manager,Excel
571266,Content Strategist,Communication
571266,Content Strategist,Problem Solving
698684,Data Analyst,Python
698684,Data Analyst,Tableau
698684,Data Analyst,SQL
698684,Data Analyst,Excel
482410,SEO Specialist,Problem Solving
797291,Cybersecurity Specialist,Linux
797291,Cybersecurity Specialist,Firewalls
797291,Cybersecurity Specialist,Python
797291,Cybersecurity Specialist,Network Security
691825,Accountant,Problem Solving
691825,Accountant,Excel
553714,Cybersecurity Specialist,Python
553714,Cybersecurity Specialist,Linux
553714,Cybersecurity Specialist,Incident Response
975746,Cybersecurity Specialist,Python
975746,Cybersecurity Specialist,Firewalls
568153,Accountant,Excel
562750,Financial Analyst,Problem Solving
562750,Financial Analyst,Excel
749706,Software Engineer,Data Structures
749706,Software Engineer,Python
749706,Software Engineer,REST API
749706,Software Engineer,Git
876103,HR Manager,Problem Solving
876103,HR Manager,Communication
107370,HR Manager,Communication
107370,HR Manager,Problem Solving
755767,Cybersecurity Specialist,Linux
755767,Cybersecurity Specialist,Firewalls
755767,Cybersecurity Specialist,Python
755767,Cybersecurity Specialist,Network Security
854075,Accountant,Problem Solving
854075,Accountant,Communication
528238,HR Manager,Excel
894847,Marketing Executive,Google Analytics
894847,Marketing Executive,Content Strategy
894847,Marketing Executive,SEO
243622,Recruitment Specialist,Communication
981092,Business Development,Communication
981092,Business Development,Excel
835317,Software Engineer,Java
835317,Software Engineer,Docker
835317,Software Engineer,REST API
835317,Software Engineer,Git
197367,Employee Relations,Communication
375241,Financial Analyst,Problem Solving
115774,Business Development,Communication
722222,Marketing Executive,Google Analytics
722222,Marketing Executive,Content Strategy
722222,Marketing Executive,Copywriting
722222,Marketing Executive,SEO
449776,Accountant,Problem Solving
962012,Account Manager,Excel
962012,Account Manager,Problem Solving
816016,Software Engineer,Git
816016,Software Engineer,Docker
816016,Software Engineer,Data Structures
816016,Software Engineer,Python
201487,Cybersecurity Specialist,Network Security
201487,Cybersecurity Specialist,Linux
201487,Cybersecurity Specialist,Incident Response
988491,Recruitment Specialist,Communication
182457,Accountant,Communication
525132,Business Development,Excel
525132,Business Development,Communication
911052,Sales Executive,CRM Software
911052,Sales Executive,Salesforce
911052,Sales Executive,Excel
527733,Accountant,Communication
527733,Accountant,Problem Solving
678411,HR Manager,Problem Solving
867485,Content Strategist,Excel
867485,Content Strategist,Problem Solving
951931,Data Analyst,Excel
951931,Data Analyst,Python
951931,Data Analyst,Tableau
951931,Data Analyst,SQL
566589,Employee Relations,Communication
566589,Employee Relations,Problem Solving
786330,Recruitment Specialist,Excel
786330,Recruitment Specialist,Problem Solving
409074,SEO Specialist,Communication
409074,SEO Specialist,Problem Solving
886658,Software Engineer,Git
886658,Software Engineer,REST API
886658,Software Engineer,Data Structures
886658,Software Engineer,Java
886658,Software Engineer,SQL
900454,Sales Executive,Lead Generation
900454,Sales Executive,Negotiation
900454,Sales Executive,CRM Software
900454,Sales Executive,Communication
177018,Recruitment Specialist,Problem Solving
354340,SEO Specialist,Problem Solving
354340,SEO Specialist,Communication
391299,HR Manager,Problem Solving
391299,HR Manager,Excel
979295,Sales Executive,Communication
979295,Sales Executive,Negotiation
979295,Sales Executive,Excel
805688,Auditor,Problem Solving
981576,HR Manager,Communication
981576,HR Manager,Problem Solving
784715,SEO Specialist,Problem Solving
656516,Employee Relations,Problem Solving
211543,Auditor,Communication
676114,Auditor,Problem Solving
676114,Auditor,Communication
832952,Auditor,Excel
832952,Auditor,Communication
950626,Cybersecurity Specialist,Firewalls
950626,Cybersecurity Specialist,Incident Response
700424,Auditor,Problem Solving
852861,Account Manager,Excel
852861,Account Manager,Problem Solving
718981,SEO Specialist,Excel
583287,Software Engineer,Docker
583287,Software Engineer,Data Structures
583287,Software Engineer,Python
583287,Software Engineer,Java
583287,Software Engineer,Git
760756,Cybersecurity Specialist,Linux
760756,Cybersecurity Specialist,Network Security
760756,Cybersecurity Specialist,Python
731607,Auditor,Excel
731607,Auditor,Communication
411085,Content Strategist,Problem Solving
411085,Content Strategist,Communication
483233,Content Strategist,Problem Solving
483233,Content Strategist,Communication
439966,Data Analyst,Excel
439966,Data Analyst,Statistics
439966,Data Analyst,SQL
439966,Data Analyst,Tableau
118283,SEO Specialist,Problem Solving
118283,SEO Specialist,Excel
534865,Account Manager,Excel
534865,Account Manager,Problem Solving
731428,Data Analyst,Statistics
731428,Data Analyst,PowerBI
731428,Data Analyst,Excel
412242,Auditor,Problem Solving
412242,Auditor,Communication
912388,Account Manager,Excel
912388,Account Manager,Communication
185897,Recruitment Specialist,Communication
865164,Financial Analyst,Excel
865164,Financial Analyst,Communication
805133,Sales Executive,Lead Generation
805133,Sales Executive,Salesforce
805133,Sales Executive,Communication
805133,Sales Executive,Excel
151131,Financial Analyst,Excel
151131,Financial Analyst,Problem Solving
341915,Financial Analyst,Excel
341915,Financial Analyst,Problem Solving
989043,Recruitment Specialist,Communication
127312,HR Manager,Problem Solving
127312,HR Manager,Communication
161065,Employee Relations,Problem Solving
161065,Employee Relations,Excel
484878,Data Analyst,SQL
484878,Data Analyst,Python
484878,Data Analyst,Statistics
484878,Data Analyst,Excel
484878,Data Analyst,Tableau
665848,Sales Executive,Negotiation
665848,Sales Executive,CRM Software
665848,Sales Executive,Salesforce
665848,Sales Executive,Excel
665848,Sales Executive,Communication
541507,Accountant,Problem Solving
215160,Accountant,Problem Solving
215160,Accountant,Excel
942165,Account Manager,Communication
942165,Account Manager,Problem Solving
116414,Account Manager,Communication
116414,Account Manager,Problem Solving
197547,Cybersecurity Specialist,Python
197547,Cybersecurity Specialist,Firewalls
197547,Cybersecurity Specialist,Linux
588063,SEO Specialist,Excel
588063,SEO Specialist,Communication
384652,SEO Specialist,Problem Solving
306124,Recruitment Specialist,Excel
416013,Cybersecurity Specialist,Network Security
416013,Cybersecurity Specialist,Linux
416013,Cybersecurity Specialist,Incident Response
696739,Cybersecurity Specialist,Incident Response
696739,Cybersecurity Specialist,Firewalls
696739,Cybersecurity Specialist,Network Security
523109,Auditor,Excel
523109,Auditor,Problem Solving
426900,Recruitment Specialist,Excel
674298,Cybersecurity Specialist,Linux
674298,Cybersecurity Specialist,Firewalls
674298,Cybersecurity Specialist,Incident Response
981163,Business Development,Problem Solving
981163,Business Development,Excel
676810,Business Development,Problem Solving
764058,Financial Analyst,Problem Solving
764058,Financial Analyst,Communication
613693,HR Manager,Excel
613693,HR Manager,Communication
466224,Financial Analyst,Problem Solving
375013,Sales Executive,CRM Software
375013,Sales Executive,Communication
375013,Sales Executive,Negotiation
716562,Cybersecurity Specialist,Linux
716562,Cybersecurity Specialist,Incident Response
716562,Cybersecurity Specialist,Firewalls
716562,Cybersecurity Specialist,Python
610031,Account Manager,Communication
610031,Account Manager,Excel
569945,HR Manager,Problem Solving
569945,HR Manager,Communication
946214,Data Analyst,PowerBI
946214,Data Analyst,Python
946214,Data Analyst,Excel
873481,Sales Executive,Negotiation
873481,Sales Executive,Salesforce
873481,Sales Executive,Communication
873481,Sales Executive,Lead Generation
576546,Recruitment Specialist,Communication
795970,Cybersecurity Specialist,Network Security
795970,Cybersecurity Specialist,Incident Response
795970,Cybersecurity Specialist,Python
541132,Cybersecurity Specialist,Incident Response
541132,Cybersecurity Specialist,Firewalls
836217,Marketing Executive,Content Strategy
836217,Marketing Executive,Google Analytics
836217,Marketing Executive,SEO
297348,HR Manager,Communication
507057,Accountant,Problem Solving
727325,Sales Executive,Lead Generation
727325,Sales Executive,Negotiation
727325,Sales Executive,Salesforce
791732,Marketing Executive,Content Strategy
791732,Marketing Executive,Social Media
794003,Sales Executive,Negotiation
794003,Sales Executive,CRM Software
794003,Sales Executive,Excel
628173,Cybersecurity Specialist,Linux
628173,Cybersecurity Specialist,Incident Response
628173,Cybersecurity Specialist,Python
390162,Account Manager,Excel
390162,Account Manager,Problem Solving
845142,Marketing Executive,Google Analytics
845142,Marketing Executive,Content Strategy
845142,Marketing Executive,Copywriting
588643,HR Manager,Problem Solving
588643,HR Manager,Communication
212140,Financial Analyst,Communication
212140,Financial Analyst,Excel
606063,Financial Analyst,Excel
928871,Data Analyst,SQL
928871,Data Analyst,Python
928871,Data Analyst,Tableau
928871,Data Analyst,Excel
596293,Recruitment Specialist,Communication
596293,Recruitment Specialist,Problem Solving
315288,Business Development,Problem Solving
314597,Sales Executive,Excel
314597,Sales Executive,Negotiation
314597,Sales Executive,Lead Generation
314597,Sales Executive,CRM Software
398497,Auditor,Excel
570184,Business Development,Problem Solving
876222,Account Manager,Communication
734480,Recruitment Specialist,Excel
734480,Recruitment Specialist,Problem Solving
950805,Business Development,Problem Solving
451710,Auditor,Problem Solving
240501,HR Manager,Excel
209733,Marketing Executive,SEO
209733,Marketing Executive,Google Analytics
209733,Marketing Executive,Social Media
602244,Auditor,Communication
602244,Auditor,Problem Solving
884118,Data Analyst,Python
884118,Data Analyst,Statistics
884118,Data Analyst,SQL
884118,Data Analyst,Excel
327292,Data Analyst,PowerBI
327292,Data Analyst,Python
327292,Data Analyst,Statistics
327292,Data Analyst,SQL
640682,Data Analyst,PowerBI
640682,Data Analyst,Tableau
640682,Data Analyst,Python
640682,Data Analyst,Excel
900208,Data Analyst,Statistics
900208,Data Analyst,Tableau
900208,Data Analyst,SQL
900208,Data Analyst,PowerBI
470652,HR Manager,Communication
470652,HR Manager,Excel
502321,Business Development,Problem Solving
268455,Financial Analyst,Communication
268455,Financial Analyst,Excel
911814,Software Engineer,Data Structures
911814,Software Engineer,Java
911814,Software Engineer,Docker
911814,Software Engineer,REST API
911814,Software Engineer,SQL
108555,Content Strategist,Excel
108555,Content Strategist,Problem Solving
513731,Business Development,Excel
513731,Business Development,Communication
795499,Software Engineer,Python
795499,Software Engineer,Git
795499,Software Engineer,Data Structures
795499,Software Engineer,Java
156488,Cybersecurity Specialist,Network Security
156488,Cybersecurity Specialist,Incident Response
356902,Auditor,Problem Solving
356902,Auditor,Excel
765633,Content Strategist,Excel
181776,Data Analyst,PowerBI
181776,Data Analyst,SQL
181776,Data Analyst,Python
245504,Data Analyst,Excel
245504,Data Analyst,Python
245504,Data Analyst,PowerBI
245504,Data Analyst,Tableau
245504,Data Analyst,Statistics
491648,SEO Specialist,Communication
491648,SEO Specialist,Excel
880538,Cybersecurity Specialist,Firewalls
880538,Cybersecurity Specialist,Linux
328602,Content Strategist,Problem Solving
464246,Sales Executive,Excel
464246,Sales Executive,Negotiation
464246,Sales Executive,Communication
135772,Account Manager,Excel
576875,Content Strategist,Problem Solving
671166,SEO Specialist,Excel
671166,SEO Specialist,Problem Solving
334087,Business Development,Communication
334087,Business Development,Excel
533996,HR Manager,Excel
533996,HR Manager,Problem Solving
285608,Content Strategist,Problem Solving
480186,Financial Analyst,Excel
545876,Software Engineer,Docker
545876,Software Engineer,Git
545876,Software Engineer,Java
545876,Software Engineer,Python
545876,Software Engineer,REST API
897088,Financial Analyst,Excel
863995,Marketing Executive,Social Media
863995,Marketing Executive,Copywriting
139511,Recruitment Specialist,Problem Solving
139511,Recruitment Specialist,Communication
988230,HR Manager,Excel
988230,HR Manager,Problem Solving
326266,Recruitment Specialist,Communication
326266,Recruitment Specialist,Problem Solving
549581,Employee Relations,Excel
702120,Recruitment Specialist,Problem Solving
525923,Marketing Executive,Google Analytics
525923,Marketing Executive,Social Media
450295,Software Engineer,Git
450295,Software Engineer,SQL
450295,Software Engineer,REST API
275335,Business Development,Communication
427388,Recruitment Specialist,Problem Solving
427388,Recruitment Specialist,Excel
328197,Recruitment Specialist,Problem Solving
328197,Recruitment Specialist,Communication
841660,Sales Executive,CRM Software
841660,Sales Executive,Negotiation
841660,Sales Executive,Lead Generation
759428,Data Analyst,Excel
759428,Data Analyst,Tableau
759428,Data Analyst,PowerBI
596739,SEO Specialist,Problem Solving
176249,Auditor,Communication
176249,Auditor,Problem Solving
752175,Recruitment Specialist,Communication
641259,SEO Specialist,Excel
641259,SEO Specialist,Problem Solving
154551,Recruitment Specialist,Communication
195044,Accountant,Problem Solving
195044,Accountant,Excel
291654,Content Strategist,Problem Solving
291654,Content Strategist,Communication
318895,HR Manager,Excel
318895,HR Manager,Problem Solving
106454,Sales Executive,Communication
106454,Sales Executive,Excel
106454,Sales Executive,CRM Software
499787,Account Manager,Communication
961325,SEO Specialist,Communication
961325,SEO Specialist,Excel
213802,Financial Analyst,Excel
428759,Software Engineer,SQL
428759,Software Engineer,Python
428759,Software Engineer,Data Structures
428759,Software Engineer,Git
914694,Business Development,Problem Solving
914694,Business Development,Communication
579854,Marketing Executive,Social Media
579854,Marketing Executive,Content Strategy
579854,Marketing Executive,Google Analytics
191707,Content Strategist,Communication
669969,Recruitment Specialist,Excel
985391,Employee Relations,Problem Solving
985391,Employee Relations,Communication
942008,Account Manager,Problem Solving
145367,Account Manager,Problem Solving
145367,Account Manager,Excel
720164,Auditor,Communication
720164,Auditor,Problem Solving
817854,Business Development,Excel
969681,Marketing Executive,Copywriting
969681,Marketing Executive,SEO
969681,Marketing Executive,Social Media
221196,Software Engineer,SQL
221196,Software Engineer,REST API
221196,Software Engineer,Data Structures
221196,Software Engineer,Java
221196,Software Engineer,Python
226687,Recruitment Specialist,Excel
226687,Recruitment Specialist,Problem Solving
322253,Accountant,Communication
743719,Accountant,Problem Solving
558991,Recruitment Specialist,Problem Solving
558991,Recruitment Specialist,Communication
462834,Employee Relations,Communication
518589,Software Engineer,Java
518589,Software Engineer,Git
518589,Software Engineer,SQL
518589,Software Engineer,Docker
490489,Accountant,Excel
490489,Accountant,Problem Solving
412669,Software Engineer,SQL
412669,Software Engineer,Git
412669,Software Engineer,Data Structures
412669,Software Engineer,Python
628162,HR Manager,Excel
333194,Business Development,Problem Solving
941251,Auditor,Excel
941251,Auditor,Problem Solving
406259,Account Manager,Excel
512273,HR Manager,Problem Solving
512273,HR Manager,Communication
996601,Account Manager,Communication
962077,Software Engineer,Java
962077,Software Engineer,REST API
962077,Software Engineer,SQL
962077,Software Engineer,Docker
962077,Software Engineer,Python
579942,Recruitment Specialist,Excel
579942,Recruitment Specialist,Problem Solving
227125,Business Development,Excel
227125,Business Development,Communication
902324,Sales Executive,Communication
902324,Sales Executive,Salesforce
902324,Sales Executive,Excel
902324,Sales Executive,Lead Generation
584998,Sales Executive,Salesforce
584998,Sales Executive,Excel
584998,Sales Executive,Communication
584998,Sales Executive,CRM Software
501563,HR Manager,Problem Solving
501563,HR Manager,Excel
218716,Cybersecurity Specialist,Incident Response
218716,Cybersecurity Specialist,Network Security
218716,Cybersecurity Specialist,Python
653767,Accountant,Communication
604645,Marketing Executive,Google Analytics
604645,Marketing Executive,Social Media
604645,Marketing Executive,Copywriting
436452,SEO Specialist,Problem Solving
886663,Employee Relations,Excel
886663,Employee Relations,Communication
720286,Accountant,Problem Solving
107784,Recruitment Specialist,Problem Solving
107784,Recruitment Specialist,Communication
528593,Cybersecurity Specialist,Python
528593,Cybersecurity Specialist,Linux
219508,Account Manager,Excel
219508,Account Manager,Communication
948962,Employee Relations,Communication
948962,Employee Relations,Problem Solving
530664,HR Manager,Excel
108938,Cybersecurity Specialist,Network Security
108938,Cybersecurity Specialist,Firewalls
373142,Recruitment Specialist,Problem Solving
186492,Account Manager,Problem Solving
756883,Account Manager,Excel
429731,SEO Specialist,Communication
429731,SEO Specialist,Problem Solving
967616,Financial Analyst,Excel
576078,Sales Executive,Excel
576078,Sales Executive,Negotiation
576078,Sales Executive,Salesforce
894790,Marketing Executive,SEO
894790,Marketing Executive,Google Analytics
894790,Marketing Executive,Content Strategy
527948,Financial Analyst,Excel
527948,Financial Analyst,Problem Solving
937871,Marketing Executive,Social Media
937871,Marketing Executive,SEO
937871,Marketing Executive,Content Strategy
927942,SEO Specialist,Problem Solving
577525,HR Manager,Excel
577525,HR Manager,Communication
286853,Content Strategist,Problem Solving
286853,Content Strategist,Excel
148562,Cybersecurity Specialist,Python
148562,Cybersecurity Specialist,Firewalls
148562,Cybersecurity Specialist,Incident Response
148562,Cybersecurity Specialist,Linux
464576,Auditor,Communication
557679,Software Engineer,Docker
557679,Software Engineer,Python
557679,Software Engineer,Data Structures
557679,Software Engineer,SQL
557679,Software Engineer,Git
844757,Data Analyst,Tableau
844757,Data Analyst,Excel
844757,Data Analyst,Statistics
844757,Data Analyst,PowerBI
406502,Sales Executive,Negotiation
406502,Sales Executive,Excel
406502,Sales Executive,Lead Generation
881260,Recruitment Specialist,Excel
881260,Recruitment Specialist,Problem Solving
682690,Content Strategist,Problem Solving
383544,Business Development,Problem Solving
748539,Accountant,Excel
204652,HR Manager,Excel
204652,HR Manager,Problem Solving
899741,Financial Analyst,Excel
899741,Financial Analyst,Problem Solving
152499,Software Engineer,SQL
152499,Software Engineer,Docker
152499,Software Engineer,Java
152499,Software Engineer,Python
152499,Software Engineer,REST API
331293,Employee Relations,Excel
331293,Employee Relations,Communication
325278,Account Manager,Excel
325278,Account Manager,Problem Solving
637147,Content Strategist,Problem Solving
956604,Auditor,Problem Solving
416603,Content Strategist,Communication
416603,Content Strategist,Problem Solving
400462,Software Engineer,Docker
400462,Software Engineer,Git
400462,Software Engineer,Data Structures
400462,Software Engineer,Java
599066,Content Strategist,Excel
599066,Content Strategist,Communication
283075,Marketing Executive,Google Analytics
283075,Marketing Executive,Social Media
183564,Financial Analyst,Problem Solving
183564,Financial Analyst,Excel
102862,Marketing Executive,Social Media
102862,Marketing Executive,Content Strategy
102862,Marketing Executive,Copywriting
102862,Marketing Executive,SEO
770518,Marketing Executive,Content Strategy
770518,Marketing Executive,Google Analytics
770518,Marketing Executive,Copywriting
399177,Auditor,Problem Solving
399177,Auditor,Communication
106444,SEO Specialist,Excel
106444,SEO Specialist,Problem Solving
296808,Software Engineer,Git
296808,Software Engineer,Data Structures
296808,Software Engineer,Docker
296808,Software Engineer,SQL
296808,Software Engineer,Python
183732,Accountant,Communication
756845,Sales Executive,CRM Software
756845,Sales Executive,Lead Generation
756845,Sales Executive,Salesforce
332355,HR Manager,Excel
332355,HR Manager,Communication
510762,SEO Specialist,Problem Solving
947367,Auditor,Excel
947367,Auditor,Communication
658187,Marketing Executive,SEO
658187,Marketing Executive,Content Strategy
642194,Employee Relations,Excel
642194,Employee Relations,Communication
104435,Business Development,Problem Solving
891391,SEO Specialist,Excel
891391,SEO Specialist,Problem Solving
828698,Data Analyst,Excel
828698,Data Analyst,PowerBI
828698,Data Analyst,Statistics
271037,Content Strategist,Excel
623135,Accountant,Communication
319347,Software Engineer,SQL
319347,Software Engineer,Git
319347,Software Engineer,Java
319347,Software Engineer,Data Structures
319347,Software Engineer,Python
873920,Cybersecurity Specialist,Firewalls
873920,Cybersecurity Specialist,Network Security
873920,Cybersecurity Specialist,Incident Response
895625,Accountant,Excel
895625,Accountant,Problem Solving
723884,Employee Relations,Communication
723884,Employee Relations,Excel
203128,Cybersecurity Specialist,Linux
203128,Cybersecurity Specialist,Incident Response
203128,Cybersecurity Specialist,Firewalls
268088,Cybersecurity Specialist,Python
268088,Cybersecurity Specialist,Firewalls
268088,Cybersecurity Specialist,Linux
607322,Recruitment Specialist,Communication
431797,Cybersecurity Specialist,Network Security
431797,Cybersecurity Specialist,Linux
431797,Cybersecurity Specialist,Firewalls
431797,Cybersecurity Specialist,Python
597093,Financial Analyst,Excel
597093,Financial Analyst,Problem Solving
122174,Cybersecurity Specialist,Incident Response
122174,Cybersecurity Specialist,Linux
122174,Cybersecurity Specialist,Firewalls
925752,Sales Executive,Excel
925752,Sales Executive,Lead Generation
925752,Sales Executive,Negotiation
925752,Sales Executive,Salesforce
992652,Accountant,Problem Solving
557318,Sales Executive,Communication
557318,Sales Executive,Lead Generation
557318,Sales Executive,Negotiation
976107,Recruitment Specialist,Excel
618500,HR Manager,Problem Solving
631677,Financial Analyst,Communication
979110,Cybersecurity Specialist,Linux
979110,Cybersecurity Specialist,Python
979110,Cybersecurity Specialist,Network Security
339127,Employee Relations,Problem Solving
339127,Employee Relations,Communication
886475,Account Manager,Communication
886475,Account Manager,Problem Solving
264228,Cybersecurity Specialist,Linux
264228,Cybersecurity Specialist,Incident Response
264228,Cybersecurity Specialist,Firewalls
761495,Content Strategist,Excel
211923,Data Analyst,Excel
211923,Data Analyst,Python
211923,Data Analyst,SQL
548251,Account Manager,Communication
548251,Account Manager,Problem Solving
743505,Software Engineer,SQL
743505,Software Engineer,REST API
743505,Software Engineer,Data Structures
743505,Software Engineer,Java
526659,Sales Executive,CRM Software
526659,Sales Executive,Lead Generation
526659,Sales Executive,Negotiation
957814,Employee Relations,Problem Solving
957814,Employee Relations,Excel
104091,Employee Relations,Problem Solving
104091,Employee Relations,Communication
964329,HR Manager,Problem Solving
964329,HR Manager,Excel
932536,Recruitment Specialist,Problem Solving
988488,Auditor,Problem Solving
988488,Auditor,Excel
156878,Auditor,Excel
566305,HR Manager,Problem Solving
566305,HR Manager,Communication
971085,Recruitment Specialist,Excel
964598,Auditor,Problem Solving
964598,Auditor,Excel
362707,Accountant,Communication
362707,Accountant,Problem Solving
864277,HR Manager,Communication
864277,HR Manager,Problem Solving
998672,Marketing Executive,SEO
998672,Marketing Executive,Copywriting
421986,Sales Executive,Excel
421986,Sales Executive,Negotiation
421986,Sales Executive,Salesforce
702741,Sales Executive,Lead Generation
702741,Sales Executive,Negotiation
702741,Sales Executive,Communication
396415,HR Manager,Problem Solving
396415,HR Manager,Excel
836703,Accountant,Communication
814171,HR Manager,Excel
814171,HR Manager,Problem Solving
606965,Accountant,Problem Solving
273080,SEO Specialist,Excel
767338,Auditor,Excel
767338,Auditor,Communication
257807,Marketing Executive,Google Analytics
257807,Marketing Executive,Social Media
603784,Business Development,Problem Solving
603784,Business Development,Excel
163103,Financial Analyst,Communication
159931,SEO Specialist,Problem Solving
159931,SEO Specialist,Excel
134326,Accountant,Excel
134326,Accountant,Problem Solving
564163,Content Strategist,Problem Solving
564163,Content Strategist,Excel
974107,HR Manager,Excel
437784,Accountant,Problem Solving
437784,Accountant,Excel
711089,Business Development,Communication
845797,Data Analyst,Tableau
845797,Data Analyst,Excel
845797,Data Analyst,Python
285256,Marketing Executive,Google Analytics
285256,Marketing Executive,SEO
794243,SEO Specialist,Excel
794243,SEO Specialist,Communication
281822,Accountant,Problem Solving
768173,Business Development,Communication
632755,Software Engineer,Docker
632755,Software Engineer,Java
632755,Software Engineer,SQL
835815,Recruitment Specialist,Problem Solving
745103,Data Analyst,Tableau
745103,Data Analyst,PowerBI
745103,Data Analyst,SQL
745103,Data Analyst,Excel
447271,Data Analyst,Python
447271,Data Analyst,Excel
447271,Data Analyst,Statistics
198895,Business Development,Communication
198895,Business Development,Excel
941083,Data Analyst,Statistics
941083,Data Analyst,PowerBI
941083,Data Analyst,Tableau
902328,Content Strategist,Problem Solving
382247,Employee Relations,Excel
382247,Employee Relations,Problem Solving
116319,Cybersecurity Specialist,Python
116319,Cybersecurity Specialist,Firewalls
116319,Cybersecurity Specialist,Incident Response
116319,Cybersecurity Specialist,Network Security
433459,Content Strategist,Excel
637113,Employee Relations,Communication
657790,Cybersecurity Specialist,Firewalls
657790,Cybersecurity Specialist,Incident Response
154140,Software Engineer,Java
154140,Software Engineer,Python
154140,Software Engineer,Git
392648,Accountant,Problem Solving
326824,Content Strategist,Problem Solving
233714,Sales Executive,Excel
233714,Sales Executive,Communication
233714,Sales Executive,CRM Software
233714,Sales Executive,Lead Generation
234781,Marketing Executive,Content Strategy
234781,Marketing Executive,Copywriting
234781,Marketing Executive,Social Media
984132,Accountant,Excel
984132,Accountant,Problem Solving
658424,Auditor,Problem Solving
919751,Employee Relations,Communication
753799,Financial Analyst,Excel
753799,Financial Analyst,Problem Solving
569196,Sales Executive,CRM Software
569196,Sales Executive,Excel
569196,Sales Executive,Lead Generation
569196,Sales Executive,Communication
871767,Data Analyst,SQL
871767,Data Analyst,Excel
871767,Data Analyst,PowerBI
950169,Account Manager,Communication
950169,Account Manager,Excel
505383,Cybersecurity Specialist,Python
505383,Cybersecurity Specialist,Network Security
343833,Software Engineer,REST API
343833,Software Engineer,Java
343833,Software Engineer,Python
343833,Software Engineer,Data Structures
343833,Software Engineer,Docker
954618,HR Manager,Problem Solving
954618,HR Manager,Excel
435695,Cybersecurity Specialist,Firewalls
435695,Cybersecurity Specialist,Network Security
435695,Cybersecurity Specialist,Incident Response
435695,Cybersecurity Specialist,Python
369372,Financial Analyst,Problem Solving
833493,Content Strategist,Communication
833493,Content Strategist,Problem Solving
688556,Data Analyst,Python
688556,Data Analyst,Statistics
688556,Data Analyst,SQL
688556,Data Analyst,PowerBI
250973,Cybersecurity Specialist,Network Security
250973,Cybersecurity Specialist,Incident Response
250973,Cybersecurity Specialist,Firewalls
634833,Cybersecurity Specialist,Python
634833,Cybersecurity Specialist,Incident Response
634833,Cybersecurity Specialist,Firewalls
482185,HR Manager,Problem Solving
482185,HR Manager,Excel
346681,Cybersecurity Specialist,Python
346681,Cybersecurity Specialist,Network Security
346681,Cybersecurity Specialist,Firewalls
346681,Cybersecurity Specialist,Incident Response
910847,Cybersecurity Specialist,Python
910847,Cybersecurity Specialist,Firewalls
910847,Cybersecurity Specialist,Network Security
907096,Financial Analyst,Excel
823513,Business Development,Excel
823513,Business Development,Communication
705336,SEO Specialist,Excel
705336,SEO Specialist,Communication
811956,Sales Executive,Excel
811956,Sales Executive,Salesforce
811956,Sales Executive,Communication
583343,Recruitment Specialist,Communication
583343,Recruitment Specialist,Excel
909845,Employee Relations,Excel
809491,Cybersecurity Specialist,Python
809491,Cybersecurity Specialist,Firewalls
809491,Cybersecurity Specialist,Incident Response
809491,Cybersecurity Specialist,Network Security
688565,Content Strategist,Excel
688565,Content Strategist,Problem Solving
685287,Cybersecurity Specialist,Linux
685287,Cybersecurity Specialist,Incident Response
685287,Cybersecurity Specialist,Python
941936,Sales Executive,Excel
941936,Sales Executive,Lead Generation
941936,Sales Executive,Communication
231534,Business Development,Excel
231534,Business Development,Communication
110767,Accountant,Excel
163842,Software Engineer,Docker
163842,Software Engineer,REST API
163842,Software Engineer,Git
163842,Software Engineer,Java
163842,Software Engineer,Python
531739,Content Strategist,Excel
420742,Recruitment Specialist,Communication
929792,Account Manager,Excel
929792,Account Manager,Problem Solving
498049,Content Strategist,Problem Solving
868171,Marketing Executive,Social Media
868171,Marketing Executive,Google Analytics
868171,Marketing Executive,Content Strategy
868171,Marketing Executive,Copywriting
267158,Marketing Executive,SEO
267158,Marketing Executive,Copywriting
267158,Marketing Executive,Social Media
578924,Software Engineer,Java
578924,Software Engineer,Git
578924,Software Engineer,Data Structures
578924,Software Engineer,Docker
578924,Software Engineer,Python
121979,Cybersecurity Specialist,Incident Response
121979,Cybersecurity Specialist,Linux
787133,Business Development,Communication
196840,Employee Relations,Communication
236487,Content Strategist,Communication
236487,Content Strategist,Excel
653652,Software Engineer,REST API
653652,Software Engineer,SQL
653652,Software Engineer,Data Structures
105672,Accountant,Communication
105672,Accountant,Problem Solving
416052,Accountant,Communication
416052,Accountant,Problem Solving
615742,Accountant,Excel
175813,Cybersecurity Specialist,Firewalls
175813,Cybersecurity Specialist,Linux
175813,Cybersecurity Specialist,Incident Response
763423,Financial Analyst,Excel
763423,Financial Analyst,Communication
879179,Software Engineer,Python
879179,Software Engineer,SQL
879179,Software Engineer,Data Structures
119419,Recruitment Specialist,Problem Solving
635587,Employee Relations,Problem Solving
635587,Employee Relations,Excel
786623,Marketing Executive,Social Media
786623,Marketing Executive,Copywriting
516488,Data Analyst,SQL
516488,Data Analyst,Python
516488,Data Analyst,Excel
702662,Marketing Executive,Copywriting
702662,Marketing Executive,Google Analytics
702662,Marketing Executive,Social Media
613227,Employee Relations,Communication
444501,Auditor,Excel
254257,Business Development,Communication
254257,Business Development,Excel
855084,Marketing Executive,Google Analytics
855084,Marketing Executive,Copywriting
559971,Employee Relations,Communication
559971,Employee Relations,Excel
312287,Auditor,Communication
810497,SEO Specialist,Communication
810497,SEO Specialist,Problem Solving
593028,Cybersecurity Specialist,Incident Response
593028,Cybersecurity Specialist,Network Security
785106,Employee Relations,Problem Solving
785106,Employee Relations,Communication
516801,Business Development,Problem Solving
516801,Business Development,Communication
456919,Accountant,Communication
456919,Accountant,Problem Solving
608164,HR Manager,Communication
695493,Business Development,Communication
414210,Content Strategist,Problem Solving
414210,Content Strategist,Excel
268350,Business Development,Communication
208696,Cybersecurity Specialist,Firewalls
208696,Cybersecurity Specialist,Linux
208696,Cybersecurity Specialist,Network Security
533294,Content Strategist,Problem Solving
533294,Content Strategist,Communication
559310,Cybersecurity Specialist,Linux
559310,Cybersecurity Specialist,Incident Response
559310,Cybersecurity Specialist,Network Security
559310,Cybersecurity Specialist,Python
584510,Auditor,Problem Solving
584510,Auditor,Excel
646569,Accountant,Communication
312218,Accountant,Excel
312218,Accountant,Communication
867379,Employee Relations,Excel
167716,Data Analyst,SQL
167716,Data Analyst,PowerBI
167716,Data Analyst,Excel
182875,Recruitment Specialist,Communication
182875,Recruitment Specialist,Excel
113558,Cybersecurity Specialist,Incident Response
113558,Cybersecurity Specialist,Firewalls
113558,Cybersecurity Specialist,Network Security
113558,Cybersecurity Specialist,Linux
117853,Account Manager,Excel
461060,Marketing Executive,Social Media
461060,Marketing Executive,Content Strategy
461060,Marketing Executive,SEO
523370,Cybersecurity Specialist,Incident Response
523370,Cybersecurity Specialist,Python
849267,Recruitment Specialist,Problem Solving
849267,Recruitment Specialist,Excel
221231,Recruitment Specialist,Communication
170025,Business Development,Communication
170025,Business Development,Excel
684786,Employee Relations,Problem Solving
308136,Employee Relations,Excel
351552,Accountant,Excel
881949,Account Manager,Excel
881949,Account Manager,Communication
179334,Cybersecurity Specialist,Firewalls
179334,Cybersecurity Specialist,Network Security
179334,Cybersecurity Specialist,Linux
467161,Auditor,Excel
467161,Auditor,Problem Solving
699245,Recruitment Specialist,Excel
766456,Software Engineer,Git
766456,Software Engineer,Docker
766456,Software Engineer,Python
766456,Software Engineer,Java
692901,Business Development,Problem Solving
692901,Business Development,Excel
963233,Financial Analyst,Problem Solving
963233,Financial Analyst,Communication
972714,SEO Specialist,Communication
679493,Accountant,Problem Solving
938893,Cybersecurity Specialist,Python
938893,Cybersecurity Specialist,Network Security
938893,Cybersecurity Specialist,Firewalls
385533,Account Manager,Communication
385533,Account Manager,Excel
957959,Employee Relations,Problem Solving
785197,Financial Analyst,Problem Solving
974553,Financial Analyst,Problem Solving
654260,Content Strategist,Communication
303341,SEO Specialist,Communication
303341,SEO Specialist,Excel
324244,Content Strategist,Communication
441424,Accountant,Excel
441424,Accountant,Problem Solving
378913,Business Development,Excel
637523,Business Development,Excel
637523,Business Development,Problem Solving
776529,Sales Executive,Negotiation
776529,Sales Executive,Salesforce
776529,Sales Executive,Communication
219261,Cybersecurity Specialist,Firewalls
219261,Cybersecurity Specialist,Python
219261,Cybersecurity Specialist,Linux
708972,SEO Specialist,Problem Solving
708972,SEO Specialist,Communication
284767,Sales Executive,CRM Software
284767,Sales Executive,Negotiation
284767,Sales Executive,Salesforce
284767,Sales Executive,Communication
403237,Content Strategist,Excel
917743,Cybersecurity Specialist,Network Security
917743,Cybersecurity Specialist,Python
917743,Cybersecurity Specialist,Linux
127284,SEO Specialist,Excel
162369,Auditor,Excel
162369,Auditor,Communication
151502,Marketing Executive,SEO
151502,Marketing Executive,Copywriting
579328,Recruitment Specialist,Excel
911031,Account Manager,Communication
911031,Account Manager,Excel
826259,SEO Specialist,Communication
760320,Employee Relations,Problem Solving
760320,Employee Relations,Excel
698407,Marketing Executive,Social Media
698407,Marketing Executive,SEO
698407,Marketing Executive,Google Analytics
698407,Marketing Executive,Content Strategy
652774,Employee Relations,Excel
156602,Employee Relations,Problem Solving
629644,Employee Relations,Excel
287695,Software Engineer,REST API
287695,Software Engineer,Python
287695,Software Engineer,SQL
767113,Employee Relations,Problem Solving
306666,Sales Executive,Negotiation
306666,Sales Executive,Excel
306666,Sales Executive,Salesforce
900323,Account Manager,Communication
900323,Account Manager,Excel
837755,Software Engineer,Python
837755,Software Engineer,Data Structures
837755,Software Engineer,Git
837755,Software Engineer,Docker
481807,Software Engineer,Data Structures
481807,Software Engineer,SQL
481807,Software Engineer,Python
581486,Recruitment Specialist,Excel
526927,Accountant,Excel
104468,HR Manager,Communication
104468,HR Manager,Problem Solving
975343,Software Engineer,SQL
975343,Software Engineer,Docker
975343,Software Engineer,Data Structures
975343,Software Engineer,Python
180560,Auditor,Communication
180560,Auditor,Problem Solving
774164,Financial Analyst,Problem Solving
432784,Recruitment Specialist,Excel
562710,Financial Analyst,Communication
562710,Financial Analyst,Excel
738026,Sales Executive,Negotiation
738026,Sales Executive,CRM Software
738026,Sales Executive,Lead Generation
738026,Sales Executive,Excel
422041,Account Manager,Problem Solving
645875,Cybersecurity Specialist,Network Security
645875,Cybersecurity Specialist,Python
645875,Cybersecurity Specialist,Firewalls
204792,Data Analyst,Python
204792,Data Analyst,PowerBI
204792,Data Analyst,Tableau
204792,Data Analyst,Excel
716823,Content Strategist,Excel
716823,Content Strategist,Problem Solving
775739,HR Manager,Problem Solving
775739,HR Manager,Communication
368394,Account Manager,Problem Solving
661791,Financial Analyst,Excel
661791,Financial Analyst,Communication
314488,Cybersecurity Specialist,Network Security
314488,Cybersecurity Specialist,Python
314488,Cybersecurity Specialist,Linux
807102,Financial Analyst,Excel
807102,Financial Analyst,Communication
712648,Account Manager,Excel
712648,Account Manager,Problem Solving
628319,Software Engineer,REST API
628319,Software Engineer,Java
628319,Software Engineer,Data Structures
628319,Software Engineer,Docker
628319,Software Engineer,SQL
998806,Account Manager,Excel
923001,Account Manager,Excel
998971,Business Development,Communication
998971,Business Development,Problem Solving
258563,Marketing Executive,Copywriting
258563,Marketing Executive,Social Media
258563,Marketing Executive,SEO
512602,Account Manager,Communication
584430,Business Development,Excel
710491,Software Engineer,Git
710491,Software Engineer,Python
710491,Software Engineer,Java
710491,Software Engineer,SQL
710491,Software Engineer,Data Structures
156467,Software Engineer,Docker
156467,Software Engineer,Git
156467,Software Engineer,Data Structures
692836,SEO Specialist,Problem Solving
692836,SEO Specialist,Communication
868106,Employee Relations,Problem Solving
614028,Recruitment Specialist,Communication
918945,Recruitment Specialist,Problem Solving
918945,Recruitment Specialist,Excel
607571,Recruitment Specialist,Communication
934229,Marketing Executive,Copywriting
934229,Marketing Executive,SEO
934229,Marketing Executive,Google Analytics
158185,SEO Specialist,Communication
158185,SEO Specialist,Excel
666897,HR Manager,Excel
666897,HR Manager,Problem Solving
911788,HR Manager,Excel
911788,HR Manager,Communication
833934,SEO Specialist,Communication
836415,Marketing Executive,Content Strategy
836415,Marketing Executive,Social Media
836415,Marketing Executive,SEO
836415,Marketing Executive,Copywriting
275762,Accountant,Excel
275762,Accountant,Problem Solving
193019,HR Manager,Problem Solving
193019,HR Manager,Excel
343615,Recruitment Specialist,Communication
343615,Recruitment Specialist,Problem Solving
408486,HR Manager,Problem Solving
956539,Sales Executive,Negotiation
956539,Sales Executive,CRM Software
956539,Sales Executive,Communication
103626,Account Manager,Problem Solving
103626,Account Manager,Communication
581220,Marketing Executive,SEO
581220,Marketing Executive,Copywriting
581220,Marketing Executive,Content Strategy
581220,Marketing Executive,Google Analytics
383822,Software Engineer,Docker
383822,Software Engineer,Data Structures
383822,Software Engineer,Python
383822,Software Engineer,SQL
450922,HR Manager,Problem Solving
450922,HR Manager,Communication
575013,Account Manager,Communication
575013,Account Manager,Problem Solving
778350,SEO Specialist,Problem Solving
778350,SEO Specialist,Communication
353047,Business Development,Excel
554758,Auditor,Excel
554758,Auditor,Problem Solving
235762,HR Manager,Problem Solving
235762,HR Manager,Excel
869003,Content Strategist,Problem Solving
869003,Content Strategist,Communication
178442,Accountant,Problem Solving
178442,Accountant,Communication
604786,Marketing Executive,Google Analytics
604786,Marketing Executive,Social Media
604786,Marketing Executive,SEO
706992,HR Manager,Communication
417279,Software Engineer,Python
417279,Software Engineer,REST API
417279,Software Engineer,Java
417279,Software Engineer,SQL
734226,HR Manager,Excel
734226,HR Manager,Problem Solving
337652,Accountant,Communication
337652,Accountant,Problem Solving
347839,Auditor,Problem Solving
347839,Auditor,Communication
341374,Auditor,Communication
341374,Auditor,Excel
897160,Data Analyst,Statistics
897160,Data Analyst,Python
897160,Data Analyst,SQL
897160,Data Analyst,Excel
336606,Recruitment Specialist,Excel
336606,Recruitment Specialist,Problem Solving
743421,Account Manager,Problem Solving
868315,Business Development,Excel
868315,Business Development,Problem Solving
454665,Account Manager,Communication
624983,Auditor,Communication
130180,Employee Relations,Problem Solving
130180,Employee Relations,Excel
144603,Auditor,Communication
144603,Auditor,Problem Solving
528129,Accountant,Excel
434481,Business Development,Excel
525197,Auditor,Excel
124269,Business Development,Excel
124269,Business Development,Communication
130629,Content Strategist,Problem Solving
112883,Cybersecurity Specialist,Python
112883,Cybersecurity Specialist,Incident Response
112883,Cybersecurity Specialist,Linux
112883,Cybersecurity Specialist,Network Security
824348,Auditor,Communication
596928,Account Manager,Communication
916725,Cybersecurity Specialist,Incident Response
916725,Cybersecurity Specialist,Firewalls
916725,Cybersecurity Specialist,Python
916725,Cybersecurity Specialist,Linux
907675,Marketing Executive,SEO
907675,Marketing Executive,Social Media
907675,Marketing Executive,Copywriting
907675,Marketing Executive,Content Strategy
399624,Auditor,Excel
399624,Auditor,Communication
330944,Account Manager,Problem Solving
301263,Employee Relations,Communication
474721,Recruitment Specialist,Communication
474721,Recruitment Specialist,Excel
543620,Account Manager,Communication
329274,Employee Relations,Communication
329274,Employee Relations,Excel
508920,Business Development,Communication
168985,Cybersecurity Specialist,Python
168985,Cybersecurity Specialist,Firewalls
168985,Cybersecurity Specialist,Linux
609201,Marketing Executive,Content Strategy
609201,Marketing Executive,Copywriting
609201,Marketing Executive,Social Media
174556,SEO Specialist,Communication
350327,HR Manager,Problem Solving
345269,Data Analyst,SQL
345269,Data Analyst,Excel
345269,Data Analyst,Python
322501,Financial Analyst,Problem Solving
322501,Financial Analyst,Excel
117709,Employee Relations,Communication
117709,Employee Relations,Excel
963111,Accountant,Excel
963111,Accountant,Communication
496470,Accountant,Excel
496470,Accountant,Communication
462961,Account Manager,Excel
622030,HR Manager,Problem Solving
622030,HR Manager,Communication
621309,Software Engineer,Docker
621309,Software Engineer,REST API
621309,Software Engineer,Java
621309,Software Engineer,Data Structures
621309,Software Engineer,SQL
188974,SEO Specialist,Communication
188974,SEO Specialist,Excel
201578,Content Strategist,Communication
235296,Software Engineer,Python
235296,Software Engineer,REST API
235296,Software Engineer,Git
235296,Software Engineer,SQL
235296,Software Engineer,Data Structures
911448,Cybersecurity Specialist,Python
911448,Cybersecurity Specialist,Firewalls
911448,Cybersecurity Specialist,Linux
144988,SEO Specialist,Problem Solving
144988,SEO Specialist,Communication
228392,Marketing Executive,Content Strategy
228392,Marketing Executive,SEO
228392,Marketing Executive,Copywriting
440215,Account Manager,Problem Solving
440215,Account Manager,Excel
575830,Financial Analyst,Excel
778582,Accountant,Problem Solving
778582,Accountant,Communication
192425,Business Development,Communication
192425,Business Development,Problem Solving
154784,Recruitment Specialist,Communication
154784,Recruitment Specialist,Excel
620971,Auditor,Problem Solving
620971,Auditor,Communication
534778,Marketing Executive,Content Strategy
534778,Marketing Executive,Copywriting
534778,Marketing Executive,SEO
397463,Accountant,Communication
670110,Account Manager,Excel
670110,Account Manager,Problem Solving
622635,Recruitment Specialist,Excel
622635,Recruitment Specialist,Communication
724139,Recruitment Specialist,Excel
208283,Recruitment Specialist,Communication
208283,Recruitment Specialist,Problem Solving
778899,Accountant,Excel
740244,HR Manager,Communication
740244,HR Manager,Excel
869661,Employee Relations,Problem Solving
153656,SEO Specialist,Problem Solving
181641,Auditor,Problem Solving
319676,Sales Executive,Salesforce
319676,Sales Executive,Lead Generation
319676,Sales Executive,Communication
319676,Sales Executive,Excel
341103,Recruitment Specialist,Excel
341103,Recruitment Specialist,Communication
453414,Sales Executive,Communication
453414,Sales Executive,Lead Generation
453414,Sales Executive,CRM Software
453414,Sales Executive,Excel
248278,Marketing Executive,SEO
248278,Marketing Executive,Content Strategy
248278,Marketing Executive,Social Media
289795,Content Strategist,Excel
289795,Content Strategist,Problem Solving
272304,Business Development,Communication
272304,Business Development,Problem Solving
942019,Auditor,Excel
549044,Employee Relations,Problem Solving
549044,Employee Relations,Communication
646979,Content Strategist,Communication
646979,Content Strategist,Excel
712534,Employee Relations,Excel
712534,Employee Relations,Communication
919417,Recruitment Specialist,Problem Solving
919417,Recruitment Specialist,Excel
640447,Marketing Executive,Copywriting
640447,Marketing Executive,SEO
640447,Marketing Executive,Social Media
640447,Marketing Executive,Content Strategy
811657,Recruitment Specialist,Communication
274173,Content Strategist,Problem Solving
274173,Content Strategist,Excel
466374,Financial Analyst,Problem Solving
453674,Account Manager,Excel
453674,Account Manager,Communication
323326,SEO Specialist,Communication
323326,SEO Specialist,Excel
539289,Data Analyst,Python
539289,Data Analyst,Tableau
539289,Data Analyst,Excel
539289,Data Analyst,Statistics
912802,Content Strategist,Communication
194874,Account Manager,Problem Solving
194874,Account Manager,Communication
746809,Account Manager,Communication
746809,Account Manager,Excel
836718,Employee Relations,Excel
836718,Employee Relations,Communication
758214,Sales Executive,Negotiation
758214,Sales Executive,Salesforce
758214,Sales Executive,CRM Software
758214,Sales Executive,Communication
456483,Content Strategist,Problem Solving
456483,Content Strategist,Communication
873505,Content Strategist,Problem Solving
873505,Content Strategist,Communication
251623,SEO Specialist,Problem Solving
459243,Employee Relations,Communication
459243,Employee Relations,Excel
435587,Financial Analyst,Communication
794350,Sales Executive,Communication
794350,Sales Executive,Lead Generation
794350,Sales Executive,Excel
794350,Sales Executive,Negotiation
904358,Employee Relations,Excel
904358,Employee Relations,Problem Solving
588175,Software Engineer,SQL
588175,Software Engineer,Python
588175,Software Engineer,REST API
588175,Software Engineer,Data Structures
551737,HR Manager,Communication
551737,HR Manager,Excel
863646,Auditor,Communication
863646,Auditor,Excel
939679,SEO Specialist,Problem Solving
939679,SEO Specialist,Excel
237549,HR Manager,Problem Solving
120455,Cybersecurity Specialist,Linux
120455,Cybersecurity Specialist,Firewalls
120455,Cybersecurity Specialist,Network Security
488107,Account Manager,Communication
488107,Account Manager,Problem Solving
164170,Content Strategist,Communication
204062,Data Analyst,Excel
204062,Data Analyst,Tableau
204062,Data Analyst,Python
967697,Data Analyst,PowerBI
967697,Data Analyst,Excel
967697,Data Analyst,SQL
700615,SEO Specialist,Problem Solving
700615,SEO Specialist,Communication
610421,Recruitment Specialist,Problem Solving
529533,Employee Relations,Problem Solving
529533,Employee Relations,Communication
820451,HR Manager,Problem Solving
253148,Employee Relations,Excel
554153,Data Analyst,PowerBI
554153,Data Analyst,Statistics
554153,Data Analyst,Tableau
554153,Data Analyst,SQL
238211,Cybersecurity Specialist,Incident Response
238211,Cybersecurity Specialist,Python
660256,Account Manager,Communication
660256,Account Manager,Problem Solving
421112,Data Analyst,Excel
421112,Data Analyst,Statistics
421112,Data Analyst,Python
201415,Cybersecurity Specialist,Linux
201415,Cybersecurity Specialist,Network Security
201415,Cybersecurity Specialist,Incident Response
181518,Business Development,Excel
838689,Sales Executive,CRM Software
838689,Sales Executive,Salesforce
838689,Sales Executive,Negotiation
121502,SEO Specialist,Communication
119536,SEO Specialist,Excel
131346,Financial Analyst,Problem Solving
131346,Financial Analyst,Excel
968609,Data Analyst,Python
968609,Data Analyst,Excel
968609,Data Analyst,Tableau
582496,Content Strategist,Problem Solving
534556,Marketing Executive,Content Strategy
534556,Marketing Executive,Social Media
534556,Marketing Executive,Copywriting
748618,Data Analyst,Python
748618,Data Analyst,Excel
748618,Data Analyst,Statistics
748618,Data Analyst,Tableau
748618,Data Analyst,SQL
502550,Business Development,Problem Solving
875160,Software Engineer,REST API
875160,Software Engineer,Docker
875160,Software Engineer,SQL
875160,Software Engineer,Java
875160,Software Engineer,Python
854820,Software Engineer,Java
854820,Software Engineer,Data Structures
854820,Software Engineer,Docker
854820,Software Engineer,REST API
481326,Auditor,Excel
481326,Auditor,Problem Solving
128104,SEO Specialist,Excel
169384,Sales Executive,Lead Generation
169384,Sales Executive,CRM Software
169384,Sales Executive,Negotiation
169384,Sales Executive,Salesforce
913210,Account Manager,Communication
434839,Data Analyst,Statistics
434839,Data Analyst,Tableau
434839,Data Analyst,PowerBI
434839,Data Analyst,Excel
434004,Auditor,Communication
434004,Auditor,Problem Solving
129593,Employee Relations,Communication
129593,Employee Relations,Excel
974327,Account Manager,Excel
307189,HR Manager,Excel
307189,HR Manager,Problem Solving
887680,Recruitment Specialist,Problem Solving
666391,Business Development,Communication
666391,Business Development,Problem Solving
592890,Recruitment Specialist,Communication
478395,Recruitment Specialist,Problem Solving
478395,Recruitment Specialist,Excel
830228,Recruitment Specialist,Problem Solving
830228,Recruitment Specialist,Communication
304834,Software Engineer,Python
304834,Software Engineer,Java
304834,Software Engineer,Data Structures
923529,Financial Analyst,Communication
293210,Business Development,Communication
293210,Business Development,Problem Solving
324323,Business Development,Excel
441954,Content Strategist,Excel
441954,Content Strategist,Communication
277131,Sales Executive,CRM Software
277131,Sales Executive,Lead Generation
277131,Sales Executive,Negotiation
277131,Sales Executive,Communication
652709,Employee Relations,Problem Solving
820728,Recruitment Specialist,Communication
181754,Employee Relations,Communication
435297,SEO Specialist,Excel
787579,Auditor,Problem Solving
787579,Auditor,Communication
220450,Data Analyst,Tableau
220450,Data Analyst,PowerBI
220450,Data Analyst,Excel
958055,Business Development,Problem Solving
863212,Account Manager,Communication
757454,Cybersecurity Specialist,Incident Response
757454,Cybersecurity Specialist,Linux
757454,Cybersecurity Specialist,Network Security
460968,Account Manager,Communication
547113,HR Manager,Problem Solving
547113,HR Manager,Excel
631260,Accountant,Problem Solving
700376,Auditor,Problem Solving
985546,Data Analyst,PowerBI
985546,Data Analyst,Statistics
985546,Data Analyst,Excel
985546,Data Analyst,Python
507884,Data Analyst,SQL
507884,Data Analyst,Python
507884,Data Analyst,Statistics
702339,Recruitment Specialist,Problem Solving
702339,Recruitment Specialist,Excel
193478,Accountant,Communication
466311,HR Manager,Communication
532900,Marketing Executive,Social Media
532900,Marketing Executive,Google Analytics
532900,Marketing Executive,Content Strategy
377172,Content Strategist,Communication
377172,Content Strategist,Excel
569924,Accountant,Excel
102178,HR Manager,Excel
253416,Software Engineer,Data Structures
253416,Software Engineer,SQL
253416,Software Engineer,REST API
253416,Software Engineer,Git
136761,Cybersecurity Specialist,Linux
136761,Cybersecurity Specialist,Python
136761,Cybersecurity Specialist,Network Security
928931,Auditor,Problem Solving
928931,Auditor,Excel
411761,SEO Specialist,Excel
468358,Recruitment Specialist,Excel
508329,Auditor,Communication
508329,Auditor,Excel
934273,SEO Specialist,Excel
934273,SEO Specialist,Problem Solving
962342,Content Strategist,Communication
962342,Content Strategist,Problem Solving
869566,Employee Relations,Communication
561927,Cybersecurity Specialist,Linux
561927,Cybersecurity Specialist,Network Security
561927,Cybersecurity Specialist,Firewalls
850758,SEO Specialist,Communication
850758,SEO Specialist,Excel
657985,Employee Relations,Communication
268102,Cybersecurity Specialist,Incident Response
268102,Cybersecurity Specialist,Python
268102,Cybersecurity Specialist,Linux
268102,Cybersecurity Specialist,Firewalls
640782,Marketing Executive,Copywriting
640782,Marketing Executive,Social Media
787328,Business Development,Excel
787328,Business Development,Communication
107797,Account Manager,Communication
107797,Account Manager,Problem Solving
178537,Cybersecurity Specialist,Python
178537,Cybersecurity Specialist,Linux
178537,Cybersecurity Specialist,Incident Response
180317,HR Manager,Communication
525844,Recruitment Specialist,Excel
924510,Employee Relations,Excel
616142,HR Manager,Problem Solving
275463,Account Manager,Problem Solving
275463,Account Manager,Excel
326270,Content Strategist,Excel
326270,Content Strategist,Communication
756693,Account Manager,Excel
756693,Account Manager,Problem Solving
131180,Financial Analyst,Excel
131180,Financial Analyst,Communication
635983,Sales Executive,Communication
635983,Sales Executive,CRM Software
635983,Sales Executive,Salesforce
635983,Sales Executive,Lead Generation
680858,Business Development,Excel
680858,Business Development,Communication
144240,HR Manager,Problem Solving
428395,Financial Analyst,Excel
428395,Financial Analyst,Problem Solving
621395,SEO Specialist,Communication
660882,Sales Executive,Negotiation
660882,Sales Executive,Excel
660882,Sales Executive,Salesforce
625826,Marketing Executive,Google Analytics
625826,Marketing Executive,Social Media
625826,Marketing Executive,Content Strategy
625826,Marketing Executive,SEO
971066,Content Strategist,Communication
524420,Recruitment Specialist,Excel
524420,Recruitment Specialist,Problem Solving
405585,Marketing Executive,SEO
405585,Marketing Executive,Google Analytics
405585,Marketing Executive,Content Strategy
571423,Recruitment Specialist,Problem Solving
384907,Software Engineer,Data Structures
384907,Software Engineer,Python
384907,Software Engineer,Java
384907,Software Engineer,REST API
325975,Cybersecurity Specialist,Incident Response
325975,Cybersecurity Specialist,Network Security
625271,Content Strategist,Communication
625271,Content Strategist,Excel
219132,Account Manager,Problem Solving
219132,Account Manager,Communication
927183,Accountant,Problem Solving
927183,Accountant,Excel
468216,Business Development,Excel
468216,Business Development,Problem Solving
199534,Business Development,Excel
999753,Software Engineer,REST API
999753,Software Engineer,Python
999753,Software Engineer,Git
687145,Data Analyst,Python
687145,Data Analyst,Statistics
687145,Data Analyst,Excel
687145,Data Analyst,SQL
215348,SEO Specialist,Communication
215348,SEO Specialist,Problem Solving
422016,Auditor,Communication
422016,Auditor,Problem Solving
440195,Auditor,Problem Solving
299323,Cybersecurity Specialist,Network Security
299323,Cybersecurity Specialist,Incident Response
299323,Cybersecurity Specialist,Linux
166968,SEO Specialist,Excel
166968,SEO Specialist,Communication
631032,Financial Analyst,Excel
631032,Financial Analyst,Problem Solving
543497,Accountant,Communication
543497,Accountant,Excel
856785,Accountant,Communication
856785,Accountant,Problem Solving
202194,Software Engineer,Data Structures
202194,Software Engineer,Java
202194,Software Engineer,Docker
202194,Software Engineer,REST API
851998,Software Engineer,Java
851998,Software Engineer,Python
851998,Software Engineer,Git
198040,HR Manager,Problem Solving
675162,Sales Executive,CRM Software
675162,Sales Executive,Lead Generation
675162,Sales Executive,Negotiation
675162,Sales Executive,Excel
538793,Recruitment Specialist,Problem Solving
974358,Employee Relations,Communication
573228,Marketing Executive,Content Strategy
573228,Marketing Executive,Social Media
573228,Marketing Executive,SEO
262728,Sales Executive,Excel
262728,Sales Executive,Communication
262728,Sales Executive,Salesforce
466133,Accountant,Communication
312634,Financial Analyst,Communication
312634,Financial Analyst,Problem Solving
695812,Cybersecurity Specialist,Network Security
695812,Cybersecurity Specialist,Firewalls
695812,Cybersecurity Specialist,Linux
701830,Account Manager,Problem Solving
701830,Account Manager,Communication
331709,Cybersecurity Specialist,Linux
331709,Cybersecurity Specialist,Network Security
331709,Cybersecurity Specialist,Firewalls
331709,Cybersecurity Specialist,Incident Response
675843,Financial Analyst,Communication
240774,HR Manager,Excel
219038,Accountant,Excel
219038,Accountant,Communication
647450,Employee Relations,Communication
647450,Employee Relations,Problem Solving
592616,Software Engineer,SQL
592616,Software Engineer,Data Structures
592616,Software Engineer,Docker
249029,Business Development,Communication
713770,Content Strategist,Problem Solving
713770,Content Strategist,Excel
719168,HR Manager,Problem Solving
719168,HR Manager,Excel
130564,Cybersecurity Specialist,Python
130564,Cybersecurity Specialist,Network Security
130564,Cybersecurity Specialist,Linux
908879,Auditor,Communication
908879,Auditor,Excel
787047,Financial Analyst,Excel
787047,Financial Analyst,Communication
965323,Marketing Executive,Copywriting
965323,Marketing Executive,Content Strategy
965323,Marketing Executive,SEO
167220,SEO Specialist,Problem Solving
167220,SEO Specialist,Excel
515944,Marketing Executive,SEO
515944,Marketing Executive,Google Analytics
825857,Account Manager,Excel
825857,Account Manager,Problem Solving
988108,Financial Analyst,Communication
320541,Employee Relations,Excel
439325,Recruitment Specialist,Communication
439325,Recruitment Specialist,Problem Solving
354936,SEO Specialist,Excel
354936,SEO Specialist,Problem Solving
786546,Account Manager,Problem Solving
959956,Account Manager,Problem Solving
895288,Marketing Executive,SEO
895288,Marketing Executive,Social Media
895288,Marketing Executive,Content Strategy
898877,Account Manager,Excel
189560,Accountant,Problem Solving
533419,Marketing Executive,SEO
533419,Marketing Executive,Copywriting
533419,Marketing Executive,Social Media
635347,Data Analyst,PowerBI
635347,Data Analyst,Excel
635347,Data Analyst,Python
608762,HR Manager,Communication
573766,SEO Specialist,Excel
573766,SEO Specialist,Problem Solving
520152,Software Engineer,Docker
520152,Software Engineer,Java
520152,Software Engineer,Data Structures
520152,Software Engineer,SQL
537812,Software Engineer,Data Structures
537812,Software Engineer,Python
537812,Software Engineer,SQL
537812,Software Engineer,Git
537812,Software Engineer,Java
734523,Data Analyst,Excel
734523,Data Analyst,PowerBI
734523,Data Analyst,Tableau
360582,SEO Specialist,Communication
360582,SEO Specialist,Problem Solving
556372,Marketing Executive,Google Analytics
556372,Marketing Executive,Content Strategy
556372,Marketing Executive,SEO
673534,Sales Executive,Lead Generation
673534,Sales Executive,Excel
673534,Sales Executive,CRM Software
673534,Sales Executive,Communication
494450,Software Engineer,Java
494450,Software Engineer,SQL
494450,Software Engineer,REST API
494450,Software Engineer,Data Structures
494450,Software Engineer,Python
720933,Software Engineer,REST API
720933,Software Engineer,Data Structures
720933,Software Engineer,Docker
720933,Software Engineer,Java
618065,Cybersecurity Specialist,Python
618065,Cybersecurity Specialist,Incident Response
327931,SEO Specialist,Communication
327931,SEO Specialist,Problem Solving
932396,Sales Executive,Negotiation
932396,Sales Executive,CRM Software
932396,Sales Executive,Excel
397281,Auditor,Excel
397281,Auditor,Problem Solving
834863,Data Analyst,Statistics
834863,Data Analyst,Python
834863,Data Analyst,SQL
834863,Data Analyst,Tableau
426627,Content Strategist,Problem Solving
426627,Content Strategist,Excel
434511,HR Manager,Communication
434511,HR Manager,Problem Solving
301979,Financial Analyst,Problem Solving
190440,Auditor,Communication
190440,Auditor,Problem Solving
982552,Auditor,Problem Solving
982552,Auditor,Excel
506194,HR Manager,Excel
506194,HR Manager,Problem Solving
670311,Financial Analyst,Excel
306571,Content Strategist,Problem Solving
306571,Content Strategist,Communication
269464,Financial Analyst,Excel
269464,Financial Analyst,Problem Solving
249512,HR Manager,Communication
249512,HR Manager,Problem Solving
164384,Recruitment Specialist,Problem Solving
295827,Business Development,Communication
280419,Auditor,Problem Solving
967313,Account Manager,Excel
967313,Account Manager,Communication
964372,Financial Analyst,Excel
392045,Recruitment Specialist,Excel
392045,Recruitment Specialist,Communication
507537,Account Manager,Excel
507537,Account Manager,Communication
817943,Accountant,Problem Solving
817943,Accountant,Excel
927912,Employee Relations,Excel
860264,Business Development,Excel
860264,Business Development,Communication
482056,Cybersecurity Specialist,Firewalls
482056,Cybersecurity Specialist,Linux
482056,Cybersecurity Specialist,Network Security
815960,Accountant,Problem Solving
220585,Business Development,Problem Solving
220585,Business Development,Communication
998631,SEO Specialist,Excel
606036,Content Strategist,Problem Solving
606036,Content Strategist,Communication
934797,Content Strategist,Communication
934797,Content Strategist,Excel
506938,HR Manager,Excel
895058,Software Engineer,Java
895058,Software Engineer,Data Structures
895058,Software Engineer,SQL
895058,Software Engineer,Python
895058,Software Engineer,REST API
300330,HR Manager,Problem Solving
399693,Content Strategist,Excel
905514,Employee Relations,Excel
905514,Employee Relations,Problem Solving
779658,Content Strategist,Problem Solving
779658,Content Strategist,Excel
660057,Marketing Executive,SEO
660057,Marketing Executive,Google Analytics
390967,Sales Executive,Lead Generation
390967,Sales Executive,CRM Software
390967,Sales Executive,Excel
185669,Content Strategist,Problem Solving
185669,Content Strategist,Communication
138956,Account Manager,Problem Solving
138956,Account Manager,Communication
280912,Recruitment Specialist,Problem Solving
280912,Recruitment Specialist,Excel
348638,Auditor,Communication
348638,Auditor,Excel
518054,HR Manager,Communication
339906,Business Development,Excel
339906,Business Development,Problem Solving
797986,Auditor,Excel
966173,Recruitment Specialist,Problem Solving
121945,Sales Executive,Communication
121945,Sales Executive,CRM Software
121945,Sales Executive,Negotiation
769867,Accountant,Communication
769867,Accountant,Problem Solving
393972,Data Analyst,Statistics
393972,Data Analyst,PowerBI
393972,Data Analyst,Tableau
393972,Data Analyst,Excel
494031,Financial Analyst,Problem Solving
494031,Financial Analyst,Communication
310803,Marketing Executive,Social Media
310803,Marketing Executive,Copywriting
310803,Marketing Executive,SEO
310803,Marketing Executive,Content Strategy
104752,HR Manager,Excel
104752,HR Manager,Communication
358706,Business Development,Excel
232946,Auditor,Excel
232946,Auditor,Communication
780415,Sales Executive,Lead Generation
780415,Sales Executive,Excel
780415,Sales Executive,Salesforce
780415,Sales Executive,CRM Software
655430,Account Manager,Communication
765554,Data Analyst,PowerBI
765554,Data Analyst,Python
765554,Data Analyst,Excel
765554,Data Analyst,SQL
514360,Employee Relations,Communication
344955,Software Engineer,Java
344955,Software Engineer,Data Structures
344955,Software Engineer,REST API
344955,Software Engineer,Docker
141547,Accountant,Communication
204435,Marketing Executive,SEO
204435,Marketing Executive,Content Strategy
204435,Marketing Executive,Google Analytics
204435,Marketing Executive,Copywriting
481514,Marketing Executive,SEO
481514,Marketing Executive,Content Strategy
481514,Marketing Executive,Google Analytics
909747,Content Strategist,Problem Solving
333263,SEO Specialist,Excel
333263,SEO Specialist,Problem Solving
877722,SEO Specialist,Problem Solving
877722,SEO Specialist,Communication
494045,Software Engineer,REST API
494045,Software Engineer,Python
494045,Software Engineer,Docker
724328,Accountant,Communication
724328,Accountant,Excel
508224,Sales Executive,Excel
508224,Sales Executive,Salesforce
508224,Sales Executive,Negotiation
508224,Sales Executive,Lead Generation
289083,HR Manager,Problem Solving
585889,Business Development,Problem Solving
585889,Business Development,Excel
788693,Marketing Executive,Copywriting
788693,Marketing Executive,Google Analytics
788693,Marketing Executive,Social Media
722272,Sales Executive,CRM Software
722272,Sales Executive,Salesforce
722272,Sales Executive,Negotiation
722272,Sales Executive,Lead Generation
746865,SEO Specialist,Problem Solving
250490,Business Development,Communication
250490,Business Development,Problem Solving
503678,Financial Analyst,Problem Solving
729671,Data Analyst,SQL
729671,Data Analyst,PowerBI
729671,Data Analyst,Python
729671,Data Analyst,Tableau
142732,Financial Analyst,Problem Solving
142732,Financial Analyst,Communication
802022,SEO Specialist,Excel
802022,SEO Specialist,Problem Solving
311438,Marketing Executive,Social Media
311438,Marketing Executive,SEO
424970,Recruitment Specialist,Problem Solving
424970,Recruitment Specialist,Excel
300475,HR Manager,Problem Solving
169680,SEO Specialist,Communication
169680,SEO Specialist,Problem Solving
597323,HR Manager,Excel
597323,HR Manager,Problem Solving
876520,Marketing Executive,Content Strategy
876520,Marketing Executive,Copywriting
830628,Business Development,Communication
752340,Financial Analyst,Problem Solving
752340,Financial Analyst,Excel
278587,Software Engineer,REST API
278587,Software Engineer,Data Structures
278587,Software Engineer,SQL
278587,Software Engineer,Git
872672,Accountant,Problem Solving
747843,Sales Executive,Communication
747843,Sales Executive,Excel
747843,Sales Executive,Lead Generation
747843,Sales Executive,CRM Software
286442,HR Manager,Problem Solving
286442,HR Manager,Excel
979597,Financial Analyst,Problem Solving
979597,Financial Analyst,Excel
896664,Employee Relations,Excel
701069,Accountant,Excel
701069,Accountant,Communication
888334,SEO Specialist,Problem Solving
888334,SEO Specialist,Excel
970274,Sales Executive,Negotiation
970274,Sales Executive,Salesforce
970274,Sales Executive,CRM Software
847727,Cybersecurity Specialist,Python
847727,Cybersecurity Specialist,Linux
259811,Marketing Executive,Content Strategy
259811,Marketing Executive,Google Analytics
259811,Marketing Executive,Copywriting
648754,SEO Specialist,Excel
778707,Account Manager,Problem Solving
372929,Marketing Executive,Social Media
372929,Marketing Executive,Copywriting
372929,Marketing Executive,Google Analytics
124932,Recruitment Specialist,Problem Solving
124932,Recruitment Specialist,Communication
929402,Data Analyst,PowerBI
929402,Data Analyst,Tableau
929402,Data Analyst,SQL
586041,Sales Executive,CRM Software
586041,Sales Executive,Salesforce
586041,Sales Executive,Lead Generation
586041,Sales Executive,Excel
143913,Marketing Executive,SEO
143913,Marketing Executive,Copywriting
143913,Marketing Executive,Google Analytics
682800,Recruitment Specialist,Problem Solving
687697,Financial Analyst,Communication
687697,Financial Analyst,Problem Solving
664876,HR Manager,Communication
664876,HR Manager,Excel
861468,Employee Relations,Problem Solving
991573,Auditor,Excel
174576,Employee Relations,Excel
183560,Content Strategist,Problem Solving
783333,Account Manager,Problem Solving
783333,Account Manager,Communication
675706,HR Manager,Excel
180869,Employee Relations,Communication
738019,Employee Relations,Communication
738019,Employee Relations,Problem Solving
331999,SEO Specialist,Excel
345179,Business Development,Communication
345179,Business Development,Problem Solving
483895,Accountant,Excel
483895,Accountant,Problem Solving
712936,Accountant,Communication
712936,Accountant,Excel
171523,Sales Executive,Salesforce
171523,Sales Executive,CRM Software
171523,Sales Executive,Negotiation
171523,Sales Executive,Lead Generation
171523,Sales Executive,Excel
731705,Business Development,Problem Solving
438055,Business Development,Communication
527267,Marketing Executive,SEO
527267,Marketing Executive,Google Analytics
527267,Marketing Executive,Copywriting
344341,Account Manager,Communication
344341,Account Manager,Excel
247900,Financial Analyst,Excel
399109,Financial Analyst,Problem Solving
399109,Financial Analyst,Communication
976438,Auditor,Problem Solving
218969,Auditor,Communication
526997,Data Analyst,PowerBI
526997,Data Analyst,SQL
526997,Data Analyst,Tableau
526997,Data Analyst,Excel
193590,HR Manager,Excel
193590,HR Manager,Communication
264411,Software Engineer,Data Structures
264411,Software Engineer,Java
264411,Software Engineer,Python
264411,Software Engineer,Git
218346,Data Analyst,Statistics
218346,Data Analyst,PowerBI
218346,Data Analyst,SQL
836767,Sales Executive,CRM Software
836767,Sales Executive,Communication
836767,Sales Executive,Excel
836767,Sales Executive,Lead Generation
764121,Sales Executive,Excel
764121,Sales Executive,Salesforce
764121,Sales Executive,CRM Software
458278,Cybersecurity Specialist,Firewalls
458278,Cybersecurity Specialist,Linux
553095,Data Analyst,PowerBI
553095,Data Analyst,Statistics
553095,Data Analyst,SQL
337428,Cybersecurity Specialist,Python
337428,Cybersecurity Specialist,Network Security
767270,Auditor,Problem Solving
767270,Auditor,Communication
783114,SEO Specialist,Excel
783114,SEO Specialist,Problem Solving
594563,Cybersecurity Specialist,Linux
594563,Cybersecurity Specialist,Network Security
594563,Cybersecurity Specialist,Incident Response
110245,Auditor,Excel
110245,Auditor,Problem Solving
397482,HR Manager,Problem Solving
397482,HR Manager,Communication
993237,Accountant,Excel
993237,Accountant,Communication
108047,Account Manager,Excel
108047,Account Manager,Communication
446955,Accountant,Communication
446955,Accountant,Excel
138855,Cybersecurity Specialist,Python
138855,Cybersecurity Specialist,Network Security
608563,Financial Analyst,Problem Solving
303561,Financial Analyst,Communication
303561,Financial Analyst,Problem Solving
338324,Business Development,Communication
338324,Business Development,Excel
805972,HR Manager,Excel
805972,HR Manager,Communication
710006,HR Manager,Excel
710006,HR Manager,Problem Solving
174684,Financial Analyst,Excel
174684,Financial Analyst,Problem Solving
370541,Accountant,Excel
370541,Accountant,Problem Solving
643527,Business Development,Excel
552506,Employee Relations,Communication
837493,SEO Specialist,Problem Solving
837493,SEO Specialist,Excel
719443,Employee Relations,Problem Solving
719443,Employee Relations,Excel
537927,Employee Relations,Problem Solving
928791,Accountant,Excel
928791,Accountant,Communication
552368,Financial Analyst,Excel
552368,Financial Analyst,Communication
127618,Content Strategist,Communication
127618,Content Strategist,Excel
102677,Account Manager,Communication
102677,Account Manager,Problem Solving
689416,Account Manager,Communication
986803,Account Manager,Excel
986803,Account Manager,Communication
816066,Business Development,Communication
816066,Business Development,Excel
212010,SEO Specialist,Communication
212010,SEO Specialist,Excel
599165,SEO Specialist,Problem Solving
599165,SEO Specialist,Communication
283744,Marketing Executive,Google Analytics
283744,Marketing Executive,SEO
283744,Marketing Executive,Social Media
134676,Financial Analyst,Communication
403920,Accountant,Communication
403920,Accountant,Excel
728620,Sales Executive,CRM Software
728620,Sales Executive,Lead Generation
728620,Sales Executive,Communication
728620,Sales Executive,Negotiation
110266,Employee Relations,Excel
475929,Accountant,Problem Solving
505768,Recruitment Specialist,Problem Solving
973510,Sales Executive,Negotiation
973510,Sales Executive,CRM Software
973510,Sales Executive,Lead Generation
633512,Account Manager,Communication
893822,Software Engineer,Python
893822,Software Engineer,SQL
893822,Software Engineer,Git
893822,Software Engineer,Docker
893822,Software Engineer,Data Structures
635822,Marketing Executive,Google Analytics
635822,Marketing Executive,SEO
635822,Marketing Executive,Content Strategy
635822,Marketing Executive,Social Media
685244,SEO Specialist,Problem Solving
685244,SEO Specialist,Communication
739688,Data Analyst,Tableau
739688,Data Analyst,Excel
739688,Data Analyst,PowerBI
977658,Software Engineer,SQL
977658,Software Engineer,REST API
977658,Software Engineer,Docker
609536,Financial Analyst,Problem Solving
100859,Cybersecurity Specialist,Network Security
100859,Cybersecurity Specialist,Linux
100859,Cybersecurity Specialist,Firewalls
100859,Cybersecurity Specialist,Python
743736,Software Engineer,REST API
743736,Software Engineer,Docker
743736,Software Engineer,SQL
743736,Software Engineer,Data Structures
743736,Software Engineer,Python
942569,HR Manager,Excel
942569,HR Manager,Communication
997078,Data Analyst,Statistics
997078,Data Analyst,PowerBI
997078,Data Analyst,Tableau
997078,Data Analyst,SQL
614925,SEO Specialist,Communication
614925,SEO Specialist,Excel
376491,Recruitment Specialist,Communication
376491,Recruitment Specialist,Excel
377841,Recruitment Specialist,Problem Solving
377841,Recruitment Specialist,Excel
326517,Financial Analyst,Communication
187703,Account Manager,Problem Solving
187703,Account Manager,Excel
433969,SEO Specialist,Communication
817420,Account Manager,Excel
817420,Account Manager,Problem Solving
969216,Sales Executive,Communication
969216,Sales Executive,Salesforce
969216,Sales Executive,Negotiation
122337,Sales Executive,Negotiation
122337,Sales Executive,Lead Generation
122337,Sales Executive,Excel
122337,Sales Executive,Communication
983126,Cybersecurity Specialist,Firewalls
983126,Cybersecurity Specialist,Incident Response
983126,Cybersecurity Specialist,Python
927620,Cybersecurity Specialist,Network Security
927620,Cybersecurity Specialist,Linux
927620,Cybersecurity Specialist,Python
322211,Business Development,Excel
322211,Business Development,Communication
181316,HR Manager,Communication
809907,SEO Specialist,Excel
809907,SEO Specialist,Communication
982979,Account Manager,Problem Solving
204979,SEO Specialist,Problem Solving
204979,SEO Specialist,Excel
411007,Auditor,Communication
653728,SEO Specialist,Excel
482889,SEO Specialist,Problem Solving
544759,Account Manager,Problem Solving
928490,Cybersecurity Specialist,Network Security
928490,Cybersecurity Specialist,Incident Response
928490,Cybersecurity Specialist,Firewalls
698482,Auditor,Excel
698482,Auditor,Problem Solving
594971,Content Strategist,Problem Solving
942316,Data Analyst,SQL
942316,Data Analyst,Excel
942316,Data Analyst,Python
781987,Auditor,Communication
720143,SEO Specialist,Excel
339439,Marketing Executive,Copywriting
339439,Marketing Executive,Social Media
339439,Marketing Executive,SEO
720446,Financial Analyst,Communication
962430,Account Manager,Excel
395092,Marketing Executive,Social Media
395092,Marketing Executive,Content Strategy
395092,Marketing Executive,Copywriting
567705,Business Development,Communication
641399,Cybersecurity Specialist,Network Security
641399,Cybersecurity Specialist,Linux
641399,Cybersecurity Specialist,Incident Response
130693,Employee Relations,Problem Solving
130693,Employee Relations,Communication
182341,Business Development,Problem Solving
442755,Sales Executive,Lead Generation
442755,Sales Executive,Negotiation
442755,Sales Executive,CRM Software
442755,Sales Executive,Excel
780068,Employee Relations,Excel
592447,Account Manager,Problem Solving
213554,Sales Executive,CRM Software
213554,Sales Executive,Negotiation
213554,Sales Executive,Salesforce
213554,Sales Executive,Excel
403457,Recruitment Specialist,Communication
628262,HR Manager,Communication
437789,Cybersecurity Specialist,Python
437789,Cybersecurity Specialist,Firewalls
734161,Accountant,Communication
734161,Accountant,Excel
460858,SEO Specialist,Communication
682181,Sales Executive,CRM Software
682181,Sales Executive,Lead Generation
682181,Sales Executive,Negotiation
682181,Sales Executive,Salesforce
682181,Sales Executive,Excel
663221,Auditor,Problem Solving
646652,Marketing Executive,Copywriting
646652,Marketing Executive,Google Analytics
646652,Marketing Executive,Content Strategy
137653,Recruitment Specialist,Communication
277652,Account Manager,Excel
114775,Sales Executive,Communication
114775,Sales Executive,Excel
114775,Sales Executive,Lead Generation
239240,Marketing Executive,Social Media
239240,Marketing Executive,Content Strategy
239240,Marketing Executive,Google Analytics
239240,Marketing Executive,SEO
842471,Data Analyst,Statistics
842471,Data Analyst,Python
842471,Data Analyst,PowerBI
842471,Data Analyst,Excel
253583,Sales Executive,Lead Generation
253583,Sales Executive,Communication
253583,Sales Executive,Salesforce
306160,Account Manager,Communication
306160,Account Manager,Excel
982686,HR Manager,Communication
982686,HR Manager,Problem Solving
580910,Cybersecurity Specialist,Firewalls
580910,Cybersecurity Specialist,Linux
580910,Cybersecurity Specialist,Network Security
848391,Financial Analyst,Communication
758193,Accountant,Excel
758193,Accountant,Problem Solving
307543,Data Analyst,Excel
307543,Data Analyst,PowerBI
307543,Data Analyst,Python
307543,Data Analyst,Statistics
449953,Auditor,Excel
377991,Accountant,Problem Solving
340028,HR Manager,Communication
340028,HR Manager,Problem Solving
421664,Content Strategist,Communication
583390,Auditor,Excel
925356,HR Manager,Excel
925356,HR Manager,Communication
660349,Cybersecurity Specialist,Linux
660349,Cybersecurity Specialist,Network Security
660349,Cybersecurity Specialist,Firewalls
691593,HR Manager,Communication
948647,Auditor,Problem Solving
948647,Auditor,Communication
244588,Data Analyst,SQL
244588,Data Analyst,Excel
244588,Data Analyst,Tableau
244588,Data Analyst,PowerBI
748570,Account Manager,Problem Solving
748570,Account Manager,Excel
353447,Accountant,Problem Solving
961445,Accountant,Problem Solving
207255,SEO Specialist,Excel
207255,SEO Specialist,Problem Solving
667411,Business Development,Excel
667411,Business Development,Problem Solving
111590,Cybersecurity Specialist,Network Security
111590,Cybersecurity Specialist,Python
111590,Cybersecurity Specialist,Incident Response
561624,Auditor,Problem Solving
468320,Data Analyst,PowerBI
468320,Data Analyst,Excel
468320,Data Analyst,Statistics
494632,Financial Analyst,Problem Solving
494632,Financial Analyst,Communication
661554,Financial Analyst,Communication
661554,Financial Analyst,Excel
628509,Recruitment Specialist,Problem Solving
791456,Account Manager,Problem Solving
791456,Account Manager,Excel
322870,Accountant,Excel
953553,Content Strategist,Excel
953553,Content Strategist,Problem Solving
312682,Employee Relations,Problem Solving
312682,Employee Relations,Excel
717604,Recruitment Specialist,Communication
717604,Recruitment Specialist,Excel
188376,Accountant,Communication
439460,Software Engineer,Java
439460,Software Engineer,Git
439460,Software Engineer,Data Structures
439460,Software Engineer,SQL
439460,Software Engineer,REST API
876583,Business Development,Problem Solving
422978,Software Engineer,Git
422978,Software Engineer,REST API
422978,Software Engineer,SQL
422978,Software Engineer,Python
984713,SEO Specialist,Problem Solving
353323,HR Manager,Problem Solving
353323,HR Manager,Excel
246390,Sales Executive,CRM Software
246390,Sales Executive,Salesforce
246390,Sales Executive,Excel
246390,Sales Executive,Lead Generation
231085,Recruitment Specialist,Excel
231085,Recruitment Specialist,Communication
296819,Recruitment Specialist,Communication
296819,Recruitment Specialist,Excel
446189,Accountant,Excel
446189,Accountant,Problem Solving
421809,Auditor,Communication
673079,Account Manager,Communication
673079,Account Manager,Problem Solving
489890,Auditor,Problem Solving
823013,Accountant,Problem Solving
823013,Accountant,Communication
559358,Sales Executive,Communication
559358,Sales Executive,Negotiation
559358,Sales Executive,Salesforce
559358,Sales Executive,CRM Software
275810,Employee Relations,Excel
323997,Software Engineer,SQL
323997,Software Engineer,Java
323997,Software Engineer,Data Structures
323997,Software Engineer,Git
323997,Software Engineer,REST API
691011,Content Strategist,Excel
606387,SEO Specialist,Communication
606387,SEO Specialist,Problem Solving
821773,Employee Relations,Communication
913327,Auditor,Excel
913327,Auditor,Communication
305015,Employee Relations,Excel
305015,Employee Relations,Problem Solving
276470,Financial Analyst,Problem Solving
276470,Financial Analyst,Communication
970750,Accountant,Excel
275281,HR Manager,Excel
607031,Recruitment Specialist,Problem Solving
607031,Recruitment Specialist,Excel
327641,HR Manager,Excel
327641,HR Manager,Problem Solving
873000,Account Manager,Excel
783454,Sales Executive,CRM Software
783454,Sales Executive,Lead Generation
783454,Sales Executive,Communication
783454,Sales Executive,Salesforce
768714,Accountant,Communication
283077,Sales Executive,Lead Generation
283077,Sales Executive,Salesforce
283077,Sales Executive,CRM Software
283077,Sales Executive,Communication
470019,Recruitment Specialist,Communication
470019,Recruitment Specialist,Excel
104228,Auditor,Excel
109057,Sales Executive,Communication
109057,Sales Executive,Salesforce
109057,Sales Executive,Negotiation
109057,Sales Executive,Excel
215316,Content Strategist,Communication
198933,SEO Specialist,Communication
272238,Recruitment Specialist,Excel
922221,Data Analyst,PowerBI
922221,Data Analyst,Tableau
922221,Data Analyst,Python
312405,Account Manager,Communication
312405,Account Manager,Excel
452560,Account Manager,Problem Solving
452560,Account Manager,Communication
723752,Business Development,Communication
723752,Business Development,Excel
909793,HR Manager,Communication
909793,HR Manager,Problem Solving
677659,Business Development,Problem Solving
471658,Sales Executive,CRM Software
471658,Sales Executive,Negotiation
471658,Sales Executive,Salesforce
805154,HR Manager,Communication
668316,SEO Specialist,Excel
286143,Sales Executive,Salesforce
286143,Sales Executive,Negotiation
286143,Sales Executive,Excel
871816,Auditor,Problem Solving
773337,Content Strategist,Problem Solving
773337,Content Strategist,Communication
557620,Content Strategist,Excel
557620,Content Strategist,Problem Solving
248692,Employee Relations,Problem Solving
248692,Employee Relations,Excel
966283,Auditor,Communication
966283,Auditor,Problem Solving
709404,HR Manager,Communication
709404,HR Manager,Excel
908523,Accountant,Excel
762849,Recruitment Specialist,Communication
869639,HR Manager,Excel
869639,HR Manager,Communication
529876,Software Engineer,SQL
529876,Software Engineer,REST API
529876,Software Engineer,Python
529876,Software Engineer,Data Structures
529876,Software Engineer,Java
919314,Accountant,Communication
919314,Accountant,Excel
816428,HR Manager,Communication
235934,Recruitment Specialist,Excel
360984,Marketing Executive,Content Strategy
360984,Marketing Executive,Copywriting
360984,Marketing Executive,SEO
334951,Employee Relations,Excel
919704,Sales Executive,Excel
919704,Sales Executive,Salesforce
919704,Sales Executive,Communication
929712,HR Manager,Excel
981654,Financial Analyst,Communication
398951,Sales Executive,Salesforce
398951,Sales Executive,CRM Software
398951,Sales Executive,Negotiation
209017,Account Manager,Communication
344490,Sales Executive,Lead Generation
344490,Sales Executive,Negotiation
344490,Sales Executive,Salesforce
344490,Sales Executive,Excel
965837,Sales Executive,CRM Software
965837,Sales Executive,Negotiation
965837,Sales Executive,Salesforce
965837,Sales Executive,Communication
634392,Software Engineer,Java
634392,Software Engineer,Data Structures
634392,Software Engineer,REST API
634392,Software Engineer,Python
634392,Software Engineer,Git
948126,Auditor,Problem Solving
727634,Cybersecurity Specialist,Network Security
727634,Cybersecurity Specialist,Linux
727634,Cybersecurity Specialist,Firewalls
116608,Content Strategist,Problem Solving
966468,Account Manager,Communication
738068,Business Development,Excel
738068,Business Development,Problem Solving
777491,HR Manager,Communication
574506,Sales Executive,Salesforce
574506,Sales Executive,Negotiation
574506,Sales Executive,CRM Software
543006,Cybersecurity Specialist,Firewalls
543006,Cybersecurity Specialist,Linux
543006,Cybersecurity Specialist,Python
110506,Accountant,Excel
426947,Sales Executive,Lead Generation
426947,Sales Executive,Negotiation
426947,Sales Executive,Excel
372013,Cybersecurity Specialist,Network Security
372013,Cybersecurity Specialist,Incident Response
372013,Cybersecurity Specialist,Python
143610,HR Manager,Problem Solving
620510,Software Engineer,Java
620510,Software Engineer,Data Structures
620510,Software Engineer,Git
620510,Software Engineer,Python
461477,Marketing Executive,Google Analytics
461477,Marketing Executive,Content Strategy
832202,Content Strategist,Problem Solving
832202,Content Strategist,Communication
310329,SEO Specialist,Excel
310329,SEO Specialist,Problem Solving
401619,Accountant,Excel
401619,Accountant,Communication
773373,Recruitment Specialist,Communication
934765,Software Engineer,Java
934765,Software Engineer,Python
934765,Software Engineer,SQL
934765,Software Engineer,Docker
889121,SEO Specialist,Problem Solving
692855,HR Manager,Communication
692855,HR Manager,Excel
446238,HR Manager,Communication
553383,Marketing Executive,Google Analytics
553383,Marketing Executive,Social Media
553383,Marketing Executive,Copywriting
553383,Marketing Executive,Content Strategy
899833,Data Analyst,SQL
899833,Data Analyst,Excel
899833,Data Analyst,PowerBI
899833,Data Analyst,Statistics
996332,Marketing Executive,Content Strategy
996332,Marketing Executive,Social Media
996332,Marketing Executive,SEO
482918,HR Manager,Communication
482918,HR Manager,Problem Solving
654461,Employee Relations,Communication
337492,Account Manager,Communication
337492,Account Manager,Problem Solving
879309,Marketing Executive,Google Analytics
879309,Marketing Executive,Social Media
879309,Marketing Executive,SEO
496467,Software Engineer,SQL
496467,Software Engineer,Docker
496467,Software Engineer,REST API
120772,SEO Specialist,Excel
623296,Business Development,Problem Solving
623296,Business Development,Communication
465476,Cybersecurity Specialist,Incident Response
465476,Cybersecurity Specialist,Linux
493072,Data Analyst,Statistics
493072,Data Analyst,Excel
493072,Data Analyst,Tableau
363871,Financial Analyst,Problem Solving
505152,HR Manager,Communication
505152,HR Manager,Excel
934804,Employee Relations,Problem Solving
141745,Sales Executive,Negotiation
141745,Sales Executive,Excel
141745,Sales Executive,CRM Software
642899,Employee Relations,Communication
642899,Employee Relations,Problem Solving
563624,Data Analyst,Statistics
563624,Data Analyst,Python
563624,Data Analyst,SQL
563624,Data Analyst,Excel
414030,Business Development,Excel
414030,Business Development,Problem Solving
684976,Marketing Executive,Social Media
684976,Marketing Executive,Content Strategy
684976,Marketing Executive,Copywriting
684976,Marketing Executive,SEO
818902,Recruitment Specialist,Communication
818902,Recruitment Specialist,Problem Solving
122843,Recruitment Specialist,Excel
122843,Recruitment Specialist,Communication
282449,Account Manager,Excel
562245,Employee Relations,Excel
472554,Data Analyst,PowerBI
472554,Data Analyst,Python
472554,Data Analyst,Tableau
430701,Business Development,Excel
399176,Auditor,Problem Solving
399176,Auditor,Excel
958515,Content Strategist,Problem Solving
822018,Business Development,Problem Solving
822018,Business Development,Communication
885176,Business Development,Excel
173624,SEO Specialist,Communication
560327,Financial Analyst,Excel
560327,Financial Analyst,Communication
104550,SEO Specialist,Communication
363739,SEO Specialist,Communication
934744,Account Manager,Problem Solving
957033,Recruitment Specialist,Excel
957033,Recruitment Specialist,Communication
429345,Marketing Executive,Social Media
429345,Marketing Executive,SEO
429345,Marketing Executive,Copywriting
429345,Marketing Executive,Content Strategy
604066,Content Strategist,Communication
604066,Content Strategist,Excel
357988,Marketing Executive,Content Strategy
357988,Marketing Executive,Google Analytics
357988,Marketing Executive,SEO
159745,HR Manager,Communication
159745,HR Manager,Problem Solving
947156,Content Strategist,Problem Solving
779889,Data Analyst,Tableau
779889,Data Analyst,PowerBI
779889,Data Analyst,Statistics
779889,Data Analyst,SQL
140005,Recruitment Specialist,Excel
549263,Recruitment Specialist,Excel
549263,Recruitment Specialist,Communication
457901,HR Manager,Problem Solving
999149,Marketing Executive,SEO
999149,Marketing Executive,Google Analytics
999149,Marketing Executive,Content Strategy
327633,HR Manager,Excel
390943,Business Development,Excel
390943,Business Development,Problem Solving
441111,Business Development,Excel
567830,Employee Relations,Excel
565667,Auditor,Problem Solving
156208,Auditor,Problem Solving
156208,Auditor,Communication
162214,Employee Relations,Communication
162214,Employee Relations,Excel
539255,Software Engineer,SQL
539255,Software Engineer,REST API
539255,Software Engineer,Java
539255,Software Engineer,Docker
539255,Software Engineer,Git
706041,Employee Relations,Excel
165289,Software Engineer,Java
165289,Software Engineer,Python
165289,Software Engineer,Docker
824223,HR Manager,Excel
824223,HR Manager,Communication
396816,Accountant,Problem Solving
396816,Accountant,Excel
177295,HR Manager,Excel
177295,HR Manager,Problem Solving
352571,Employee Relations,Excel
352571,Employee Relations,Problem Solving
467576,Marketing Executive,Content Strategy
467576,Marketing Executive,Google Analytics
467576,Marketing Executive,SEO
511363,Cybersecurity Specialist,Incident Response
511363,Cybersecurity Specialist,Linux
511363,Cybersecurity Specialist,Python
859394,Cybersecurity Specialist,Python
859394,Cybersecurity Specialist,Linux
544360,Recruitment Specialist,Communication
544360,Recruitment Specialist,Problem Solving
302988,Account Manager,Problem Solving
418965,Financial Analyst,Excel
614942,Content Strategist,Excel
846672,Cybersecurity Specialist,Firewalls
846672,Cybersecurity Specialist,Linux
846672,Cybersecurity Specialist,Python
315653,Marketing Executive,Copywriting
315653,Marketing Executive,SEO
348440,Data Analyst,Statistics
348440,Data Analyst,Excel
348440,Data Analyst,SQL
739134,Business Development,Problem Solving
916644,Auditor,Excel
239365,Business Development,Excel
239365,Business Development,Communication
398715,Business Development,Communication
398715,Business Development,Problem Solving
645694,Employee Relations,Excel
645694,Employee Relations,Communication
746195,Auditor,Excel
405980,Content Strategist,Excel
405980,Content Strategist,Problem Solving
914782,Sales Executive,Lead Generation
914782,Sales Executive,Salesforce
914782,Sales Executive,Excel
731859,Financial Analyst,Problem Solving
731859,Financial Analyst,Excel
446248,Recruitment Specialist,Communication
259747,SEO Specialist,Communication
259747,SEO Specialist,Excel
743103,Software Engineer,REST API
743103,Software Engineer,SQL
743103,Software Engineer,Python
743103,Software Engineer,Java
644265,Data Analyst,Statistics
644265,Data Analyst,Excel
644265,Data Analyst,Tableau
644265,Data Analyst,Python
400105,Employee Relations,Problem Solving
308251,Marketing Executive,Google Analytics
308251,Marketing Executive,Social Media
308251,Marketing Executive,Content Strategy
750687,Data Analyst,Tableau
750687,Data Analyst,SQL
750687,Data Analyst,PowerBI
750687,Data Analyst,Statistics
503002,Data Analyst,Tableau
503002,Data Analyst,Python
503002,Data Analyst,SQL
503002,Data Analyst,Excel
751290,Auditor,Communication
411962,Recruitment Specialist,Problem Solving
709673,Auditor,Problem Solving
709673,Auditor,Excel
217760,SEO Specialist,Communication
217760,SEO Specialist,Excel
211295,Content Strategist,Communication
211295,Content Strategist,Problem Solving
471878,SEO Specialist,Communication
271641,Business Development,Problem Solving
124593,Auditor,Communication
694265,Account Manager,Communication
694265,Account Manager,Excel
625664,Financial Analyst,Problem Solving
427889,Sales Executive,Communication
427889,Sales Executive,Excel
427889,Sales Executive,Negotiation
833732,Software Engineer,Data Structures
833732,Software Engineer,Docker
833732,Software Engineer,REST API
833732,Software Engineer,Python
833732,Software Engineer,Git
651403,Marketing Executive,Google Analytics
651403,Marketing Executive,Copywriting
651403,Marketing Executive,SEO
322718,Employee Relations,Communication
322718,Employee Relations,Excel
780208,Employee Relations,Problem Solving
780208,Employee Relations,Communication
681449,Content Strategist,Communication
543581,SEO Specialist,Problem Solving
543581,SEO Specialist,Excel
763808,SEO Specialist,Excel
233411,Recruitment Specialist,Excel
248169,Cybersecurity Specialist,Firewalls
248169,Cybersecurity Specialist,Network Security
248169,Cybersecurity Specialist,Python
248169,Cybersecurity Specialist,Incident Response
651219,Software Engineer,Docker
651219,Software Engineer,Java
651219,Software Engineer,REST API
651219,Software Engineer,Data Structures
651219,Software Engineer,SQL
979897,SEO Specialist,Problem Solving
979897,SEO Specialist,Excel
340413,Software Engineer,REST API
340413,Software Engineer,Java
340413,Software Engineer,Python
340413,Software Engineer,SQL
372813,Recruitment Specialist,Excel
547222,Financial Analyst,Excel
703791,Auditor,Communication
703791,Auditor,Excel
307534,SEO Specialist,Excel
567538,Sales Executive,Excel
567538,Sales Executive,Negotiation
567538,Sales Executive,CRM Software
265320,Content Strategist,Excel
976051,Employee Relations,Problem Solving
976051,Employee Relations,Communication
146970,Accountant,Communication
146970,Accountant,Problem Solving
168103,Content Strategist,Communication
286475,SEO Specialist,Communication
125136,Software Engineer,SQL
125136,Software Engineer,Git
125136,Software Engineer,Java
125136,Software Engineer,Python
125136,Software Engineer,Docker
361400,Auditor,Excel
815454,Employee Relations,Problem Solving
815454,Employee Relations,Excel
702276,SEO Specialist,Excel
702276,SEO Specialist,Problem Solving
319589,Account Manager,Problem Solving
319589,Account Manager,Communication
371544,SEO Specialist,Excel
258361,Employee Relations,Communication
258361,Employee Relations,Problem Solving
884671,Cybersecurity Specialist,Firewalls
884671,Cybersecurity Specialist,Python
646830,Business Development,Excel
672927,Recruitment Specialist,Communication
672927,Recruitment Specialist,Problem Solving
438306,Account Manager,Excel
438306,Account Manager,Problem Solving
691020,Business Development,Problem Solving
190216,SEO Specialist,Problem Solving
190216,SEO Specialist,Excel
322688,Accountant,Communication
838788,Auditor,Communication
838788,Auditor,Problem Solving
117267,Employee Relations,Problem Solving
117267,Employee Relations,Excel
505828,Business Development,Communication
397805,Accountant,Communication
397805,Accountant,Excel
356762,Recruitment Specialist,Problem Solving
356762,Recruitment Specialist,Excel
662095,Auditor,Excel
662095,Auditor,Problem Solving
117131,Business Development,Communication
260881,Cybersecurity Specialist,Network Security
260881,Cybersecurity Specialist,Python
260881,Cybersecurity Specialist,Incident Response
340172,Data Analyst,Excel
340172,Data Analyst,PowerBI
340172,Data Analyst,SQL
340172,Data Analyst,Python
982115,Software Engineer,Java
982115,Software Engineer,Docker
982115,Software Engineer,REST API
982115,Software Engineer,Git
982115,Software Engineer,Data Structures
564969,Software Engineer,Java
564969,Software Engineer,Docker
564969,Software Engineer,Python
380163,Business Development,Problem Solving
605118,Recruitment Specialist,Communication
605118,Recruitment Specialist,Excel
106592,Financial Analyst,Excel
554972,Sales Executive,CRM Software
554972,Sales Executive,Lead Generation
554972,Sales Executive,Excel
700114,Recruitment Specialist,Communication
700114,Recruitment Specialist,Excel
141061,Marketing Executive,Google Analytics
141061,Marketing Executive,Copywriting
141061,Marketing Executive,Social Media
456365,Content Strategist,Problem Solving
456365,Content Strategist,Excel
275124,Marketing Executive,Google Analytics
275124,Marketing Executive,Content Strategy
540124,Marketing Executive,SEO
540124,Marketing Executive,Content Strategy
753890,Business Development,Excel
753890,Business Development,Problem Solving
891556,Software Engineer,Data Structures
891556,Software Engineer,Python
891556,Software Engineer,SQL
891556,Software Engineer,Java
891556,Software Engineer,Docker
558903,Accountant,Problem Solving
558903,Accountant,Excel
987617,Accountant,Excel
987617,Accountant,Communication
167991,Auditor,Excel
167991,Auditor,Problem Solving
858589,SEO Specialist,Excel
257073,Data Analyst,Excel
257073,Data Analyst,SQL
257073,Data Analyst,Tableau
574279,Financial Analyst,Problem Solving
832417,Financial Analyst,Problem Solving
702394,Auditor,Excel
582854,Sales Executive,Negotiation
582854,Sales Executive,Communication
582854,Sales Executive,Excel
650234,Account Manager,Communication
650234,Account Manager,Excel
398486,Sales Executive,Salesforce
398486,Sales Executive,Communication
398486,Sales Executive,Lead Generation
789196,Employee Relations,Problem Solving
789196,Employee Relations,Communication
924525,Auditor,Problem Solving
924525,Auditor,Communication
848918,Data Analyst,Excel
848918,Data Analyst,PowerBI
848918,Data Analyst,Python
848918,Data Analyst,Statistics
226552,Accountant,Excel
226552,Accountant,Problem Solving
301213,Employee Relations,Problem Solving
301213,Employee Relations,Communication
719823,Business Development,Problem Solving
719823,Business Development,Communication
516027,Data Analyst,PowerBI
516027,Data Analyst,Statistics
516027,Data Analyst,SQL
516027,Data Analyst,Tableau
684587,SEO Specialist,Problem Solving
684587,SEO Specialist,Communication
259100,Data Analyst,Python
259100,Data Analyst,Excel
259100,Data Analyst,PowerBI
259100,Data Analyst,Statistics
170458,Data Analyst,Tableau
170458,Data Analyst,Excel
170458,Data Analyst,SQL
963356,Marketing Executive,Copywriting
963356,Marketing Executive,SEO
278127,Auditor,Excel
278127,Auditor,Problem Solving
828437,Data Analyst,Excel
828437,Data Analyst,SQL
828437,Data Analyst,Python
828437,Data Analyst,PowerBI
828437,Data Analyst,Tableau
522269,Cybersecurity Specialist,Incident Response
522269,Cybersecurity Specialist,Firewalls
522269,Cybersecurity Specialist,Python
325754,Financial Analyst,Communication
325754,Financial Analyst,Problem Solving
786317,Accountant,Excel
965898,Accountant,Problem Solving
965898,Accountant,Excel
976433,Auditor,Excel
976433,Auditor,Communication
721313,Financial Analyst,Excel
721313,Financial Analyst,Problem Solving
288679,Marketing Executive,Content Strategy
288679,Marketing Executive,SEO
288679,Marketing Executive,Social Media
123430,Data Analyst,Excel
123430,Data Analyst,PowerBI
123430,Data Analyst,Tableau
123430,Data Analyst,SQL
840182,Employee Relations,Problem Solving
266462,Data Analyst,Statistics
266462,Data Analyst,SQL
266462,Data Analyst,Python
266462,Data Analyst,Tableau
273190,Employee Relations,Problem Solving
983110,Financial Analyst,Excel
983110,Financial Analyst,Problem Solving
975459,Business Development,Excel
608934,Business Development,Communication
608934,Business Development,Problem Solving
327094,Business Development,Excel
872669,Content Strategist,Excel
618726,Employee Relations,Excel
618726,Employee Relations,Problem Solving
133279,Recruitment Specialist,Communication
133279,Recruitment Specialist,Excel
536321,Business Development,Problem Solving
536321,Business Development,Communication
186630,SEO Specialist,Excel
114913,Employee Relations,Excel
114913,Employee Relations,Communication
723352,Accountant,Communication
723352,Accountant,Excel
370045,Accountant,Problem Solving
370045,Accountant,Communication
420636,Recruitment Specialist,Problem Solving
420636,Recruitment Specialist,Communication
204388,SEO Specialist,Problem Solving
697202,HR Manager,Problem Solving
697202,HR Manager,Excel
997340,Accountant,Communication
290559,Business Development,Excel
891992,Account Manager,Excel
106984,Business Development,Excel
660308,Data Analyst,Python
660308,Data Analyst,Tableau
660308,Data Analyst,Statistics
904099,Employee Relations,Excel
320979,Recruitment Specialist,Problem Solving
320979,Recruitment Specialist,Communication
222337,Content Strategist,Problem Solving
895447,Data Analyst,Python
895447,Data Analyst,Excel
895447,Data Analyst,Tableau
895447,Data Analyst,SQL
571585,Cybersecurity Specialist,Incident Response
571585,Cybersecurity Specialist,Linux
571585,Cybersecurity Specialist,Python
571585,Cybersecurity Specialist,Network Security
202110,Employee Relations,Problem Solving
202110,Employee Relations,Excel
688803,Content Strategist,Communication
688803,Content Strategist,Problem Solving
363816,Data Analyst,Python
363816,Data Analyst,Excel
363816,Data Analyst,Tableau
400076,Recruitment Specialist,Communication
400076,Recruitment Specialist,Problem Solving
413996,Account Manager,Problem Solving
413996,Account Manager,Excel
562767,Account Manager,Problem Solving
562767,Account Manager,Communication
262147,Content Strategist,Communication
131523,Business Development,Communication
131523,Business Development,Problem Solving
892225,SEO Specialist,Excel
964950,Sales Executive,Salesforce
964950,Sales Executive,CRM Software
964950,Sales Executive,Excel
964950,Sales Executive,Lead Generation
964950,Sales Executive,Negotiation
585773,Marketing Executive,SEO
585773,Marketing Executive,Google Analytics
585773,Marketing Executive,Copywriting
393701,SEO Specialist,Communication
393701,SEO Specialist,Excel
879279,Marketing Executive,Google Analytics
879279,Marketing Executive,Content Strategy
879279,Marketing Executive,SEO
134961,Accountant,Problem Solving
840376,Data Analyst,PowerBI
840376,Data Analyst,Tableau
840376,Data Analyst,Python
770481,Accountant,Communication
770481,Accountant,Excel
901110,Financial Analyst,Excel
865493,Auditor,Excel
260922,Content Strategist,Problem Solving
997940,Account Manager,Excel
696765,Business Development,Communication
696765,Business Development,Excel
484703,Data Analyst,Tableau
484703,Data Analyst,Statistics
484703,Data Analyst,Python
701483,Account Manager,Excel
681137,Content Strategist,Problem Solving
681137,Content Strategist,Excel
947639,Auditor,Excel
128097,SEO Specialist,Problem Solving
559703,Data Analyst,Python
559703,Data Analyst,Tableau
559703,Data Analyst,SQL
433550,Content Strategist,Problem Solving
512811,Auditor,Communication
783714,Marketing Executive,SEO
783714,Marketing Executive,Copywriting
783714,Marketing Executive,Social Media
932416,Financial Analyst,Problem Solving
906767,SEO Specialist,Excel
584394,Employee Relations,Excel
584394,Employee Relations,Problem Solving
268830,Recruitment Specialist,Problem Solving
761423,Accountant,Problem Solving
761423,Accountant,Excel
116739,Sales Executive,Lead Generation
116739,Sales Executive,CRM Software
116739,Sales Executive,Excel
116739,Sales Executive,Negotiation
472499,Financial Analyst,Communication
472499,Financial Analyst,Excel
567481,Marketing Executive,Google Analytics
567481,Marketing Executive,SEO
567481,Marketing Executive,Copywriting
816930,Sales Executive,CRM Software
816930,Sales Executive,Excel
816930,Sales Executive,Negotiation
816930,Sales Executive,Communication
816930,Sales Executive,Lead Generation
831338,Auditor,Problem Solving
304851,Account Manager,Communication
743872,Business Development,Problem Solving
743872,Business Development,Communication
406110,Recruitment Specialist,Communication
498810,Employee Relations,Problem Solving
498810,Employee Relations,Excel
702079,HR Manager,Communication
962057,Employee Relations,Excel
951525,Data Analyst,Python
951525,Data Analyst,Statistics
951525,Data Analyst,SQL
847026,Content Strategist,Communication
847026,Content Strategist,Excel
429719,Cybersecurity Specialist,Python
429719,Cybersecurity Specialist,Firewalls
429719,Cybersecurity Specialist,Linux
256638,Employee Relations,Excel
256638,Employee Relations,Problem Solving
737016,Account Manager,Communication
737016,Account Manager,Excel
892397,Cybersecurity Specialist,Incident Response
892397,Cybersecurity Specialist,Network Security
892397,Cybersecurity Specialist,Linux
720127,Business Development,Excel
988457,Marketing Executive,Copywriting
988457,Marketing Executive,Social Media
988457,Marketing Executive,Google Analytics
598123,Data Analyst,Python
598123,Data Analyst,Excel
598123,Data Analyst,Tableau
598123,Data Analyst,PowerBI
194533,Marketing Executive,Social Media
194533,Marketing Executive,Copywriting
998986,Financial Analyst,Communication
643959,Cybersecurity Specialist,Linux
643959,Cybersecurity Specialist,Firewalls
436654,Recruitment Specialist,Communication
326256,Auditor,Communication
953883,Account Manager,Problem Solving
953883,Account Manager,Excel
281981,Accountant,Problem Solving
281981,Accountant,Excel
313484,Software Engineer,Git
313484,Software Engineer,Python
313484,Software Engineer,Java
313484,Software Engineer,SQL
854376,Account Manager,Problem Solving
582723,Account Manager,Problem Solving
360036,Business Development,Communication
360036,Business Development,Excel
513399,Auditor,Excel
100021,Auditor,Problem Solving
971093,Financial Analyst,Communication
971093,Financial Analyst,Excel
731049,SEO Specialist,Problem Solving
826752,Auditor,Problem Solving
826752,Auditor,Excel
745828,SEO Specialist,Problem Solving
745828,SEO Specialist,Communication
619015,Data Analyst,Statistics
619015,Data Analyst,Tableau
619015,Data Analyst,SQL
619015,Data Analyst,Python
992874,Business Development,Excel
898382,Content Strategist,Excel
898382,Content Strategist,Problem Solving
484630,Data Analyst,PowerBI
484630,Data Analyst,Excel
484630,Data Analyst,Tableau
319787,Accountant,Problem Solving
666580,Data Analyst,SQL
666580,Data Analyst,Statistics
666580,Data Analyst,Tableau
666580,Data Analyst,Excel
355918,Financial Analyst,Problem Solving
355918,Financial Analyst,Excel
581294,SEO Specialist,Communication
581294,SEO Specialist,Excel
968669,Sales Executive,Salesforce
968669,Sales Executive,Excel
968669,Sales Executive,CRM Software
968669,Sales Executive,Lead Generation
515999,Sales Executive,Salesforce
515999,Sales Executive,Lead Generation
515999,Sales Executive,Excel
816329,Recruitment Specialist,Communication
271872,Sales Executive,Salesforce
271872,Sales Executive,Negotiation
271872,Sales Executive,Excel
271872,Sales Executive,Communication
147332,Cybersecurity Specialist,Firewalls
147332,Cybersecurity Specialist,Incident Response
542687,Sales Executive,Negotiation
542687,Sales Executive,Communication
542687,Sales Executive,Excel
542687,Sales Executive,CRM Software
454195,Cybersecurity Specialist,Network Security
454195,Cybersecurity Specialist,Firewalls
454195,Cybersecurity Specialist,Incident Response
788011,Financial Analyst,Problem Solving
788011,Financial Analyst,Communication
249172,Software Engineer,Java
249172,Software Engineer,Git
249172,Software Engineer,Data Structures
249172,Software Engineer,Docker
249172,Software Engineer,Python
811225,Data Analyst,Excel
811225,Data Analyst,SQL
811225,Data Analyst,PowerBI
790332,Content Strategist,Communication
110121,Marketing Executive,Copywriting
110121,Marketing Executive,Social Media
110121,Marketing Executive,Google Analytics
481729,Content Strategist,Problem Solving
481729,Content Strategist,Excel
898619,Recruitment Specialist,Communication
898619,Recruitment Specialist,Problem Solving
567306,SEO Specialist,Communication
929819,Data Analyst,Tableau
929819,Data Analyst,SQL
929819,Data Analyst,Statistics
968855,Marketing Executive,Copywriting
968855,Marketing Executive,SEO
968855,Marketing Executive,Social Media
191069,Data Analyst,Python
191069,Data Analyst,PowerBI
191069,Data Analyst,Tableau
191069,Data Analyst,SQL
100227,Data Analyst,Python
100227,Data Analyst,Statistics
100227,Data Analyst,SQL
127118,Sales Executive,CRM Software
127118,Sales Executive,Excel
127118,Sales Executive,Lead Generation
127118,Sales Executive,Communication
932669,Employee Relations,Problem Solving
923470,Employee Relations,Problem Solving
939040,Business Development,Problem Solving
388758,Account Manager,Problem Solving
388758,Account Manager,Excel
614027,Accountant,Excel
176348,Cybersecurity Specialist,Linux
176348,Cybersecurity Specialist,Network Security
417386,Marketing Executive,Google Analytics
417386,Marketing Executive,SEO
417386,Marketing Executive,Copywriting
678362,Marketing Executive,Social Media
678362,Marketing Executive,Copywriting
678362,Marketing Executive,Content Strategy
120071,Accountant,Problem Solving
656354,Account Manager,Problem Solving
656354,Account Manager,Excel
317649,Content Strategist,Excel
723461,Content Strategist,Excel
723461,Content Strategist,Communication
526841,Software Engineer,Git
526841,Software Engineer,Java
526841,Software Engineer,REST API
583717,Business Development,Communication
746766,Employee Relations,Communication
746766,Employee Relations,Problem Solving
431327,Sales Executive,Negotiation
431327,Sales Executive,Excel
431327,Sales Executive,Salesforce
431327,Sales Executive,CRM Software
491083,Sales Executive,Salesforce
491083,Sales Executive,Negotiation
491083,Sales Executive,Excel
975149,Software Engineer,Git
975149,Software Engineer,Data Structures
975149,Software Engineer,REST API
975149,Software Engineer,Docker
499259,Auditor,Excel
499259,Auditor,Problem Solving
847889,Recruitment Specialist,Excel
753580,HR Manager,Excel
278760,HR Manager,Communication
278760,HR Manager,Problem Solving
292074,Sales Executive,Communication
292074,Sales Executive,CRM Software
292074,Sales Executive,Salesforce
292074,Sales Executive,Lead Generation
292074,Sales Executive,Negotiation
137704,Financial Analyst,Excel
701024,Employee Relations,Communication
701024,Employee Relations,Problem Solving
648401,Accountant,Communication
361661,SEO Specialist,Communication
361661,SEO Specialist,Problem Solving
782255,Accountant,Problem Solving
782255,Accountant,Communication
391105,SEO Specialist,Problem Solving
366641,Software Engineer,Docker
366641,Software Engineer,REST API
366641,Software Engineer,Python
366641,Software Engineer,SQL
366641,Software Engineer,Git
371422,Employee Relations,Excel
774296,Recruitment Specialist,Problem Solving
774296,Recruitment Specialist,Communication
917928,SEO Specialist,Excel
917928,SEO Specialist,Communication
899345,Account Manager,Problem Solving
976064,Data Analyst,Excel
976064,Data Analyst,Python
976064,Data Analyst,SQL
784983,Financial Analyst,Excel
784983,Financial Analyst,Communication
947715,Auditor,Problem Solving
522322,Content Strategist,Problem Solving
522322,Content Strategist,Excel
579876,Employee Relations,Communication
139711,Auditor,Problem Solving
561816,Business Development,Problem Solving
584488,Sales Executive,Communication
584488,Sales Executive,Salesforce
584488,Sales Executive,Lead Generation
361708,Content Strategist,Problem Solving
361708,Content Strategist,Excel
779924,Accountant,Problem Solving
779924,Accountant,Communication
868781,Sales Executive,CRM Software
868781,Sales Executive,Salesforce
868781,Sales Executive,Communication
868781,Sales Executive,Excel
732948,Recruitment Specialist,Excel
640738,Recruitment Specialist,Excel
639446,Accountant,Communication
639446,Accountant,Excel
258663,Financial Analyst,Communication
258663,Financial Analyst,Excel
270267,Software Engineer,Docker
270267,Software Engineer,Data Structures
270267,Software Engineer,Python
270267,Software Engineer,REST API
624789,Employee Relations,Communication
624789,Employee Relations,Problem Solving
643456,Account Manager,Problem Solving
643456,Account Manager,Excel
314234,Accountant,Communication
314234,Accountant,Problem Solving
552359,Data Analyst,SQL
552359,Data Analyst,PowerBI
552359,Data Analyst,Excel
552359,Data Analyst,Statistics
552359,Data Analyst,Python
620358,Financial Analyst,Communication
549637,Account Manager,Communication
549637,Account Manager,Excel
837075,Recruitment Specialist,Excel
715935,HR Manager,Excel
554087,SEO Specialist,Problem Solving
871388,Account Manager,Communication
587411,Recruitment Specialist,Problem Solving
745780,Auditor,Problem Solving
607019,Account Manager,Communication
607019,Account Manager,Excel
841750,Cybersecurity Specialist,Linux
841750,Cybersecurity Specialist,Python
841750,Cybersecurity Specialist,Network Security
632563,Recruitment Specialist,Communication
632563,Recruitment Specialist,Excel
255488,Cybersecurity Specialist,Python
255488,Cybersecurity Specialist,Firewalls
255488,Cybersecurity Specialist,Network Security
767269,Accountant,Excel
644226,Data Analyst,PowerBI
644226,Data Analyst,Tableau
644226,Data Analyst,Python
644226,Data Analyst,Excel
543955,Data Analyst,Python
543955,Data Analyst,PowerBI
543955,Data Analyst,SQL
543955,Data Analyst,Statistics
576706,Employee Relations,Problem Solving
576706,Employee Relations,Communication
828734,Business Development,Excel
828734,Business Development,Problem Solving
403621,Sales Executive,Lead Generation
403621,Sales Executive,Communication
403621,Sales Executive,Excel
798350,Recruitment Specialist,Communication
437852,Financial Analyst,Communication
753280,Employee Relations,Problem Solving
193694,SEO Specialist,Communication
304449,Marketing Executive,Content Strategy
304449,Marketing Executive,Copywriting
304449,Marketing Executive,Google Analytics
304449,Marketing Executive,Social Media
556936,Software Engineer,Docker
556936,Software Engineer,REST API
556936,Software Engineer,Java
556936,Software Engineer,Git
774257,Cybersecurity Specialist,Incident Response
774257,Cybersecurity Specialist,Linux
774257,Cybersecurity Specialist,Python
221408,Account Manager,Excel
371918,Auditor,Communication
371918,Auditor,Problem Solving
220541,Auditor,Communication
220541,Auditor,Excel
955204,Financial Analyst,Communication
955204,Financial Analyst,Excel
185558,Software Engineer,Git
185558,Software Engineer,SQL
185558,Software Engineer,Docker
185558,Software Engineer,Python
120216,Software Engineer,Python
120216,Software Engineer,Git
120216,Software Engineer,SQL
120216,Software Engineer,Docker
120216,Software Engineer,Data Structures
114431,Marketing Executive,Social Media
114431,Marketing Executive,Content Strategy
114431,Marketing Executive,Google Analytics
824403,Accountant,Problem Solving
824403,Accountant,Communication
668476,Employee Relations,Problem Solving
668476,Employee Relations,Communication
449589,Accountant,Excel
449589,Accountant,Communication
857263,Accountant,Excel
857263,Accountant,Problem Solving
873801,Auditor,Problem Solving
698063,Business Development,Communication
698063,Business Development,Excel
513486,Software Engineer,SQL
513486,Software Engineer,Python
513486,Software Engineer,Git
513486,Software Engineer,Data Structures
513486,Software Engineer,Java
608483,Employee Relations,Communication
608483,Employee Relations,Problem Solving
504397,Accountant,Problem Solving
504397,Accountant,Communication
826290,Recruitment Specialist,Excel
403534,Content Strategist,Excel
403534,Content Strategist,Communication
812378,Employee Relations,Excel
227383,Employee Relations,Problem Solving
227383,Employee Relations,Communication
262429,Account Manager,Communication
189065,SEO Specialist,Problem Solving
189065,SEO Specialist,Communication
192881,Marketing Executive,Social Media
192881,Marketing Executive,Google Analytics
192881,Marketing Executive,Content Strategy
873497,Employee Relations,Problem Solving
873497,Employee Relations,Communication
874596,Employee Relations,Communication
874596,Employee Relations,Excel
202827,Marketing Executive,SEO
202827,Marketing Executive,Google Analytics
202827,Marketing Executive,Copywriting
494146,Content Strategist,Problem Solving
494146,Content Strategist,Communication
157240,Financial Analyst,Problem Solving
578802,Recruitment Specialist,Excel
578802,Recruitment Specialist,Communication
447327,Account Manager,Communication
758499,Financial Analyst,Communication
927109,Marketing Executive,Social Media
927109,Marketing Executive,Google Analytics
927109,Marketing Executive,Content Strategy
618616,Employee Relations,Excel
498762,Accountant,Communication
498762,Accountant,Problem Solving
912964,Auditor,Excel
912964,Auditor,Problem Solving
599483,Financial Analyst,Excel
599483,Financial Analyst,Communication
402376,SEO Specialist,Problem Solving
929030,Cybersecurity Specialist,Network Security
929030,Cybersecurity Specialist,Linux
679910,Account Manager,Excel
679910,Account Manager,Problem Solving
541462,HR Manager,Excel
541462,HR Manager,Communication
562590,Sales Executive,Excel
562590,Sales Executive,Lead Generation
562590,Sales Executive,Salesforce
562590,Sales Executive,Communication
395763,Marketing Executive,SEO
395763,Marketing Executive,Google Analytics
612991,SEO Specialist,Excel
853157,Business Development,Problem Solving
853157,Business Development,Communication
801178,Sales Executive,Lead Generation
801178,Sales Executive,Excel
801178,Sales Executive,Communication
236373,Cybersecurity Specialist,Linux
236373,Cybersecurity Specialist,Firewalls
236373,Cybersecurity Specialist,Python
201240,Financial Analyst,Problem Solving
243592,Software Engineer,Git
243592,Software Engineer,Data Structures
243592,Software Engineer,SQL
243592,Software Engineer,Docker
243592,Software Engineer,Java
121994,Business Development,Communication
240288,Software Engineer,Python
240288,Software Engineer,Java
240288,Software Engineer,Data Structures
240288,Software Engineer,SQL
539202,Financial Analyst,Problem Solving
539202,Financial Analyst,Excel
116787,Marketing Executive,SEO
116787,Marketing Executive,Content Strategy
116787,Marketing Executive,Social Media
863845,Accountant,Excel
800074,SEO Specialist,Communication
596736,Employee Relations,Problem Solving
596736,Employee Relations,Excel
150249,Sales Executive,Lead Generation
150249,Sales Executive,Excel
150249,Sales Executive,CRM Software
150249,Sales Executive,Negotiation
302567,SEO Specialist,Excel
302567,SEO Specialist,Communication
424252,Employee Relations,Problem Solving
471416,Auditor,Communication
471416,Auditor,Excel
101509,Recruitment Specialist,Excel
699553,Software Engineer,REST API
699553,Software Engineer,SQL
699553,Software Engineer,Python
328148,Business Development,Excel
328148,Business Development,Problem Solving
783359,Employee Relations,Communication
783359,Employee Relations,Excel
207899,Auditor,Communication
754307,Financial Analyst,Problem Solving
600343,Account Manager,Excel
223413,Account Manager,Communication
185382,HR Manager,Problem Solving
185382,HR Manager,Communication
331366,Employee Relations,Excel
331366,Employee Relations,Communication
430157,Financial Analyst,Problem Solving
790106,Auditor,Problem Solving
790106,Auditor,Communication
288594,Financial Analyst,Problem Solving
288594,Financial Analyst,Excel
456525,Marketing Executive,Content Strategy
456525,Marketing Executive,SEO
427823,Marketing Executive,Copywriting
427823,Marketing Executive,SEO
427823,Marketing Executive,Content Strategy
507342,Cybersecurity Specialist,Incident Response
507342,Cybersecurity Specialist,Network Security
261647,Software Engineer,Data Structures
261647,Software Engineer,Git
261647,Software Engineer,Docker
261647,Software Engineer,REST API
461648,Data Analyst,SQL
461648,Data Analyst,Python
461648,Data Analyst,Excel
108459,Auditor,Communication
924475,Accountant,Problem Solving
924475,Accountant,Excel
521014,Accountant,Excel
521014,Accountant,Communication
305308,Account Manager,Excel
752578,Content Strategist,Communication
857969,Recruitment Specialist,Excel
857969,Recruitment Specialist,Communication
148453,HR Manager,Communication
563347,Account Manager,Problem Solving
155235,Account Manager,Communication
155235,Account Manager,Problem Solving
133728,HR Manager,Problem Solving
133728,HR Manager,Excel
697615,Software Engineer,Java
697615,Software Engineer,Python
697615,Software Engineer,Docker
697615,Software Engineer,SQL
578138,Accountant,Excel
719536,Account Manager,Problem Solving
719536,Account Manager,Excel
197110,Marketing Executive,Social Media
197110,Marketing Executive,Copywriting
197110,Marketing Executive,SEO
849030,Sales Executive,CRM Software
849030,Sales Executive,Lead Generation
849030,Sales Executive,Salesforce
933185,Software Engineer,Docker
933185,Software Engineer,Git
933185,Software Engineer,Data Structures
933185,Software Engineer,SQL
987706,Employee Relations,Problem Solving
987706,Employee Relations,Communication
275377,Financial Analyst,Problem Solving
275377,Financial Analyst,Communication
628855,Sales Executive,Excel
628855,Sales Executive,Communication
628855,Sales Executive,Negotiation
983766,Marketing Executive,Copywriting
983766,Marketing Executive,Social Media
983766,Marketing Executive,Google Analytics
267253,Employee Relations,Problem Solving
190585,HR Manager,Excel
190585,HR Manager,Problem Solving
925908,Content Strategist,Problem Solving
925908,Content Strategist,Communication
678785,Software Engineer,Data Structures
678785,Software Engineer,Python
678785,Software Engineer,REST API
893182,Auditor,Communication
893182,Auditor,Problem Solving
362414,Accountant,Excel
653357,Employee Relations,Communication
653357,Employee Relations,Excel
422929,SEO Specialist,Excel
422929,SEO Specialist,Problem Solving
217289,Account Manager,Excel
633863,Financial Analyst,Excel
363701,Auditor,Communication
670200,Sales Executive,Salesforce
670200,Sales Executive,Lead Generation
670200,Sales Executive,CRM Software
670200,Sales Executive,Negotiation
189193,Business Development,Communication
189193,Business Development,Problem Solving
438556,Software Engineer,Java
438556,Software Engineer,Data Structures
438556,Software Engineer,Python
438556,Software Engineer,SQL
438556,Software Engineer,Docker
245187,Content Strategist,Problem Solving
245187,Content Strategist,Excel
920338,Data Analyst,Excel
920338,Data Analyst,PowerBI
920338,Data Analyst,SQL
233089,Sales Executive,Negotiation
233089,Sales Executive,CRM Software
233089,Sales Executive,Salesforce
649511,SEO Specialist,Excel
649511,SEO Specialist,Communication
791428,Employee Relations,Excel
352637,Marketing Executive,Copywriting
352637,Marketing Executive,Social Media
352637,Marketing Executive,SEO
996610,Business Development,Communication
996610,Business Development,Excel
886582,Auditor,Excel
324259,HR Manager,Excel
324259,HR Manager,Communication
904490,Business Development,Problem Solving
904490,Business Development,Excel
233933,HR Manager,Problem Solving
233933,HR Manager,Communication
590601,Recruitment Specialist,Excel
590601,Recruitment Specialist,Communication
383830,Accountant,Excel
383830,Accountant,Communication
174541,HR Manager,Communication
174541,HR Manager,Excel
292278,Marketing Executive,SEO
292278,Marketing Executive,Social Media
589903,Cybersecurity Specialist,Python
589903,Cybersecurity Specialist,Firewalls
589903,Cybersecurity Specialist,Incident Response
733099,Marketing Executive,Social Media
733099,Marketing Executive,Content Strategy
733099,Marketing Executive,Copywriting
268009,Business Development,Problem Solving
527842,Cybersecurity Specialist,Python
527842,Cybersecurity Specialist,Firewalls
527842,Cybersecurity Specialist,Incident Response
813536,Employee Relations,Communication
813536,Employee Relations,Problem Solving
773537,Content Strategist,Problem Solving
773537,Content Strategist,Communication
769136,Marketing Executive,Content Strategy
769136,Marketing Executive,SEO
570527,Employee Relations,Excel
570527,Employee Relations,Communication
307039,Auditor,Problem Solving
307039,Auditor,Excel
253947,Sales Executive,Excel
253947,Sales Executive,Lead Generation
253947,Sales Executive,Salesforce
253947,Sales Executive,CRM Software
952575,Marketing Executive,Copywriting
952575,Marketing Executive,Content Strategy
952575,Marketing Executive,Social Media
726080,Data Analyst,Python
726080,Data Analyst,Tableau
726080,Data Analyst,Statistics
726080,Data Analyst,SQL
938005,Business Development,Communication
938005,Business Development,Excel
850205,Recruitment Specialist,Problem Solving
892327,Auditor,Excel
121045,Content Strategist,Excel
121045,Content Strategist,Communication
638882,Data Analyst,Python
638882,Data Analyst,Excel
638882,Data Analyst,Tableau
885502,Employee Relations,Communication
885502,Employee Relations,Excel
917202,Business Development,Problem Solving
674175,Content Strategist,Communication
219499,Business Development,Excel
929643,Business Development,Problem Solving
929643,Business Development,Communication
237392,Business Development,Communication
837628,HR Manager,Excel
688375,Software Engineer,Docker
688375,Software Engineer,Python
688375,Software Engineer,Data Structures
688375,Software Engineer,REST API
268409,Software Engineer,Java
268409,Software Engineer,Docker
268409,Software Engineer,Data Structures
268409,Software Engineer,SQL
404763,Accountant,Problem Solving
404763,Accountant,Communication
454789,Cybersecurity Specialist,Incident Response
454789,Cybersecurity Specialist,Network Security
454789,Cybersecurity Specialist,Linux
707674,Content Strategist,Excel
707674,Content Strategist,Problem Solving
954858,Account Manager,Excel
954858,Account Manager,Communication
376829,Business Development,Problem Solving
856880,Content Strategist,Excel
856880,Content Strategist,Problem Solving
134259,Sales Executive,Excel
134259,Sales Executive,Salesforce
134259,Sales Executive,Lead Generation
329252,Accountant,Excel
656257,Recruitment Specialist,Problem Solving
656257,Recruitment Specialist,Excel
631122,Software Engineer,Docker
631122,Software Engineer,REST API
631122,Software Engineer,Git
631122,Software Engineer,Java
690178,Financial Analyst,Communication
690178,Financial Analyst,Problem Solving
245783,HR Manager,Communication
245783,HR Manager,Excel
759838,Cybersecurity Specialist,Linux
759838,Cybersecurity Specialist,Network Security
759838,Cybersecurity Specialist,Python
759838,Cybersecurity Specialist,Incident Response
292904,Recruitment Specialist,Excel
813376,Recruitment Specialist,Excel
634972,Cybersecurity Specialist,Firewalls
634972,Cybersecurity Specialist,Python
634972,Cybersecurity Specialist,Linux
559766,Accountant,Communication
559766,Accountant,Problem Solving
491321,Auditor,Communication
491321,Auditor,Excel
242212,Recruitment Specialist,Problem Solving
242212,Recruitment Specialist,Communication
402062,Data Analyst,Excel
402062,Data Analyst,PowerBI
402062,Data Analyst,Python
268203,Business Development,Communication
439425,Employee Relations,Communication
