EmployeeID,Name,Department,JobRole,MonthlyIncome,OverTime,Attrition_Probability,Attrition_Risk_Level,EngagementScore,Engagement_Category,CurrentSkills,MissingSkills,SkillGapCount,UpskillingRecommendation
1,Employee #1,Sales,Sales Executive,5993.0,Yes,0.7231,HIGH,55.4,MEDIUM,"Salesforce, Excel, CRM Software","Negotiation, Communication, Lead Generation",3,Professional Skill Development: Negotiation; Professional Skill Development: Communication
2,Employee #2,Research & Development,Research Scientist,5130.0,No,0.0131,LOW,89.24,HIGH,"R, Data Analysis, Python","Statistics, Machine Learning, Lab Equipment",3,Professional Skill Development: Statistics; Applied Machine Learning & MLOps Specialization
4,Employee #4,Research & Development,Laboratory Technician,2090.0,Yes,0.5644,HIGH,87.94,HIGH,"Excel, Data Entry","Lab Safety, Sample Preparation, Quality Control",3,ISO Certified Laboratory Safety & Bio-hazard Compliance; Professional Skill Development: Sample Preparation
5,Employee #5,Research & Development,Research Scientist,2909.0,Yes,0.0796,LOW,77.42,HIGH,"Machine Learning, Statistics, Python, R","Data Analysis, Lab Equipment",2,Professional Skill Development: Data Analysis; Professional Skill Development: Lab Equipment
7,Employee #7,Research & Development,Laboratory Technician,3468.0,No,0.3412,MEDIUM,93.01,HIGH,"Sample Preparation, Quality Control, Lab Safety","Data Entry, Excel",2,Professional Skill Development: Data Entry; Professional Skill Development: Excel
8,Employee #8,Research & Development,Laboratory Technician,3068.0,No,0.079,LOW,55.51,MEDIUM,"Lab Safety, Excel, Quality Control","Sample Preparation, Data Entry",2,Professional Skill Development: Sample Preparation; Professional Skill Development: Data Entry
10,Employee #10,Research & Development,Laboratory Technician,2670.0,Yes,0.1031,LOW,77.01,HIGH,"Lab Safety, Sample Preparation","Quality Control, Data Entry, Excel",3,Six Sigma Quality Assurance & Process Improvement; Professional Skill Development: Data Entry
11,Employee #11,Research & Development,Laboratory Technician,2693.0,No,0.1356,LOW,64.53,MEDIUM,"Sample Preparation, Data Entry, Excel","Lab Safety, Quality Control",2,ISO Certified Laboratory Safety & Bio-hazard Compliance; Six Sigma Quality Assurance & Process Improvement
12,Employee #12,Research & Development,Manufacturing Director,9526.0,No,0.09,LOW,77.62,HIGH,"ERP, Lean Six Sigma","Supply Chain, Operations Management, Budgeting",3,Global Supply Chain Operations & Logistics Architecture; Professional Skill Development: Operations Management
13,Employee #13,Research & Development,Healthcare Representative,5237.0,No,0.0304,LOW,63.0,MEDIUM,"Customer Service, EMR Software, Communication","Patient Care, Medical Records",2,Professional Skill Development: Patient Care; Professional Skill Development: Medical Records
14,Employee #14,Research & Development,Laboratory Technician,2426.0,No,0.0486,LOW,68.53,MEDIUM,"Lab Safety, Sample Preparation","Quality Control, Data Entry, Excel",3,Six Sigma Quality Assurance & Process Improvement; Professional Skill Development: Data Entry
15,Employee #15,Research & Development,Laboratory Technician,4193.0,Yes,0.2675,MEDIUM,82.87,HIGH,"Excel, Data Entry, Lab Safety","Sample Preparation, Quality Control",2,Professional Skill Development: Sample Preparation; Six Sigma Quality Assurance & Process Improvement
16,Employee #16,Research & Development,Research Scientist,2911.0,No,0.1252,LOW,87.53,HIGH,"Python, Statistics, Lab Equipment","Data Analysis, R, Machine Learning",3,Professional Skill Development: Data Analysis; Statistical Computing & Data Visualization in R
18,Employee #18,Research & Development,Laboratory Technician,2661.0,No,0.06,LOW,87.98,HIGH,"Lab Safety, Data Entry, Sample Preparation","Quality Control, Excel",2,Six Sigma Quality Assurance & Process Improvement; Professional Skill Development: Excel
19,Employee #19,Research & Development,Laboratory Technician,2028.0,Yes,0.9217,HIGH,94.19,HIGH,"Quality Control, Lab Safety, Data Entry","Sample Preparation, Excel",2,Professional Skill Development: Sample Preparation; Professional Skill Development: Excel
20,Employee #20,Research & Development,Manufacturing Director,9980.0,No,0.0376,LOW,85.59,HIGH,"Lean Six Sigma, ERP, Operations Management, Supply Chain",Budgeting,1,Professional Skill Development: Budgeting
21,Employee #21,Research & Development,Research Scientist,3298.0,Yes,0.0553,LOW,58.36,MEDIUM,"R, Lab Equipment, Python, Statistics","Data Analysis, Machine Learning",2,Professional Skill Development: Data Analysis; Applied Machine Learning & MLOps Specialization
22,Employee #22,Research & Development,Laboratory Technician,2935.0,Yes,0.1448,LOW,59.38,MEDIUM,"Sample Preparation, Quality Control, Lab Safety","Data Entry, Excel",2,Professional Skill Development: Data Entry; Professional Skill Development: Excel
23,Employee #23,Sales,Manager,15427.0,No,0.0036,LOW,82.2,HIGH,"Project Management, Strategic Planning, Budgeting","Leadership, Performance Management",2,Professional Skill Development: Leadership; Professional Skill Development: Performance Management
24,Employee #24,Research & Development,Research Scientist,3944.0,Yes,0.1662,LOW,75.86,HIGH,"Data Analysis, Lab Equipment, Statistics","Python, R, Machine Learning",3,Advanced Python Programming & Data Science Masterclass; Statistical Computing & Data Visualization in R
26,Employee #26,Research & Development,Manufacturing Director,4011.0,No,0.0032,LOW,82.24,HIGH,"Operations Management, Budgeting","Supply Chain, ERP, Lean Six Sigma",3,Global Supply Chain Operations & Logistics Architecture; Professional Skill Development: ERP
27,Employee #27,Sales,Sales Representative,3407.0,No,0.5147,HIGH,76.91,HIGH,"CRM, Communication","Cold Calling, Salesforce, Customer Service",3,Professional Skill Development: Cold Calling; Salesforce CRM Administrator & Cloud Management
28,Employee #28,Research & Development,Research Director,11994.0,No,0.0117,LOW,81.97,HIGH,"Leadership, Python, Data Analysis","R&D Strategy, Grant Writing",2,Professional Skill Development: R&D Strategy; Research Grant Writing & Innovation Funding Workshop
30,Employee #30,Research & Development,Research Scientist,1232.0,No,0.1251,LOW,56.57,MEDIUM,"Lab Equipment, Python, Data Analysis, R","Statistics, Machine Learning",2,Professional Skill Development: Statistics; Applied Machine Learning & MLOps Specialization
31,Employee #31,Research & Development,Research Scientist,2960.0,No,0.1203,LOW,82.99,HIGH,"R, Python, Data Analysis, Lab Equipment","Statistics, Machine Learning",2,Professional Skill Development: Statistics; Applied Machine Learning & MLOps Specialization
32,Employee #32,Research & Development,Manager,19094.0,No,0.0008,LOW,84.44,HIGH,"Leadership, Performance Management, Budgeting","Project Management, Strategic Planning",2,Professional Skill Development: Project Management; Executive Leadership & Strategic Workforce Planning
33,Employee #33,Research & Development,Research Scientist,3919.0,Yes,0.8323,HIGH,85.35,HIGH,"R, Statistics, Lab Equipment, Machine Learning","Python, Data Analysis",2,Advanced Python Programming & Data Science Masterclass; Professional Skill Development: Data Analysis
35,Employee #35,Sales,Sales Executive,6825.0,No,0.0288,LOW,57.89,MEDIUM,"Negotiation, Lead Generation, Salesforce","CRM Software, Communication, Excel",3,Professional Skill Development: CRM Software; Professional Skill Development: Communication
36,Employee #36,Research & Development,Healthcare Representative,10248.0,No,0.0017,LOW,92.01,HIGH,"Medical Records, Patient Care","Customer Service, EMR Software, Communication",3,Professional Skill Development: Customer Service; Healthcare Electronic Medical Records Administration
38,Employee #38,Sales,Manager,18947.0,No,0.0763,LOW,86.93,HIGH,"Leadership, Budgeting","Project Management, Strategic Planning, Performance Management",3,Professional Skill Development: Project Management; Executive Leadership & Strategic Workforce Planning
39,Employee #39,Research & Development,Laboratory Technician,2496.0,No,0.1151,LOW,69.94,MEDIUM,"Data Entry, Quality Control, Lab Safety, Sample Preparation",Excel,1,Professional Skill Development: Excel
40,Employee #40,Research & Development,Healthcare Representative,6465.0,Yes,0.0051,LOW,89.82,HIGH,"Patient Care, Customer Service, Medical Records, Communication",EMR Software,1,Healthcare Electronic Medical Records Administration
41,Employee #41,Research & Development,Laboratory Technician,2206.0,No,0.1089,LOW,65.27,MEDIUM,"Excel, Data Entry, Lab Safety","Sample Preparation, Quality Control",2,Professional Skill Development: Sample Preparation; Six Sigma Quality Assurance & Process Improvement
42,Employee #42,Sales,Sales Representative,2086.0,No,0.0167,LOW,65.99,MEDIUM,"Communication, Salesforce, Customer Service, CRM",Cold Calling,1,Professional Skill Development: Cold Calling
45,Employee #45,Research & Development,Research Scientist,2293.0,Yes,0.3056,MEDIUM,63.85,MEDIUM,"Lab Equipment, Data Analysis, R","Python, Statistics, Machine Learning",3,Advanced Python Programming & Data Science Masterclass; Professional Skill Development: Statistics
46,Employee #46,Research & Development,Research Scientist,2645.0,No,0.0008,LOW,60.47,MEDIUM,"R, Data Analysis, Statistics, Lab Equipment","Python, Machine Learning",2,Advanced Python Programming & Data Science Masterclass; Applied Machine Learning & MLOps Specialization
47,Employee #47,Sales,Sales Representative,2683.0,Yes,0.6071,HIGH,90.86,HIGH,"CRM, Communication, Cold Calling","Salesforce, Customer Service",2,Salesforce CRM Administrator & Cloud Management; Professional Skill Development: Customer Service
49,Employee #49,Sales,Sales Representative,2014.0,No,0.0512,LOW,86.05,HIGH,"Customer Service, CRM, Communication","Cold Calling, Salesforce",2,Professional Skill Development: Cold Calling; Salesforce CRM Administrator & Cloud Management
51,Employee #51,Research & Development,Research Scientist,3419.0,Yes,0.4672,MEDIUM,71.04,MEDIUM,"Data Analysis, Statistics, R, Lab Equipment","Python, Machine Learning",2,Advanced Python Programming & Data Science Masterclass; Applied Machine Learning & MLOps Specialization
52,Employee #52,Sales,Sales Executive,5376.0,No,0.0412,LOW,68.23,MEDIUM,"Lead Generation, CRM Software, Negotiation, Excel","Salesforce, Communication",2,Salesforce CRM Administrator & Cloud Management; Professional Skill Development: Communication
53,Employee #53,Research & Development,Laboratory Technician,1951.0,No,0.0314,LOW,60.11,MEDIUM,"Excel, Data Entry, Sample Preparation","Lab Safety, Quality Control",2,ISO Certified Laboratory Safety & Bio-hazard Compliance; Six Sigma Quality Assurance & Process Improvement
54,Employee #54,Research & Development,Laboratory Technician,2341.0,No,0.0368,LOW,57.93,MEDIUM,"Lab Safety, Quality Control, Excel","Sample Preparation, Data Entry",2,Professional Skill Development: Sample Preparation; Professional Skill Development: Data Entry
55,Employee #55,Research & Development,Laboratory Technician,2293.0,No,0.8965,HIGH,78.32,HIGH,"Sample Preparation, Lab Safety, Excel","Quality Control, Data Entry",2,Six Sigma Quality Assurance & Process Improvement; Professional Skill Development: Data Entry
56,Employee #56,Sales,Sales Executive,8726.0,No,0.0709,LOW,78.46,HIGH,"CRM Software, Negotiation, Excel, Salesforce","Communication, Lead Generation",2,Professional Skill Development: Communication; B2B Digital Marketing & Modern Sales Pipelines
57,Employee #57,Research & Development,Laboratory Technician,4011.0,No,0.0389,LOW,93.15,HIGH,"Data Entry, Sample Preparation, Quality Control","Lab Safety, Excel",2,ISO Certified Laboratory Safety & Bio-hazard Compliance; Professional Skill Development: Excel
58,Employee #58,Research & Development,Research Director,19545.0,No,0.033,LOW,56.9,MEDIUM,"R&D Strategy, Grant Writing, Leadership","Data Analysis, Python",2,Professional Skill Development: Data Analysis; Advanced Python Programming & Data Science Masterclass
60,Employee #60,Sales,Sales Executive,4568.0,No,0.1342,LOW,87.04,HIGH,"CRM Software, Salesforce, Lead Generation","Negotiation, Communication, Excel",3,Professional Skill Development: Negotiation; Professional Skill Development: Communication
61,Employee #61,Research & Development,Research Scientist,3022.0,No,0.3132,MEDIUM,87.93,HIGH,"Lab Equipment, R, Machine Learning, Statistics","Python, Data Analysis",2,Advanced Python Programming & Data Science Masterclass; Professional Skill Development: Data Analysis
62,Employee #62,Sales,Sales Executive,5772.0,Yes,0.3009,MEDIUM,57.23,MEDIUM,"CRM Software, Lead Generation, Communication","Salesforce, Negotiation, Excel",3,Salesforce CRM Administrator & Cloud Management; Professional Skill Development: Negotiation
63,Employee #63,Research & Development,Laboratory Technician,2269.0,No,0.0208,LOW,59.96,MEDIUM,"Quality Control, Sample Preparation","Lab Safety, Data Entry, Excel",3,ISO Certified Laboratory Safety & Bio-hazard Compliance; Professional Skill Development: Data Entry
64,Employee #64,Research & Development,Laboratory Technician,5381.0,Yes,0.7301,HIGH,59.91,MEDIUM,"Quality Control, Sample Preparation, Excel, Lab Safety",Data Entry,1,Professional Skill Development: Data Entry
65,Employee #65,Research & Development,Laboratory Technician,3441.0,Yes,0.6641,HIGH,71.41,MEDIUM,"Sample Preparation, Data Entry, Quality Control","Lab Safety, Excel",2,ISO Certified Laboratory Safety & Bio-hazard Compliance; Professional Skill Development: Excel
68,Employee #68,Sales,Sales Executive,5454.0,Yes,0.3493,MEDIUM,64.77,MEDIUM,"CRM Software, Excel, Salesforce, Lead Generation","Negotiation, Communication",2,Professional Skill Development: Negotiation; Professional Skill Development: Communication
70,Employee #70,Research & Development,Healthcare Representative,9884.0,Yes,0.0948,LOW,83.28,HIGH,"Communication, Medical Records, Patient Care, Customer Service",EMR Software,1,Healthcare Electronic Medical Records Administration
72,Employee #72,Sales,Sales Executive,4157.0,Yes,0.7915,HIGH,63.4,MEDIUM,"Lead Generation, CRM Software, Salesforce, Excel","Negotiation, Communication",2,Professional Skill Development: Negotiation; Professional Skill Development: Communication
73,Employee #73,Research & Development,Research Director,13458.0,Yes,0.1338,LOW,78.19,HIGH,"R&D Strategy, Data Analysis, Python","Grant Writing, Leadership",2,Research Grant Writing & Innovation Funding Workshop; Professional Skill Development: Leadership
74,Employee #74,Sales,Sales Executive,9069.0,No,0.1254,LOW,59.74,MEDIUM,"Excel, Salesforce, Communication, CRM Software","Negotiation, Lead Generation",2,Professional Skill Development: Negotiation; B2B Digital Marketing & Modern Sales Pipelines
75,Employee #75,Research & Development,Laboratory Technician,4014.0,Yes,0.5059,HIGH,81.71,HIGH,"Sample Preparation, Lab Safety","Quality Control, Data Entry, Excel",3,Six Sigma Quality Assurance & Process Improvement; Professional Skill Development: Data Entry
76,Employee #76,Research & Development,Laboratory Technician,5915.0,No,0.0139,LOW,72.9,MEDIUM,"Sample Preparation, Excel, Quality Control","Lab Safety, Data Entry",2,ISO Certified Laboratory Safety & Bio-hazard Compliance; Professional Skill Development: Data Entry
77,Employee #77,Research & Development,Manufacturing Director,5993.0,No,0.0065,LOW,90.4,HIGH,"Supply Chain, Budgeting, Operations Management","ERP, Lean Six Sigma",2,Professional Skill Development: ERP; Lean Six Sigma Green Belt Enterprise Certification
78,Employee #78,Research & Development,Manufacturing Director,6162.0,Yes,0.0925,LOW,89.27,HIGH,"ERP, Budgeting, Lean Six Sigma","Supply Chain, Operations Management",2,Global Supply Chain Operations & Logistics Architecture; Professional Skill Development: Operations Management
79,Employee #79,Research & Development,Laboratory Technician,2406.0,No,0.2944,MEDIUM,64.12,MEDIUM,"Quality Control, Sample Preparation, Data Entry","Lab Safety, Excel",2,ISO Certified Laboratory Safety & Bio-hazard Compliance; Professional Skill Development: Excel
80,Employee #80,Research & Development,Research Director,18740.0,Yes,0.1506,LOW,64.73,MEDIUM,"Leadership, Grant Writing","R&D Strategy, Data Analysis, Python",3,Professional Skill Development: R&D Strategy; Professional Skill Development: Data Analysis
81,Employee #81,Sales,Sales Executive,7637.0,No,0.0941,LOW,61.07,MEDIUM,"Negotiation, Excel, CRM Software","Salesforce, Communication, Lead Generation",3,Salesforce CRM Administrator & Cloud Management; Professional Skill Development: Communication
83,Employee #83,Research & Development,Healthcare Representative,10096.0,No,0.0071,LOW,86.03,HIGH,"Medical Records, Customer Service, EMR Software","Patient Care, Communication",2,Professional Skill Development: Patient Care; Professional Skill Development: Communication
84,Employee #84,Research & Development,Manager,14756.0,Yes,0.006,LOW,56.24,MEDIUM,"Performance Management, Project Management, Leadership","Strategic Planning, Budgeting",2,Executive Leadership & Strategic Workforce Planning; Professional Skill Development: Budgeting
85,Employee #85,Research & Development,Manufacturing Director,6499.0,No,0.1534,LOW,91.97,HIGH,"Operations Management, Supply Chain, ERP","Budgeting, Lean Six Sigma",2,Professional Skill Development: Budgeting; Lean Six Sigma Green Belt Enterprise Certification
86,Employee #86,Research & Development,Research Scientist,9724.0,No,0.0079,LOW,73.52,MEDIUM,"Machine Learning, R, Statistics","Python, Data Analysis, Lab Equipment",3,Advanced Python Programming & Data Science Masterclass; Professional Skill Development: Data Analysis
88,Employee #88,Research & Development,Research Scientist,2194.0,No,0.1581,LOW,80.6,HIGH,"Python, Machine Learning, Statistics, R","Data Analysis, Lab Equipment",2,Professional Skill Development: Data Analysis; Professional Skill Development: Lab Equipment
90,Employee #90,Research & Development,Research Scientist,3388.0,Yes,0.4058,MEDIUM,83.86,HIGH,"Lab Equipment, Python, R","Data Analysis, Statistics, Machine Learning",3,Professional Skill Development: Data Analysis; Professional Skill Development: Statistics
91,Employee #91,Sales,Sales Executive,5473.0,No,0.1802,LOW,70.43,MEDIUM,"Communication, Excel, Lead Generation, Salesforce","CRM Software, Negotiation",2,Professional Skill Development: CRM Software; Professional Skill Development: Negotiation
94,Employee #94,Research & Development,Research Scientist,2703.0,No,0.0053,LOW,69.94,MEDIUM,"Machine Learning, R, Python","Data Analysis, Statistics, Lab Equipment",3,Professional Skill Development: Data Analysis; Professional Skill Development: Statistics
95,Employee #95,Research & Development,Research Scientist,2501.0,No,0.0494,LOW,85.15,HIGH,"Statistics, Lab Equipment, Machine Learning, R","Python, Data Analysis",2,Advanced Python Programming & Data Science Masterclass; Professional Skill Development: Data Analysis
96,Employee #96,Research & Development,Research Scientist,6220.0,No,0.0064,LOW,93.54,HIGH,"Data Analysis, Python, Machine Learning, Statistics","R, Lab Equipment",2,Statistical Computing & Data Visualization in R; Professional Skill Development: Lab Equipment
97,Employee #97,Research & Development,Laboratory Technician,3038.0,No,0.1208,LOW,92.05,HIGH,"Excel, Lab Safety, Quality Control","Sample Preparation, Data Entry",2,Professional Skill Development: Sample Preparation; Professional Skill Development: Data Entry
98,Employee #98,Research & Development,Manufacturing Director,4424.0,No,0.0048,LOW,83.4,HIGH,"Lean Six Sigma, Budgeting","Supply Chain, Operations Management, ERP",3,Global Supply Chain Operations & Logistics Architecture; Professional Skill Development: Operations Management
100,Employee #100,Sales,Sales Executive,4312.0,No,0.052,LOW,89.54,HIGH,"Negotiation, Communication, CRM Software","Salesforce, Lead Generation, Excel",3,Salesforce CRM Administrator & Cloud Management; B2B Digital Marketing & Modern Sales Pipelines
101,Employee #101,Research & Development,Research Director,13245.0,Yes,0.0112,LOW,84.83,HIGH,"Grant Writing, Leadership","R&D Strategy, Data Analysis, Python",3,Professional Skill Development: R&D Strategy; Professional Skill Development: Data Analysis
102,Employee #102,Research & Development,Research Director,13664.0,No,0.043,LOW,68.02,MEDIUM,"Grant Writing, Data Analysis, R&D Strategy","Python, Leadership",2,Advanced Python Programming & Data Science Masterclass; Professional Skill Development: Leadership
103,Employee #103,Human Resources,Human Resources,5021.0,Yes,0.223,LOW,77.04,HIGH,"Workday, HRIS, Employee Relations","Recruiting, Payroll, Compliance",3,Professional Skill Development: Recruiting; Professional Skill Development: Payroll
104,Employee #104,Research & Development,Laboratory Technician,5126.0,Yes,0.1836,LOW,88.41,HIGH,"Quality Control, Sample Preparation, Lab Safety","Data Entry, Excel",2,Professional Skill Development: Data Entry; Professional Skill Development: Excel
105,Employee #105,Research & Development,Research Scientist,2859.0,No,0.0439,LOW,92.15,HIGH,"Data Analysis, R, Machine Learning, Python","Statistics, Lab Equipment",2,Professional Skill Development: Statistics; Professional Skill Development: Lab Equipment
106,Employee #106,Sales,Sales Executive,10239.0,No,0.0048,LOW,76.62,HIGH,"Negotiation, Communication, CRM Software","Salesforce, Lead Generation, Excel",3,Salesforce CRM Administrator & Cloud Management; B2B Digital Marketing & Modern Sales Pipelines
107,Employee #107,Research & Development,Research Scientist,5329.0,Yes,0.0081,LOW,65.53,MEDIUM,"Statistics, Data Analysis, Machine Learning, Lab Equipment","Python, R",2,Advanced Python Programming & Data Science Masterclass; Statistical Computing & Data Visualization in R
110,Employee #110,Research & Development,Manufacturing Director,4325.0,No,0.0332,LOW,88.82,HIGH,"Supply Chain, ERP, Lean Six Sigma, Budgeting",Operations Management,1,Professional Skill Development: Operations Management
112,Employee #112,Research & Development,Manufacturing Director,7260.0,No,0.0065,LOW,70.49,MEDIUM,"ERP, Operations Management, Budgeting","Supply Chain, Lean Six Sigma",2,Global Supply Chain Operations & Logistics Architecture; Lean Six Sigma Green Belt Enterprise Certification
113,Employee #113,Sales,Sales Representative,2322.0,No,0.5218,HIGH,94.4,HIGH,"Communication, Customer Service, Cold Calling","Salesforce, CRM",2,Salesforce CRM Administrator & Cloud Management; Professional Skill Development: CRM
116,Employee #116,Research & Development,Laboratory Technician,2075.0,No,0.0097,LOW,91.25,HIGH,"Excel, Lab Safety","Sample Preparation, Quality Control, Data Entry",3,Professional Skill Development: Sample Preparation; Six Sigma Quality Assurance & Process Improvement
117,Employee #117,Research & Development,Healthcare Representative,4152.0,No,0.0097,LOW,75.84,HIGH,"EMR Software, Customer Service","Patient Care, Medical Records, Communication",3,Professional Skill Development: Patient Care; Professional Skill Development: Medical Records
118,Employee #118,Sales,Sales Executive,9619.0,No,0.0247,LOW,56.02,MEDIUM,"Lead Generation, Negotiation, Salesforce","CRM Software, Communication, Excel",3,Professional Skill Development: CRM Software; Professional Skill Development: Communication
119,Employee #119,Research & Development,Healthcare Representative,13503.0,No,0.0568,LOW,55.86,MEDIUM,"Communication, Customer Service, Medical Records","Patient Care, EMR Software",2,Professional Skill Development: Patient Care; Healthcare Electronic Medical Records Administration
120,Employee #120,Sales,Sales Executive,5441.0,Yes,0.3112,MEDIUM,69.25,MEDIUM,"Negotiation, Communication, CRM Software, Lead Generation","Salesforce, Excel",2,Salesforce CRM Administrator & Cloud Management; Professional Skill Development: Excel
121,Employee #121,Sales,Sales Executive,5209.0,Yes,0.0585,LOW,58.97,MEDIUM,"CRM Software, Communication, Lead Generation","Salesforce, Negotiation, Excel",3,Salesforce CRM Administrator & Cloud Management; Professional Skill Development: Negotiation
124,Employee #124,Research & Development,Healthcare Representative,10673.0,Yes,0.204,LOW,68.77,MEDIUM,"EMR Software, Medical Records, Customer Service","Patient Care, Communication",2,Professional Skill Development: Patient Care; Professional Skill Development: Communication
125,Employee #125,Sales,Sales Executive,5010.0,No,0.1228,LOW,70.13,MEDIUM,"Excel, CRM Software, Salesforce","Negotiation, Communication, Lead Generation",3,Professional Skill Development: Negotiation; Professional Skill Development: Communication
126,Employee #126,Research & Development,Research Director,13549.0,No,0.0334,LOW,77.67,HIGH,"Grant Writing, Python, Data Analysis","R&D Strategy, Leadership",2,Professional Skill Development: R&D Strategy; Professional Skill Development: Leadership
128,Employee #128,Sales,Sales Executive,4999.0,No,0.083,LOW,91.84,HIGH,"Excel, Communication, Salesforce, Lead Generation","CRM Software, Negotiation",2,Professional Skill Development: CRM Software; Professional Skill Development: Negotiation
129,Employee #129,Sales,Sales Executive,4221.0,No,0.0202,LOW,93.44,HIGH,"CRM Software, Excel, Salesforce","Negotiation, Communication, Lead Generation",3,Professional Skill Development: Negotiation; Professional Skill Development: Communication
131,Employee #131,Sales,Sales Executive,13872.0,No,0.0012,LOW,66.82,MEDIUM,"Communication, Excel, CRM Software","Salesforce, Negotiation, Lead Generation",3,Salesforce CRM Administrator & Cloud Management; Professional Skill Development: Negotiation
132,Employee #132,Research & Development,Laboratory Technician,2042.0,No,0.042,LOW,87.68,HIGH,"Lab Safety, Quality Control, Data Entry","Sample Preparation, Excel",2,Professional Skill Development: Sample Preparation; Professional Skill Development: Excel
133,Employee #133,Human Resources,Human Resources,2073.0,Yes,0.5376,HIGH,62.16,MEDIUM,"Employee Relations, Compliance, Workday, Recruiting","HRIS, Payroll",2,Modern HRIS Technology & HR Analytics Management; Professional Skill Development: Payroll
134,Employee #134,Research & Development,Research Scientist,2956.0,No,0.0678,LOW,65.3,MEDIUM,"Data Analysis, Statistics, Lab Equipment, Python","R, Machine Learning",2,Statistical Computing & Data Visualization in R; Applied Machine Learning & MLOps Specialization
137,Employee #137,Research & Development,Laboratory Technician,2926.0,Yes,0.718,HIGH,75.98,HIGH,"Quality Control, Excel","Lab Safety, Sample Preparation, Data Entry",3,ISO Certified Laboratory Safety & Bio-hazard Compliance; Professional Skill Development: Sample Preparation
138,Employee #138,Research & Development,Research Scientist,4809.0,No,0.0047,LOW,73.41,MEDIUM,"Machine Learning, Lab Equipment, Data Analysis, R","Python, Statistics",2,Advanced Python Programming & Data Science Masterclass; Professional Skill Development: Statistics
139,Employee #139,Research & Development,Healthcare Representative,5163.0,No,0.002,LOW,94.82,HIGH,"Medical Records, Customer Service, Patient Care","EMR Software, Communication",2,Healthcare Electronic Medical Records Administration; Professional Skill Development: Communication
140,Employee #140,Human Resources,Manager,18844.0,No,0.0021,LOW,83.36,HIGH,"Budgeting, Project Management, Performance Management","Leadership, Strategic Planning",2,Professional Skill Development: Leadership; Executive Leadership & Strategic Workforce Planning
141,Employee #141,Research & Development,Research Director,18172.0,Yes,0.0848,LOW,73.72,MEDIUM,"Data Analysis, Grant Writing, R&D Strategy, Leadership",Python,1,Advanced Python Programming & Data Science Masterclass
142,Employee #142,Sales,Sales Executive,5744.0,Yes,0.613,HIGH,59.78,MEDIUM,"Salesforce, Excel, Lead Generation","CRM Software, Negotiation, Communication",3,Professional Skill Development: CRM Software; Professional Skill Development: Negotiation
143,Employee #143,Research & Development,Research Scientist,2889.0,No,0.0103,LOW,77.66,HIGH,"Lab Equipment, Machine Learning, Statistics, Data Analysis","Python, R",2,Advanced Python Programming & Data Science Masterclass; Statistical Computing & Data Visualization in R
144,Employee #144,Research & Development,Laboratory Technician,2871.0,No,0.3317,MEDIUM,66.86,MEDIUM,"Excel, Data Entry, Lab Safety","Sample Preparation, Quality Control",2,Professional Skill Development: Sample Preparation; Six Sigma Quality Assurance & Process Improvement
145,Employee #145,Research & Development,Healthcare Representative,7484.0,No,0.2146,LOW,94.86,HIGH,"Medical Records, Communication, Customer Service","Patient Care, EMR Software",2,Professional Skill Development: Patient Care; Healthcare Electronic Medical Records Administration
147,Employee #147,Research & Development,Laboratory Technician,6074.0,Yes,0.7696,HIGH,68.75,MEDIUM,"Sample Preparation, Data Entry, Excel","Lab Safety, Quality Control",2,ISO Certified Laboratory Safety & Bio-hazard Compliance; Six Sigma Quality Assurance & Process Improvement
148,Employee #148,Human Resources,Manager,17328.0,Yes,0.0461,LOW,58.88,MEDIUM,"Performance Management, Budgeting, Strategic Planning","Leadership, Project Management",2,Professional Skill Development: Leadership; Professional Skill Development: Project Management
150,Employee #150,Research & Development,Laboratory Technician,2774.0,No,0.1261,LOW,72.81,MEDIUM,"Lab Safety, Data Entry, Excel","Sample Preparation, Quality Control",2,Professional Skill Development: Sample Preparation; Six Sigma Quality Assurance & Process Improvement
151,Employee #151,Research & Development,Research Scientist,4505.0,No,0.0511,LOW,73.65,MEDIUM,"Statistics, Lab Equipment, Machine Learning, Python","Data Analysis, R",2,Professional Skill Development: Data Analysis; Statistical Computing & Data Visualization in R
152,Employee #152,Sales,Sales Executive,7428.0,No,0.0572,LOW,87.93,HIGH,"Negotiation, Communication, Excel","CRM Software, Salesforce, Lead Generation",3,Professional Skill Development: CRM Software; Salesforce CRM Administrator & Cloud Management
153,Employee #153,Research & Development,Manager,11631.0,No,0.0205,LOW,64.87,MEDIUM,"Strategic Planning, Project Management, Budgeting","Leadership, Performance Management",2,Professional Skill Development: Leadership; Professional Skill Development: Performance Management
154,Employee #154,Sales,Sales Executive,9738.0,No,0.0184,LOW,94.91,HIGH,"Communication, Negotiation, Excel, Salesforce, CRM Software",Lead Generation,1,B2B Digital Marketing & Modern Sales Pipelines
155,Employee #155,Research & Development,Laboratory Technician,2835.0,No,0.1799,LOW,91.97,HIGH,"Lab Safety, Quality Control, Sample Preparation, Data Entry",Excel,1,Professional Skill Development: Excel
158,Employee #158,Sales,Manager,16959.0,Yes,0.0254,LOW,94.82,HIGH,"Strategic Planning, Leadership","Project Management, Budgeting, Performance Management",3,Professional Skill Development: Project Management; Professional Skill Development: Budgeting
159,Employee #159,Research & Development,Research Scientist,2613.0,No,0.0586,LOW,89.12,HIGH,"R, Python, Lab Equipment","Data Analysis, Statistics, Machine Learning",3,Professional Skill Development: Data Analysis; Professional Skill Development: Statistics
160,Employee #160,Sales,Sales Executive,6146.0,No,0.018,LOW,74.9,MEDIUM,"CRM Software, Negotiation, Lead Generation","Salesforce, Communication, Excel",3,Salesforce CRM Administrator & Cloud Management; Professional Skill Development: Communication
161,Employee #161,Research & Development,Research Scientist,4963.0,Yes,0.2117,LOW,84.05,HIGH,"Data Analysis, R, Lab Equipment","Python, Statistics, Machine Learning",3,Advanced Python Programming & Data Science Masterclass; Professional Skill Development: Statistics
162,Employee #162,Research & Development,Research Director,19537.0,No,0.0373,LOW,58.3,MEDIUM,"Grant Writing, Python, Leadership","R&D Strategy, Data Analysis",2,Professional Skill Development: R&D Strategy; Professional Skill Development: Data Analysis
163,Employee #163,Sales,Sales Executive,6172.0,Yes,0.8019,HIGH,60.16,MEDIUM,"CRM Software, Negotiation, Communication, Salesforce","Lead Generation, Excel",2,B2B Digital Marketing & Modern Sales Pipelines; Professional Skill Development: Excel
164,Employee #164,Research & Development,Research Scientist,2368.0,No,0.0333,LOW,85.98,HIGH,"R, Data Analysis, Python, Statistics, Lab Equipment",Machine Learning,1,Applied Machine Learning & MLOps Specialization
165,Employee #165,Research & Development,Healthcare Representative,10312.0,No,0.0026,LOW,74.33,MEDIUM,"Communication, Medical Records, Patient Care","Customer Service, EMR Software",2,Professional Skill Development: Customer Service; Healthcare Electronic Medical Records Administration
167,Employee #167,Sales,Sales Representative,1675.0,Yes,0.9521,HIGH,55.24,MEDIUM,"Customer Service, CRM, Salesforce","Cold Calling, Communication",2,Professional Skill Development: Cold Calling; Professional Skill Development: Communication
169,Employee #169,Research & Development,Laboratory Technician,2523.0,No,0.0867,LOW,92.59,HIGH,"Data Entry, Quality Control, Sample Preparation","Lab Safety, Excel",2,ISO Certified Laboratory Safety & Bio-hazard Compliance; Professional Skill Development: Excel
170,Employee #170,Research & Development,Manufacturing Director,6567.0,No,0.0107,LOW,93.59,HIGH,"Lean Six Sigma, Budgeting, Operations Management","Supply Chain, ERP",2,Global Supply Chain Operations & Logistics Architecture; Professional Skill Development: ERP
171,Employee #171,Research & Development,Research Scientist,4739.0,No,0.0642,LOW,87.61,HIGH,"Statistics, Data Analysis, Python","R, Machine Learning, Lab Equipment",3,Statistical Computing & Data Visualization in R; Applied Machine Learning & MLOps Specialization
174,Employee #174,Sales,Sales Executive,9208.0,No,0.063,LOW,68.19,MEDIUM,"CRM Software, Negotiation, Lead Generation","Salesforce, Communication, Excel",3,Salesforce CRM Administrator & Cloud Management; Professional Skill Development: Communication
175,Employee #175,Sales,Sales Executive,4559.0,Yes,0.764,HIGH,75.88,HIGH,"Excel, Salesforce, Negotiation, CRM Software","Communication, Lead Generation",2,Professional Skill Development: Communication; B2B Digital Marketing & Modern Sales Pipelines
176,Employee #176,Sales,Sales Executive,8189.0,Yes,0.0659,LOW,57.54,MEDIUM,"Negotiation, Salesforce, Communication","CRM Software, Lead Generation, Excel",3,Professional Skill Development: CRM Software; B2B Digital Marketing & Modern Sales Pipelines
177,Employee #177,Human Resources,Human Resources,2942.0,No,0.0241,LOW,76.33,HIGH,"Payroll, Workday, Recruiting","HRIS, Employee Relations, Compliance",3,Modern HRIS Technology & HR Analytics Management; Professional Skill Development: Employee Relations
178,Employee #178,Research & Development,Manufacturing Director,4941.0,No,0.0518,LOW,59.85,MEDIUM,"Budgeting, Operations Management, Supply Chain","ERP, Lean Six Sigma",2,Professional Skill Development: ERP; Lean Six Sigma Green Belt Enterprise Certification
179,Employee #179,Research & Development,Manufacturing Director,10650.0,No,0.0836,LOW,90.83,HIGH,"Lean Six Sigma, Budgeting","Supply Chain, Operations Management, ERP",3,Global Supply Chain Operations & Logistics Architecture; Professional Skill Development: Operations Management
182,Employee #182,Sales,Sales Executive,5902.0,No,0.0054,LOW,85.74,HIGH,"Communication, Lead Generation, Negotiation","CRM Software, Salesforce, Excel",3,Professional Skill Development: CRM Software; Salesforce CRM Administrator & Cloud Management
183,Employee #183,Sales,Sales Executive,8639.0,No,0.3442,MEDIUM,87.09,HIGH,"Communication, Lead Generation, Negotiation","CRM Software, Salesforce, Excel",3,Professional Skill Development: CRM Software; Salesforce CRM Administrator & Cloud Management
184,Employee #184,Human Resources,Human Resources,6347.0,Yes,0.2244,LOW,62.21,MEDIUM,"Compliance, Payroll, Employee Relations, Workday","HRIS, Recruiting",2,Modern HRIS Technology & HR Analytics Management; Professional Skill Development: Recruiting
190,Employee #190,Research & Development,Laboratory Technician,4200.0,No,0.4535,MEDIUM,77.57,HIGH,"Sample Preparation, Quality Control","Lab Safety, Data Entry, Excel",3,ISO Certified Laboratory Safety & Bio-hazard Compliance; Professional Skill Development: Data Entry
192,Employee #192,Research & Development,Research Scientist,3452.0,No,0.0774,LOW,84.16,HIGH,"Data Analysis, R, Python, Lab Equipment","Statistics, Machine Learning",2,Professional Skill Development: Statistics; Applied Machine Learning & MLOps Specialization
193,Employee #193,Research & Development,Research Scientist,4317.0,Yes,0.1585,LOW,82.53,HIGH,"Machine Learning, Lab Equipment, R, Python","Data Analysis, Statistics",2,Professional Skill Development: Data Analysis; Professional Skill Development: Statistics
194,Employee #194,Research & Development,Research Scientist,2632.0,No,0.1166,LOW,55.9,MEDIUM,"Machine Learning, Data Analysis, R","Python, Statistics, Lab Equipment",3,Advanced Python Programming & Data Science Masterclass; Professional Skill Development: Statistics
195,Employee #195,Sales,Sales Executive,4668.0,No,0.0067,LOW,66.36,MEDIUM,"Excel, Lead Generation, Negotiation","CRM Software, Salesforce, Communication",3,Professional Skill Development: CRM Software; Salesforce CRM Administrator & Cloud Management
197,Employee #197,Research & Development,Research Scientist,3204.0,No,0.041,LOW,84.99,HIGH,"Statistics, Python, R","Data Analysis, Machine Learning, Lab Equipment",3,Professional Skill Development: Data Analysis; Applied Machine Learning & MLOps Specialization
198,Employee #198,Research & Development,Laboratory Technician,2720.0,No,0.0778,LOW,58.85,MEDIUM,"Excel, Quality Control, Sample Preparation","Lab Safety, Data Entry",2,ISO Certified Laboratory Safety & Bio-hazard Compliance; Professional Skill Development: Data Entry
199,Employee #199,Research & Development,Manager,17181.0,No,0.1314,LOW,93.5,HIGH,"Performance Management, Project Management, Budgeting","Leadership, Strategic Planning",2,Professional Skill Development: Leadership; Executive Leadership & Strategic Workforce Planning
200,Employee #200,Research & Development,Laboratory Technician,2238.0,No,0.062,LOW,79.0,HIGH,"Data Entry, Quality Control, Sample Preparation","Lab Safety, Excel",2,ISO Certified Laboratory Safety & Bio-hazard Compliance; Professional Skill Development: Excel
201,Employee #201,Research & Development,Laboratory Technician,1483.0,No,0.284,MEDIUM,61.75,MEDIUM,"Lab Safety, Quality Control, Excel","Sample Preparation, Data Entry",2,Professional Skill Development: Sample Preparation; Professional Skill Development: Data Entry
202,Employee #202,Research & Development,Research Scientist,5605.0,No,0.0146,LOW,91.06,HIGH,"Python, Data Analysis, R, Machine Learning","Statistics, Lab Equipment",2,Professional Skill Development: Statistics; Professional Skill Development: Lab Equipment
204,Employee #204,Sales,Sales Executive,7295.0,No,0.0156,LOW,63.28,MEDIUM,"Lead Generation, Salesforce, Negotiation","CRM Software, Communication, Excel",3,Professional Skill Development: CRM Software; Professional Skill Development: Communication
205,Employee #205,Sales,Sales Representative,2306.0,Yes,0.2874,MEDIUM,56.89,MEDIUM,"CRM, Communication, Cold Calling","Salesforce, Customer Service",2,Salesforce CRM Administrator & Cloud Management; Professional Skill Development: Customer Service
206,Employee #206,Research & Development,Laboratory Technician,2348.0,No,0.0384,LOW,86.22,HIGH,"Quality Control, Excel, Lab Safety","Sample Preparation, Data Entry",2,Professional Skill Development: Sample Preparation; Professional Skill Development: Data Entry
207,Employee #207,Sales,Sales Executive,8998.0,No,0.0951,LOW,65.84,MEDIUM,"Negotiation, CRM Software, Excel, Salesforce","Communication, Lead Generation",2,Professional Skill Development: Communication; B2B Digital Marketing & Modern Sales Pipelines
208,Employee #208,Research & Development,Manufacturing Director,4319.0,No,0.0021,LOW,79.92,HIGH,"Operations Management, Supply Chain, Budgeting","ERP, Lean Six Sigma",2,Professional Skill Development: ERP; Lean Six Sigma Green Belt Enterprise Certification
211,Employee #211,Research & Development,Manufacturing Director,6132.0,No,0.0259,LOW,61.96,MEDIUM,"Budgeting, Lean Six Sigma, Supply Chain","Operations Management, ERP",2,Professional Skill Development: Operations Management; Professional Skill Development: ERP
214,Employee #214,Research & Development,Research Scientist,3346.0,Yes,0.2441,LOW,76.58,HIGH,"Lab Equipment, Python, Data Analysis, R","Statistics, Machine Learning",2,Professional Skill Development: Statistics; Applied Machine Learning & MLOps Specialization
215,Employee #215,Sales,Sales Executive,10855.0,No,0.0524,LOW,65.1,MEDIUM,"Communication, Excel, Salesforce","CRM Software, Negotiation, Lead Generation",3,Professional Skill Development: CRM Software; Professional Skill Development: Negotiation
216,Employee #216,Sales,Sales Representative,2231.0,No,0.2007,LOW,85.44,HIGH,"Communication, Customer Service, Cold Calling","Salesforce, CRM",2,Salesforce CRM Administrator & Cloud Management; Professional Skill Development: CRM
217,Employee #217,Research & Development,Research Scientist,2323.0,No,0.0132,LOW,61.79,MEDIUM,"R, Statistics, Machine Learning","Python, Data Analysis, Lab Equipment",3,Advanced Python Programming & Data Science Masterclass; Professional Skill Development: Data Analysis
218,Employee #218,Research & Development,Research Scientist,2024.0,No,0.0328,LOW,56.35,MEDIUM,"Machine Learning, R, Statistics, Lab Equipment","Python, Data Analysis",2,Advanced Python Programming & Data Science Masterclass; Professional Skill Development: Data Analysis
221,Employee #221,Research & Development,Research Scientist,2713.0,No,0.0606,LOW,75.41,HIGH,"Data Analysis, R, Python, Machine Learning","Statistics, Lab Equipment",2,Professional Skill Development: Statistics; Professional Skill Development: Lab Equipment
223,Employee #223,Research & Development,Healthcare Representative,9439.0,Yes,0.0731,LOW,78.61,HIGH,"Medical Records, Customer Service","Patient Care, EMR Software, Communication",3,Professional Skill Development: Patient Care; Healthcare Electronic Medical Records Administration
224,Employee #224,Research & Development,Research Scientist,2566.0,Yes,0.0819,LOW,61.62,MEDIUM,"Python, Machine Learning, Statistics","Data Analysis, R, Lab Equipment",3,Professional Skill Development: Data Analysis; Statistical Computing & Data Visualization in R
226,Employee #226,Research & Development,Manager,19926.0,No,0.0154,LOW,86.21,HIGH,"Strategic Planning, Leadership, Budgeting","Project Management, Performance Management",2,Professional Skill Development: Project Management; Professional Skill Development: Performance Management
227,Employee #227,Research & Development,Research Scientist,2451.0,No,0.0272,LOW,69.4,MEDIUM,"R, Data Analysis, Python","Statistics, Machine Learning, Lab Equipment",3,Professional Skill Development: Statistics; Applied Machine Learning & MLOps Specialization
228,Employee #228,Sales,Sales Executive,9419.0,No,0.0308,LOW,72.87,MEDIUM,"Salesforce, Communication, CRM Software","Negotiation, Lead Generation, Excel",3,Professional Skill Development: Negotiation; B2B Digital Marketing & Modern Sales Pipelines
230,Employee #230,Sales,Sales Executive,8686.0,No,0.0485,LOW,92.14,HIGH,"Communication, Excel, Negotiation","CRM Software, Salesforce, Lead Generation",3,Professional Skill Development: CRM Software; Salesforce CRM Administrator & Cloud Management
231,Employee #231,Research & Development,Research Scientist,3038.0,No,0.0928,LOW,69.9,MEDIUM,"Statistics, Data Analysis, Lab Equipment","Python, R, Machine Learning",3,Advanced Python Programming & Data Science Masterclass; Statistical Computing & Data Visualization in R
233,Employee #233,Research & Development,Research Scientist,3058.0,Yes,0.282,MEDIUM,87.9,HIGH,"Machine Learning, Lab Equipment, R","Python, Data Analysis, Statistics",3,Advanced Python Programming & Data Science Masterclass; Professional Skill Development: Data Analysis
235,Employee #235,Sales,Sales Representative,2325.0,No,0.9162,HIGH,82.48,HIGH,"Communication, CRM","Cold Calling, Salesforce, Customer Service",3,Professional Skill Development: Cold Calling; Salesforce CRM Administrator & Cloud Management
238,Employee #238,Research & Development,Laboratory Technician,2088.0,No,0.3048,MEDIUM,82.16,HIGH,"Data Entry, Quality Control","Lab Safety, Sample Preparation, Excel",3,ISO Certified Laboratory Safety & Bio-hazard Compliance; Professional Skill Development: Sample Preparation
239,Employee #239,Research & Development,Laboratory Technician,3072.0,No,0.0162,LOW,83.7,HIGH,"Excel, Lab Safety, Data Entry","Sample Preparation, Quality Control",2,Professional Skill Development: Sample Preparation; Six Sigma Quality Assurance & Process Improvement
240,Employee #240,Sales,Sales Executive,5006.0,Yes,0.14,LOW,70.92,MEDIUM,"Negotiation, Communication, Salesforce","CRM Software, Lead Generation, Excel",3,Professional Skill Development: CRM Software; B2B Digital Marketing & Modern Sales Pipelines
241,Employee #241,Research & Development,Research Scientist,4257.0,Yes,0.0246,LOW,59.63,MEDIUM,"Python, Machine Learning, Lab Equipment","Data Analysis, Statistics, R",3,Professional Skill Development: Data Analysis; Professional Skill Development: Statistics
242,Employee #242,Research & Development,Research Scientist,2500.0,No,0.0349,LOW,66.72,MEDIUM,"Lab Equipment, Data Analysis, R","Python, Statistics, Machine Learning",3,Advanced Python Programming & Data Science Masterclass; Professional Skill Development: Statistics
243,Employee #243,Research & Development,Laboratory Technician,1102.0,No,0.5239,HIGH,57.28,MEDIUM,"Lab Safety, Excel, Quality Control","Sample Preparation, Data Entry",2,Professional Skill Development: Sample Preparation; Professional Skill Development: Data Entry
244,Employee #244,Sales,Sales Executive,10453.0,No,0.0302,LOW,82.77,HIGH,"Negotiation, Lead Generation, Communication","CRM Software, Salesforce, Excel",3,Professional Skill Development: CRM Software; Salesforce CRM Administrator & Cloud Management
245,Employee #245,Research & Development,Laboratory Technician,2288.0,No,0.0505,LOW,67.02,MEDIUM,"Lab Safety, Excel, Data Entry","Sample Preparation, Quality Control",2,Professional Skill Development: Sample Preparation; Six Sigma Quality Assurance & Process Improvement
246,Employee #246,Research & Development,Research Scientist,3929.0,Yes,0.2402,LOW,80.4,HIGH,"Lab Equipment, Statistics, Data Analysis, Python","R, Machine Learning",2,Statistical Computing & Data Visualization in R; Applied Machine Learning & MLOps Specialization
247,Employee #247,Research & Development,Research Scientist,2311.0,No,0.0498,LOW,60.37,MEDIUM,"Lab Equipment, Data Analysis, Machine Learning","Python, Statistics, R",3,Advanced Python Programming & Data Science Masterclass; Professional Skill Development: Statistics
248,Employee #248,Sales,Sales Representative,3140.0,Yes,0.6706,HIGH,84.59,HIGH,"Customer Service, Cold Calling","Salesforce, Communication, CRM",3,Salesforce CRM Administrator & Cloud Management; Professional Skill Development: Communication
249,Employee #249,Research & Development,Laboratory Technician,3690.0,No,0.049,LOW,73.0,MEDIUM,"Sample Preparation, Excel, Quality Control","Lab Safety, Data Entry",2,ISO Certified Laboratory Safety & Bio-hazard Compliance; Professional Skill Development: Data Entry
250,Employee #250,Research & Development,Manufacturing Director,4450.0,No,0.0023,LOW,74.58,MEDIUM,"ERP, Supply Chain","Operations Management, Budgeting, Lean Six Sigma",3,Professional Skill Development: Operations Management; Professional Skill Development: Budgeting
252,Employee #252,Research & Development,Research Scientist,2756.0,No,0.0023,LOW,82.5,HIGH,"Lab Equipment, Statistics, Machine Learning","Python, Data Analysis, R",3,Advanced Python Programming & Data Science Masterclass; Professional Skill Development: Data Analysis
253,Employee #253,Research & Development,Manager,19033.0,No,0.0059,LOW,68.19,MEDIUM,"Project Management, Strategic Planning","Leadership, Budgeting, Performance Management",3,Professional Skill Development: Leadership; Professional Skill Development: Budgeting
254,Employee #254,Research & Development,Research Director,18722.0,No,0.0006,LOW,61.65,MEDIUM,"Python, R&D Strategy, Leadership","Grant Writing, Data Analysis",2,Research Grant Writing & Innovation Funding Workshop; Professional Skill Development: Data Analysis
256,Employee #256,Research & Development,Manufacturing Director,9547.0,No,0.012,LOW,65.4,MEDIUM,"Supply Chain, ERP, Operations Management","Budgeting, Lean Six Sigma",2,Professional Skill Development: Budgeting; Lean Six Sigma Green Belt Enterprise Certification
258,Employee #258,Research & Development,Healthcare Representative,13734.0,No,0.0026,LOW,65.32,MEDIUM,"EMR Software, Communication, Medical Records, Patient Care",Customer Service,1,Professional Skill Development: Customer Service
259,Employee #259,Research & Development,Manager,19999.0,No,0.0029,LOW,61.38,MEDIUM,"Performance Management, Strategic Planning, Project Management","Leadership, Budgeting",2,Professional Skill Development: Leadership; Professional Skill Development: Budgeting
260,Employee #260,Research & Development,Research Scientist,2279.0,No,0.0175,LOW,75.3,HIGH,"R, Lab Equipment, Data Analysis, Machine Learning","Python, Statistics",2,Advanced Python Programming & Data Science Masterclass; Professional Skill Development: Statistics
261,Employee #261,Research & Development,Manufacturing Director,5916.0,Yes,0.7586,HIGH,77.64,HIGH,"Operations Management, ERP","Supply Chain, Budgeting, Lean Six Sigma",3,Global Supply Chain Operations & Logistics Architecture; Professional Skill Development: Budgeting
262,Employee #262,Research & Development,Research Scientist,2089.0,No,0.0002,LOW,74.41,MEDIUM,"Statistics, Lab Equipment, Machine Learning, Python","Data Analysis, R",2,Professional Skill Development: Data Analysis; Statistical Computing & Data Visualization in R
264,Employee #264,Research & Development,Manager,16792.0,No,0.031,LOW,77.85,HIGH,"Performance Management, Budgeting, Project Management","Leadership, Strategic Planning",2,Professional Skill Development: Leadership; Executive Leadership & Strategic Workforce Planning
267,Employee #267,Research & Development,Research Scientist,3564.0,Yes,0.2451,LOW,81.6,HIGH,"Data Analysis, Statistics, R, Machine Learning","Python, Lab Equipment",2,Advanced Python Programming & Data Science Masterclass; Professional Skill Development: Lab Equipment
269,Employee #269,Research & Development,Laboratory Technician,4425.0,No,0.3574,MEDIUM,61.66,MEDIUM,"Sample Preparation, Lab Safety, Quality Control","Data Entry, Excel",2,Professional Skill Development: Data Entry; Professional Skill Development: Excel
270,Employee #270,Research & Development,Manufacturing Director,5265.0,No,0.0031,LOW,74.65,MEDIUM,"Supply Chain, Operations Management","ERP, Budgeting, Lean Six Sigma",3,Professional Skill Development: ERP; Professional Skill Development: Budgeting
271,Employee #271,Research & Development,Manufacturing Director,6553.0,No,0.0257,LOW,73.52,MEDIUM,"Operations Management, Supply Chain, Lean Six Sigma","ERP, Budgeting",2,Professional Skill Development: ERP; Professional Skill Development: Budgeting
273,Employee #273,Research & Development,Manufacturing Director,6261.0,No,0.0395,LOW,88.55,HIGH,"Lean Six Sigma, Operations Management, Supply Chain","ERP, Budgeting",2,Professional Skill Development: ERP; Professional Skill Development: Budgeting
274,Employee #274,Research & Development,Manufacturing Director,4298.0,No,0.3931,MEDIUM,58.48,MEDIUM,"Operations Management, Budgeting, ERP","Supply Chain, Lean Six Sigma",2,Global Supply Chain Operations & Logistics Architecture; Lean Six Sigma Green Belt Enterprise Certification
275,Employee #275,Research & Development,Manufacturing Director,6804.0,Yes,0.0068,LOW,94.12,HIGH,"Supply Chain, ERP","Operations Management, Budgeting, Lean Six Sigma",3,Professional Skill Development: Operations Management; Professional Skill Development: Budgeting
277,Employee #277,Research & Development,Research Scientist,3815.0,Yes,0.0479,LOW,87.92,HIGH,"Statistics, Machine Learning, R, Lab Equipment","Python, Data Analysis",2,Advanced Python Programming & Data Science Masterclass; Professional Skill Development: Data Analysis
281,Employee #281,Research & Development,Laboratory Technician,2741.0,Yes,0.2497,LOW,56.88,MEDIUM,"Sample Preparation, Excel","Lab Safety, Quality Control, Data Entry",3,ISO Certified Laboratory Safety & Bio-hazard Compliance; Six Sigma Quality Assurance & Process Improvement
282,Employee #282,Research & Development,Healthcare Representative,6673.0,Yes,0.5474,HIGH,60.96,MEDIUM,"EMR Software, Medical Records, Patient Care","Customer Service, Communication",2,Professional Skill Development: Customer Service; Professional Skill Development: Communication
283,Employee #283,Sales,Sales Executive,7639.0,No,0.0299,LOW,60.42,MEDIUM,"Lead Generation, CRM Software, Salesforce","Negotiation, Communication, Excel",3,Professional Skill Development: Negotiation; Professional Skill Development: Communication
284,Employee #284,Research & Development,Research Scientist,2328.0,Yes,0.1418,LOW,94.15,HIGH,"Python, Machine Learning, Lab Equipment, Data Analysis","Statistics, R",2,Professional Skill Development: Statistics; Statistical Computing & Data Visualization in R
286,Employee #286,Research & Development,Laboratory Technician,2153.0,No,0.2761,MEDIUM,59.58,MEDIUM,"Lab Safety, Data Entry, Quality Control","Sample Preparation, Excel",2,Professional Skill Development: Sample Preparation; Professional Skill Development: Excel
287,Employee #287,Research & Development,Healthcare Representative,4876.0,No,0.0145,LOW,84.04,HIGH,"Communication, Customer Service, EMR Software, Patient Care",Medical Records,1,Professional Skill Development: Medical Records
288,Employee #288,Research & Development,Healthcare Representative,9396.0,No,0.0066,LOW,79.66,HIGH,"Communication, Medical Records, Patient Care","Customer Service, EMR Software",2,Professional Skill Development: Customer Service; Healthcare Electronic Medical Records Administration
291,Employee #291,Sales,Sales Executive,10400.0,No,0.0871,LOW,94.73,HIGH,"Lead Generation, Excel, Negotiation","CRM Software, Salesforce, Communication",3,Professional Skill Development: CRM Software; Salesforce CRM Administrator & Cloud Management
292,Employee #292,Research & Development,Manufacturing Director,8474.0,No,0.0125,LOW,59.89,MEDIUM,"Budgeting, Lean Six Sigma","Supply Chain, Operations Management, ERP",3,Global Supply Chain Operations & Logistics Architecture; Professional Skill Development: Operations Management
293,Employee #293,Sales,Sales Executive,9981.0,No,0.0551,LOW,76.91,HIGH,"Communication, Excel, Lead Generation, Salesforce","CRM Software, Negotiation",2,Professional Skill Development: CRM Software; Professional Skill Development: Negotiation
296,Employee #296,Research & Development,Research Director,12490.0,No,0.0062,LOW,79.17,HIGH,"Leadership, R&D Strategy","Grant Writing, Data Analysis, Python",3,Research Grant Writing & Innovation Funding Workshop; Professional Skill Development: Data Analysis
297,Employee #297,Research & Development,Research Scientist,2657.0,Yes,0.2931,MEDIUM,65.06,MEDIUM,"Data Analysis, Python, Machine Learning","Statistics, R, Lab Equipment",3,Professional Skill Development: Statistics; Statistical Computing & Data Visualization in R
298,Employee #298,Sales,Manager,13591.0,Yes,0.0766,LOW,94.27,HIGH,"Budgeting, Strategic Planning, Project Management","Leadership, Performance Management",2,Professional Skill Development: Leadership; Professional Skill Development: Performance Management
299,Employee #299,Sales,Sales Executive,6696.0,No,0.8315,HIGH,71.01,MEDIUM,"Lead Generation, Excel, Communication, Negotiation","CRM Software, Salesforce",2,Professional Skill Development: CRM Software; Salesforce CRM Administrator & Cloud Management
300,Employee #300,Research & Development,Research Scientist,2058.0,No,0.0486,LOW,82.91,HIGH,"R, Python, Machine Learning, Lab Equipment","Data Analysis, Statistics",2,Professional Skill Development: Data Analysis; Professional Skill Development: Statistics
302,Employee #302,Sales,Sales Executive,8865.0,No,0.0276,LOW,68.34,MEDIUM,"Salesforce, Excel, Communication, Lead Generation","CRM Software, Negotiation",2,Professional Skill Development: CRM Software; Professional Skill Development: Negotiation
303,Employee #303,Sales,Sales Executive,5940.0,No,0.0039,LOW,83.4,HIGH,"Negotiation, Lead Generation, Excel","CRM Software, Salesforce, Communication",3,Professional Skill Development: CRM Software; Salesforce CRM Administrator & Cloud Management
304,Employee #304,Research & Development,Laboratory Technician,5914.0,No,0.0283,LOW,82.7,HIGH,"Lab Safety, Sample Preparation, Data Entry","Quality Control, Excel",2,Six Sigma Quality Assurance & Process Improvement; Professional Skill Development: Excel
305,Employee #305,Research & Development,Research Scientist,2622.0,No,0.0725,LOW,79.84,HIGH,"Lab Equipment, R, Statistics","Python, Data Analysis, Machine Learning",3,Advanced Python Programming & Data Science Masterclass; Professional Skill Development: Data Analysis
306,Employee #306,Research & Development,Research Director,12185.0,Yes,0.0103,LOW,78.4,HIGH,"Leadership, Data Analysis, Grant Writing, Python",R&D Strategy,1,Professional Skill Development: R&D Strategy
307,Employee #307,Sales,Sales Executive,10609.0,No,0.0083,LOW,61.32,MEDIUM,"Communication, Salesforce, Excel","CRM Software, Negotiation, Lead Generation",3,Professional Skill Development: CRM Software; Professional Skill Development: Negotiation
308,Employee #308,Research & Development,Manufacturing Director,4345.0,No,0.0057,LOW,62.15,MEDIUM,"Supply Chain, Operations Management","ERP, Budgeting, Lean Six Sigma",3,Professional Skill Development: ERP; Professional Skill Development: Budgeting
309,Employee #309,Research & Development,Research Scientist,2177.0,No,0.0142,LOW,56.51,MEDIUM,"Statistics, Data Analysis, R","Python, Machine Learning, Lab Equipment",3,Advanced Python Programming & Data Science Masterclass; Applied Machine Learning & MLOps Specialization
311,Employee #311,Sales,Sales Representative,2793.0,No,0.1975,LOW,91.46,HIGH,"CRM, Communication, Cold Calling","Salesforce, Customer Service",2,Salesforce CRM Administrator & Cloud Management; Professional Skill Development: Customer Service
312,Employee #312,Sales,Sales Executive,7918.0,No,0.0156,LOW,61.82,MEDIUM,"Negotiation, Communication, CRM Software, Lead Generation","Salesforce, Excel",2,Salesforce CRM Administrator & Cloud Management; Professional Skill Development: Excel
314,Employee #314,Sales,Sales Executive,8789.0,No,0.0385,LOW,55.75,MEDIUM,"Salesforce, Excel, Lead Generation, CRM Software","Negotiation, Communication",2,Professional Skill Development: Negotiation; Professional Skill Development: Communication
315,Employee #315,Research & Development,Research Scientist,2389.0,Yes,0.427,MEDIUM,81.3,HIGH,"Python, R, Machine Learning, Statistics","Data Analysis, Lab Equipment",2,Professional Skill Development: Data Analysis; Professional Skill Development: Lab Equipment
316,Employee #316,Research & Development,Laboratory Technician,3212.0,No,0.1427,LOW,72.66,MEDIUM,"Quality Control, Lab Safety, Sample Preparation","Data Entry, Excel",2,Professional Skill Development: Data Entry; Professional Skill Development: Excel
319,Employee #319,Research & Development,Manager,19232.0,No,0.0069,LOW,86.09,HIGH,"Project Management, Budgeting, Strategic Planning","Leadership, Performance Management",2,Professional Skill Development: Leadership; Professional Skill Development: Performance Management
321,Employee #321,Human Resources,Human Resources,2267.0,No,0.0755,LOW,66.46,MEDIUM,"Workday, HRIS, Recruiting","Employee Relations, Payroll, Compliance",3,Professional Skill Development: Employee Relations; Professional Skill Development: Payroll
323,Employee #323,Sales,Manager,19517.0,No,0.0012,LOW,91.17,HIGH,"Budgeting, Project Management, Leadership","Strategic Planning, Performance Management",2,Executive Leadership & Strategic Workforce Planning; Professional Skill Development: Performance Management
325,Employee #325,Research & Development,Laboratory Technician,2436.0,Yes,0.4835,MEDIUM,90.49,HIGH,"Lab Safety, Data Entry","Sample Preparation, Quality Control, Excel",3,Professional Skill Development: Sample Preparation; Six Sigma Quality Assurance & Process Improvement
327,Employee #327,Sales,Manager,16064.0,Yes,0.014,LOW,72.71,MEDIUM,"Performance Management, Project Management, Leadership","Strategic Planning, Budgeting",2,Executive Leadership & Strategic Workforce Planning; Professional Skill Development: Budgeting
328,Employee #328,Research & Development,Laboratory Technician,2707.0,No,0.1665,LOW,67.61,MEDIUM,"Data Entry, Lab Safety","Sample Preparation, Quality Control, Excel",3,Professional Skill Development: Sample Preparation; Six Sigma Quality Assurance & Process Improvement
329,Employee #329,Sales,Manager,19068.0,Yes,0.1808,LOW,83.85,HIGH,"Project Management, Budgeting, Leadership","Strategic Planning, Performance Management",2,Executive Leadership & Strategic Workforce Planning; Professional Skill Development: Performance Management
330,Employee #330,Sales,Sales Representative,3931.0,No,0.0755,LOW,58.05,MEDIUM,"Customer Service, Cold Calling, CRM","Salesforce, Communication",2,Salesforce CRM Administrator & Cloud Management; Professional Skill Development: Communication
331,Employee #331,Research & Development,Laboratory Technician,3730.0,Yes,0.6142,HIGH,82.89,HIGH,"Excel, Lab Safety, Sample Preparation","Quality Control, Data Entry",2,Six Sigma Quality Assurance & Process Improvement; Professional Skill Development: Data Entry
332,Employee #332,Research & Development,Laboratory Technician,2232.0,No,0.0218,LOW,76.26,HIGH,"Sample Preparation, Quality Control, Lab Safety","Data Entry, Excel",2,Professional Skill Development: Data Entry; Professional Skill Development: Excel
333,Employee #333,Sales,Sales Executive,4465.0,No,0.0651,LOW,62.05,MEDIUM,"Negotiation, Communication, Lead Generation","CRM Software, Salesforce, Excel",3,Professional Skill Development: CRM Software; Salesforce CRM Administrator & Cloud Management
334,Employee #334,Research & Development,Research Scientist,3072.0,No,0.0504,LOW,73.14,MEDIUM,"Statistics, Lab Equipment, Python","Data Analysis, R, Machine Learning",3,Professional Skill Development: Data Analysis; Statistical Computing & Data Visualization in R
335,Employee #335,Research & Development,Research Scientist,3319.0,No,0.0285,LOW,82.79,HIGH,"R, Machine Learning, Lab Equipment, Data Analysis","Python, Statistics",2,Advanced Python Programming & Data Science Masterclass; Professional Skill Development: Statistics
336,Employee #336,Research & Development,Manager,19202.0,No,0.0006,LOW,72.44,MEDIUM,"Performance Management, Strategic Planning","Leadership, Project Management, Budgeting",3,Professional Skill Development: Leadership; Professional Skill Development: Project Management
337,Employee #337,Research & Development,Research Director,13675.0,No,0.0679,LOW,75.06,HIGH,"R&D Strategy, Leadership","Grant Writing, Data Analysis, Python",3,Research Grant Writing & Innovation Funding Workshop; Professional Skill Development: Data Analysis
338,Employee #338,Research & Development,Research Scientist,2911.0,No,0.0243,LOW,83.36,HIGH,"Python, R, Lab Equipment, Statistics","Data Analysis, Machine Learning",2,Professional Skill Development: Data Analysis; Applied Machine Learning & MLOps Specialization
339,Employee #339,Research & Development,Manufacturing Director,5957.0,No,0.0318,LOW,78.26,HIGH,"ERP, Lean Six Sigma, Supply Chain","Operations Management, Budgeting",2,Professional Skill Development: Operations Management; Professional Skill Development: Budgeting
340,Employee #340,Research & Development,Research Scientist,3920.0,No,0.0343,LOW,69.94,MEDIUM,"Lab Equipment, Statistics, R","Python, Data Analysis, Machine Learning",3,Advanced Python Programming & Data Science Masterclass; Professional Skill Development: Data Analysis
341,Employee #341,Research & Development,Manufacturing Director,6434.0,No,0.0318,LOW,74.03,MEDIUM,"Budgeting, ERP","Supply Chain, Operations Management, Lean Six Sigma",3,Global Supply Chain Operations & Logistics Architecture; Professional Skill Development: Operations Management
342,Employee #342,Research & Development,Manufacturing Director,10048.0,No,0.068,LOW,89.64,HIGH,"Supply Chain, Lean Six Sigma, Operations Management, Budgeting",ERP,1,Professional Skill Development: ERP
343,Employee #343,Research & Development,Healthcare Representative,10938.0,No,0.0606,LOW,93.3,HIGH,"EMR Software, Patient Care, Medical Records","Customer Service, Communication",2,Professional Skill Development: Customer Service; Professional Skill Development: Communication
346,Employee #346,Research & Development,Research Scientist,2340.0,No,0.0526,LOW,77.73,HIGH,"Python, Statistics, Lab Equipment, Data Analysis","R, Machine Learning",2,Statistical Computing & Data Visualization in R; Applied Machine Learning & MLOps Specialization
347,Employee #347,Research & Development,Research Scientist,6545.0,Yes,0.2195,LOW,65.94,MEDIUM,"Data Analysis, Lab Equipment, Machine Learning","Python, Statistics, R",3,Advanced Python Programming & Data Science Masterclass; Professional Skill Development: Statistics
349,Employee #349,Sales,Sales Executive,6931.0,No,0.0279,LOW,62.59,MEDIUM,"Communication, Excel, Negotiation, CRM Software","Salesforce, Lead Generation",2,Salesforce CRM Administrator & Cloud Management; B2B Digital Marketing & Modern Sales Pipelines
350,Employee #350,Research & Development,Manufacturing Director,4898.0,No,0.0128,LOW,55.49,MEDIUM,"Operations Management, Lean Six Sigma, ERP","Supply Chain, Budgeting",2,Global Supply Chain Operations & Logistics Architecture; Professional Skill Development: Budgeting
351,Employee #351,Research & Development,Laboratory Technician,2593.0,Yes,0.1407,LOW,68.42,MEDIUM,"Lab Safety, Excel, Data Entry","Sample Preparation, Quality Control",2,Professional Skill Development: Sample Preparation; Six Sigma Quality Assurance & Process Improvement
352,Employee #352,Research & Development,Research Director,19436.0,No,0.0005,LOW,75.75,HIGH,"Data Analysis, Grant Writing, R&D Strategy, Python",Leadership,1,Professional Skill Development: Leadership
353,Employee #353,Research & Development,Research Scientist,2723.0,No,0.0314,LOW,94.93,HIGH,"Data Analysis, Python, Lab Equipment","Statistics, R, Machine Learning",3,Professional Skill Development: Statistics; Statistical Computing & Data Visualization in R
355,Employee #355,Research & Development,Laboratory Technician,3479.0,No,0.6266,HIGH,69.79,MEDIUM,"Data Entry, Lab Safety, Sample Preparation","Quality Control, Excel",2,Six Sigma Quality Assurance & Process Improvement; Professional Skill Development: Excel
359,Employee #359,Research & Development,Laboratory Technician,2794.0,No,0.2668,MEDIUM,60.42,MEDIUM,"Quality Control, Sample Preparation, Data Entry","Lab Safety, Excel",2,ISO Certified Laboratory Safety & Bio-hazard Compliance; Professional Skill Development: Excel
361,Employee #361,Sales,Sales Executive,5249.0,No,0.0069,LOW,84.97,HIGH,"Communication, Excel, Salesforce, Negotiation","CRM Software, Lead Generation",2,Professional Skill Development: CRM Software; B2B Digital Marketing & Modern Sales Pipelines
362,Employee #362,Research & Development,Laboratory Technician,2176.0,No,0.3049,MEDIUM,57.05,MEDIUM,"Excel, Data Entry","Lab Safety, Sample Preparation, Quality Control",3,ISO Certified Laboratory Safety & Bio-hazard Compliance; Professional Skill Development: Sample Preparation
363,Employee #363,Sales,Manager,16872.0,Yes,0.3615,MEDIUM,75.35,HIGH,"Performance Management, Leadership, Strategic Planning","Project Management, Budgeting",2,Professional Skill Development: Project Management; Professional Skill Development: Budgeting
364,Employee #364,Research & Development,Laboratory Technician,3485.0,No,0.5829,HIGH,83.19,HIGH,"Sample Preparation, Excel","Lab Safety, Quality Control, Data Entry",3,ISO Certified Laboratory Safety & Bio-hazard Compliance; Six Sigma Quality Assurance & Process Improvement
366,Employee #366,Sales,Sales Executive,6644.0,No,0.0997,LOW,67.28,MEDIUM,"Excel, Lead Generation, Negotiation, Salesforce","CRM Software, Communication",2,Professional Skill Development: CRM Software; Professional Skill Development: Communication
367,Employee #367,Research & Development,Healthcare Representative,5582.0,No,0.0458,LOW,64.05,MEDIUM,"EMR Software, Medical Records, Communication","Patient Care, Customer Service",2,Professional Skill Development: Patient Care; Professional Skill Development: Customer Service
369,Employee #369,Research & Development,Healthcare Representative,4000.0,No,0.004,LOW,68.11,MEDIUM,"Customer Service, EMR Software, Communication","Patient Care, Medical Records",2,Professional Skill Development: Patient Care; Professional Skill Development: Medical Records
372,Employee #372,Research & Development,Healthcare Representative,13496.0,Yes,0.0156,LOW,66.34,MEDIUM,"Customer Service, Communication","Patient Care, Medical Records, EMR Software",3,Professional Skill Development: Patient Care; Professional Skill Development: Medical Records
373,Employee #373,Research & Development,Laboratory Technician,3210.0,No,0.0055,LOW,57.86,MEDIUM,"Excel, Lab Safety","Sample Preparation, Quality Control, Data Entry",3,Professional Skill Development: Sample Preparation; Six Sigma Quality Assurance & Process Improvement
374,Employee #374,Research & Development,Manager,19045.0,Yes,0.0062,LOW,60.15,MEDIUM,"Strategic Planning, Leadership","Project Management, Budgeting, Performance Management",3,Professional Skill Development: Project Management; Professional Skill Development: Budgeting
376,Employee #376,Research & Development,Manager,11849.0,Yes,0.298,MEDIUM,93.47,HIGH,"Project Management, Budgeting","Leadership, Strategic Planning, Performance Management",3,Professional Skill Development: Leadership; Executive Leadership & Strategic Workforce Planning
377,Employee #377,Research & Development,Research Scientist,2070.0,No,0.0048,LOW,91.17,HIGH,"R, Lab Equipment, Python, Machine Learning","Data Analysis, Statistics",2,Professional Skill Development: Data Analysis; Professional Skill Development: Statistics
378,Employee #378,Sales,Sales Executive,6502.0,No,0.0171,LOW,64.69,MEDIUM,"CRM Software, Excel, Lead Generation, Salesforce","Negotiation, Communication",2,Professional Skill Development: Negotiation; Professional Skill Development: Communication
379,Employee #379,Research & Development,Research Scientist,3230.0,No,0.0461,LOW,74.39,MEDIUM,"Machine Learning, Data Analysis, Python, R","Statistics, Lab Equipment",2,Professional Skill Development: Statistics; Professional Skill Development: Lab Equipment
380,Employee #380,Research & Development,Research Director,13603.0,Yes,0.009,LOW,63.23,MEDIUM,"Leadership, R&D Strategy, Grant Writing, Python",Data Analysis,1,Professional Skill Development: Data Analysis
381,Employee #381,Research & Development,Manager,11996.0,No,0.0813,LOW,91.81,HIGH,"Strategic Planning, Project Management, Performance Management","Leadership, Budgeting",2,Professional Skill Development: Leadership; Professional Skill Development: Budgeting
382,Employee #382,Sales,Sales Executive,5605.0,Yes,0.3105,MEDIUM,72.03,MEDIUM,"Negotiation, Excel, Lead Generation","CRM Software, Salesforce, Communication",3,Professional Skill Development: CRM Software; Salesforce CRM Administrator & Cloud Management
384,Employee #384,Research & Development,Manufacturing Director,6397.0,No,0.035,LOW,91.46,HIGH,"Supply Chain, Lean Six Sigma, Budgeting, ERP",Operations Management,1,Professional Skill Development: Operations Management
385,Employee #385,Research & Development,Research Director,19144.0,No,0.0037,LOW,59.91,MEDIUM,"Grant Writing, Python, R&D Strategy, Leadership",Data Analysis,1,Professional Skill Development: Data Analysis
386,Employee #386,Research & Development,Research Director,17584.0,Yes,0.0026,LOW,70.13,MEDIUM,"R&D Strategy, Grant Writing, Python","Data Analysis, Leadership",2,Professional Skill Development: Data Analysis; Professional Skill Development: Leadership
387,Employee #387,Sales,Sales Executive,4907.0,No,0.0208,LOW,73.69,MEDIUM,"Negotiation, Communication, Salesforce","CRM Software, Lead Generation, Excel",3,Professional Skill Development: CRM Software; B2B Digital Marketing & Modern Sales Pipelines
388,Employee #388,Sales,Sales Executive,4554.0,No,0.1245,LOW,87.11,HIGH,"Negotiation, Lead Generation, Excel, Salesforce","CRM Software, Communication",2,Professional Skill Development: CRM Software; Professional Skill Development: Communication
389,Employee #389,Research & Development,Laboratory Technician,5415.0,Yes,0.0998,LOW,76.03,HIGH,"Quality Control, Sample Preparation, Excel","Lab Safety, Data Entry",2,ISO Certified Laboratory Safety & Bio-hazard Compliance; Professional Skill Development: Data Entry
390,Employee #390,Research & Development,Healthcare Representative,4741.0,Yes,0.582,HIGH,72.58,MEDIUM,"Patient Care, Customer Service","Medical Records, EMR Software, Communication",3,Professional Skill Development: Medical Records; Healthcare Electronic Medical Records Administration
391,Employee #391,Research & Development,Research Scientist,2115.0,No,0.0022,LOW,84.39,HIGH,"Data Analysis, Statistics, R","Python, Machine Learning, Lab Equipment",3,Advanced Python Programming & Data Science Masterclass; Applied Machine Learning & MLOps Specialization
392,Employee #392,Research & Development,Laboratory Technician,3161.0,Yes,0.5789,HIGH,84.91,HIGH,"Sample Preparation, Data Entry, Excel, Quality Control",Lab Safety,1,ISO Certified Laboratory Safety & Bio-hazard Compliance
393,Employee #393,Research & Development,Healthcare Representative,5745.0,No,0.0375,LOW,68.72,MEDIUM,"Communication, Patient Care, Medical Records","Customer Service, EMR Software",2,Professional Skill Development: Customer Service; Healthcare Electronic Medical Records Administration
394,Employee #394,Research & Development,Laboratory Technician,2373.0,Yes,0.6148,HIGH,86.34,HIGH,"Excel, Lab Safety, Sample Preparation","Quality Control, Data Entry",2,Six Sigma Quality Assurance & Process Improvement; Professional Skill Development: Data Entry
395,Employee #395,Research & Development,Research Scientist,3310.0,No,0.0082,LOW,73.41,MEDIUM,"Machine Learning, R, Python, Data Analysis","Statistics, Lab Equipment",2,Professional Skill Development: Statistics; Professional Skill Development: Lab Equipment
396,Employee #396,Research & Development,Research Director,18665.0,Yes,0.262,MEDIUM,66.29,MEDIUM,"R&D Strategy, Grant Writing","Data Analysis, Python, Leadership",3,Professional Skill Development: Data Analysis; Advanced Python Programming & Data Science Masterclass
397,Employee #397,Research & Development,Research Scientist,4485.0,No,0.1778,LOW,61.86,MEDIUM,"R, Data Analysis, Python, Statistics","Machine Learning, Lab Equipment",2,Applied Machine Learning & MLOps Specialization; Professional Skill Development: Lab Equipment
399,Employee #399,Sales,Sales Representative,2789.0,No,0.1664,LOW,93.68,HIGH,"Customer Service, Communication","Cold Calling, Salesforce, CRM",3,Professional Skill Development: Cold Calling; Salesforce CRM Administrator & Cloud Management
401,Employee #401,Sales,Sales Executive,5828.0,Yes,0.6033,HIGH,57.34,MEDIUM,"Excel, Communication, Salesforce","CRM Software, Negotiation, Lead Generation",3,Professional Skill Development: CRM Software; Professional Skill Development: Negotiation
403,Employee #403,Research & Development,Research Scientist,2326.0,Yes,0.1278,LOW,72.23,MEDIUM,"Machine Learning, Lab Equipment, Data Analysis","Python, Statistics, R",3,Advanced Python Programming & Data Science Masterclass; Professional Skill Development: Statistics
404,Employee #404,Sales,Sales Executive,13525.0,No,0.0765,LOW,92.46,HIGH,"CRM Software, Lead Generation, Communication","Salesforce, Negotiation, Excel",3,Salesforce CRM Administrator & Cloud Management; Professional Skill Development: Negotiation
405,Employee #405,Research & Development,Laboratory Technician,1420.0,No,0.5448,HIGH,82.78,HIGH,"Lab Safety, Sample Preparation, Excel, Data Entry",Quality Control,1,Six Sigma Quality Assurance & Process Improvement
406,Employee #406,Sales,Sales Executive,8020.0,No,0.0328,LOW,62.51,MEDIUM,"Negotiation, Communication, Salesforce, Excel","CRM Software, Lead Generation",2,Professional Skill Development: CRM Software; B2B Digital Marketing & Modern Sales Pipelines
407,Employee #407,Research & Development,Laboratory Technician,3688.0,No,0.122,LOW,77.49,HIGH,"Sample Preparation, Excel","Lab Safety, Quality Control, Data Entry",3,ISO Certified Laboratory Safety & Bio-hazard Compliance; Six Sigma Quality Assurance & Process Improvement
408,Employee #408,Research & Development,Manufacturing Director,5482.0,No,0.0084,LOW,57.77,MEDIUM,"Budgeting, Operations Management","Supply Chain, ERP, Lean Six Sigma",3,Global Supply Chain Operations & Logistics Architecture; Professional Skill Development: ERP
410,Employee #410,Sales,Manager,16015.0,No,0.0091,LOW,93.35,HIGH,"Project Management, Budgeting, Performance Management, Strategic Planning",Leadership,1,Professional Skill Development: Leadership
411,Employee #411,Sales,Sales Representative,1200.0,No,0.7091,HIGH,57.66,MEDIUM,"Cold Calling, CRM, Customer Service","Salesforce, Communication",2,Salesforce CRM Administrator & Cloud Management; Professional Skill Development: Communication
412,Employee #412,Research & Development,Healthcare Representative,5661.0,No,0.0222,LOW,86.28,HIGH,"Patient Care, Customer Service","Medical Records, EMR Software, Communication",3,Professional Skill Development: Medical Records; Healthcare Electronic Medical Records Administration
416,Employee #416,Sales,Sales Executive,6929.0,No,0.1294,LOW,85.84,HIGH,"Salesforce, Negotiation, CRM Software","Communication, Lead Generation, Excel",3,Professional Skill Development: Communication; B2B Digital Marketing & Modern Sales Pipelines
417,Employee #417,Research & Development,Healthcare Representative,9613.0,No,0.0003,LOW,71.55,MEDIUM,"Customer Service, Patient Care, Medical Records","EMR Software, Communication",2,Healthcare Electronic Medical Records Administration; Professional Skill Development: Communication
419,Employee #419,Research & Development,Laboratory Technician,5674.0,No,0.0369,LOW,64.91,MEDIUM,"Lab Safety, Excel, Sample Preparation, Data Entry",Quality Control,1,Six Sigma Quality Assurance & Process Improvement
420,Employee #420,Sales,Sales Executive,5484.0,No,0.0192,LOW,89.98,HIGH,"Excel, Communication, Negotiation, Salesforce","CRM Software, Lead Generation",2,Professional Skill Development: CRM Software; B2B Digital Marketing & Modern Sales Pipelines
421,Employee #421,Research & Development,Research Director,12061.0,No,0.0231,LOW,89.44,HIGH,"Leadership, Grant Writing, Python","R&D Strategy, Data Analysis",2,Professional Skill Development: R&D Strategy; Professional Skill Development: Data Analysis
422,Employee #422,Research & Development,Healthcare Representative,5660.0,Yes,0.0111,LOW,86.12,HIGH,"Medical Records, Communication, EMR Software","Patient Care, Customer Service",2,Professional Skill Development: Patient Care; Professional Skill Development: Customer Service
423,Employee #423,Research & Development,Research Scientist,4821.0,Yes,0.06,LOW,65.17,MEDIUM,"Data Analysis, Machine Learning, Python, Lab Equipment","Statistics, R",2,Professional Skill Development: Statistics; Statistical Computing & Data Visualization in R
424,Employee #424,Human Resources,Human Resources,6410.0,No,0.6146,HIGH,82.83,HIGH,"Workday, Recruiting, Payroll, Compliance, Employee Relations",HRIS,1,Modern HRIS Technology & HR Analytics Management
425,Employee #425,Research & Development,Laboratory Technician,5210.0,No,0.1651,LOW,88.29,HIGH,"Excel, Data Entry","Lab Safety, Sample Preparation, Quality Control",3,ISO Certified Laboratory Safety & Bio-hazard Compliance; Professional Skill Development: Sample Preparation
426,Employee #426,Research & Development,Research Scientist,2695.0,Yes,0.1582,LOW,80.77,HIGH,"Lab Equipment, Statistics, Python","Data Analysis, R, Machine Learning",3,Professional Skill Development: Data Analysis; Statistical Computing & Data Visualization in R
428,Employee #428,Research & Development,Manager,11878.0,No,0.0835,LOW,87.15,HIGH,"Strategic Planning, Performance Management","Leadership, Project Management, Budgeting",3,Professional Skill Development: Leadership; Professional Skill Development: Project Management
429,Employee #429,Research & Development,Manager,17068.0,Yes,0.2032,LOW,66.48,MEDIUM,"Budgeting, Project Management, Strategic Planning","Leadership, Performance Management",2,Professional Skill Development: Leadership; Professional Skill Development: Performance Management
430,Employee #430,Research & Development,Laboratory Technician,2455.0,No,0.0502,LOW,68.43,MEDIUM,"Data Entry, Lab Safety, Sample Preparation","Quality Control, Excel",2,Six Sigma Quality Assurance & Process Improvement; Professional Skill Development: Excel
431,Employee #431,Research & Development,Healthcare Representative,13964.0,Yes,0.0749,LOW,94.85,HIGH,"Customer Service, EMR Software, Communication","Patient Care, Medical Records",2,Professional Skill Development: Patient Care; Professional Skill Development: Medical Records
433,Employee #433,Research & Development,Research Scientist,4941.0,No,0.0753,LOW,69.96,MEDIUM,"R, Statistics, Data Analysis","Python, Machine Learning, Lab Equipment",3,Advanced Python Programming & Data Science Masterclass; Applied Machine Learning & MLOps Specialization
434,Employee #434,Research & Development,Research Scientist,2478.0,Yes,0.3709,MEDIUM,90.16,HIGH,"Python, Machine Learning, Statistics","Data Analysis, R, Lab Equipment",3,Professional Skill Development: Data Analysis; Statistical Computing & Data Visualization in R
436,Employee #436,Sales,Sales Executive,5228.0,Yes,0.5148,HIGH,88.18,HIGH,"Negotiation, Lead Generation, Communication, Salesforce","CRM Software, Excel",2,Professional Skill Development: CRM Software; Professional Skill Development: Excel
437,Employee #437,Sales,Sales Executive,4478.0,Yes,0.2606,MEDIUM,92.4,HIGH,"CRM Software, Excel, Communication","Salesforce, Negotiation, Lead Generation",3,Salesforce CRM Administrator & Cloud Management; Professional Skill Development: Negotiation
438,Employee #438,Sales,Sales Executive,7547.0,No,0.0038,LOW,55.45,MEDIUM,"CRM Software, Salesforce, Lead Generation, Negotiation","Communication, Excel",2,Professional Skill Development: Communication; Professional Skill Development: Excel
439,Employee #439,Research & Development,Research Scientist,5055.0,No,0.0397,LOW,79.35,HIGH,"Lab Equipment, R, Data Analysis, Python","Statistics, Machine Learning",2,Professional Skill Development: Statistics; Applied Machine Learning & MLOps Specialization
440,Employee #440,Research & Development,Research Scientist,3464.0,Yes,0.5112,HIGH,64.47,MEDIUM,"Python, R, Machine Learning, Data Analysis","Statistics, Lab Equipment",2,Professional Skill Development: Statistics; Professional Skill Development: Lab Equipment
441,Employee #441,Research & Development,Research Scientist,5775.0,No,0.0017,LOW,59.1,MEDIUM,"Lab Equipment, Statistics, Python","Data Analysis, R, Machine Learning",3,Professional Skill Development: Data Analysis; Statistical Computing & Data Visualization in R
442,Employee #442,Research & Development,Manufacturing Director,8943.0,No,0.0633,LOW,83.88,HIGH,"Budgeting, Operations Management, ERP","Supply Chain, Lean Six Sigma",2,Global Supply Chain Operations & Logistics Architecture; Lean Six Sigma Green Belt Enterprise Certification
444,Employee #444,Research & Development,Manager,19272.0,No,0.1935,LOW,57.0,MEDIUM,"Performance Management, Leadership, Strategic Planning","Project Management, Budgeting",2,Professional Skill Development: Project Management; Professional Skill Development: Budgeting
445,Employee #445,Sales,Sales Executive,5238.0,Yes,0.2275,LOW,66.71,MEDIUM,"Salesforce, Negotiation, CRM Software, Lead Generation","Communication, Excel",2,Professional Skill Development: Communication; Professional Skill Development: Excel
446,Employee #446,Sales,Sales Executive,4682.0,No,0.3561,MEDIUM,75.81,HIGH,"Excel, CRM Software, Salesforce, Communication","Negotiation, Lead Generation",2,Professional Skill Development: Negotiation; B2B Digital Marketing & Modern Sales Pipelines
447,Employee #447,Research & Development,Research Director,18300.0,No,0.0022,LOW,63.88,MEDIUM,"Python, Grant Writing","R&D Strategy, Data Analysis, Leadership",3,Professional Skill Development: R&D Strategy; Professional Skill Development: Data Analysis
448,Employee #448,Research & Development,Laboratory Technician,5257.0,No,0.05,LOW,58.68,MEDIUM,"Data Entry, Excel, Quality Control, Lab Safety",Sample Preparation,1,Professional Skill Development: Sample Preparation
449,Employee #449,Sales,Sales Executive,6349.0,Yes,0.1254,LOW,55.07,MEDIUM,"CRM Software, Lead Generation, Excel, Negotiation","Salesforce, Communication",2,Salesforce CRM Administrator & Cloud Management; Professional Skill Development: Communication
450,Employee #450,Research & Development,Research Scientist,4869.0,No,0.0208,LOW,84.33,HIGH,"Statistics, Data Analysis, R","Python, Machine Learning, Lab Equipment",3,Advanced Python Programming & Data Science Masterclass; Applied Machine Learning & MLOps Specialization
451,Employee #451,Research & Development,Healthcare Representative,9985.0,No,0.1085,LOW,84.76,HIGH,"Communication, Patient Care, Customer Service","Medical Records, EMR Software",2,Professional Skill Development: Medical Records; Healthcare Electronic Medical Records Administration
452,Employee #452,Research & Development,Research Scientist,3697.0,No,0.0112,LOW,74.28,MEDIUM,"Statistics, Python, Data Analysis, Lab Equipment","R, Machine Learning",2,Statistical Computing & Data Visualization in R; Applied Machine Learning & MLOps Specialization
453,Employee #453,Sales,Sales Executive,7457.0,Yes,0.188,LOW,71.9,MEDIUM,"Negotiation, Communication, Lead Generation","CRM Software, Salesforce, Excel",3,Professional Skill Development: CRM Software; Salesforce CRM Administrator & Cloud Management
454,Employee #454,Research & Development,Laboratory Technician,2119.0,Yes,0.5455,HIGH,82.38,HIGH,"Lab Safety, Excel","Sample Preparation, Quality Control, Data Entry",3,Professional Skill Development: Sample Preparation; Six Sigma Quality Assurance & Process Improvement
455,Employee #455,Research & Development,Laboratory Technician,3983.0,No,0.1515,LOW,84.08,HIGH,"Lab Safety, Excel, Quality Control","Sample Preparation, Data Entry",2,Professional Skill Development: Sample Preparation; Professional Skill Development: Data Entry
456,Employee #456,Sales,Sales Executive,6118.0,No,0.0079,LOW,66.68,MEDIUM,"CRM Software, Negotiation, Communication","Salesforce, Lead Generation, Excel",3,Salesforce CRM Administrator & Cloud Management; B2B Digital Marketing & Modern Sales Pipelines
458,Employee #458,Sales,Sales Executive,6214.0,No,0.0358,LOW,71.26,MEDIUM,"Salesforce, Lead Generation, Communication, CRM Software, Negotiation",Excel,1,Professional Skill Development: Excel
460,Employee #460,Research & Development,Manufacturing Director,6347.0,No,0.0066,LOW,76.79,HIGH,"Lean Six Sigma, Operations Management, ERP, Budgeting",Supply Chain,1,Global Supply Chain Operations & Logistics Architecture
461,Employee #461,Research & Development,Research Director,11510.0,Yes,0.0172,LOW,59.96,MEDIUM,"Data Analysis, Grant Writing, Python","R&D Strategy, Leadership",2,Professional Skill Development: R&D Strategy; Professional Skill Development: Leadership
462,Employee #462,Research & Development,Manufacturing Director,7143.0,Yes,0.0643,LOW,58.6,MEDIUM,"ERP, Operations Management","Supply Chain, Budgeting, Lean Six Sigma",3,Global Supply Chain Operations & Logistics Architecture; Professional Skill Development: Budgeting
463,Employee #463,Sales,Sales Executive,8268.0,Yes,0.206,LOW,81.53,HIGH,"Negotiation, Lead Generation, Excel, CRM Software","Salesforce, Communication",2,Salesforce CRM Administrator & Cloud Management; Professional Skill Development: Communication
464,Employee #464,Research & Development,Manufacturing Director,8095.0,No,0.0035,LOW,71.68,MEDIUM,"Budgeting, ERP","Supply Chain, Operations Management, Lean Six Sigma",3,Global Supply Chain Operations & Logistics Architecture; Professional Skill Development: Operations Management
465,Employee #465,Research & Development,Research Scientist,2904.0,No,0.0312,LOW,67.58,MEDIUM,"Python, R, Statistics","Data Analysis, Machine Learning, Lab Equipment",3,Professional Skill Development: Data Analysis; Applied Machine Learning & MLOps Specialization
466,Employee #466,Research & Development,Manufacturing Director,6032.0,Yes,0.2591,MEDIUM,62.65,MEDIUM,"Supply Chain, Budgeting, Lean Six Sigma","Operations Management, ERP",2,Professional Skill Development: Operations Management; Professional Skill Development: ERP
467,Employee #467,Sales,Sales Representative,2976.0,No,0.5367,HIGH,69.17,MEDIUM,"Salesforce, CRM","Cold Calling, Customer Service, Communication",3,Professional Skill Development: Cold Calling; Professional Skill Development: Customer Service
468,Employee #468,Research & Development,Research Director,15992.0,No,0.0343,LOW,87.72,HIGH,"Python, Data Analysis, Leadership","R&D Strategy, Grant Writing",2,Professional Skill Development: R&D Strategy; Research Grant Writing & Innovation Funding Workshop
469,Employee #469,Sales,Sales Executive,4649.0,No,0.0197,LOW,93.86,HIGH,"Excel, Negotiation, Lead Generation, Communication","CRM Software, Salesforce",2,Professional Skill Development: CRM Software; Salesforce CRM Administrator & Cloud Management
470,Employee #470,Human Resources,Human Resources,2696.0,Yes,0.1449,LOW,88.0,HIGH,"Recruiting, HRIS, Payroll, Compliance","Employee Relations, Workday",2,Professional Skill Development: Employee Relations; Workday Human Capital Management Fundamentals
471,Employee #471,Research & Development,Laboratory Technician,2370.0,No,0.0132,LOW,67.29,MEDIUM,"Lab Safety, Quality Control, Excel, Sample Preparation",Data Entry,1,Professional Skill Development: Data Entry
473,Employee #473,Sales,Manager,12504.0,No,0.0992,LOW,89.49,HIGH,"Budgeting, Project Management, Leadership","Strategic Planning, Performance Management",2,Executive Leadership & Strategic Workforce Planning; Professional Skill Development: Performance Management
474,Employee #474,Research & Development,Research Scientist,5974.0,Yes,0.079,LOW,67.96,MEDIUM,"Python, R, Lab Equipment, Machine Learning","Data Analysis, Statistics",2,Professional Skill Development: Data Analysis; Professional Skill Development: Statistics
475,Employee #475,Sales,Sales Executive,4736.0,Yes,0.3918,MEDIUM,89.29,HIGH,"Communication, CRM Software, Excel","Salesforce, Negotiation, Lead Generation",3,Salesforce CRM Administrator & Cloud Management; Professional Skill Development: Negotiation
476,Employee #476,Sales,Sales Executive,5296.0,No,0.0317,LOW,90.78,HIGH,"Salesforce, Communication, CRM Software","Negotiation, Lead Generation, Excel",3,Professional Skill Development: Negotiation; B2B Digital Marketing & Modern Sales Pipelines
477,Employee #477,Research & Development,Healthcare Representative,6781.0,No,0.016,LOW,68.25,MEDIUM,"Patient Care, Customer Service","Medical Records, EMR Software, Communication",3,Professional Skill Development: Medical Records; Healthcare Electronic Medical Records Administration
478,Employee #478,Sales,Sales Representative,2174.0,Yes,0.9715,HIGH,74.99,MEDIUM,"Salesforce, Customer Service, Cold Calling","Communication, CRM",2,Professional Skill Development: Communication; Professional Skill Development: CRM
479,Employee #479,Sales,Sales Executive,6653.0,No,0.0141,LOW,65.11,MEDIUM,"Excel, Communication, CRM Software, Lead Generation","Salesforce, Negotiation",2,Salesforce CRM Administrator & Cloud Management; Professional Skill Development: Negotiation
481,Employee #481,Sales,Sales Executive,9699.0,No,0.0772,LOW,92.73,HIGH,"Negotiation, Lead Generation, Salesforce","CRM Software, Communication, Excel",3,Professional Skill Development: CRM Software; Professional Skill Development: Communication
482,Employee #482,Research & Development,Healthcare Representative,6755.0,No,0.0021,LOW,68.37,MEDIUM,"Customer Service, Medical Records, Patient Care","EMR Software, Communication",2,Healthcare Electronic Medical Records Administration; Professional Skill Development: Communication
483,Employee #483,Research & Development,Laboratory Technician,2213.0,Yes,0.0314,LOW,76.8,HIGH,"Quality Control, Lab Safety, Sample Preparation","Data Entry, Excel",2,Professional Skill Development: Data Entry; Professional Skill Development: Excel
484,Employee #484,Sales,Sales Representative,2610.0,No,0.2349,LOW,59.55,MEDIUM,"Customer Service, CRM, Salesforce","Cold Calling, Communication",2,Professional Skill Development: Cold Calling; Professional Skill Development: Communication
485,Employee #485,Sales,Sales Representative,2851.0,Yes,0.739,HIGH,79.31,HIGH,"Cold Calling, CRM, Customer Service","Salesforce, Communication",2,Salesforce CRM Administrator & Cloud Management; Professional Skill Development: Communication
486,Employee #486,Research & Development,Laboratory Technician,3452.0,No,0.0626,LOW,94.66,HIGH,"Lab Safety, Excel, Data Entry","Sample Preparation, Quality Control",2,Professional Skill Development: Sample Preparation; Six Sigma Quality Assurance & Process Improvement
487,Employee #487,Research & Development,Manufacturing Director,5258.0,No,0.0036,LOW,88.83,HIGH,"Lean Six Sigma, Operations Management, Supply Chain, ERP",Budgeting,1,Professional Skill Development: Budgeting
488,Employee #488,Sales,Sales Executive,9355.0,No,0.3064,MEDIUM,61.69,MEDIUM,"Lead Generation, Excel, Communication, Salesforce","CRM Software, Negotiation",2,Professional Skill Development: CRM Software; Professional Skill Development: Negotiation
491,Employee #491,Research & Development,Healthcare Representative,10496.0,No,0.0145,LOW,90.24,HIGH,"Communication, EMR Software, Patient Care","Medical Records, Customer Service",2,Professional Skill Development: Medical Records; Professional Skill Development: Customer Service
492,Employee #492,Sales,Sales Executive,6380.0,Yes,0.393,MEDIUM,93.92,HIGH,"Lead Generation, Salesforce, Negotiation","CRM Software, Communication, Excel",3,Professional Skill Development: CRM Software; Professional Skill Development: Communication
493,Employee #493,Research & Development,Research Scientist,2657.0,Yes,0.305,MEDIUM,92.94,HIGH,"Lab Equipment, Machine Learning, Statistics, Data Analysis","Python, R",2,Advanced Python Programming & Data Science Masterclass; Statistical Computing & Data Visualization in R
494,Employee #494,Sales,Sales Representative,2716.0,No,0.4571,MEDIUM,92.68,HIGH,"Customer Service, Communication, Salesforce","Cold Calling, CRM",2,Professional Skill Development: Cold Calling; Professional Skill Development: CRM
495,Employee #495,Research & Development,Research Scientist,2201.0,No,0.0961,LOW,67.33,MEDIUM,"Data Analysis, Statistics, Lab Equipment, Machine Learning","Python, R",2,Advanced Python Programming & Data Science Masterclass; Statistical Computing & Data Visualization in R
496,Employee #496,Research & Development,Healthcare Representative,6540.0,No,0.1668,LOW,58.06,MEDIUM,"Patient Care, EMR Software, Communication","Medical Records, Customer Service",2,Professional Skill Development: Medical Records; Professional Skill Development: Customer Service
497,Employee #497,Research & Development,Laboratory Technician,3816.0,No,0.0269,LOW,94.88,HIGH,"Data Entry, Quality Control","Lab Safety, Sample Preparation, Excel",3,ISO Certified Laboratory Safety & Bio-hazard Compliance; Professional Skill Development: Sample Preparation
498,Employee #498,Sales,Sales Executive,5253.0,No,0.0591,LOW,74.5,MEDIUM,"Excel, Salesforce, Negotiation, Communication","CRM Software, Lead Generation",2,Professional Skill Development: CRM Software; B2B Digital Marketing & Modern Sales Pipelines
499,Employee #499,Research & Development,Healthcare Representative,10965.0,No,0.0189,LOW,87.34,HIGH,"Medical Records, Customer Service, Patient Care","EMR Software, Communication",2,Healthcare Electronic Medical Records Administration; Professional Skill Development: Communication
500,Employee #500,Sales,Sales Executive,4936.0,No,0.0059,LOW,88.2,HIGH,"Salesforce, Negotiation, Excel, CRM Software","Communication, Lead Generation",2,Professional Skill Development: Communication; B2B Digital Marketing & Modern Sales Pipelines
501,Employee #501,Research & Development,Research Scientist,2543.0,No,0.0126,LOW,66.81,MEDIUM,"Machine Learning, Data Analysis, Python, Statistics","R, Lab Equipment",2,Statistical Computing & Data Visualization in R; Professional Skill Development: Lab Equipment
502,Employee #502,Sales,Sales Executive,5304.0,Yes,0.6635,HIGH,83.81,HIGH,"Communication, Excel, Lead Generation","CRM Software, Salesforce, Negotiation",3,Professional Skill Development: CRM Software; Salesforce CRM Administrator & Cloud Management
505,Employee #505,Research & Development,Manager,16659.0,Yes,0.0102,LOW,67.02,MEDIUM,"Performance Management, Project Management","Leadership, Strategic Planning, Budgeting",3,Professional Skill Development: Leadership; Executive Leadership & Strategic Workforce Planning
507,Employee #507,Sales,Sales Executive,4260.0,Yes,0.0695,LOW,60.28,MEDIUM,"Salesforce, Excel, Communication","CRM Software, Negotiation, Lead Generation",3,Professional Skill Development: CRM Software; Professional Skill Development: Negotiation
508,Employee #508,Sales,Sales Representative,2476.0,No,0.3929,MEDIUM,56.18,MEDIUM,"Customer Service, CRM","Cold Calling, Salesforce, Communication",3,Professional Skill Development: Cold Calling; Salesforce CRM Administrator & Cloud Management
510,Employee #510,Research & Development,Research Scientist,3102.0,No,0.1782,LOW,63.05,MEDIUM,"Lab Equipment, R, Machine Learning, Python, Data Analysis",Statistics,1,Professional Skill Development: Statistics
511,Employee #511,Research & Development,Research Scientist,2244.0,No,0.0953,LOW,85.04,HIGH,"Python, R, Machine Learning, Lab Equipment","Data Analysis, Statistics",2,Professional Skill Development: Data Analysis; Professional Skill Development: Statistics
513,Employee #513,Sales,Sales Executive,7596.0,No,0.133,LOW,87.78,HIGH,"CRM Software, Negotiation, Salesforce","Communication, Lead Generation, Excel",3,Professional Skill Development: Communication; B2B Digital Marketing & Modern Sales Pipelines
514,Employee #514,Research & Development,Research Scientist,2285.0,Yes,0.8596,HIGH,76.0,HIGH,"R, Lab Equipment, Statistics, Python","Data Analysis, Machine Learning",2,Professional Skill Development: Data Analysis; Applied Machine Learning & MLOps Specialization
515,Employee #515,Research & Development,Laboratory Technician,3034.0,No,0.0497,LOW,93.25,HIGH,"Data Entry, Lab Safety","Sample Preparation, Quality Control, Excel",3,Professional Skill Development: Sample Preparation; Six Sigma Quality Assurance & Process Improvement
516,Employee #516,Sales,Sales Executive,5715.0,No,0.018,LOW,81.29,HIGH,"CRM Software, Lead Generation, Communication, Excel","Salesforce, Negotiation",2,Salesforce CRM Administrator & Cloud Management; Professional Skill Development: Negotiation
517,Employee #517,Research & Development,Laboratory Technician,2576.0,No,0.0707,LOW,65.3,MEDIUM,"Lab Safety, Excel","Sample Preparation, Quality Control, Data Entry",3,Professional Skill Development: Sample Preparation; Six Sigma Quality Assurance & Process Improvement
518,Employee #518,Research & Development,Manufacturing Director,4197.0,Yes,0.2276,LOW,81.2,HIGH,"Lean Six Sigma, Operations Management, Supply Chain","ERP, Budgeting",2,Professional Skill Development: ERP; Professional Skill Development: Budgeting
520,Employee #520,Research & Development,Research Director,14336.0,No,0.0036,LOW,91.64,HIGH,"Leadership, Grant Writing, Python, Data Analysis",R&D Strategy,1,Professional Skill Development: R&D Strategy
521,Employee #521,Research & Development,Laboratory Technician,3448.0,No,0.0884,LOW,86.11,HIGH,"Data Entry, Quality Control, Sample Preparation","Lab Safety, Excel",2,ISO Certified Laboratory Safety & Bio-hazard Compliance; Professional Skill Development: Excel
522,Employee #522,Research & Development,Research Director,19406.0,No,0.0094,LOW,94.19,HIGH,"Data Analysis, R&D Strategy, Leadership","Grant Writing, Python",2,Research Grant Writing & Innovation Funding Workshop; Advanced Python Programming & Data Science Masterclass
523,Employee #523,Sales,Sales Executive,6538.0,No,0.0543,LOW,60.58,MEDIUM,"Salesforce, Negotiation, Lead Generation, Communication, Excel",CRM Software,1,Professional Skill Development: CRM Software
524,Employee #524,Research & Development,Manufacturing Director,4306.0,No,0.0158,LOW,72.07,MEDIUM,"Budgeting, Lean Six Sigma","Supply Chain, Operations Management, ERP",3,Global Supply Chain Operations & Logistics Architecture; Professional Skill Development: Operations Management
525,Employee #525,Research & Development,Laboratory Technician,2258.0,No,0.331,MEDIUM,87.95,HIGH,"Lab Safety, Excel, Quality Control","Sample Preparation, Data Entry",2,Professional Skill Development: Sample Preparation; Professional Skill Development: Data Entry
526,Employee #526,Research & Development,Healthcare Representative,4522.0,Yes,0.0192,LOW,57.9,MEDIUM,"Medical Records, EMR Software, Customer Service, Patient Care",Communication,1,Professional Skill Development: Communication
527,Employee #527,Sales,Sales Executive,4487.0,Yes,0.4941,MEDIUM,85.8,HIGH,"Salesforce, Communication, Negotiation, Lead Generation","CRM Software, Excel",2,Professional Skill Development: CRM Software; Professional Skill Development: Excel
529,Employee #529,Research & Development,Research Scientist,4449.0,Yes,0.1111,LOW,64.86,MEDIUM,"Data Analysis, Lab Equipment, Python","Statistics, R, Machine Learning",3,Professional Skill Development: Statistics; Statistical Computing & Data Visualization in R
530,Employee #530,Research & Development,Laboratory Technician,2218.0,No,0.1092,LOW,86.05,HIGH,"Excel, Data Entry, Sample Preparation","Lab Safety, Quality Control",2,ISO Certified Laboratory Safety & Bio-hazard Compliance; Six Sigma Quality Assurance & Process Improvement
531,Employee #531,Research & Development,Manager,19197.0,Yes,0.0344,LOW,59.36,MEDIUM,"Strategic Planning, Leadership, Budgeting","Project Management, Performance Management",2,Professional Skill Development: Project Management; Professional Skill Development: Performance Management
532,Employee #532,Sales,Sales Executive,13212.0,No,0.014,LOW,61.0,MEDIUM,"Communication, Negotiation, CRM Software","Salesforce, Lead Generation, Excel",3,Salesforce CRM Administrator & Cloud Management; B2B Digital Marketing & Modern Sales Pipelines
533,Employee #533,Sales,Sales Executive,6577.0,No,0.1394,LOW,65.07,MEDIUM,"Excel, Negotiation, CRM Software","Salesforce, Communication, Lead Generation",3,Salesforce CRM Administrator & Cloud Management; Professional Skill Development: Communication
534,Employee #534,Sales,Sales Executive,8392.0,No,0.0147,LOW,58.84,MEDIUM,"Lead Generation, CRM Software, Excel, Communication","Salesforce, Negotiation",2,Salesforce CRM Administrator & Cloud Management; Professional Skill Development: Negotiation
536,Employee #536,Research & Development,Laboratory Technician,4558.0,No,0.0551,LOW,84.99,HIGH,"Sample Preparation, Lab Safety","Quality Control, Data Entry, Excel",3,Six Sigma Quality Assurance & Process Improvement; Professional Skill Development: Data Entry
538,Employee #538,Research & Development,Laboratory Technician,4031.0,No,0.2986,MEDIUM,93.85,HIGH,"Sample Preparation, Excel, Quality Control, Data Entry",Lab Safety,1,ISO Certified Laboratory Safety & Bio-hazard Compliance
543,Employee #543,Research & Development,Manufacturing Director,7969.0,Yes,0.0096,LOW,81.83,HIGH,"ERP, Budgeting","Supply Chain, Operations Management, Lean Six Sigma",3,Global Supply Chain Operations & Logistics Architecture; Professional Skill Development: Operations Management
544,Employee #544,Research & Development,Research Scientist,2654.0,No,0.0248,LOW,82.71,HIGH,"Statistics, Data Analysis, Python","R, Machine Learning, Lab Equipment",3,Statistical Computing & Data Visualization in R; Applied Machine Learning & MLOps Specialization
546,Employee #546,Research & Development,Manager,16555.0,No,0.0011,LOW,76.76,HIGH,"Leadership, Project Management, Budgeting","Strategic Planning, Performance Management",2,Executive Leadership & Strategic Workforce Planning; Professional Skill Development: Performance Management
547,Employee #547,Research & Development,Research Scientist,4556.0,No,0.0765,LOW,87.09,HIGH,"Lab Equipment, Statistics, Python","Data Analysis, R, Machine Learning",3,Professional Skill Development: Data Analysis; Statistical Computing & Data Visualization in R
548,Employee #548,Research & Development,Manufacturing Director,6091.0,No,0.0545,LOW,86.2,HIGH,"Budgeting, Lean Six Sigma, ERP","Supply Chain, Operations Management",2,Global Supply Chain Operations & Logistics Architecture; Professional Skill Development: Operations Management
549,Employee #549,Research & Development,Manager,19566.0,No,0.057,LOW,84.43,HIGH,"Performance Management, Budgeting, Leadership","Project Management, Strategic Planning",2,Professional Skill Development: Project Management; Executive Leadership & Strategic Workforce Planning
550,Employee #550,Research & Development,Manufacturing Director,4810.0,No,0.0011,LOW,70.74,MEDIUM,"ERP, Budgeting, Lean Six Sigma","Supply Chain, Operations Management",2,Global Supply Chain Operations & Logistics Architecture; Professional Skill Development: Operations Management
551,Employee #551,Research & Development,Healthcare Representative,4523.0,No,0.0038,LOW,75.7,HIGH,"Customer Service, Patient Care, Medical Records, Communication",EMR Software,1,Healthcare Electronic Medical Records Administration
554,Employee #554,Sales,Sales Representative,3202.0,Yes,0.7858,HIGH,68.86,MEDIUM,"Customer Service, Salesforce, Cold Calling","Communication, CRM",2,Professional Skill Development: Communication; Professional Skill Development: CRM
555,Employee #555,Sales,Sales Representative,2351.0,No,0.3123,MEDIUM,60.52,MEDIUM,"Cold Calling, Communication","Salesforce, Customer Service, CRM",3,Salesforce CRM Administrator & Cloud Management; Professional Skill Development: Customer Service
556,Employee #556,Research & Development,Laboratory Technician,1702.0,Yes,0.2384,LOW,88.38,HIGH,"Quality Control, Excel, Sample Preparation","Lab Safety, Data Entry",2,ISO Certified Laboratory Safety & Bio-hazard Compliance; Professional Skill Development: Data Entry
558,Employee #558,Sales,Manager,18041.0,No,0.0008,LOW,82.73,HIGH,"Strategic Planning, Performance Management, Budgeting","Leadership, Project Management",2,Professional Skill Development: Leadership; Professional Skill Development: Project Management
560,Employee #560,Research & Development,Research Scientist,2886.0,No,0.0673,LOW,69.82,MEDIUM,"R, Machine Learning, Lab Equipment, Statistics","Python, Data Analysis",2,Advanced Python Programming & Data Science Masterclass; Professional Skill Development: Data Analysis
562,Employee #562,Research & Development,Laboratory Technician,2097.0,No,0.0264,LOW,62.79,MEDIUM,"Lab Safety, Sample Preparation","Quality Control, Data Entry, Excel",3,Six Sigma Quality Assurance & Process Improvement; Professional Skill Development: Data Entry
564,Employee #564,Research & Development,Research Director,11935.0,No,0.0085,LOW,92.44,HIGH,"Leadership, R&D Strategy, Grant Writing","Data Analysis, Python",2,Professional Skill Development: Data Analysis; Advanced Python Programming & Data Science Masterclass
565,Employee #565,Research & Development,Research Scientist,2546.0,No,0.3342,MEDIUM,79.28,HIGH,"R, Lab Equipment, Data Analysis","Python, Statistics, Machine Learning",3,Advanced Python Programming & Data Science Masterclass; Professional Skill Development: Statistics
566,Employee #566,Human Resources,Human Resources,2564.0,No,0.5081,HIGH,92.95,HIGH,"Workday, Recruiting, Payroll","HRIS, Employee Relations, Compliance",3,Modern HRIS Technology & HR Analytics Management; Professional Skill Development: Employee Relations
567,Employee #567,Sales,Sales Executive,8412.0,No,0.0217,LOW,81.92,HIGH,"Excel, Communication, Lead Generation","CRM Software, Salesforce, Negotiation",3,Professional Skill Development: CRM Software; Salesforce CRM Administrator & Cloud Management
568,Employee #568,Sales,Manager,14118.0,No,0.0486,LOW,66.5,MEDIUM,"Budgeting, Performance Management, Strategic Planning","Leadership, Project Management",2,Professional Skill Development: Leadership; Professional Skill Development: Project Management
569,Employee #569,Research & Development,Manager,17046.0,No,0.1148,LOW,90.98,HIGH,"Performance Management, Leadership, Budgeting","Project Management, Strategic Planning",2,Professional Skill Development: Project Management; Executive Leadership & Strategic Workforce Planning
571,Employee #571,Research & Development,Laboratory Technician,2564.0,No,0.0173,LOW,84.3,HIGH,"Excel, Sample Preparation, Data Entry","Lab Safety, Quality Control",2,ISO Certified Laboratory Safety & Bio-hazard Compliance; Six Sigma Quality Assurance & Process Improvement
573,Employee #573,Sales,Sales Executive,10266.0,No,0.1,LOW,65.11,MEDIUM,"CRM Software, Excel, Lead Generation","Salesforce, Negotiation, Communication",3,Salesforce CRM Administrator & Cloud Management; Professional Skill Development: Negotiation
574,Employee #574,Research & Development,Manufacturing Director,5070.0,No,0.0022,LOW,67.94,MEDIUM,"Budgeting, ERP, Supply Chain, Operations Management",Lean Six Sigma,1,Lean Six Sigma Green Belt Enterprise Certification
575,Employee #575,Research & Development,Research Director,17861.0,No,0.0168,LOW,56.85,MEDIUM,"Grant Writing, Data Analysis, Leadership","R&D Strategy, Python",2,Professional Skill Development: R&D Strategy; Advanced Python Programming & Data Science Masterclass
577,Employee #577,Research & Development,Laboratory Technician,4230.0,No,0.37,MEDIUM,60.88,MEDIUM,"Quality Control, Sample Preparation, Excel","Lab Safety, Data Entry",2,ISO Certified Laboratory Safety & Bio-hazard Compliance; Professional Skill Development: Data Entry
578,Employee #578,Research & Development,Laboratory Technician,3780.0,No,0.0944,LOW,56.83,MEDIUM,"Lab Safety, Sample Preparation","Quality Control, Data Entry, Excel",3,Six Sigma Quality Assurance & Process Improvement; Professional Skill Development: Data Entry
579,Employee #579,Research & Development,Research Scientist,2768.0,No,0.008,LOW,61.98,MEDIUM,"Python, R, Machine Learning, Statistics","Data Analysis, Lab Equipment",2,Professional Skill Development: Data Analysis; Professional Skill Development: Lab Equipment
580,Employee #580,Sales,Sales Executive,9071.0,Yes,0.0817,LOW,86.88,HIGH,"CRM Software, Communication, Lead Generation","Salesforce, Negotiation, Excel",3,Salesforce CRM Administrator & Cloud Management; Professional Skill Development: Negotiation
581,Employee #581,Research & Development,Manufacturing Director,10648.0,No,0.0009,LOW,60.8,MEDIUM,"Supply Chain, Budgeting, Lean Six Sigma","Operations Management, ERP",2,Professional Skill Development: Operations Management; Professional Skill Development: ERP
582,Employee #582,Research & Development,Manager,13610.0,Yes,0.25,LOW,83.22,HIGH,"Performance Management, Strategic Planning","Leadership, Project Management, Budgeting",3,Professional Skill Development: Leadership; Professional Skill Development: Project Management
584,Employee #584,Research & Development,Laboratory Technician,3408.0,No,0.3364,MEDIUM,65.18,MEDIUM,"Excel, Data Entry, Sample Preparation","Lab Safety, Quality Control",2,ISO Certified Laboratory Safety & Bio-hazard Compliance; Six Sigma Quality Assurance & Process Improvement
585,Employee #585,Sales,Sales Representative,2983.0,No,0.3446,MEDIUM,87.42,HIGH,"CRM, Salesforce, Customer Service","Cold Calling, Communication",2,Professional Skill Development: Cold Calling; Professional Skill Development: Communication
586,Employee #586,Research & Development,Healthcare Representative,7632.0,Yes,0.0831,LOW,66.91,MEDIUM,"Communication, Patient Care, Medical Records","Customer Service, EMR Software",2,Professional Skill Development: Customer Service; Healthcare Electronic Medical Records Administration
587,Employee #587,Research & Development,Healthcare Representative,9824.0,No,0.3744,MEDIUM,58.96,MEDIUM,"Customer Service, Medical Records, Communication","Patient Care, EMR Software",2,Professional Skill Development: Patient Care; Healthcare Electronic Medical Records Administration
590,Employee #590,Human Resources,Human Resources,9950.0,Yes,0.896,HIGH,61.5,MEDIUM,"HRIS, Compliance, Employee Relations, Payroll","Recruiting, Workday",2,Professional Skill Development: Recruiting; Workday Human Capital Management Fundamentals
591,Employee #591,Research & Development,Laboratory Technician,2093.0,No,0.0458,LOW,90.56,HIGH,"Quality Control, Lab Safety","Sample Preparation, Data Entry, Excel",3,Professional Skill Development: Sample Preparation; Professional Skill Development: Data Entry
592,Employee #592,Sales,Sales Executive,9980.0,No,0.0791,LOW,56.8,MEDIUM,"Negotiation, Communication, Lead Generation","CRM Software, Salesforce, Excel",3,Professional Skill Development: CRM Software; Salesforce CRM Administrator & Cloud Management
593,Employee #593,Research & Development,Laboratory Technician,3894.0,No,0.6829,HIGH,60.47,MEDIUM,"Sample Preparation, Excel","Lab Safety, Quality Control, Data Entry",3,ISO Certified Laboratory Safety & Bio-hazard Compliance; Six Sigma Quality Assurance & Process Improvement
595,Employee #595,Sales,Sales Executive,4051.0,No,0.0278,LOW,90.13,HIGH,"Negotiation, CRM Software, Lead Generation","Salesforce, Communication, Excel",3,Salesforce CRM Administrator & Cloud Management; Professional Skill Development: Communication
597,Employee #597,Sales,Manager,16835.0,No,0.0217,LOW,81.13,HIGH,"Leadership, Budgeting","Project Management, Strategic Planning, Performance Management",3,Professional Skill Development: Project Management; Executive Leadership & Strategic Workforce Planning
599,Employee #599,Sales,Sales Executive,6230.0,No,0.0079,LOW,70.53,MEDIUM,"Lead Generation, Excel, CRM Software, Negotiation","Salesforce, Communication",2,Salesforce CRM Administrator & Cloud Management; Professional Skill Development: Communication
600,Employee #600,Sales,Sales Executive,4717.0,No,0.1331,LOW,67.57,MEDIUM,"CRM Software, Excel, Communication, Salesforce","Negotiation, Lead Generation",2,Professional Skill Development: Negotiation; B2B Digital Marketing & Modern Sales Pipelines
601,Employee #601,Research & Development,Manufacturing Director,13237.0,No,0.0255,LOW,79.37,HIGH,"Supply Chain, Operations Management, Lean Six Sigma","ERP, Budgeting",2,Professional Skill Development: ERP; Professional Skill Development: Budgeting
602,Employee #602,Research & Development,Laboratory Technician,3755.0,No,0.0558,LOW,60.11,MEDIUM,"Data Entry, Lab Safety, Sample Preparation","Quality Control, Excel",2,Six Sigma Quality Assurance & Process Improvement; Professional Skill Development: Excel
604,Employee #604,Sales,Sales Executive,6582.0,Yes,0.2328,LOW,91.55,HIGH,"Negotiation, CRM Software, Lead Generation, Excel","Salesforce, Communication",2,Salesforce CRM Administrator & Cloud Management; Professional Skill Development: Communication
605,Employee #605,Research & Development,Manufacturing Director,7406.0,Yes,0.0826,LOW,85.05,HIGH,"ERP, Budgeting, Supply Chain","Operations Management, Lean Six Sigma",2,Professional Skill Development: Operations Management; Lean Six Sigma Green Belt Enterprise Certification
606,Employee #606,Sales,Sales Executive,4805.0,No,0.0026,LOW,76.95,HIGH,"Salesforce, Excel, Negotiation, Communication","CRM Software, Lead Generation",2,Professional Skill Development: CRM Software; B2B Digital Marketing & Modern Sales Pipelines
608,Employee #608,Human Resources,Human Resources,2741.0,Yes,0.6539,HIGH,74.08,MEDIUM,"Payroll, Employee Relations, Recruiting","HRIS, Compliance, Workday",3,Modern HRIS Technology & HR Analytics Management; Professional Skill Development: Compliance
611,Employee #611,Research & Development,Manufacturing Director,4262.0,No,0.033,LOW,67.12,MEDIUM,"Lean Six Sigma, Operations Management, ERP","Supply Chain, Budgeting",2,Global Supply Chain Operations & Logistics Architecture; Professional Skill Development: Budgeting
612,Employee #612,Research & Development,Research Director,16184.0,No,0.0048,LOW,94.52,HIGH,"Grant Writing, Data Analysis","R&D Strategy, Python, Leadership",3,Professional Skill Development: R&D Strategy; Advanced Python Programming & Data Science Masterclass
613,Employee #613,Sales,Manager,11557.0,No,0.1668,LOW,69.98,MEDIUM,"Budgeting, Performance Management, Strategic Planning","Leadership, Project Management",2,Professional Skill Development: Leadership; Professional Skill Development: Project Management
614,Employee #614,Sales,Sales Representative,1878.0,Yes,0.9702,HIGH,86.68,HIGH,"Cold Calling, CRM","Salesforce, Customer Service, Communication",3,Salesforce CRM Administrator & Cloud Management; Professional Skill Development: Customer Service
615,Employee #615,Sales,Sales Executive,10932.0,No,0.0439,LOW,61.85,MEDIUM,"CRM Software, Communication, Salesforce","Negotiation, Lead Generation, Excel",3,Professional Skill Development: Negotiation; B2B Digital Marketing & Modern Sales Pipelines
616,Employee #616,Research & Development,Healthcare Representative,6811.0,Yes,0.04,LOW,82.18,HIGH,"EMR Software, Communication","Patient Care, Medical Records, Customer Service",3,Professional Skill Development: Patient Care; Professional Skill Development: Medical Records
618,Employee #618,Sales,Sales Executive,4306.0,No,0.3739,MEDIUM,70.95,MEDIUM,"Salesforce, Communication, Lead Generation, Excel","CRM Software, Negotiation",2,Professional Skill Development: CRM Software; Professional Skill Development: Negotiation
620,Employee #620,Sales,Sales Executive,4859.0,No,0.0589,LOW,55.91,MEDIUM,"Communication, Salesforce, CRM Software","Negotiation, Lead Generation, Excel",3,Professional Skill Development: Negotiation; B2B Digital Marketing & Modern Sales Pipelines
621,Employee #621,Sales,Sales Executive,5337.0,No,0.0278,LOW,83.88,HIGH,"Communication, Salesforce, Excel, Negotiation","CRM Software, Lead Generation",2,Professional Skill Development: CRM Software; B2B Digital Marketing & Modern Sales Pipelines
622,Employee #622,Research & Development,Laboratory Technician,2340.0,Yes,0.9844,HIGH,60.79,MEDIUM,"Data Entry, Excel, Lab Safety","Sample Preparation, Quality Control",2,Professional Skill Development: Sample Preparation; Six Sigma Quality Assurance & Process Improvement
623,Employee #623,Research & Development,Manufacturing Director,7491.0,No,0.0175,LOW,67.74,MEDIUM,"Operations Management, Supply Chain, Budgeting","ERP, Lean Six Sigma",2,Professional Skill Development: ERP; Lean Six Sigma Green Belt Enterprise Certification
624,Employee #624,Research & Development,Healthcare Representative,10527.0,No,0.0221,LOW,94.94,HIGH,"Customer Service, EMR Software, Medical Records","Patient Care, Communication",2,Professional Skill Development: Patient Care; Professional Skill Development: Communication
625,Employee #625,Sales,Manager,16595.0,No,0.0822,LOW,74.01,MEDIUM,"Budgeting, Leadership","Project Management, Strategic Planning, Performance Management",3,Professional Skill Development: Project Management; Executive Leadership & Strategic Workforce Planning
626,Employee #626,Sales,Sales Executive,8834.0,No,0.0251,LOW,87.7,HIGH,"CRM Software, Communication, Excel","Salesforce, Negotiation, Lead Generation",3,Salesforce CRM Administrator & Cloud Management; Professional Skill Development: Negotiation
630,Employee #630,Research & Development,Research Scientist,5577.0,Yes,0.0367,LOW,90.55,HIGH,"R, Statistics, Data Analysis, Lab Equipment","Python, Machine Learning",2,Advanced Python Programming & Data Science Masterclass; Applied Machine Learning & MLOps Specialization
631,Employee #631,Sales,Sales Executive,4707.0,No,0.0133,LOW,63.18,MEDIUM,"Negotiation, Excel, Communication, CRM Software","Salesforce, Lead Generation",2,Salesforce CRM Administrator & Cloud Management; B2B Digital Marketing & Modern Sales Pipelines
632,Employee #632,Sales,Sales Representative,2400.0,No,0.1636,LOW,64.37,MEDIUM,"Salesforce, Communication, CRM","Cold Calling, Customer Service",2,Professional Skill Development: Cold Calling; Professional Skill Development: Customer Service
634,Employee #634,Research & Development,Healthcare Representative,9824.0,No,0.0023,LOW,84.43,HIGH,"Patient Care, Customer Service, EMR Software","Medical Records, Communication",2,Professional Skill Development: Medical Records; Professional Skill Development: Communication
635,Employee #635,Research & Development,Manufacturing Director,6447.0,No,0.0799,LOW,70.11,MEDIUM,"Lean Six Sigma, Supply Chain, ERP, Operations Management",Budgeting,1,Professional Skill Development: Budgeting
638,Employee #638,Research & Development,Research Director,19502.0,Yes,0.001,LOW,72.82,MEDIUM,"Data Analysis, R&D Strategy, Python","Grant Writing, Leadership",2,Research Grant Writing & Innovation Funding Workshop; Professional Skill Development: Leadership
639,Employee #639,Research & Development,Research Scientist,2725.0,Yes,0.0852,LOW,92.09,HIGH,"Statistics, Data Analysis, Machine Learning, R, Lab Equipment",Python,1,Advanced Python Programming & Data Science Masterclass
641,Employee #641,Sales,Sales Executive,6272.0,No,0.0977,LOW,93.39,HIGH,"Lead Generation, Negotiation, Excel","CRM Software, Salesforce, Communication",3,Professional Skill Development: CRM Software; Salesforce CRM Administrator & Cloud Management
643,Employee #643,Research & Development,Laboratory Technician,2127.0,No,0.1461,LOW,86.03,HIGH,"Quality Control, Excel, Lab Safety","Sample Preparation, Data Entry",2,Professional Skill Development: Sample Preparation; Professional Skill Development: Data Entry
644,Employee #644,Human Resources,Manager,18200.0,No,0.0498,LOW,68.59,MEDIUM,"Leadership, Performance Management, Strategic Planning","Project Management, Budgeting",2,Professional Skill Development: Project Management; Professional Skill Development: Budgeting
645,Employee #645,Sales,Sales Representative,2096.0,No,0.1608,LOW,59.43,MEDIUM,"CRM, Salesforce, Customer Service","Cold Calling, Communication",2,Professional Skill Development: Cold Calling; Professional Skill Development: Communication
647,Employee #647,Research & Development,Laboratory Technician,2886.0,Yes,0.4368,MEDIUM,58.81,MEDIUM,"Sample Preparation, Quality Control, Lab Safety, Data Entry",Excel,1,Professional Skill Development: Excel
648,Employee #648,Sales,Sales Representative,2033.0,No,0.6991,HIGH,60.71,MEDIUM,"Salesforce, Customer Service, Cold Calling","Communication, CRM",2,Professional Skill Development: Communication; Professional Skill Development: CRM
649,Employee #649,Research & Development,Research Scientist,3622.0,Yes,0.0667,LOW,89.45,HIGH,"Python, Data Analysis, Lab Equipment, R","Statistics, Machine Learning",2,Professional Skill Development: Statistics; Applied Machine Learning & MLOps Specialization
650,Employee #650,Sales,Sales Executive,4233.0,No,0.3096,MEDIUM,92.88,HIGH,"Negotiation, CRM Software, Salesforce","Communication, Lead Generation, Excel",3,Professional Skill Development: Communication; B2B Digital Marketing & Modern Sales Pipelines
652,Employee #652,Research & Development,Laboratory Technician,3681.0,No,0.4274,MEDIUM,71.89,MEDIUM,"Sample Preparation, Lab Safety, Excel","Quality Control, Data Entry",2,Six Sigma Quality Assurance & Process Improvement; Professional Skill Development: Data Entry
653,Employee #653,Sales,Sales Executive,5460.0,No,0.0072,LOW,63.3,MEDIUM,"Excel, CRM Software, Salesforce, Lead Generation","Negotiation, Communication",2,Professional Skill Development: Negotiation; Professional Skill Development: Communication
655,Employee #655,Research & Development,Research Scientist,2187.0,No,0.0207,LOW,91.31,HIGH,"Python, R, Statistics, Machine Learning","Data Analysis, Lab Equipment",2,Professional Skill Development: Data Analysis; Professional Skill Development: Lab Equipment
656,Employee #656,Sales,Sales Executive,9602.0,Yes,0.1828,LOW,90.87,HIGH,"Negotiation, Communication, Salesforce, Lead Generation","CRM Software, Excel",2,Professional Skill Development: CRM Software; Professional Skill Development: Excel
657,Employee #657,Research & Development,Research Scientist,2836.0,No,0.0807,LOW,68.75,MEDIUM,"Statistics, Lab Equipment, Machine Learning","Python, Data Analysis, R",3,Advanced Python Programming & Data Science Masterclass; Professional Skill Development: Data Analysis
659,Employee #659,Research & Development,Healthcare Representative,4089.0,No,0.0019,LOW,65.16,MEDIUM,"EMR Software, Patient Care, Communication","Medical Records, Customer Service",2,Professional Skill Development: Medical Records; Professional Skill Development: Customer Service
661,Employee #661,Research & Development,Research Director,16627.0,Yes,0.021,LOW,65.03,MEDIUM,"R&D Strategy, Grant Writing, Data Analysis, Python",Leadership,1,Professional Skill Development: Leadership
662,Employee #662,Research & Development,Research Scientist,2619.0,No,0.0928,LOW,65.74,MEDIUM,"Python, Data Analysis, Statistics","R, Machine Learning, Lab Equipment",3,Statistical Computing & Data Visualization in R; Applied Machine Learning & MLOps Specialization
663,Employee #663,Research & Development,Laboratory Technician,5679.0,Yes,0.2158,LOW,69.49,MEDIUM,"Lab Safety, Excel, Quality Control","Sample Preparation, Data Entry",2,Professional Skill Development: Sample Preparation; Professional Skill Development: Data Entry
664,Employee #664,Research & Development,Manager,15402.0,No,0.0497,LOW,88.76,HIGH,"Performance Management, Budgeting, Leadership","Project Management, Strategic Planning",2,Professional Skill Development: Project Management; Executive Leadership & Strategic Workforce Planning
665,Employee #665,Human Resources,Human Resources,5985.0,No,0.189,LOW,83.77,HIGH,"Employee Relations, Compliance, HRIS","Recruiting, Payroll, Workday",3,Professional Skill Development: Recruiting; Professional Skill Development: Payroll
666,Employee #666,Sales,Sales Representative,2579.0,Yes,0.1663,LOW,92.64,HIGH,"CRM, Salesforce, Customer Service, Cold Calling",Communication,1,Professional Skill Development: Communication
667,Employee #667,Sales,Sales Representative,3041.0,No,0.1207,LOW,63.15,MEDIUM,"Cold Calling, Communication","Salesforce, Customer Service, CRM",3,Salesforce CRM Administrator & Cloud Management; Professional Skill Development: Customer Service
669,Employee #669,Sales,Sales Representative,3447.0,No,0.5649,HIGH,77.57,HIGH,"Salesforce, Customer Service, CRM","Cold Calling, Communication",2,Professional Skill Development: Cold Calling; Professional Skill Development: Communication
671,Employee #671,Research & Development,Manager,19513.0,Yes,0.0068,LOW,59.07,MEDIUM,"Strategic Planning, Budgeting","Leadership, Project Management, Performance Management",3,Professional Skill Development: Leadership; Professional Skill Development: Project Management
675,Employee #675,Research & Development,Research Scientist,2773.0,No,0.0461,LOW,66.91,MEDIUM,"Python, Data Analysis, Statistics, Machine Learning","R, Lab Equipment",2,Statistical Computing & Data Visualization in R; Professional Skill Development: Lab Equipment
677,Employee #677,Sales,Sales Executive,7104.0,No,0.036,LOW,76.33,HIGH,"Communication, Excel, Lead Generation, Salesforce","CRM Software, Negotiation",2,Professional Skill Development: CRM Software; Professional Skill Development: Negotiation
679,Employee #679,Research & Development,Research Scientist,6322.0,Yes,0.1005,LOW,66.67,MEDIUM,"Python, Data Analysis, R","Statistics, Machine Learning, Lab Equipment",3,Professional Skill Development: Statistics; Applied Machine Learning & MLOps Specialization
680,Employee #680,Research & Development,Research Scientist,2083.0,No,0.0579,LOW,67.56,MEDIUM,"Lab Equipment, Machine Learning, Data Analysis","Python, Statistics, R",3,Advanced Python Programming & Data Science Masterclass; Professional Skill Development: Statistics
682,Employee #682,Sales,Sales Executive,8381.0,No,0.028,LOW,55.55,MEDIUM,"Communication, Excel, Salesforce, Lead Generation","CRM Software, Negotiation",2,Professional Skill Development: CRM Software; Professional Skill Development: Negotiation
683,Employee #683,Research & Development,Research Scientist,2691.0,No,0.0067,LOW,94.27,HIGH,"Machine Learning, Data Analysis, Python","Statistics, R, Lab Equipment",3,Professional Skill Development: Statistics; Statistical Computing & Data Visualization in R
684,Employee #684,Sales,Sales Executive,4286.0,No,0.3418,MEDIUM,82.41,HIGH,"Negotiation, Lead Generation, CRM Software","Salesforce, Communication, Excel",3,Salesforce CRM Administrator & Cloud Management; Professional Skill Development: Communication
686,Employee #686,Research & Development,Laboratory Technician,2659.0,Yes,0.1879,LOW,75.36,HIGH,"Excel, Sample Preparation, Quality Control","Lab Safety, Data Entry",2,ISO Certified Laboratory Safety & Bio-hazard Compliance; Professional Skill Development: Data Entry
689,Employee #689,Research & Development,Manufacturing Director,9434.0,No,0.0059,LOW,69.06,MEDIUM,"Budgeting, Lean Six Sigma, Supply Chain, ERP",Operations Management,1,Professional Skill Development: Operations Management
690,Employee #690,Sales,Sales Executive,5561.0,No,0.0511,LOW,94.84,HIGH,"Communication, CRM Software, Salesforce, Lead Generation","Negotiation, Excel",2,Professional Skill Development: Negotiation; Professional Skill Development: Excel
691,Employee #691,Research & Development,Research Scientist,6646.0,No,0.1156,LOW,77.64,HIGH,"Lab Equipment, Statistics, Data Analysis","Python, R, Machine Learning",3,Advanced Python Programming & Data Science Masterclass; Statistical Computing & Data Visualization in R
692,Employee #692,Research & Development,Healthcare Representative,7725.0,No,0.0127,LOW,74.75,MEDIUM,"Communication, Customer Service, Medical Records","Patient Care, EMR Software",2,Professional Skill Development: Patient Care; Healthcare Electronic Medical Records Administration
698,Employee #698,Human Resources,Human Resources,10725.0,No,0.0415,LOW,72.82,MEDIUM,"Workday, Recruiting, Employee Relations, Payroll","HRIS, Compliance",2,Modern HRIS Technology & HR Analytics Management; Professional Skill Development: Compliance
699,Employee #699,Research & Development,Manufacturing Director,8847.0,Yes,0.1832,LOW,73.64,MEDIUM,"Budgeting, Lean Six Sigma","Supply Chain, Operations Management, ERP",3,Global Supply Chain Operations & Logistics Architecture; Professional Skill Development: Operations Management
700,Employee #700,Research & Development,Research Scientist,2045.0,No,0.0976,LOW,78.18,HIGH,"Statistics, Python, Machine Learning","Data Analysis, R, Lab Equipment",3,Professional Skill Development: Data Analysis; Statistical Computing & Data Visualization in R
701,Employee #701,Research & Development,Research Scientist,1009.0,Yes,0.1881,LOW,61.93,MEDIUM,"R, Python, Statistics","Data Analysis, Machine Learning, Lab Equipment",3,Professional Skill Development: Data Analysis; Applied Machine Learning & MLOps Specialization
702,Employee #702,Research & Development,Research Scientist,3348.0,Yes,0.8024,HIGH,55.15,MEDIUM,"Data Analysis, Statistics, Python","R, Machine Learning, Lab Equipment",3,Statistical Computing & Data Visualization in R; Applied Machine Learning & MLOps Specialization
704,Employee #704,Research & Development,Laboratory Technician,1281.0,No,0.0345,LOW,92.57,HIGH,"Quality Control, Excel","Lab Safety, Sample Preparation, Data Entry",3,ISO Certified Laboratory Safety & Bio-hazard Compliance; Professional Skill Development: Sample Preparation
705,Employee #705,Research & Development,Research Scientist,2819.0,No,0.0589,LOW,85.1,HIGH,"Python, Statistics, Lab Equipment","Data Analysis, R, Machine Learning",3,Professional Skill Development: Data Analysis; Statistical Computing & Data Visualization in R
707,Employee #707,Sales,Sales Executive,4851.0,No,0.0207,LOW,69.28,MEDIUM,"Excel, CRM Software, Communication, Lead Generation","Salesforce, Negotiation",2,Salesforce CRM Administrator & Cloud Management; Professional Skill Development: Negotiation
709,Employee #709,Sales,Sales Executive,4028.0,No,0.0455,LOW,69.56,MEDIUM,"CRM Software, Excel, Salesforce, Communication","Negotiation, Lead Generation",2,Professional Skill Development: Negotiation; B2B Digital Marketing & Modern Sales Pipelines
710,Employee #710,Research & Development,Research Scientist,2720.0,No,0.0132,LOW,77.33,HIGH,"Machine Learning, Data Analysis, Python, Lab Equipment","Statistics, R",2,Professional Skill Development: Statistics; Statistical Computing & Data Visualization in R
712,Employee #712,Sales,Sales Executive,8120.0,No,0.0215,LOW,56.89,MEDIUM,"Lead Generation, Communication, Negotiation","CRM Software, Salesforce, Excel",3,Professional Skill Development: CRM Software; Salesforce CRM Administrator & Cloud Management
714,Employee #714,Sales,Sales Executive,4647.0,Yes,0.0302,LOW,94.58,HIGH,"Salesforce, CRM Software, Excel","Negotiation, Communication, Lead Generation",3,Professional Skill Development: Negotiation; Professional Skill Development: Communication
715,Employee #715,Research & Development,Research Scientist,4680.0,No,0.0367,LOW,93.9,HIGH,"R, Statistics, Data Analysis, Lab Equipment","Python, Machine Learning",2,Advanced Python Programming & Data Science Masterclass; Applied Machine Learning & MLOps Specialization
716,Employee #716,Research & Development,Laboratory Technician,3221.0,Yes,0.0086,LOW,56.31,MEDIUM,"Data Entry, Lab Safety, Sample Preparation","Quality Control, Excel",2,Six Sigma Quality Assurance & Process Improvement; Professional Skill Development: Excel
717,Employee #717,Research & Development,Healthcare Representative,8621.0,No,0.0199,LOW,64.65,MEDIUM,"EMR Software, Medical Records, Patient Care","Customer Service, Communication",2,Professional Skill Development: Customer Service; Professional Skill Development: Communication
720,Employee #720,Sales,Sales Executive,4577.0,No,0.6526,HIGH,58.9,MEDIUM,"Lead Generation, Negotiation, Salesforce, Excel","CRM Software, Communication",2,Professional Skill Development: CRM Software; Professional Skill Development: Communication
721,Employee #721,Research & Development,Healthcare Representative,4553.0,No,0.0419,LOW,62.49,MEDIUM,"EMR Software, Communication","Patient Care, Medical Records, Customer Service",3,Professional Skill Development: Patient Care; Professional Skill Development: Medical Records
722,Employee #722,Sales,Sales Executive,5396.0,No,0.0211,LOW,70.63,MEDIUM,"Salesforce, Communication, Lead Generation, Negotiation","CRM Software, Excel",2,Professional Skill Development: CRM Software; Professional Skill Development: Excel
723,Employee #723,Sales,Sales Executive,6796.0,Yes,0.4109,MEDIUM,62.89,MEDIUM,"Lead Generation, CRM Software, Communication, Excel","Salesforce, Negotiation",2,Salesforce CRM Administrator & Cloud Management; Professional Skill Development: Negotiation
724,Employee #724,Research & Development,Healthcare Representative,7625.0,No,0.0028,LOW,85.86,HIGH,"Medical Records, Customer Service, Patient Care","EMR Software, Communication",2,Healthcare Electronic Medical Records Administration; Professional Skill Development: Communication
725,Employee #725,Research & Development,Manufacturing Director,7412.0,No,0.0082,LOW,63.59,MEDIUM,"Supply Chain, ERP, Operations Management","Budgeting, Lean Six Sigma",2,Professional Skill Development: Budgeting; Lean Six Sigma Green Belt Enterprise Certification
727,Employee #727,Research & Development,Research Director,11159.0,No,0.0048,LOW,91.63,HIGH,"Python, Leadership","R&D Strategy, Grant Writing, Data Analysis",3,Professional Skill Development: R&D Strategy; Research Grant Writing & Innovation Funding Workshop
728,Employee #728,Sales,Sales Executive,4960.0,No,0.0287,LOW,87.86,HIGH,"Lead Generation, Negotiation, Communication, Salesforce","CRM Software, Excel",2,Professional Skill Development: CRM Software; Professional Skill Development: Excel
729,Employee #729,Sales,Sales Executive,10475.0,Yes,0.1251,LOW,91.16,HIGH,"Negotiation, Salesforce, Excel","CRM Software, Communication, Lead Generation",3,Professional Skill Development: CRM Software; Professional Skill Development: Communication
730,Employee #730,Research & Development,Research Director,14814.0,No,0.0005,LOW,56.1,MEDIUM,"R&D Strategy, Data Analysis","Grant Writing, Python, Leadership",3,Research Grant Writing & Innovation Funding Workshop; Advanced Python Programming & Data Science Masterclass
731,Employee #731,Human Resources,Manager,19141.0,No,0.209,LOW,57.08,MEDIUM,"Leadership, Budgeting","Project Management, Strategic Planning, Performance Management",3,Professional Skill Development: Project Management; Executive Leadership & Strategic Workforce Planning
732,Employee #732,Sales,Sales Executive,5405.0,No,0.3837,MEDIUM,80.09,HIGH,"Negotiation, Lead Generation, Communication, CRM Software, Salesforce",Excel,1,Professional Skill Development: Excel
733,Employee #733,Research & Development,Manufacturing Director,8793.0,No,0.0246,LOW,90.76,HIGH,"Supply Chain, Operations Management","ERP, Budgeting, Lean Six Sigma",3,Professional Skill Development: ERP; Professional Skill Development: Budgeting
734,Employee #734,Human Resources,Manager,19189.0,No,0.0085,LOW,62.37,MEDIUM,"Performance Management, Project Management, Budgeting","Leadership, Strategic Planning",2,Professional Skill Development: Leadership; Executive Leadership & Strategic Workforce Planning
738,Employee #738,Sales,Sales Representative,3875.0,No,0.1219,LOW,87.57,HIGH,"Communication, Cold Calling, Salesforce","Customer Service, CRM",2,Professional Skill Development: Customer Service; Professional Skill Development: CRM
741,Employee #741,Research & Development,Research Scientist,2216.0,Yes,0.609,HIGH,57.62,MEDIUM,"Python, Data Analysis, Lab Equipment","Statistics, R, Machine Learning",3,Professional Skill Development: Statistics; Statistical Computing & Data Visualization in R
742,Employee #742,Research & Development,Research Director,11713.0,No,0.0194,LOW,55.03,MEDIUM,"Data Analysis, R&D Strategy, Python, Leadership",Grant Writing,1,Research Grant Writing & Innovation Funding Workshop
743,Employee #743,Research & Development,Manufacturing Director,7861.0,Yes,0.1111,LOW,82.62,HIGH,"Budgeting, ERP, Supply Chain","Operations Management, Lean Six Sigma",2,Professional Skill Development: Operations Management; Lean Six Sigma Green Belt Enterprise Certification
744,Employee #744,Research & Development,Laboratory Technician,3708.0,No,0.2645,MEDIUM,72.32,MEDIUM,"Sample Preparation, Quality Control, Lab Safety","Data Entry, Excel",2,Professional Skill Development: Data Entry; Professional Skill Development: Excel
746,Employee #746,Sales,Sales Executive,13770.0,Yes,0.2869,MEDIUM,66.5,MEDIUM,"Salesforce, Negotiation, Excel","CRM Software, Communication, Lead Generation",3,Professional Skill Development: CRM Software; Professional Skill Development: Communication
747,Employee #747,Sales,Sales Executive,5304.0,No,0.2131,LOW,88.74,HIGH,"Excel, CRM Software, Salesforce","Negotiation, Communication, Lead Generation",3,Professional Skill Development: Negotiation; Professional Skill Development: Communication
749,Employee #749,Sales,Sales Representative,2642.0,No,0.2215,LOW,67.52,MEDIUM,"Salesforce, Customer Service, Communication","Cold Calling, CRM",2,Professional Skill Development: Cold Calling; Professional Skill Development: CRM
752,Employee #752,Research & Development,Research Scientist,2759.0,Yes,0.2684,MEDIUM,84.3,HIGH,"R, Lab Equipment, Machine Learning, Python","Data Analysis, Statistics",2,Professional Skill Development: Data Analysis; Professional Skill Development: Statistics
754,Employee #754,Sales,Sales Executive,6804.0,No,0.0501,LOW,72.3,MEDIUM,"Negotiation, Communication, Lead Generation, CRM Software","Salesforce, Excel",2,Salesforce CRM Administrator & Cloud Management; Professional Skill Development: Excel
757,Employee #757,Research & Development,Healthcare Representative,6142.0,No,0.0381,LOW,61.19,MEDIUM,"Communication, Customer Service","Patient Care, Medical Records, EMR Software",3,Professional Skill Development: Patient Care; Professional Skill Development: Medical Records
758,Employee #758,Research & Development,Laboratory Technician,2500.0,No,0.1116,LOW,77.65,HIGH,"Data Entry, Sample Preparation, Excel, Lab Safety",Quality Control,1,Six Sigma Quality Assurance & Process Improvement
760,Employee #760,Human Resources,Human Resources,6389.0,No,0.1832,LOW,77.1,HIGH,"Compliance, HRIS, Recruiting","Employee Relations, Payroll, Workday",3,Professional Skill Development: Employee Relations; Professional Skill Development: Payroll
762,Employee #762,Research & Development,Healthcare Representative,11103.0,No,0.0046,LOW,91.48,HIGH,"Medical Records, Communication","Patient Care, Customer Service, EMR Software",3,Professional Skill Development: Patient Care; Professional Skill Development: Customer Service
763,Employee #763,Research & Development,Research Scientist,2342.0,Yes,0.0758,LOW,92.59,HIGH,"Python, Machine Learning, Statistics","Data Analysis, R, Lab Equipment",3,Professional Skill Development: Data Analysis; Statistical Computing & Data Visualization in R
764,Employee #764,Research & Development,Healthcare Representative,6811.0,No,0.2053,LOW,72.12,MEDIUM,"Customer Service, Patient Care","Medical Records, EMR Software, Communication",3,Professional Skill Development: Medical Records; Healthcare Electronic Medical Records Administration
766,Employee #766,Sales,Sales Representative,2297.0,No,0.0547,LOW,76.66,HIGH,"Customer Service, Cold Calling, CRM, Communication",Salesforce,1,Salesforce CRM Administrator & Cloud Management
769,Employee #769,Research & Development,Laboratory Technician,2450.0,No,0.0093,LOW,84.95,HIGH,"Quality Control, Excel","Lab Safety, Sample Preparation, Data Entry",3,ISO Certified Laboratory Safety & Bio-hazard Compliance; Professional Skill Development: Sample Preparation
771,Employee #771,Research & Development,Healthcare Representative,5093.0,No,0.0027,LOW,79.18,HIGH,"Communication, EMR Software, Customer Service, Medical Records",Patient Care,1,Professional Skill Development: Patient Care
772,Employee #772,Research & Development,Laboratory Technician,5309.0,No,0.1435,LOW,76.75,HIGH,"Data Entry, Excel, Sample Preparation","Lab Safety, Quality Control",2,ISO Certified Laboratory Safety & Bio-hazard Compliance; Six Sigma Quality Assurance & Process Improvement
773,Employee #773,Research & Development,Research Scientist,3057.0,Yes,0.4427,MEDIUM,66.41,MEDIUM,"Python, Machine Learning, Data Analysis, R","Statistics, Lab Equipment",2,Professional Skill Development: Statistics; Professional Skill Development: Lab Equipment
775,Employee #775,Research & Development,Manufacturing Director,5121.0,No,0.0657,LOW,74.61,MEDIUM,"Operations Management, ERP, Lean Six Sigma","Supply Chain, Budgeting",2,Global Supply Chain Operations & Logistics Architecture; Professional Skill Development: Budgeting
776,Employee #776,Sales,Manager,16856.0,No,0.0029,LOW,89.09,HIGH,"Performance Management, Project Management, Budgeting","Leadership, Strategic Planning",2,Professional Skill Development: Leadership; Executive Leadership & Strategic Workforce Planning
780,Employee #780,Research & Development,Research Scientist,2686.0,Yes,0.0564,LOW,83.19,HIGH,"Python, Statistics, Machine Learning, R","Data Analysis, Lab Equipment",2,Professional Skill Development: Data Analysis; Professional Skill Development: Lab Equipment
781,Employee #781,Sales,Sales Executive,6180.0,No,0.1095,LOW,79.64,HIGH,"CRM Software, Salesforce, Communication","Negotiation, Lead Generation, Excel",3,Professional Skill Development: Negotiation; B2B Digital Marketing & Modern Sales Pipelines
783,Employee #783,Sales,Sales Representative,6632.0,No,0.4587,MEDIUM,78.27,HIGH,"Salesforce, Customer Service","Cold Calling, Communication, CRM",3,Professional Skill Development: Cold Calling; Professional Skill Development: Communication
784,Employee #784,Research & Development,Research Scientist,3505.0,No,0.0776,LOW,80.93,HIGH,"Data Analysis, Python, Statistics","R, Machine Learning, Lab Equipment",3,Statistical Computing & Data Visualization in R; Applied Machine Learning & MLOps Specialization
785,Employee #785,Sales,Sales Executive,6397.0,Yes,0.6252,HIGH,75.81,HIGH,"Lead Generation, Salesforce, CRM Software","Negotiation, Communication, Excel",3,Professional Skill Development: Negotiation; Professional Skill Development: Communication
786,Employee #786,Sales,Sales Executive,6274.0,No,0.009,LOW,77.35,HIGH,"Salesforce, Communication, Excel, Negotiation","CRM Software, Lead Generation",2,Professional Skill Development: CRM Software; B2B Digital Marketing & Modern Sales Pipelines
787,Employee #787,Research & Development,Manager,19859.0,Yes,0.0258,LOW,81.82,HIGH,"Leadership, Strategic Planning, Performance Management","Project Management, Budgeting",2,Professional Skill Development: Project Management; Professional Skill Development: Budgeting
789,Employee #789,Sales,Sales Executive,7587.0,No,0.085,LOW,94.52,HIGH,"Salesforce, Communication, Excel","CRM Software, Negotiation, Lead Generation",3,Professional Skill Development: CRM Software; Professional Skill Development: Negotiation
791,Employee #791,Research & Development,Research Scientist,4258.0,No,0.0022,LOW,63.23,MEDIUM,"Python, Statistics, Lab Equipment","Data Analysis, R, Machine Learning",3,Professional Skill Development: Data Analysis; Statistical Computing & Data Visualization in R
792,Employee #792,Research & Development,Laboratory Technician,4364.0,No,0.5672,HIGH,82.46,HIGH,"Sample Preparation, Quality Control, Lab Safety","Data Entry, Excel",2,Professional Skill Development: Data Entry; Professional Skill Development: Excel
793,Employee #793,Research & Development,Healthcare Representative,4335.0,No,0.0859,LOW,75.52,HIGH,"Patient Care, EMR Software, Customer Service","Medical Records, Communication",2,Professional Skill Development: Medical Records; Professional Skill Development: Communication
796,Employee #796,Sales,Sales Executive,5326.0,No,0.6381,HIGH,92.97,HIGH,"Lead Generation, Communication, CRM Software","Salesforce, Negotiation, Excel",3,Salesforce CRM Administrator & Cloud Management; Professional Skill Development: Negotiation
797,Employee #797,Research & Development,Research Scientist,3280.0,No,0.0175,LOW,90.45,HIGH,"Python, Machine Learning, Data Analysis","Statistics, R, Lab Equipment",3,Professional Skill Development: Statistics; Statistical Computing & Data Visualization in R
799,Employee #799,Research & Development,Manufacturing Director,5485.0,Yes,0.1201,LOW,79.66,HIGH,"Supply Chain, ERP","Operations Management, Budgeting, Lean Six Sigma",3,Professional Skill Development: Operations Management; Professional Skill Development: Budgeting
800,Employee #800,Sales,Sales Executive,4342.0,No,0.0987,LOW,75.44,HIGH,"Lead Generation, Excel, CRM Software, Salesforce","Negotiation, Communication",2,Professional Skill Development: Negotiation; Professional Skill Development: Communication
802,Employee #802,Research & Development,Research Scientist,2782.0,Yes,0.0946,LOW,91.04,HIGH,"R, Lab Equipment, Machine Learning","Python, Data Analysis, Statistics",3,Advanced Python Programming & Data Science Masterclass; Professional Skill Development: Data Analysis
803,Employee #803,Research & Development,Manufacturing Director,5980.0,Yes,0.3387,MEDIUM,82.77,HIGH,"Budgeting, Operations Management, ERP","Supply Chain, Lean Six Sigma",2,Global Supply Chain Operations & Logistics Architecture; Lean Six Sigma Green Belt Enterprise Certification
804,Employee #804,Research & Development,Research Scientist,4381.0,No,0.0552,LOW,61.99,MEDIUM,"Lab Equipment, Data Analysis, Machine Learning, R, Python",Statistics,1,Professional Skill Development: Statistics
805,Employee #805,Sales,Sales Representative,2572.0,No,0.2199,LOW,73.01,MEDIUM,"Salesforce, Cold Calling","Customer Service, Communication, CRM",3,Professional Skill Development: Customer Service; Professional Skill Development: Communication
806,Employee #806,Research & Development,Laboratory Technician,3833.0,No,0.0845,LOW,72.53,MEDIUM,"Quality Control, Sample Preparation","Lab Safety, Data Entry, Excel",3,ISO Certified Laboratory Safety & Bio-hazard Compliance; Professional Skill Development: Data Entry
807,Employee #807,Research & Development,Healthcare Representative,4244.0,No,0.0032,LOW,86.31,HIGH,"Communication, Patient Care","Medical Records, Customer Service, EMR Software",3,Professional Skill Development: Medical Records; Professional Skill Development: Customer Service
808,Employee #808,Sales,Sales Executive,6500.0,No,0.1273,LOW,87.84,HIGH,"Salesforce, Excel, Communication","CRM Software, Negotiation, Lead Generation",3,Professional Skill Development: CRM Software; Professional Skill Development: Negotiation
809,Employee #809,Research & Development,Manager,18430.0,No,0.128,LOW,60.19,MEDIUM,"Project Management, Strategic Planning, Leadership","Budgeting, Performance Management",2,Professional Skill Development: Budgeting; Professional Skill Development: Performance Management
811,Employee #811,Research & Development,Laboratory Technician,1601.0,Yes,0.5171,HIGH,68.19,MEDIUM,"Excel, Sample Preparation, Quality Control","Lab Safety, Data Entry",2,ISO Certified Laboratory Safety & Bio-hazard Compliance; Professional Skill Development: Data Entry
812,Employee #812,Research & Development,Laboratory Technician,2694.0,No,0.0526,LOW,63.16,MEDIUM,"Sample Preparation, Lab Safety, Data Entry","Quality Control, Excel",2,Six Sigma Quality Assurance & Process Improvement; Professional Skill Development: Excel
813,Employee #813,Research & Development,Laboratory Technician,3149.0,No,0.0365,LOW,70.09,MEDIUM,"Quality Control, Excel","Lab Safety, Sample Preparation, Data Entry",3,ISO Certified Laboratory Safety & Bio-hazard Compliance; Professional Skill Development: Sample Preparation
815,Employee #815,Research & Development,Research Director,17639.0,No,0.0008,LOW,63.89,MEDIUM,"Grant Writing, Leadership, R&D Strategy","Data Analysis, Python",2,Professional Skill Development: Data Analysis; Advanced Python Programming & Data Science Masterclass
816,Employee #816,Research & Development,Laboratory Technician,2319.0,Yes,0.7167,HIGH,93.83,HIGH,"Lab Safety, Data Entry, Quality Control","Sample Preparation, Excel",2,Professional Skill Development: Sample Preparation; Professional Skill Development: Excel
817,Employee #817,Research & Development,Research Director,11691.0,No,0.0017,LOW,60.8,MEDIUM,"Python, R&D Strategy, Leadership, Grant Writing",Data Analysis,1,Professional Skill Development: Data Analysis
819,Employee #819,Sales,Sales Executive,5324.0,No,0.67,HIGH,62.03,MEDIUM,"Salesforce, Negotiation, Excel, Lead Generation","CRM Software, Communication",2,Professional Skill Development: CRM Software; Professional Skill Development: Communication
820,Employee #820,Research & Development,Manager,16752.0,Yes,0.0056,LOW,56.93,MEDIUM,"Project Management, Performance Management, Budgeting","Leadership, Strategic Planning",2,Professional Skill Development: Leadership; Executive Leadership & Strategic Workforce Planning
823,Employee #823,Research & Development,Manufacturing Director,5228.0,No,0.0029,LOW,70.71,MEDIUM,"ERP, Supply Chain","Operations Management, Budgeting, Lean Six Sigma",3,Professional Skill Development: Operations Management; Professional Skill Development: Budgeting
824,Employee #824,Research & Development,Research Scientist,2700.0,No,0.0036,LOW,88.7,HIGH,"Statistics, Data Analysis, Machine Learning, R","Python, Lab Equipment",2,Advanced Python Programming & Data Science Masterclass; Professional Skill Development: Lab Equipment
825,Employee #825,Research & Development,Research Director,19246.0,Yes,0.0401,LOW,68.2,MEDIUM,"Grant Writing, Python","R&D Strategy, Data Analysis, Leadership",3,Professional Skill Development: R&D Strategy; Professional Skill Development: Data Analysis
826,Employee #826,Research & Development,Research Scientist,2506.0,No,0.0139,LOW,59.48,MEDIUM,"Machine Learning, Data Analysis, Statistics","Python, R, Lab Equipment",3,Advanced Python Programming & Data Science Masterclass; Statistical Computing & Data Visualization in R
827,Employee #827,Research & Development,Manufacturing Director,6062.0,Yes,0.0511,LOW,74.75,MEDIUM,"ERP, Lean Six Sigma, Budgeting, Supply Chain",Operations Management,1,Professional Skill Development: Operations Management
828,Employee #828,Research & Development,Research Scientist,4382.0,No,0.0848,LOW,77.18,HIGH,"Lab Equipment, Statistics, Data Analysis","Python, R, Machine Learning",3,Advanced Python Programming & Data Science Masterclass; Statistical Computing & Data Visualization in R
829,Employee #829,Human Resources,Human Resources,2143.0,No,0.1634,LOW,75.49,HIGH,"Compliance, Payroll, Employee Relations, HRIS","Recruiting, Workday",2,Professional Skill Development: Recruiting; Workday Human Capital Management Fundamentals
830,Employee #830,Research & Development,Manufacturing Director,6162.0,No,0.0051,LOW,63.53,MEDIUM,"Lean Six Sigma, Operations Management","Supply Chain, ERP, Budgeting",3,Global Supply Chain Operations & Logistics Architecture; Professional Skill Development: ERP
832,Employee #832,Research & Development,Laboratory Technician,5094.0,No,0.6963,HIGH,58.97,MEDIUM,"Sample Preparation, Quality Control","Lab Safety, Data Entry, Excel",3,ISO Certified Laboratory Safety & Bio-hazard Compliance; Professional Skill Development: Data Entry
833,Employee #833,Research & Development,Manufacturing Director,6877.0,Yes,0.2427,LOW,57.37,MEDIUM,"ERP, Budgeting, Lean Six Sigma","Supply Chain, Operations Management",2,Global Supply Chain Operations & Logistics Architecture; Professional Skill Development: Operations Management
834,Employee #834,Research & Development,Research Scientist,2274.0,No,0.0644,LOW,80.34,HIGH,"Machine Learning, Python, Statistics, Data Analysis","R, Lab Equipment",2,Statistical Computing & Data Visualization in R; Professional Skill Development: Lab Equipment
836,Employee #836,Research & Development,Manufacturing Director,4434.0,No,0.0448,LOW,56.81,MEDIUM,"ERP, Lean Six Sigma, Supply Chain","Operations Management, Budgeting",2,Professional Skill Development: Operations Management; Professional Skill Development: Budgeting
837,Employee #837,Research & Development,Healthcare Representative,6288.0,No,0.2187,LOW,77.14,HIGH,"EMR Software, Communication, Patient Care","Medical Records, Customer Service",2,Professional Skill Development: Medical Records; Professional Skill Development: Customer Service
838,Employee #838,Research & Development,Research Scientist,2553.0,No,0.095,LOW,82.49,HIGH,"Python, Statistics, Data Analysis, Machine Learning","R, Lab Equipment",2,Statistical Computing & Data Visualization in R; Professional Skill Development: Lab Equipment
840,Employee #840,Sales,Sales Executive,7654.0,No,0.007,LOW,94.68,HIGH,"Negotiation, CRM Software, Lead Generation, Salesforce","Communication, Excel",2,Professional Skill Development: Communication; Professional Skill Development: Excel
842,Employee #842,Sales,Sales Executive,5160.0,No,0.053,LOW,56.38,MEDIUM,"Communication, Negotiation, Lead Generation, Salesforce","CRM Software, Excel",2,Professional Skill Development: CRM Software; Professional Skill Development: Excel
843,Employee #843,Research & Development,Research Director,17159.0,No,0.0213,LOW,65.76,MEDIUM,"R&D Strategy, Leadership, Python","Grant Writing, Data Analysis",2,Research Grant Writing & Innovation Funding Workshop; Professional Skill Development: Data Analysis
844,Employee #844,Research & Development,Research Director,12808.0,Yes,0.0367,LOW,55.44,MEDIUM,"Grant Writing, Data Analysis, Python","R&D Strategy, Leadership",2,Professional Skill Development: R&D Strategy; Professional Skill Development: Leadership
845,Employee #845,Research & Development,Manufacturing Director,10221.0,No,0.0069,LOW,62.41,MEDIUM,"Lean Six Sigma, Operations Management, Supply Chain","ERP, Budgeting",2,Professional Skill Development: ERP; Professional Skill Development: Budgeting
846,Employee #846,Sales,Sales Executive,4779.0,Yes,0.5529,HIGH,64.03,MEDIUM,"Negotiation, Communication, CRM Software","Salesforce, Lead Generation, Excel",3,Salesforce CRM Administrator & Cloud Management; B2B Digital Marketing & Modern Sales Pipelines
847,Employee #847,Human Resources,Human Resources,3737.0,No,0.077,LOW,90.29,HIGH,"Workday, Recruiting, HRIS","Employee Relations, Payroll, Compliance",3,Professional Skill Development: Employee Relations; Professional Skill Development: Payroll
848,Employee #848,Research & Development,Research Scientist,2366.0,Yes,0.1576,LOW,85.92,HIGH,"Lab Equipment, Statistics, Data Analysis","Python, R, Machine Learning",3,Advanced Python Programming & Data Science Masterclass; Statistical Computing & Data Visualization in R
850,Employee #850,Research & Development,Research Scientist,1706.0,No,0.0051,LOW,76.52,HIGH,"Data Analysis, Statistics, R","Python, Machine Learning, Lab Equipment",3,Advanced Python Programming & Data Science Masterclass; Applied Machine Learning & MLOps Specialization
851,Employee #851,Sales,Manager,16307.0,No,0.0135,LOW,81.22,HIGH,"Project Management, Leadership, Budgeting","Strategic Planning, Performance Management",2,Executive Leadership & Strategic Workforce Planning; Professional Skill Development: Performance Management
852,Employee #852,Research & Development,Healthcare Representative,5933.0,No,0.0666,LOW,57.37,MEDIUM,"Patient Care, Medical Records, Customer Service","EMR Software, Communication",2,Healthcare Electronic Medical Records Administration; Professional Skill Development: Communication
854,Employee #854,Research & Development,Research Scientist,3424.0,No,0.3899,MEDIUM,74.92,MEDIUM,"R, Data Analysis, Statistics, Python, Lab Equipment",Machine Learning,1,Applied Machine Learning & MLOps Specialization
855,Employee #855,Sales,Sales Executive,4037.0,No,0.0176,LOW,72.8,MEDIUM,"Negotiation, Salesforce, Communication, CRM Software","Lead Generation, Excel",2,B2B Digital Marketing & Modern Sales Pipelines; Professional Skill Development: Excel
856,Employee #856,Research & Development,Research Scientist,2559.0,No,0.1427,LOW,87.61,HIGH,"Statistics, Machine Learning, Python","Data Analysis, R, Lab Equipment",3,Professional Skill Development: Data Analysis; Statistical Computing & Data Visualization in R
857,Employee #857,Sales,Sales Executive,6201.0,Yes,0.0262,LOW,75.11,HIGH,"Salesforce, CRM Software, Communication, Negotiation","Lead Generation, Excel",2,B2B Digital Marketing & Modern Sales Pipelines; Professional Skill Development: Excel
859,Employee #859,Sales,Sales Executive,4403.0,No,0.089,LOW,84.14,HIGH,"Negotiation, CRM Software, Communication, Lead Generation","Salesforce, Excel",2,Salesforce CRM Administrator & Cloud Management; Professional Skill Development: Excel
861,Employee #861,Research & Development,Research Scientist,3761.0,No,0.2116,LOW,81.68,HIGH,"Python, Lab Equipment, R","Data Analysis, Statistics, Machine Learning",3,Professional Skill Development: Data Analysis; Professional Skill Development: Statistics
862,Employee #862,Sales,Sales Executive,10934.0,Yes,0.0473,LOW,64.71,MEDIUM,"Negotiation, Lead Generation, Salesforce, Communication","CRM Software, Excel",2,Professional Skill Development: CRM Software; Professional Skill Development: Excel
864,Employee #864,Sales,Sales Executive,10761.0,Yes,0.151,LOW,63.8,MEDIUM,"Communication, Negotiation, Excel","CRM Software, Salesforce, Lead Generation",3,Professional Skill Development: CRM Software; Salesforce CRM Administrator & Cloud Management
865,Employee #865,Research & Development,Research Scientist,5175.0,No,0.0173,LOW,70.54,MEDIUM,"Statistics, Python, R, Lab Equipment","Data Analysis, Machine Learning",2,Professional Skill Development: Data Analysis; Applied Machine Learning & MLOps Specialization
867,Employee #867,Research & Development,Manufacturing Director,13826.0,No,0.0072,LOW,63.05,MEDIUM,"Lean Six Sigma, Operations Management, Budgeting, ERP",Supply Chain,1,Global Supply Chain Operations & Logistics Architecture
868,Employee #868,Sales,Sales Executive,6334.0,No,0.0719,LOW,90.1,HIGH,"Negotiation, Communication, Excel, CRM Software","Salesforce, Lead Generation",2,Salesforce CRM Administrator & Cloud Management; B2B Digital Marketing & Modern Sales Pipelines
869,Employee #869,Human Resources,Human Resources,4936.0,No,0.0189,LOW,68.28,MEDIUM,"Payroll, Employee Relations, Workday, Compliance","HRIS, Recruiting",2,Modern HRIS Technology & HR Analytics Management; Professional Skill Development: Recruiting
872,Employee #872,Research & Development,Manufacturing Director,4775.0,No,0.0793,LOW,75.07,HIGH,"Operations Management, Budgeting, Lean Six Sigma","Supply Chain, ERP",2,Global Supply Chain Operations & Logistics Architecture; Professional Skill Development: ERP
874,Employee #874,Research & Development,Laboratory Technician,2818.0,Yes,0.2266,LOW,67.58,MEDIUM,"Data Entry, Quality Control","Lab Safety, Sample Preparation, Excel",3,ISO Certified Laboratory Safety & Bio-hazard Compliance; Professional Skill Development: Sample Preparation
875,Employee #875,Research & Development,Research Scientist,2515.0,Yes,0.307,MEDIUM,79.55,HIGH,"Statistics, Machine Learning, Data Analysis","Python, R, Lab Equipment",3,Advanced Python Programming & Data Science Masterclass; Statistical Computing & Data Visualization in R
878,Employee #878,Human Resources,Human Resources,2342.0,No,0.1367,LOW,70.05,MEDIUM,"Recruiting, Payroll, HRIS","Employee Relations, Compliance, Workday",3,Professional Skill Development: Employee Relations; Professional Skill Development: Compliance
879,Employee #879,Sales,Sales Executive,4194.0,Yes,0.2125,LOW,76.69,HIGH,"CRM Software, Negotiation, Salesforce, Lead Generation","Communication, Excel",2,Professional Skill Development: Communication; Professional Skill Development: Excel
880,Employee #880,Research & Development,Manufacturing Director,10685.0,Yes,0.0158,LOW,68.26,MEDIUM,"Operations Management, Supply Chain, ERP","Budgeting, Lean Six Sigma",2,Professional Skill Development: Budgeting; Lean Six Sigma Green Belt Enterprise Certification
881,Employee #881,Research & Development,Research Scientist,2022.0,Yes,0.4869,MEDIUM,62.68,MEDIUM,"R, Machine Learning, Python","Data Analysis, Statistics, Lab Equipment",3,Professional Skill Development: Data Analysis; Professional Skill Development: Statistics
882,Employee #882,Research & Development,Laboratory Technician,2314.0,No,0.013,LOW,89.83,HIGH,"Excel, Sample Preparation, Quality Control","Lab Safety, Data Entry",2,ISO Certified Laboratory Safety & Bio-hazard Compliance; Professional Skill Development: Data Entry
885,Employee #885,Sales,Sales Executive,4256.0,No,0.2698,MEDIUM,90.39,HIGH,"Salesforce, Negotiation, Excel","CRM Software, Communication, Lead Generation",3,Professional Skill Development: CRM Software; Professional Skill Development: Communication
887,Employee #887,Research & Development,Research Scientist,3580.0,No,0.017,LOW,90.6,HIGH,"Python, Lab Equipment, R, Data Analysis","Statistics, Machine Learning",2,Professional Skill Development: Statistics; Applied Machine Learning & MLOps Specialization
888,Employee #888,Research & Development,Laboratory Technician,3162.0,No,0.0754,LOW,82.77,HIGH,"Data Entry, Lab Safety","Sample Preparation, Quality Control, Excel",3,Professional Skill Development: Sample Preparation; Six Sigma Quality Assurance & Process Improvement
889,Employee #889,Sales,Sales Executive,6524.0,No,0.1072,LOW,79.06,HIGH,"Negotiation, CRM Software, Excel","Salesforce, Communication, Lead Generation",3,Salesforce CRM Administrator & Cloud Management; Professional Skill Development: Communication
893,Employee #893,Sales,Sales Representative,2899.0,No,0.1913,LOW,86.68,HIGH,"Customer Service, Communication","Cold Calling, Salesforce, CRM",3,Professional Skill Development: Cold Calling; Salesforce CRM Administrator & Cloud Management
894,Employee #894,Research & Development,Laboratory Technician,5231.0,Yes,0.0654,LOW,67.62,MEDIUM,"Sample Preparation, Lab Safety","Quality Control, Data Entry, Excel",3,Six Sigma Quality Assurance & Process Improvement; Professional Skill Development: Data Entry
895,Employee #895,Research & Development,Research Scientist,2356.0,Yes,0.0527,LOW,86.13,HIGH,"Python, Data Analysis, Machine Learning","Statistics, R, Lab Equipment",3,Professional Skill Development: Statistics; Statistical Computing & Data Visualization in R
896,Employee #896,Sales,Sales Representative,2800.0,Yes,0.4625,MEDIUM,76.19,HIGH,"Salesforce, Communication, CRM","Cold Calling, Customer Service",2,Professional Skill Development: Cold Calling; Professional Skill Development: Customer Service
897,Employee #897,Sales,Sales Executive,11836.0,No,0.0129,LOW,76.35,HIGH,"Negotiation, Excel, Communication","CRM Software, Salesforce, Lead Generation",3,Professional Skill Development: CRM Software; Salesforce CRM Administrator & Cloud Management
899,Employee #899,Research & Development,Manufacturing Director,10903.0,No,0.0912,LOW,92.29,HIGH,"Supply Chain, Budgeting, Operations Management","ERP, Lean Six Sigma",2,Professional Skill Development: ERP; Lean Six Sigma Green Belt Enterprise Certification
900,Employee #900,Sales,Sales Representative,2973.0,No,0.1833,LOW,80.14,HIGH,"Salesforce, Customer Service, Communication, CRM",Cold Calling,1,Professional Skill Development: Cold Calling
901,Employee #901,Research & Development,Research Director,14275.0,No,0.0027,LOW,93.58,HIGH,"Data Analysis, Grant Writing, Leadership","R&D Strategy, Python",2,Professional Skill Development: R&D Strategy; Advanced Python Programming & Data Science Masterclass
902,Employee #902,Research & Development,Healthcare Representative,5562.0,No,0.018,LOW,67.04,MEDIUM,"Medical Records, Customer Service, Communication","Patient Care, EMR Software",2,Professional Skill Development: Patient Care; Healthcare Electronic Medical Records Administration
903,Employee #903,Sales,Sales Executive,4537.0,Yes,0.1022,LOW,59.79,MEDIUM,"Communication, Negotiation, CRM Software, Excel","Salesforce, Lead Generation",2,Salesforce CRM Administrator & Cloud Management; B2B Digital Marketing & Modern Sales Pipelines
904,Employee #904,Sales,Sales Executive,7642.0,Yes,0.257,MEDIUM,82.43,HIGH,"Communication, Excel, CRM Software, Lead Generation","Salesforce, Negotiation",2,Salesforce CRM Administrator & Cloud Management; Professional Skill Development: Negotiation
905,Employee #905,Research & Development,Manager,17924.0,No,0.0143,LOW,60.68,MEDIUM,"Leadership, Budgeting","Project Management, Strategic Planning, Performance Management",3,Professional Skill Development: Project Management; Executive Leadership & Strategic Workforce Planning
909,Employee #909,Human Resources,Human Resources,5204.0,No,0.0135,LOW,61.72,MEDIUM,"Compliance, Recruiting, HRIS","Employee Relations, Payroll, Workday",3,Professional Skill Development: Employee Relations; Professional Skill Development: Payroll
910,Employee #910,Human Resources,Human Resources,2277.0,Yes,0.1502,LOW,77.66,HIGH,"Payroll, Recruiting, Workday, HRIS","Employee Relations, Compliance",2,Professional Skill Development: Employee Relations; Professional Skill Development: Compliance
911,Employee #911,Research & Development,Laboratory Technician,2795.0,Yes,0.9507,HIGH,60.05,MEDIUM,"Sample Preparation, Excel, Data Entry","Lab Safety, Quality Control",2,ISO Certified Laboratory Safety & Bio-hazard Compliance; Six Sigma Quality Assurance & Process Improvement
912,Employee #912,Research & Development,Laboratory Technician,2532.0,No,0.0498,LOW,92.21,HIGH,"Quality Control, Excel, Sample Preparation, Data Entry",Lab Safety,1,ISO Certified Laboratory Safety & Bio-hazard Compliance
913,Employee #913,Research & Development,Research Scientist,2559.0,Yes,0.324,MEDIUM,61.71,MEDIUM,"Data Analysis, Statistics, Lab Equipment","Python, R, Machine Learning",3,Advanced Python Programming & Data Science Masterclass; Statistical Computing & Data Visualization in R
916,Employee #916,Sales,Sales Executive,4908.0,No,0.1578,LOW,60.18,MEDIUM,"Lead Generation, Communication, Salesforce, CRM Software","Negotiation, Excel",2,Professional Skill Development: Negotiation; Professional Skill Development: Excel
918,Employee #918,Research & Development,Laboratory Technician,2380.0,Yes,0.5863,HIGH,58.43,MEDIUM,"Quality Control, Excel, Lab Safety","Sample Preparation, Data Entry",2,Professional Skill Development: Sample Preparation; Professional Skill Development: Data Entry
920,Employee #920,Research & Development,Manufacturing Director,4765.0,No,0.0626,LOW,62.77,MEDIUM,"ERP, Operations Management, Lean Six Sigma","Supply Chain, Budgeting",2,Global Supply Chain Operations & Logistics Architecture; Professional Skill Development: Budgeting
922,Employee #922,Sales,Sales Representative,2044.0,No,0.3587,MEDIUM,58.96,MEDIUM,"Customer Service, Cold Calling","Salesforce, Communication, CRM",3,Salesforce CRM Administrator & Cloud Management; Professional Skill Development: Communication
923,Employee #923,Research & Development,Research Scientist,2693.0,No,0.0667,LOW,82.72,HIGH,"Statistics, Python, Lab Equipment, Machine Learning","Data Analysis, R",2,Professional Skill Development: Data Analysis; Statistical Computing & Data Visualization in R
924,Employee #924,Research & Development,Healthcare Representative,6586.0,Yes,0.0208,LOW,71.77,MEDIUM,"Communication, Patient Care, Customer Service","Medical Records, EMR Software",2,Professional Skill Development: Medical Records; Healthcare Electronic Medical Records Administration
925,Employee #925,Sales,Sales Representative,3294.0,Yes,0.3609,MEDIUM,61.04,MEDIUM,"Salesforce, Communication, Cold Calling","Customer Service, CRM",2,Professional Skill Development: Customer Service; Professional Skill Development: CRM
926,Employee #926,Research & Development,Manufacturing Director,4171.0,Yes,0.1163,LOW,79.37,HIGH,"Lean Six Sigma, Budgeting, Operations Management","Supply Chain, ERP",2,Global Supply Chain Operations & Logistics Architecture; Professional Skill Development: ERP
927,Employee #927,Research & Development,Laboratory Technician,2778.0,Yes,0.4037,MEDIUM,84.32,HIGH,"Sample Preparation, Lab Safety, Data Entry","Quality Control, Excel",2,Six Sigma Quality Assurance & Process Improvement; Professional Skill Development: Excel
930,Employee #930,Research & Development,Research Scientist,2377.0,No,0.0267,LOW,69.27,MEDIUM,"Data Analysis, Python, Lab Equipment, R","Statistics, Machine Learning",2,Professional Skill Development: Statistics; Applied Machine Learning & MLOps Specialization
932,Employee #932,Research & Development,Laboratory Technician,2404.0,Yes,0.6304,HIGH,76.41,HIGH,"Sample Preparation, Quality Control","Lab Safety, Data Entry, Excel",3,ISO Certified Laboratory Safety & Bio-hazard Compliance; Professional Skill Development: Data Entry
933,Employee #933,Research & Development,Research Scientist,2318.0,No,0.0947,LOW,93.13,HIGH,"Data Analysis, R, Python","Statistics, Machine Learning, Lab Equipment",3,Professional Skill Development: Statistics; Applied Machine Learning & MLOps Specialization
934,Employee #934,Research & Development,Laboratory Technician,2008.0,No,0.1383,LOW,64.61,MEDIUM,"Lab Safety, Sample Preparation, Data Entry, Quality Control",Excel,1,Professional Skill Development: Excel
936,Employee #936,Sales,Sales Executive,6244.0,No,0.1637,LOW,60.78,MEDIUM,"Communication, CRM Software, Negotiation, Salesforce","Lead Generation, Excel",2,B2B Digital Marketing & Modern Sales Pipelines; Professional Skill Development: Excel
939,Employee #939,Research & Development,Research Scientist,2799.0,Yes,0.4618,MEDIUM,92.88,HIGH,"Statistics, Python, Lab Equipment, R","Data Analysis, Machine Learning",2,Professional Skill Development: Data Analysis; Applied Machine Learning & MLOps Specialization
940,Employee #940,Research & Development,Healthcare Representative,10552.0,Yes,0.0134,LOW,92.74,HIGH,"EMR Software, Communication","Patient Care, Medical Records, Customer Service",3,Professional Skill Development: Patient Care; Professional Skill Development: Medical Records
941,Employee #941,Sales,Sales Representative,2329.0,No,0.3001,MEDIUM,76.84,HIGH,"Communication, CRM, Customer Service, Cold Calling",Salesforce,1,Salesforce CRM Administrator & Cloud Management
942,Employee #942,Research & Development,Healthcare Representative,4014.0,Yes,0.0178,LOW,75.34,HIGH,"Medical Records, Customer Service","Patient Care, EMR Software, Communication",3,Professional Skill Development: Patient Care; Healthcare Electronic Medical Records Administration
944,Employee #944,Research & Development,Laboratory Technician,7403.0,No,0.0083,LOW,91.66,HIGH,"Quality Control, Sample Preparation, Data Entry","Lab Safety, Excel",2,ISO Certified Laboratory Safety & Bio-hazard Compliance; Professional Skill Development: Excel
945,Employee #945,Research & Development,Research Scientist,2259.0,No,0.0185,LOW,86.3,HIGH,"Machine Learning, Lab Equipment, Data Analysis, Statistics","Python, R",2,Advanced Python Programming & Data Science Masterclass; Statistical Computing & Data Visualization in R
947,Employee #947,Sales,Sales Executive,6932.0,No,0.0093,LOW,62.44,MEDIUM,"Excel, Negotiation, Communication","CRM Software, Salesforce, Lead Generation",3,Professional Skill Development: CRM Software; Salesforce CRM Administrator & Cloud Management
949,Employee #949,Research & Development,Research Scientist,4678.0,No,0.0146,LOW,84.66,HIGH,"Python, Data Analysis, R, Machine Learning","Statistics, Lab Equipment",2,Professional Skill Development: Statistics; Professional Skill Development: Lab Equipment
950,Employee #950,Research & Development,Research Director,13582.0,No,0.0018,LOW,80.99,HIGH,"Data Analysis, R&D Strategy, Grant Writing","Python, Leadership",2,Advanced Python Programming & Data Science Masterclass; Professional Skill Development: Leadership
951,Employee #951,Research & Development,Laboratory Technician,2332.0,No,0.0921,LOW,94.72,HIGH,"Lab Safety, Excel, Data Entry, Sample Preparation",Quality Control,1,Six Sigma Quality Assurance & Process Improvement
952,Employee #952,Sales,Sales Representative,2413.0,Yes,0.791,HIGH,75.39,HIGH,"Cold Calling, Customer Service","Salesforce, Communication, CRM",3,Salesforce CRM Administrator & Cloud Management; Professional Skill Development: Communication
954,Employee #954,Sales,Sales Executive,9705.0,No,0.3867,MEDIUM,70.41,MEDIUM,"Excel, CRM Software, Negotiation","Salesforce, Communication, Lead Generation",3,Salesforce CRM Administrator & Cloud Management; Professional Skill Development: Communication
956,Employee #956,Sales,Sales Executive,4294.0,No,0.2407,LOW,86.31,HIGH,"Communication, Lead Generation, CRM Software","Salesforce, Negotiation, Excel",3,Salesforce CRM Administrator & Cloud Management; Professional Skill Development: Negotiation
957,Employee #957,Research & Development,Laboratory Technician,4721.0,Yes,0.0433,LOW,67.09,MEDIUM,"Quality Control, Sample Preparation, Data Entry","Lab Safety, Excel",2,ISO Certified Laboratory Safety & Bio-hazard Compliance; Professional Skill Development: Excel
958,Employee #958,Research & Development,Laboratory Technician,2519.0,No,0.0183,LOW,91.43,HIGH,"Sample Preparation, Data Entry, Lab Safety, Quality Control",Excel,1,Professional Skill Development: Excel
959,Employee #959,Sales,Sales Representative,2121.0,Yes,0.9007,HIGH,91.48,HIGH,"CRM, Salesforce, Communication","Cold Calling, Customer Service",2,Professional Skill Development: Cold Calling; Professional Skill Development: Customer Service
960,Employee #960,Research & Development,Laboratory Technician,2973.0,No,0.8556,HIGH,84.31,HIGH,"Lab Safety, Quality Control, Excel","Sample Preparation, Data Entry",2,Professional Skill Development: Sample Preparation; Professional Skill Development: Data Entry
961,Employee #961,Research & Development,Healthcare Representative,5855.0,Yes,0.0586,LOW,93.39,HIGH,"Patient Care, Customer Service, EMR Software","Medical Records, Communication",2,Professional Skill Development: Medical Records; Professional Skill Development: Communication
964,Employee #964,Research & Development,Research Scientist,3617.0,Yes,0.3669,MEDIUM,67.93,MEDIUM,"Data Analysis, Lab Equipment, Statistics","Python, R, Machine Learning",3,Advanced Python Programming & Data Science Masterclass; Statistical Computing & Data Visualization in R
966,Employee #966,Research & Development,Manufacturing Director,6725.0,No,0.0132,LOW,60.44,MEDIUM,"Supply Chain, Operations Management, Lean Six Sigma","ERP, Budgeting",2,Professional Skill Development: ERP; Professional Skill Development: Budgeting
967,Employee #967,Sales,Sales Executive,10325.0,Yes,0.0703,LOW,57.05,MEDIUM,"Excel, Lead Generation, Communication, CRM Software","Salesforce, Negotiation",2,Salesforce CRM Administrator & Cloud Management; Professional Skill Development: Negotiation
969,Employee #969,Research & Development,Healthcare Representative,6949.0,No,0.0347,LOW,84.63,HIGH,"Customer Service, EMR Software","Patient Care, Medical Records, Communication",3,Professional Skill Development: Patient Care; Professional Skill Development: Medical Records
970,Employee #970,Sales,Sales Executive,10609.0,No,0.671,HIGH,82.97,HIGH,"Lead Generation, Communication, Salesforce, Negotiation","CRM Software, Excel",2,Professional Skill Development: CRM Software; Professional Skill Development: Excel
972,Employee #972,Research & Development,Laboratory Technician,4447.0,No,0.0093,LOW,77.94,HIGH,"Quality Control, Sample Preparation","Lab Safety, Data Entry, Excel",3,ISO Certified Laboratory Safety & Bio-hazard Compliance; Professional Skill Development: Data Entry
974,Employee #974,Sales,Sales Representative,2157.0,No,0.2295,LOW,59.56,MEDIUM,"Salesforce, CRM, Communication","Cold Calling, Customer Service",2,Professional Skill Development: Cold Calling; Professional Skill Development: Customer Service
975,Employee #975,Sales,Sales Executive,4601.0,No,0.0514,LOW,87.99,HIGH,"Excel, CRM Software, Lead Generation","Salesforce, Negotiation, Communication",3,Salesforce CRM Administrator & Cloud Management; Professional Skill Development: Negotiation
976,Employee #976,Research & Development,Manager,17099.0,No,0.0021,LOW,69.66,MEDIUM,"Budgeting, Performance Management, Project Management, Leadership",Strategic Planning,1,Executive Leadership & Strategic Workforce Planning
977,Employee #977,Research & Development,Research Scientist,2479.0,No,0.0548,LOW,84.46,HIGH,"Lab Equipment, R, Data Analysis, Python","Statistics, Machine Learning",2,Professional Skill Development: Statistics; Applied Machine Learning & MLOps Specialization
981,Employee #981,Sales,Manager,14852.0,No,0.0317,LOW,73.81,MEDIUM,"Project Management, Performance Management, Strategic Planning","Leadership, Budgeting",2,Professional Skill Development: Leadership; Professional Skill Development: Budgeting
982,Employee #982,Sales,Sales Executive,7264.0,No,0.0776,LOW,71.99,MEDIUM,"Excel, Communication, Negotiation, CRM Software","Salesforce, Lead Generation",2,Salesforce CRM Administrator & Cloud Management; B2B Digital Marketing & Modern Sales Pipelines
983,Employee #983,Sales,Sales Executive,5666.0,Yes,0.2824,MEDIUM,66.23,MEDIUM,"Salesforce, Excel, Lead Generation","CRM Software, Negotiation, Communication",3,Professional Skill Development: CRM Software; Professional Skill Development: Negotiation
984,Employee #984,Sales,Sales Executive,7823.0,No,0.0076,LOW,65.81,MEDIUM,"CRM Software, Salesforce, Excel","Negotiation, Communication, Lead Generation",3,Professional Skill Development: Negotiation; Professional Skill Development: Communication
985,Employee #985,Sales,Sales Executive,7880.0,No,0.015,LOW,88.34,HIGH,"Excel, Communication, Negotiation, Salesforce, Lead Generation",CRM Software,1,Professional Skill Development: CRM Software
986,Employee #986,Sales,Sales Executive,13194.0,Yes,0.1886,LOW,60.88,MEDIUM,"Excel, CRM Software, Lead Generation, Communication","Salesforce, Negotiation",2,Salesforce CRM Administrator & Cloud Management; Professional Skill Development: Negotiation
987,Employee #987,Research & Development,Manufacturing Director,5067.0,Yes,0.0066,LOW,71.82,MEDIUM,"Operations Management, Lean Six Sigma, Supply Chain","ERP, Budgeting",2,Professional Skill Development: ERP; Professional Skill Development: Budgeting
990,Employee #990,Sales,Sales Executive,5079.0,No,0.007,LOW,74.0,MEDIUM,"CRM Software, Excel, Salesforce","Negotiation, Communication, Lead Generation",3,Professional Skill Development: Negotiation; Professional Skill Development: Communication
991,Employee #991,Research & Development,Research Scientist,2321.0,Yes,0.5253,HIGH,90.7,HIGH,"Machine Learning, Python, R","Data Analysis, Statistics, Lab Equipment",3,Professional Skill Development: Data Analysis; Professional Skill Development: Statistics
992,Employee #992,Sales,Manager,17444.0,No,0.0566,LOW,85.17,HIGH,"Strategic Planning, Budgeting, Project Management","Leadership, Performance Management",2,Professional Skill Development: Leadership; Professional Skill Development: Performance Management
994,Employee #994,Research & Development,Research Scientist,2404.0,Yes,0.6952,HIGH,94.07,HIGH,"Python, Lab Equipment, Machine Learning","Data Analysis, Statistics, R",3,Professional Skill Development: Data Analysis; Professional Skill Development: Statistics
995,Employee #995,Research & Development,Research Scientist,3452.0,No,0.0906,LOW,59.11,MEDIUM,"Statistics, Data Analysis, Machine Learning","Python, R, Lab Equipment",3,Advanced Python Programming & Data Science Masterclass; Statistical Computing & Data Visualization in R
996,Employee #996,Research & Development,Laboratory Technician,2270.0,No,0.0033,LOW,94.14,HIGH,"Quality Control, Sample Preparation","Lab Safety, Data Entry, Excel",3,ISO Certified Laboratory Safety & Bio-hazard Compliance; Professional Skill Development: Data Entry
997,Employee #997,Research & Development,Research Director,17399.0,No,0.0008,LOW,71.33,MEDIUM,"Grant Writing, R&D Strategy, Data Analysis","Python, Leadership",2,Advanced Python Programming & Data Science Masterclass; Professional Skill Development: Leadership
998,Employee #998,Research & Development,Healthcare Representative,5488.0,Yes,0.0571,LOW,87.12,HIGH,"EMR Software, Customer Service, Medical Records","Patient Care, Communication",2,Professional Skill Development: Patient Care; Professional Skill Development: Communication
999,Employee #999,Research & Development,Research Director,19419.0,No,0.0016,LOW,81.73,HIGH,"Leadership, Data Analysis, Grant Writing","R&D Strategy, Python",2,Professional Skill Development: R&D Strategy; Advanced Python Programming & Data Science Masterclass
1001,Employee #1001,Research & Development,Laboratory Technician,2811.0,No,0.51,HIGH,69.52,MEDIUM,"Data Entry, Lab Safety","Sample Preparation, Quality Control, Excel",3,Professional Skill Development: Sample Preparation; Six Sigma Quality Assurance & Process Improvement
1002,Employee #1002,Research & Development,Laboratory Technician,3633.0,Yes,0.0763,LOW,62.36,MEDIUM,"Sample Preparation, Quality Control, Lab Safety, Excel",Data Entry,1,Professional Skill Development: Data Entry
1003,Employee #1003,Sales,Sales Executive,4163.0,Yes,0.053,LOW,74.84,MEDIUM,"Negotiation, CRM Software, Lead Generation, Excel","Salesforce, Communication",2,Salesforce CRM Administrator & Cloud Management; Professional Skill Development: Communication
1004,Employee #1004,Research & Development,Research Scientist,2132.0,Yes,0.6594,HIGH,85.46,HIGH,"Machine Learning, Statistics, Data Analysis","Python, R, Lab Equipment",3,Advanced Python Programming & Data Science Masterclass; Statistical Computing & Data Visualization in R
1005,Employee #1005,Research & Development,Manufacturing Director,13973.0,Yes,0.0104,LOW,74.02,MEDIUM,"Budgeting, Supply Chain","Operations Management, ERP, Lean Six Sigma",3,Professional Skill Development: Operations Management; Professional Skill Development: ERP
1006,Employee #1006,Research & Development,Research Scientist,2684.0,No,0.0688,LOW,76.52,HIGH,"Python, R, Statistics, Lab Equipment","Data Analysis, Machine Learning",2,Professional Skill Development: Data Analysis; Applied Machine Learning & MLOps Specialization
1007,Employee #1007,Research & Development,Manufacturing Director,10845.0,No,0.0039,LOW,82.09,HIGH,"Budgeting, Operations Management, ERP","Supply Chain, Lean Six Sigma",2,Global Supply Chain Operations & Logistics Architecture; Lean Six Sigma Green Belt Enterprise Certification
1009,Employee #1009,Research & Development,Manufacturing Director,4377.0,No,0.0116,LOW,87.69,HIGH,"Budgeting, Lean Six Sigma","Supply Chain, Operations Management, ERP",3,Global Supply Chain Operations & Logistics Architecture; Professional Skill Development: Operations Management
1010,Employee #1010,Research & Development,Laboratory Technician,3743.0,Yes,0.4837,MEDIUM,91.48,HIGH,"Sample Preparation, Lab Safety, Excel","Quality Control, Data Entry",2,Six Sigma Quality Assurance & Process Improvement; Professional Skill Development: Data Entry
1011,Employee #1011,Research & Development,Manufacturing Director,4148.0,No,0.0442,LOW,72.97,MEDIUM,"Budgeting, Operations Management, Lean Six Sigma","Supply Chain, ERP",2,Global Supply Chain Operations & Logistics Architecture; Professional Skill Development: ERP
1012,Employee #1012,Research & Development,Research Scientist,1051.0,No,0.1067,LOW,61.45,MEDIUM,"Data Analysis, Python, Machine Learning","Statistics, R, Lab Equipment",3,Professional Skill Development: Statistics; Statistical Computing & Data Visualization in R
1013,Employee #1013,Research & Development,Manufacturing Director,10739.0,No,0.0051,LOW,79.51,HIGH,"Budgeting, ERP","Supply Chain, Operations Management, Lean Six Sigma",3,Global Supply Chain Operations & Logistics Architecture; Professional Skill Development: Operations Management
1014,Employee #1014,Research & Development,Healthcare Representative,10388.0,Yes,0.2157,LOW,85.39,HIGH,"Patient Care, Customer Service","Medical Records, EMR Software, Communication",3,Professional Skill Development: Medical Records; Healthcare Electronic Medical Records Administration
1015,Employee #1015,Research & Development,Research Director,11416.0,Yes,0.0205,LOW,94.72,HIGH,"Data Analysis, R&D Strategy, Grant Writing, Python",Leadership,1,Professional Skill Development: Leadership
1016,Employee #1016,Research & Development,Research Scientist,2600.0,Yes,0.7239,HIGH,82.67,HIGH,"Lab Equipment, Data Analysis, Statistics, Machine Learning, Python",R,1,Statistical Computing & Data Visualization in R
1017,Employee #1017,Research & Development,Laboratory Technician,2422.0,No,0.5024,HIGH,92.69,HIGH,"Quality Control, Data Entry","Lab Safety, Sample Preparation, Excel",3,ISO Certified Laboratory Safety & Bio-hazard Compliance; Professional Skill Development: Sample Preparation
1018,Employee #1018,Research & Development,Manufacturing Director,5472.0,No,0.0033,LOW,67.09,MEDIUM,"Operations Management, Supply Chain, Budgeting","ERP, Lean Six Sigma",2,Professional Skill Development: ERP; Lean Six Sigma Green Belt Enterprise Certification
1019,Employee #1019,Research & Development,Laboratory Technician,2451.0,No,0.7009,HIGH,63.33,MEDIUM,"Lab Safety, Sample Preparation, Excel","Quality Control, Data Entry",2,Six Sigma Quality Assurance & Process Improvement; Professional Skill Development: Data Entry
1022,Employee #1022,Research & Development,Healthcare Representative,4240.0,No,0.0392,LOW,83.83,HIGH,"EMR Software, Medical Records, Customer Service","Patient Care, Communication",2,Professional Skill Development: Patient Care; Professional Skill Development: Communication
1024,Employee #1024,Research & Development,Healthcare Representative,10999.0,No,0.0092,LOW,79.99,HIGH,"Medical Records, Communication, Customer Service","Patient Care, EMR Software",2,Professional Skill Development: Patient Care; Healthcare Electronic Medical Records Administration
1025,Employee #1025,Research & Development,Manufacturing Director,5003.0,No,0.0243,LOW,77.57,HIGH,"ERP, Budgeting, Supply Chain","Operations Management, Lean Six Sigma",2,Professional Skill Development: Operations Management; Lean Six Sigma Green Belt Enterprise Certification
1026,Employee #1026,Research & Development,Manufacturing Director,12742.0,No,0.0068,LOW,77.55,HIGH,"Lean Six Sigma, Operations Management","Supply Chain, ERP, Budgeting",3,Global Supply Chain Operations & Logistics Architecture; Professional Skill Development: ERP
1027,Employee #1027,Research & Development,Manufacturing Director,4227.0,No,0.0192,LOW,69.35,MEDIUM,"Supply Chain, Budgeting","Operations Management, ERP, Lean Six Sigma",3,Professional Skill Development: Operations Management; Professional Skill Development: ERP
1028,Employee #1028,Research & Development,Laboratory Technician,3917.0,No,0.0578,LOW,67.68,MEDIUM,"Quality Control, Data Entry","Lab Safety, Sample Preparation, Excel",3,ISO Certified Laboratory Safety & Bio-hazard Compliance; Professional Skill Development: Sample Preparation
1029,Employee #1029,Sales,Manager,18303.0,No,0.0222,LOW,90.72,HIGH,"Leadership, Strategic Planning","Project Management, Budgeting, Performance Management",3,Professional Skill Development: Project Management; Professional Skill Development: Budgeting
1030,Employee #1030,Research & Development,Laboratory Technician,2380.0,No,0.1226,LOW,58.81,MEDIUM,"Excel, Lab Safety, Data Entry","Sample Preparation, Quality Control",2,Professional Skill Development: Sample Preparation; Six Sigma Quality Assurance & Process Improvement
1032,Employee #1032,Research & Development,Manufacturing Director,13726.0,Yes,0.0292,LOW,58.47,MEDIUM,"Operations Management, Budgeting, Supply Chain","ERP, Lean Six Sigma",2,Professional Skill Development: ERP; Lean Six Sigma Green Belt Enterprise Certification
1033,Employee #1033,Research & Development,Healthcare Representative,4777.0,No,0.4011,MEDIUM,57.19,MEDIUM,"EMR Software, Patient Care, Customer Service, Medical Records",Communication,1,Professional Skill Development: Communication
1034,Employee #1034,Research & Development,Healthcare Representative,6385.0,Yes,0.0645,LOW,72.28,MEDIUM,"Communication, Medical Records","Patient Care, Customer Service, EMR Software",3,Professional Skill Development: Patient Care; Professional Skill Development: Customer Service
1035,Employee #1035,Research & Development,Research Director,19973.0,No,0.0012,LOW,57.08,MEDIUM,"Leadership, R&D Strategy, Python, Grant Writing",Data Analysis,1,Professional Skill Development: Data Analysis
1036,Employee #1036,Sales,Sales Executive,6861.0,Yes,0.4862,MEDIUM,68.51,MEDIUM,"Communication, Excel, Negotiation","CRM Software, Salesforce, Lead Generation",3,Professional Skill Development: CRM Software; Salesforce CRM Administrator & Cloud Management
1037,Employee #1037,Sales,Sales Executive,4969.0,No,0.683,HIGH,63.0,MEDIUM,"CRM Software, Negotiation, Communication","Salesforce, Lead Generation, Excel",3,Salesforce CRM Administrator & Cloud Management; B2B Digital Marketing & Modern Sales Pipelines
1038,Employee #1038,Sales,Manager,19845.0,No,0.0059,LOW,78.69,HIGH,"Budgeting, Project Management, Leadership","Strategic Planning, Performance Management",2,Executive Leadership & Strategic Workforce Planning; Professional Skill Development: Performance Management
1039,Employee #1039,Sales,Sales Executive,13320.0,Yes,0.0424,LOW,91.63,HIGH,"CRM Software, Excel, Salesforce, Communication","Negotiation, Lead Generation",2,Professional Skill Development: Negotiation; B2B Digital Marketing & Modern Sales Pipelines
1040,Employee #1040,Sales,Sales Executive,6347.0,No,0.0003,LOW,56.95,MEDIUM,"CRM Software, Negotiation, Excel, Communication","Salesforce, Lead Generation",2,Salesforce CRM Administrator & Cloud Management; B2B Digital Marketing & Modern Sales Pipelines
1042,Employee #1042,Research & Development,Laboratory Technician,2743.0,No,0.1676,LOW,93.85,HIGH,"Sample Preparation, Excel, Data Entry","Lab Safety, Quality Control",2,ISO Certified Laboratory Safety & Bio-hazard Compliance; Six Sigma Quality Assurance & Process Improvement
1043,Employee #1043,Research & Development,Manufacturing Director,10880.0,Yes,0.1309,LOW,84.23,HIGH,"ERP, Budgeting","Supply Chain, Operations Management, Lean Six Sigma",3,Global Supply Chain Operations & Logistics Architecture; Professional Skill Development: Operations Management
1044,Employee #1044,Sales,Sales Representative,2342.0,No,0.1009,LOW,65.69,MEDIUM,"Customer Service, Communication, Cold Calling","Salesforce, CRM",2,Salesforce CRM Administrator & Cloud Management; Professional Skill Development: CRM
1045,Employee #1045,Sales,Manager,17650.0,No,0.0021,LOW,82.55,HIGH,"Performance Management, Leadership, Budgeting, Strategic Planning",Project Management,1,Professional Skill Development: Project Management
1046,Employee #1046,Research & Development,Laboratory Technician,4025.0,No,0.2284,LOW,76.59,HIGH,"Quality Control, Lab Safety","Sample Preparation, Data Entry, Excel",3,Professional Skill Development: Sample Preparation; Professional Skill Development: Data Entry
1047,Employee #1047,Sales,Sales Executive,9725.0,No,0.0055,LOW,66.86,MEDIUM,"Salesforce, Communication, CRM Software, Excel","Negotiation, Lead Generation",2,Professional Skill Development: Negotiation; B2B Digital Marketing & Modern Sales Pipelines
1048,Employee #1048,Sales,Manager,11904.0,Yes,0.1502,LOW,59.49,MEDIUM,"Budgeting, Strategic Planning, Project Management","Leadership, Performance Management",2,Professional Skill Development: Leadership; Professional Skill Development: Performance Management
1049,Employee #1049,Human Resources,Human Resources,2177.0,No,0.1912,LOW,84.97,HIGH,"Payroll, Compliance, HRIS","Recruiting, Employee Relations, Workday",3,Professional Skill Development: Recruiting; Professional Skill Development: Employee Relations
1050,Employee #1050,Sales,Sales Executive,7525.0,No,0.037,LOW,61.48,MEDIUM,"Lead Generation, Salesforce, Excel, Communication","CRM Software, Negotiation",2,Professional Skill Development: CRM Software; Professional Skill Development: Negotiation
1052,Employee #1052,Research & Development,Laboratory Technician,4834.0,No,0.3927,MEDIUM,55.14,MEDIUM,"Excel, Sample Preparation, Data Entry, Quality Control",Lab Safety,1,ISO Certified Laboratory Safety & Bio-hazard Compliance
1053,Employee #1053,Research & Development,Research Scientist,2042.0,Yes,0.8539,HIGH,79.51,HIGH,"Statistics, Lab Equipment, Python","Data Analysis, R, Machine Learning",3,Professional Skill Development: Data Analysis; Statistical Computing & Data Visualization in R
1055,Employee #1055,Sales,Sales Representative,2220.0,Yes,0.3025,MEDIUM,66.09,MEDIUM,"Customer Service, CRM, Cold Calling","Salesforce, Communication",2,Salesforce CRM Administrator & Cloud Management; Professional Skill Development: Communication
1056,Employee #1056,Sales,Sales Representative,1052.0,No,0.1769,LOW,55.81,MEDIUM,"Communication, CRM, Customer Service, Cold Calling",Salesforce,1,Salesforce CRM Administrator & Cloud Management
1060,Employee #1060,Research & Development,Research Scientist,2821.0,No,0.025,LOW,66.64,MEDIUM,"Statistics, R, Data Analysis, Machine Learning","Python, Lab Equipment",2,Advanced Python Programming & Data Science Masterclass; Professional Skill Development: Lab Equipment
1061,Employee #1061,Research & Development,Research Director,19237.0,Yes,0.0152,LOW,81.84,HIGH,"Leadership, Data Analysis","R&D Strategy, Grant Writing, Python",3,Professional Skill Development: R&D Strategy; Research Grant Writing & Innovation Funding Workshop
1062,Employee #1062,Research & Development,Healthcare Representative,4107.0,No,0.0376,LOW,62.09,MEDIUM,"Patient Care, Medical Records, Customer Service, EMR Software",Communication,1,Professional Skill Development: Communication
1066,Employee #1066,Sales,Sales Executive,8396.0,No,0.2834,MEDIUM,55.2,MEDIUM,"Lead Generation, CRM Software, Excel, Salesforce","Negotiation, Communication",2,Professional Skill Development: Negotiation; Professional Skill Development: Communication
1068,Employee #1068,Research & Development,Research Scientist,2007.0,No,0.032,LOW,93.7,HIGH,"R, Statistics, Lab Equipment","Python, Data Analysis, Machine Learning",3,Advanced Python Programming & Data Science Masterclass; Professional Skill Development: Data Analysis
1069,Employee #1069,Research & Development,Research Director,19627.0,No,0.0009,LOW,94.09,HIGH,"R&D Strategy, Leadership, Grant Writing","Data Analysis, Python",2,Professional Skill Development: Data Analysis; Advanced Python Programming & Data Science Masterclass
1070,Employee #1070,Sales,Sales Executive,10686.0,No,0.0611,LOW,55.75,MEDIUM,"Excel, Salesforce, Lead Generation","CRM Software, Negotiation, Communication",3,Professional Skill Development: CRM Software; Professional Skill Development: Negotiation
1071,Employee #1071,Research & Development,Research Scientist,2942.0,No,0.0073,LOW,94.35,HIGH,"Machine Learning, Lab Equipment, Data Analysis","Python, Statistics, R",3,Advanced Python Programming & Data Science Masterclass; Professional Skill Development: Statistics
1073,Employee #1073,Research & Development,Manufacturing Director,8858.0,No,0.0304,LOW,72.0,MEDIUM,"Lean Six Sigma, Operations Management, Budgeting, ERP",Supply Chain,1,Global Supply Chain Operations & Logistics Architecture
1074,Employee #1074,Research & Development,Manager,16756.0,No,0.0176,LOW,68.27,MEDIUM,"Strategic Planning, Leadership, Project Management","Budgeting, Performance Management",2,Professional Skill Development: Budgeting; Professional Skill Development: Performance Management
1076,Employee #1076,Sales,Sales Executive,10798.0,No,0.0422,LOW,84.81,HIGH,"Lead Generation, CRM Software, Excel, Negotiation","Salesforce, Communication",2,Salesforce CRM Administrator & Cloud Management; Professional Skill Development: Communication
1077,Employee #1077,Sales,Sales Representative,2323.0,Yes,0.8174,HIGH,89.09,HIGH,"Salesforce, Cold Calling, Customer Service","Communication, CRM",2,Professional Skill Development: Communication; Professional Skill Development: CRM
1079,Employee #1079,Research & Development,Laboratory Technician,1416.0,No,0.6163,HIGH,64.09,MEDIUM,"Data Entry, Quality Control","Lab Safety, Sample Preparation, Excel",3,ISO Certified Laboratory Safety & Bio-hazard Compliance; Professional Skill Development: Sample Preparation
1080,Employee #1080,Research & Development,Research Scientist,4615.0,Yes,0.0234,LOW,58.45,MEDIUM,"Lab Equipment, Statistics, Data Analysis, Python","R, Machine Learning",2,Statistical Computing & Data Visualization in R; Applied Machine Learning & MLOps Specialization
1081,Employee #1081,Research & Development,Research Scientist,2461.0,Yes,0.0396,LOW,87.05,HIGH,"R, Data Analysis, Statistics","Python, Machine Learning, Lab Equipment",3,Advanced Python Programming & Data Science Masterclass; Applied Machine Learning & MLOps Specialization
1082,Employee #1082,Research & Development,Healthcare Representative,8722.0,No,0.1911,LOW,88.36,HIGH,"Customer Service, Patient Care","Medical Records, EMR Software, Communication",3,Professional Skill Development: Medical Records; Healthcare Electronic Medical Records Administration
1083,Employee #1083,Research & Development,Laboratory Technician,3955.0,No,0.316,MEDIUM,58.73,MEDIUM,"Sample Preparation, Quality Control, Data Entry","Lab Safety, Excel",2,ISO Certified Laboratory Safety & Bio-hazard Compliance; Professional Skill Development: Excel
1084,Employee #1084,Research & Development,Manufacturing Director,9957.0,No,0.0324,LOW,55.81,MEDIUM,"Operations Management, Budgeting, ERP","Supply Chain, Lean Six Sigma",2,Global Supply Chain Operations & Logistics Architecture; Lean Six Sigma Green Belt Enterprise Certification
1085,Employee #1085,Research & Development,Research Scientist,3376.0,No,0.0047,LOW,82.58,HIGH,"Python, R, Data Analysis","Statistics, Machine Learning, Lab Equipment",3,Professional Skill Development: Statistics; Applied Machine Learning & MLOps Specialization
1088,Employee #1088,Research & Development,Healthcare Representative,8823.0,No,0.0043,LOW,57.3,MEDIUM,"Customer Service, EMR Software, Patient Care, Medical Records",Communication,1,Professional Skill Development: Communication
1092,Employee #1092,Research & Development,Healthcare Representative,10322.0,No,0.0558,LOW,75.1,HIGH,"Patient Care, Medical Records, EMR Software","Customer Service, Communication",2,Professional Skill Development: Customer Service; Professional Skill Development: Communication
1094,Employee #1094,Research & Development,Laboratory Technician,4621.0,No,0.0366,LOW,71.35,MEDIUM,"Lab Safety, Data Entry, Excel","Sample Preparation, Quality Control",2,Professional Skill Development: Sample Preparation; Six Sigma Quality Assurance & Process Improvement
1096,Employee #1096,Research & Development,Manufacturing Director,10976.0,No,0.0036,LOW,76.15,HIGH,"Supply Chain, Lean Six Sigma, Operations Management","ERP, Budgeting",2,Professional Skill Development: ERP; Professional Skill Development: Budgeting
1097,Employee #1097,Research & Development,Research Scientist,3660.0,No,0.0054,LOW,83.16,HIGH,"Data Analysis, Machine Learning, Python","Statistics, R, Lab Equipment",3,Professional Skill Development: Statistics; Statistical Computing & Data Visualization in R
1098,Employee #1098,Human Resources,Human Resources,10482.0,No,0.0486,LOW,72.24,MEDIUM,"Recruiting, Payroll, Employee Relations, Compliance","HRIS, Workday",2,Modern HRIS Technology & HR Analytics Management; Workday Human Capital Management Fundamentals
1099,Employee #1099,Research & Development,Healthcare Representative,7119.0,No,0.0149,LOW,80.27,HIGH,"EMR Software, Medical Records","Patient Care, Customer Service, Communication",3,Professional Skill Development: Patient Care; Professional Skill Development: Customer Service
1100,Employee #1100,Sales,Sales Executive,9582.0,Yes,0.4594,MEDIUM,79.89,HIGH,"Lead Generation, Salesforce, Communication","CRM Software, Negotiation, Excel",3,Professional Skill Development: CRM Software; Professional Skill Development: Negotiation
1101,Employee #1101,Research & Development,Research Scientist,4508.0,No,0.2116,LOW,83.11,HIGH,"Statistics, R, Data Analysis, Machine Learning","Python, Lab Equipment",2,Advanced Python Programming & Data Science Masterclass; Professional Skill Development: Lab Equipment
1102,Employee #1102,Research & Development,Laboratory Technician,2207.0,No,0.1366,LOW,80.17,HIGH,"Data Entry, Quality Control","Lab Safety, Sample Preparation, Excel",3,ISO Certified Laboratory Safety & Bio-hazard Compliance; Professional Skill Development: Sample Preparation
1103,Employee #1103,Research & Development,Healthcare Representative,7756.0,No,0.1007,LOW,69.18,MEDIUM,"Medical Records, EMR Software, Patient Care","Customer Service, Communication",2,Professional Skill Development: Customer Service; Professional Skill Development: Communication
1105,Employee #1105,Sales,Sales Executive,6694.0,Yes,0.0669,LOW,69.46,MEDIUM,"Communication, Salesforce, Negotiation, Excel","CRM Software, Lead Generation",2,Professional Skill Development: CRM Software; B2B Digital Marketing & Modern Sales Pipelines
1106,Employee #1106,Research & Development,Laboratory Technician,3691.0,Yes,0.114,LOW,66.63,MEDIUM,"Excel, Quality Control","Lab Safety, Sample Preparation, Data Entry",3,ISO Certified Laboratory Safety & Bio-hazard Compliance; Professional Skill Development: Sample Preparation
1107,Employee #1107,Research & Development,Laboratory Technician,2377.0,No,0.4718,MEDIUM,68.27,MEDIUM,"Lab Safety, Excel, Sample Preparation","Quality Control, Data Entry",2,Six Sigma Quality Assurance & Process Improvement; Professional Skill Development: Data Entry
1108,Employee #1108,Research & Development,Research Scientist,2313.0,Yes,0.911,HIGH,68.14,MEDIUM,"Lab Equipment, Python, R, Statistics","Data Analysis, Machine Learning",2,Professional Skill Development: Data Analysis; Applied Machine Learning & MLOps Specialization
1109,Employee #1109,Research & Development,Manager,17665.0,No,0.0169,LOW,71.79,MEDIUM,"Strategic Planning, Project Management, Budgeting","Leadership, Performance Management",2,Professional Skill Development: Leadership; Professional Skill Development: Performance Management
1111,Employee #1111,Research & Development,Laboratory Technician,2596.0,No,0.5499,HIGH,89.33,HIGH,"Data Entry, Sample Preparation","Lab Safety, Quality Control, Excel",3,ISO Certified Laboratory Safety & Bio-hazard Compliance; Six Sigma Quality Assurance & Process Improvement
1113,Employee #1113,Sales,Sales Executive,4728.0,Yes,0.2092,LOW,73.12,MEDIUM,"Salesforce, CRM Software, Communication, Excel","Negotiation, Lead Generation",2,Professional Skill Development: Negotiation; B2B Digital Marketing & Modern Sales Pipelines
1114,Employee #1114,Sales,Sales Executive,4302.0,No,0.0469,LOW,57.14,MEDIUM,"CRM Software, Salesforce, Negotiation, Lead Generation","Communication, Excel",2,Professional Skill Development: Communication; Professional Skill Development: Excel
1115,Employee #1115,Research & Development,Research Scientist,2979.0,No,0.0054,LOW,90.25,HIGH,"R, Data Analysis, Lab Equipment, Machine Learning","Python, Statistics",2,Advanced Python Programming & Data Science Masterclass; Professional Skill Development: Statistics
1116,Employee #1116,Research & Development,Manager,16885.0,No,0.0028,LOW,83.95,HIGH,"Budgeting, Leadership, Performance Management","Project Management, Strategic Planning",2,Professional Skill Development: Project Management; Executive Leadership & Strategic Workforce Planning
1117,Employee #1117,Sales,Sales Executive,5593.0,No,0.0027,LOW,77.79,HIGH,"Negotiation, Salesforce, Lead Generation, CRM Software","Communication, Excel",2,Professional Skill Development: Communication; Professional Skill Development: Excel
1118,Employee #1118,Research & Development,Healthcare Representative,10445.0,No,0.0301,LOW,82.3,HIGH,"EMR Software, Medical Records, Communication","Patient Care, Customer Service",2,Professional Skill Development: Patient Care; Professional Skill Development: Customer Service
1119,Employee #1119,Sales,Sales Executive,8740.0,Yes,0.1342,LOW,68.63,MEDIUM,"Negotiation, Communication, Salesforce, Excel","CRM Software, Lead Generation",2,Professional Skill Development: CRM Software; B2B Digital Marketing & Modern Sales Pipelines
1120,Employee #1120,Research & Development,Research Scientist,2514.0,No,0.0254,LOW,71.15,MEDIUM,"Machine Learning, Lab Equipment, R","Python, Data Analysis, Statistics",3,Advanced Python Programming & Data Science Masterclass; Professional Skill Development: Data Analysis
1121,Employee #1121,Research & Development,Manufacturing Director,7655.0,No,0.0018,LOW,78.59,HIGH,"Supply Chain, Budgeting, Operations Management","ERP, Lean Six Sigma",2,Professional Skill Development: ERP; Lean Six Sigma Green Belt Enterprise Certification
1124,Employee #1124,Sales,Manager,17465.0,No,0.015,LOW,62.76,MEDIUM,"Strategic Planning, Project Management, Performance Management","Leadership, Budgeting",2,Professional Skill Development: Leadership; Professional Skill Development: Budgeting
1125,Employee #1125,Sales,Sales Executive,7351.0,No,0.2895,MEDIUM,91.9,HIGH,"Lead Generation, CRM Software, Salesforce, Communication","Negotiation, Excel",2,Professional Skill Development: Negotiation; Professional Skill Development: Excel
1126,Employee #1126,Research & Development,Manufacturing Director,10820.0,No,0.1147,LOW,56.44,MEDIUM,"ERP, Supply Chain","Operations Management, Budgeting, Lean Six Sigma",3,Professional Skill Development: Operations Management; Professional Skill Development: Budgeting
1127,Employee #1127,Research & Development,Healthcare Representative,12169.0,No,0.0496,LOW,68.03,MEDIUM,"Communication, Customer Service, Medical Records","Patient Care, EMR Software",2,Professional Skill Development: Patient Care; Healthcare Electronic Medical Records Administration
1128,Employee #1128,Research & Development,Research Director,19626.0,No,0.0099,LOW,91.72,HIGH,"Leadership, Data Analysis, Python","R&D Strategy, Grant Writing",2,Professional Skill Development: R&D Strategy; Research Grant Writing & Innovation Funding Workshop
1131,Employee #1131,Research & Development,Research Scientist,2070.0,Yes,0.2176,LOW,62.93,MEDIUM,"R, Statistics, Data Analysis","Python, Machine Learning, Lab Equipment",3,Advanced Python Programming & Data Science Masterclass; Applied Machine Learning & MLOps Specialization
1132,Employee #1132,Research & Development,Laboratory Technician,6782.0,No,0.2744,MEDIUM,65.26,MEDIUM,"Data Entry, Sample Preparation, Excel","Lab Safety, Quality Control",2,ISO Certified Laboratory Safety & Bio-hazard Compliance; Six Sigma Quality Assurance & Process Improvement
1133,Employee #1133,Research & Development,Manufacturing Director,7779.0,No,0.0183,LOW,82.12,HIGH,"Lean Six Sigma, Supply Chain","Operations Management, ERP, Budgeting",3,Professional Skill Development: Operations Management; Professional Skill Development: ERP
1135,Employee #1135,Sales,Sales Representative,2791.0,No,0.1774,LOW,83.85,HIGH,"Cold Calling, Customer Service, CRM","Salesforce, Communication",2,Salesforce CRM Administrator & Cloud Management; Professional Skill Development: Communication
1136,Employee #1136,Research & Development,Research Scientist,3201.0,No,0.1754,LOW,57.74,MEDIUM,"R, Data Analysis, Machine Learning, Python, Lab Equipment",Statistics,1,Professional Skill Development: Statistics
1137,Employee #1137,Sales,Sales Executive,4968.0,No,0.029,LOW,61.25,MEDIUM,"Excel, Salesforce, Negotiation","CRM Software, Communication, Lead Generation",3,Professional Skill Development: CRM Software; Professional Skill Development: Communication
1138,Employee #1138,Sales,Sales Executive,13120.0,No,0.0562,LOW,58.98,MEDIUM,"Negotiation, CRM Software, Communication","Salesforce, Lead Generation, Excel",3,Salesforce CRM Administrator & Cloud Management; B2B Digital Marketing & Modern Sales Pipelines
1140,Employee #1140,Research & Development,Manufacturing Director,4033.0,No,0.068,LOW,92.37,HIGH,"Budgeting, Lean Six Sigma, Supply Chain","Operations Management, ERP",2,Professional Skill Development: Operations Management; Professional Skill Development: ERP
1143,Employee #1143,Research & Development,Research Scientist,3291.0,No,0.0183,LOW,91.07,HIGH,"Machine Learning, Data Analysis, R, Statistics","Python, Lab Equipment",2,Advanced Python Programming & Data Science Masterclass; Professional Skill Development: Lab Equipment
1148,Employee #1148,Research & Development,Laboratory Technician,4272.0,No,0.6715,HIGH,58.13,MEDIUM,"Excel, Sample Preparation","Lab Safety, Quality Control, Data Entry",3,ISO Certified Laboratory Safety & Bio-hazard Compliance; Six Sigma Quality Assurance & Process Improvement
1150,Employee #1150,Research & Development,Manufacturing Director,5056.0,Yes,0.1193,LOW,76.56,HIGH,"Supply Chain, Operations Management, Budgeting","ERP, Lean Six Sigma",2,Professional Skill Development: ERP; Lean Six Sigma Green Belt Enterprise Certification
1152,Employee #1152,Human Resources,Human Resources,2844.0,No,0.0182,LOW,64.96,MEDIUM,"HRIS, Workday, Recruiting, Payroll","Employee Relations, Compliance",2,Professional Skill Development: Employee Relations; Professional Skill Development: Compliance
1154,Employee #1154,Research & Development,Research Scientist,2703.0,Yes,0.2987,MEDIUM,89.88,HIGH,"Data Analysis, Statistics, Lab Equipment, R","Python, Machine Learning",2,Advanced Python Programming & Data Science Masterclass; Applied Machine Learning & MLOps Specialization
1156,Employee #1156,Research & Development,Laboratory Technician,1904.0,No,0.3341,MEDIUM,71.1,MEDIUM,"Sample Preparation, Data Entry, Quality Control","Lab Safety, Excel",2,ISO Certified Laboratory Safety & Bio-hazard Compliance; Professional Skill Development: Excel
1157,Employee #1157,Sales,Sales Executive,8224.0,Yes,0.7713,HIGH,70.75,MEDIUM,"Excel, Negotiation, Communication","CRM Software, Salesforce, Lead Generation",3,Professional Skill Development: CRM Software; Salesforce CRM Administrator & Cloud Management
1158,Employee #1158,Research & Development,Laboratory Technician,4766.0,Yes,0.586,HIGH,61.89,MEDIUM,"Quality Control, Excel, Data Entry","Lab Safety, Sample Preparation",2,ISO Certified Laboratory Safety & Bio-hazard Compliance; Professional Skill Development: Sample Preparation
1160,Employee #1160,Research & Development,Laboratory Technician,2610.0,No,0.1625,LOW,80.47,HIGH,"Sample Preparation, Lab Safety, Excel","Quality Control, Data Entry",2,Six Sigma Quality Assurance & Process Improvement; Professional Skill Development: Data Entry
1161,Employee #1161,Research & Development,Healthcare Representative,5731.0,No,0.0322,LOW,79.14,HIGH,"Patient Care, Medical Records, Communication, Customer Service",EMR Software,1,Healthcare Electronic Medical Records Administration
1162,Employee #1162,Research & Development,Research Scientist,2539.0,No,0.0405,LOW,62.14,MEDIUM,"Lab Equipment, R, Machine Learning","Python, Data Analysis, Statistics",3,Advanced Python Programming & Data Science Masterclass; Professional Skill Development: Data Analysis
1163,Employee #1163,Sales,Sales Executive,5714.0,No,0.0681,LOW,93.25,HIGH,"Communication, Excel, Salesforce","CRM Software, Negotiation, Lead Generation",3,Professional Skill Development: CRM Software; Professional Skill Development: Negotiation
1164,Employee #1164,Human Resources,Human Resources,4323.0,No,0.2642,MEDIUM,57.9,MEDIUM,"Workday, Recruiting, Payroll, Employee Relations","HRIS, Compliance",2,Modern HRIS Technology & HR Analytics Management; Professional Skill Development: Compliance
1165,Employee #1165,Sales,Sales Executive,7336.0,No,0.1999,LOW,89.12,HIGH,"Communication, Negotiation, Lead Generation, Salesforce","CRM Software, Excel",2,Professional Skill Development: CRM Software; Professional Skill Development: Excel
1166,Employee #1166,Research & Development,Research Director,13499.0,No,0.0279,LOW,61.79,MEDIUM,"Leadership, Python","R&D Strategy, Grant Writing, Data Analysis",3,Professional Skill Development: R&D Strategy; Research Grant Writing & Innovation Funding Workshop
1167,Employee #1167,Sales,Sales Executive,13758.0,Yes,0.8702,HIGH,70.73,MEDIUM,"Excel, Lead Generation, Salesforce","CRM Software, Negotiation, Communication",3,Professional Skill Development: CRM Software; Professional Skill Development: Negotiation
1171,Employee #1171,Sales,Sales Executive,5155.0,No,0.1698,LOW,68.64,MEDIUM,"Communication, CRM Software, Negotiation, Lead Generation","Salesforce, Excel",2,Salesforce CRM Administrator & Cloud Management; Professional Skill Development: Excel
1172,Employee #1172,Research & Development,Laboratory Technician,2258.0,No,0.0583,LOW,94.24,HIGH,"Quality Control, Lab Safety, Sample Preparation","Data Entry, Excel",2,Professional Skill Development: Data Entry; Professional Skill Development: Excel
1173,Employee #1173,Research & Development,Laboratory Technician,3597.0,No,0.5292,HIGH,81.91,HIGH,"Excel, Sample Preparation, Data Entry","Lab Safety, Quality Control",2,ISO Certified Laboratory Safety & Bio-hazard Compliance; Six Sigma Quality Assurance & Process Improvement
1175,Employee #1175,Research & Development,Laboratory Technician,2515.0,Yes,0.3543,MEDIUM,58.51,MEDIUM,"Excel, Quality Control, Data Entry","Lab Safety, Sample Preparation",2,ISO Certified Laboratory Safety & Bio-hazard Compliance; Professional Skill Development: Sample Preparation
1177,Employee #1177,Research & Development,Laboratory Technician,4420.0,No,0.0133,LOW,74.43,MEDIUM,"Data Entry, Sample Preparation, Excel","Lab Safety, Quality Control",2,ISO Certified Laboratory Safety & Bio-hazard Compliance; Six Sigma Quality Assurance & Process Improvement
1179,Employee #1179,Sales,Sales Executive,6578.0,No,0.0656,LOW,92.75,HIGH,"Communication, Negotiation, Salesforce","CRM Software, Lead Generation, Excel",3,Professional Skill Development: CRM Software; B2B Digital Marketing & Modern Sales Pipelines
1180,Employee #1180,Research & Development,Research Scientist,4422.0,Yes,0.3913,MEDIUM,81.77,HIGH,"R, Python, Statistics, Lab Equipment","Data Analysis, Machine Learning",2,Professional Skill Development: Data Analysis; Applied Machine Learning & MLOps Specialization
1182,Employee #1182,Research & Development,Manufacturing Director,10274.0,No,0.0167,LOW,81.55,HIGH,"Supply Chain, ERP, Lean Six Sigma","Operations Management, Budgeting",2,Professional Skill Development: Operations Management; Professional Skill Development: Budgeting
1184,Employee #1184,Research & Development,Healthcare Representative,5343.0,No,0.0264,LOW,59.77,MEDIUM,"Customer Service, Patient Care","Medical Records, EMR Software, Communication",3,Professional Skill Development: Medical Records; Healthcare Electronic Medical Records Administration
1185,Employee #1185,Research & Development,Laboratory Technician,2376.0,No,0.0439,LOW,79.82,HIGH,"Data Entry, Excel, Lab Safety","Sample Preparation, Quality Control",2,Professional Skill Development: Sample Preparation; Six Sigma Quality Assurance & Process Improvement
1188,Employee #1188,Sales,Sales Executive,5346.0,No,0.7039,HIGH,59.12,MEDIUM,"Communication, CRM Software, Excel","Salesforce, Negotiation, Lead Generation",3,Salesforce CRM Administrator & Cloud Management; Professional Skill Development: Negotiation
1190,Employee #1190,Sales,Sales Representative,2827.0,No,0.0301,LOW,76.2,HIGH,"Customer Service, CRM, Communication","Cold Calling, Salesforce",2,Professional Skill Development: Cold Calling; Salesforce CRM Administrator & Cloud Management
1191,Employee #1191,Research & Development,Manager,19943.0,No,0.0052,LOW,94.64,HIGH,"Strategic Planning, Project Management","Leadership, Budgeting, Performance Management",3,Professional Skill Development: Leadership; Professional Skill Development: Budgeting
1192,Employee #1192,Research & Development,Laboratory Technician,3131.0,No,0.0076,LOW,93.19,HIGH,"Excel, Lab Safety, Data Entry, Quality Control",Sample Preparation,1,Professional Skill Development: Sample Preparation
1193,Employee #1193,Research & Development,Research Scientist,2552.0,No,0.1987,LOW,63.21,MEDIUM,"Data Analysis, Machine Learning, Python, R","Statistics, Lab Equipment",2,Professional Skill Development: Statistics; Professional Skill Development: Lab Equipment
1195,Employee #1195,Research & Development,Research Scientist,4477.0,Yes,0.1358,LOW,85.84,HIGH,"Machine Learning, Python, Data Analysis","Statistics, R, Lab Equipment",3,Professional Skill Development: Statistics; Statistical Computing & Data Visualization in R
1196,Employee #1196,Research & Development,Manufacturing Director,6474.0,No,0.0022,LOW,81.6,HIGH,"Supply Chain, Budgeting","Operations Management, ERP, Lean Six Sigma",3,Professional Skill Development: Operations Management; Professional Skill Development: ERP
1198,Employee #1198,Research & Development,Laboratory Technician,3033.0,No,0.7284,HIGH,90.21,HIGH,"Lab Safety, Data Entry, Sample Preparation, Quality Control",Excel,1,Professional Skill Development: Excel
1200,Employee #1200,Research & Development,Research Scientist,2936.0,Yes,0.0847,LOW,92.86,HIGH,"Statistics, Python, Lab Equipment, Data Analysis","R, Machine Learning",2,Statistical Computing & Data Visualization in R; Applied Machine Learning & MLOps Specialization
1201,Employee #1201,Research & Development,Manager,18606.0,No,0.0007,LOW,64.85,MEDIUM,"Project Management, Strategic Planning, Budgeting","Leadership, Performance Management",2,Professional Skill Development: Leadership; Professional Skill Development: Performance Management
1202,Employee #1202,Research & Development,Research Scientist,2168.0,Yes,0.3733,MEDIUM,84.43,HIGH,"Python, Data Analysis, R","Statistics, Machine Learning, Lab Equipment",3,Professional Skill Development: Statistics; Applied Machine Learning & MLOps Specialization
1203,Employee #1203,Research & Development,Research Scientist,2853.0,Yes,0.4103,MEDIUM,66.25,MEDIUM,"R, Lab Equipment, Python, Statistics","Data Analysis, Machine Learning",2,Professional Skill Development: Data Analysis; Applied Machine Learning & MLOps Specialization
1204,Employee #1204,Sales,Manager,17048.0,No,0.1778,LOW,72.55,MEDIUM,"Budgeting, Performance Management, Leadership, Project Management",Strategic Planning,1,Executive Leadership & Strategic Workforce Planning
1206,Employee #1206,Research & Development,Research Scientist,2290.0,No,0.0654,LOW,58.64,MEDIUM,"R, Data Analysis, Python, Statistics","Machine Learning, Lab Equipment",2,Applied Machine Learning & MLOps Specialization; Professional Skill Development: Lab Equipment
1207,Employee #1207,Human Resources,Human Resources,3600.0,No,0.056,LOW,91.44,HIGH,"Payroll, Recruiting, Workday, Employee Relations","HRIS, Compliance",2,Modern HRIS Technology & HR Analytics Management; Professional Skill Development: Compliance
1210,Employee #1210,Research & Development,Research Scientist,2107.0,No,0.3451,MEDIUM,61.59,MEDIUM,"Python, Statistics, Lab Equipment, Machine Learning","Data Analysis, R",2,Professional Skill Development: Data Analysis; Statistical Computing & Data Visualization in R
1211,Employee #1211,Sales,Sales Executive,4115.0,No,0.1578,LOW,69.71,MEDIUM,"Lead Generation, Excel, Salesforce","CRM Software, Negotiation, Communication",3,Professional Skill Development: CRM Software; Professional Skill Development: Negotiation
1212,Employee #1212,Sales,Sales Executive,4327.0,No,0.1108,LOW,79.68,HIGH,"Lead Generation, CRM Software, Excel","Salesforce, Negotiation, Communication",3,Salesforce CRM Administrator & Cloud Management; Professional Skill Development: Negotiation
1215,Employee #1215,Research & Development,Manager,17856.0,No,0.0013,LOW,81.93,HIGH,"Budgeting, Leadership","Project Management, Strategic Planning, Performance Management",3,Professional Skill Development: Project Management; Executive Leadership & Strategic Workforce Planning
1216,Employee #1216,Research & Development,Laboratory Technician,3196.0,No,0.0745,LOW,59.23,MEDIUM,"Lab Safety, Data Entry","Sample Preparation, Quality Control, Excel",3,Professional Skill Development: Sample Preparation; Six Sigma Quality Assurance & Process Improvement
1217,Employee #1217,Research & Development,Research Director,19081.0,No,0.0053,LOW,94.31,HIGH,"Grant Writing, Leadership, Python, R&D Strategy",Data Analysis,1,Professional Skill Development: Data Analysis
1218,Employee #1218,Sales,Sales Executive,8966.0,Yes,0.0708,LOW,63.86,MEDIUM,"Excel, Communication, Salesforce, Lead Generation","CRM Software, Negotiation",2,Professional Skill Development: CRM Software; Professional Skill Development: Negotiation
1219,Employee #1219,Research & Development,Laboratory Technician,2210.0,No,0.375,MEDIUM,84.12,HIGH,"Data Entry, Quality Control, Sample Preparation","Lab Safety, Excel",2,ISO Certified Laboratory Safety & Bio-hazard Compliance; Professional Skill Development: Excel
1220,Employee #1220,Sales,Sales Executive,4539.0,No,0.1599,LOW,79.73,HIGH,"Negotiation, Communication, Lead Generation","CRM Software, Salesforce, Excel",3,Professional Skill Development: CRM Software; Salesforce CRM Administrator & Cloud Management
1221,Employee #1221,Research & Development,Laboratory Technician,2741.0,No,0.029,LOW,61.29,MEDIUM,"Sample Preparation, Quality Control, Data Entry, Excel",Lab Safety,1,ISO Certified Laboratory Safety & Bio-hazard Compliance
1224,Employee #1224,Research & Development,Laboratory Technician,3491.0,No,0.0478,LOW,78.15,HIGH,"Excel, Data Entry, Quality Control","Lab Safety, Sample Preparation",2,ISO Certified Laboratory Safety & Bio-hazard Compliance; Professional Skill Development: Sample Preparation
1225,Employee #1225,Research & Development,Research Scientist,4541.0,No,0.017,LOW,81.77,HIGH,"R, Lab Equipment, Data Analysis","Python, Statistics, Machine Learning",3,Advanced Python Programming & Data Science Masterclass; Professional Skill Development: Statistics
1226,Employee #1226,Sales,Sales Representative,2678.0,No,0.2618,MEDIUM,67.56,MEDIUM,"Customer Service, Communication, Salesforce, CRM",Cold Calling,1,Professional Skill Development: Cold Calling
1228,Employee #1228,Research & Development,Manufacturing Director,7379.0,No,0.0065,LOW,75.92,HIGH,"Operations Management, Budgeting, Lean Six Sigma, Supply Chain",ERP,1,Professional Skill Development: ERP
1231,Employee #1231,Human Resources,Human Resources,6272.0,No,0.0139,LOW,60.46,MEDIUM,"Workday, Compliance, HRIS, Payroll","Recruiting, Employee Relations",2,Professional Skill Development: Recruiting; Professional Skill Development: Employee Relations
1233,Employee #1233,Sales,Sales Executive,5220.0,Yes,0.0109,LOW,77.69,HIGH,"Communication, Negotiation, Salesforce, Excel","CRM Software, Lead Generation",2,Professional Skill Development: CRM Software; B2B Digital Marketing & Modern Sales Pipelines
1234,Employee #1234,Research & Development,Laboratory Technician,2743.0,No,0.2028,LOW,83.25,HIGH,"Excel, Lab Safety","Sample Preparation, Quality Control, Data Entry",3,Professional Skill Development: Sample Preparation; Six Sigma Quality Assurance & Process Improvement
1235,Employee #1235,Research & Development,Research Scientist,4998.0,Yes,0.0869,LOW,55.92,MEDIUM,"R, Python, Data Analysis, Lab Equipment","Statistics, Machine Learning",2,Professional Skill Development: Statistics; Applied Machine Learning & MLOps Specialization
1237,Employee #1237,Research & Development,Manufacturing Director,10252.0,Yes,0.2665,MEDIUM,93.7,HIGH,"Budgeting, Operations Management, Supply Chain, Lean Six Sigma",ERP,1,Professional Skill Development: ERP
1238,Employee #1238,Research & Development,Research Scientist,2781.0,No,0.0055,LOW,74.75,MEDIUM,"Python, Machine Learning, Lab Equipment","Data Analysis, Statistics, R",3,Professional Skill Development: Data Analysis; Professional Skill Development: Statistics
1239,Employee #1239,Sales,Sales Executive,6852.0,No,0.3071,MEDIUM,83.56,HIGH,"Lead Generation, Salesforce, CRM Software","Negotiation, Communication, Excel",3,Professional Skill Development: Negotiation; Professional Skill Development: Communication
1240,Employee #1240,Sales,Sales Executive,4950.0,No,0.079,LOW,74.13,MEDIUM,"Salesforce, Negotiation, Lead Generation, CRM Software, Excel",Communication,1,Professional Skill Development: Communication
1241,Employee #1241,Research & Development,Research Scientist,3579.0,Yes,0.0313,LOW,71.95,MEDIUM,"Python, R, Statistics","Data Analysis, Machine Learning, Lab Equipment",3,Professional Skill Development: Data Analysis; Applied Machine Learning & MLOps Specialization
1242,Employee #1242,Research & Development,Research Director,13191.0,Yes,0.246,LOW,84.72,HIGH,"Python, Leadership, R&D Strategy, Grant Writing",Data Analysis,1,Professional Skill Development: Data Analysis
1243,Employee #1243,Sales,Sales Executive,10377.0,Yes,0.0691,LOW,88.55,HIGH,"CRM Software, Communication, Salesforce","Negotiation, Lead Generation, Excel",3,Professional Skill Development: Negotiation; B2B Digital Marketing & Modern Sales Pipelines
1244,Employee #1244,Research & Development,Research Scientist,2235.0,Yes,0.272,MEDIUM,57.18,MEDIUM,"Lab Equipment, Python, Machine Learning","Data Analysis, Statistics, R",3,Professional Skill Development: Data Analysis; Professional Skill Development: Statistics
1245,Employee #1245,Research & Development,Manufacturing Director,10502.0,No,0.0056,LOW,77.59,HIGH,"Supply Chain, Lean Six Sigma, Budgeting, Operations Management",ERP,1,Professional Skill Development: ERP
1246,Employee #1246,Research & Development,Research Scientist,2011.0,No,0.0022,LOW,93.71,HIGH,"Statistics, Machine Learning, Python, Data Analysis","R, Lab Equipment",2,Statistical Computing & Data Visualization in R; Professional Skill Development: Lab Equipment
1248,Employee #1248,Research & Development,Research Scientist,1859.0,Yes,0.5945,HIGH,82.16,HIGH,"Statistics, Data Analysis, Lab Equipment, Machine Learning","Python, R",2,Advanced Python Programming & Data Science Masterclass; Statistical Computing & Data Visualization in R
1249,Employee #1249,Research & Development,Research Scientist,3760.0,No,0.0069,LOW,68.75,MEDIUM,"Lab Equipment, Statistics, Python, R","Data Analysis, Machine Learning",2,Professional Skill Development: Data Analysis; Applied Machine Learning & MLOps Specialization
1250,Employee #1250,Research & Development,Research Director,17779.0,No,0.0002,LOW,91.81,HIGH,"Grant Writing, Leadership, Data Analysis","R&D Strategy, Python",2,Professional Skill Development: R&D Strategy; Advanced Python Programming & Data Science Masterclass
1251,Employee #1251,Research & Development,Healthcare Representative,6833.0,Yes,0.1495,LOW,57.74,MEDIUM,"Customer Service, Communication, Patient Care","Medical Records, EMR Software",2,Professional Skill Development: Medical Records; Healthcare Electronic Medical Records Administration
1252,Employee #1252,Research & Development,Healthcare Representative,6812.0,No,0.0423,LOW,63.96,MEDIUM,"EMR Software, Communication, Medical Records, Patient Care",Customer Service,1,Professional Skill Development: Customer Service
1254,Employee #1254,Sales,Sales Executive,5171.0,No,0.0236,LOW,70.14,MEDIUM,"Negotiation, CRM Software, Excel, Communication","Salesforce, Lead Generation",2,Salesforce CRM Administrator & Cloud Management; B2B Digital Marketing & Modern Sales Pipelines
1255,Employee #1255,Research & Development,Research Director,19740.0,No,0.0024,LOW,68.82,MEDIUM,"Grant Writing, Leadership, Python","R&D Strategy, Data Analysis",2,Professional Skill Development: R&D Strategy; Professional Skill Development: Data Analysis
1256,Employee #1256,Research & Development,Manager,18711.0,No,0.0064,LOW,86.28,HIGH,"Performance Management, Leadership, Strategic Planning, Project Management",Budgeting,1,Professional Skill Development: Budgeting
1257,Employee #1257,Research & Development,Research Scientist,3692.0,No,0.0333,LOW,81.25,HIGH,"Python, R, Statistics, Machine Learning","Data Analysis, Lab Equipment",2,Professional Skill Development: Data Analysis; Professional Skill Development: Lab Equipment
1258,Employee #1258,Research & Development,Laboratory Technician,2559.0,No,0.1909,LOW,70.54,MEDIUM,"Excel, Quality Control, Sample Preparation","Lab Safety, Data Entry",2,ISO Certified Laboratory Safety & Bio-hazard Compliance; Professional Skill Development: Data Entry
1259,Employee #1259,Research & Development,Research Scientist,2517.0,No,0.0152,LOW,61.43,MEDIUM,"R, Machine Learning, Python, Data Analysis","Statistics, Lab Equipment",2,Professional Skill Development: Statistics; Professional Skill Development: Lab Equipment
1260,Employee #1260,Research & Development,Healthcare Representative,6623.0,Yes,0.0479,LOW,82.9,HIGH,"Communication, Customer Service, Medical Records","Patient Care, EMR Software",2,Professional Skill Development: Patient Care; Healthcare Electronic Medical Records Administration
1263,Employee #1263,Research & Development,Research Director,18265.0,No,0.0024,LOW,60.7,MEDIUM,"R&D Strategy, Leadership","Grant Writing, Data Analysis, Python",3,Research Grant Writing & Innovation Funding Workshop; Professional Skill Development: Data Analysis
1264,Employee #1264,Research & Development,Research Director,16124.0,No,0.0032,LOW,81.03,HIGH,"Grant Writing, R&D Strategy, Data Analysis","Python, Leadership",2,Advanced Python Programming & Data Science Masterclass; Professional Skill Development: Leadership
1265,Employee #1265,Research & Development,Research Scientist,2585.0,No,0.0314,LOW,71.02,MEDIUM,"Statistics, Machine Learning, Lab Equipment","Python, Data Analysis, R",3,Advanced Python Programming & Data Science Masterclass; Professional Skill Development: Data Analysis
1267,Employee #1267,Sales,Manager,18213.0,No,0.0152,LOW,56.58,MEDIUM,"Leadership, Budgeting","Project Management, Strategic Planning, Performance Management",3,Professional Skill Development: Project Management; Executive Leadership & Strategic Workforce Planning
1268,Employee #1268,Sales,Sales Executive,8380.0,Yes,0.0142,LOW,74.39,MEDIUM,"CRM Software, Excel, Salesforce","Negotiation, Communication, Lead Generation",3,Professional Skill Development: Negotiation; Professional Skill Development: Communication
1269,Employee #1269,Research & Development,Research Scientist,2994.0,Yes,0.5354,HIGH,89.22,HIGH,"Data Analysis, Lab Equipment, Machine Learning, R","Python, Statistics",2,Advanced Python Programming & Data Science Masterclass; Professional Skill Development: Statistics
1270,Employee #1270,Research & Development,Research Scientist,1223.0,No,0.0218,LOW,63.63,MEDIUM,"R, Python, Statistics","Data Analysis, Machine Learning, Lab Equipment",3,Professional Skill Development: Data Analysis; Applied Machine Learning & MLOps Specialization
1273,Employee #1273,Sales,Sales Representative,1118.0,Yes,0.9615,HIGH,90.52,HIGH,"Salesforce, Cold Calling, CRM","Customer Service, Communication",2,Professional Skill Development: Customer Service; Professional Skill Development: Communication
1275,Employee #1275,Research & Development,Research Scientist,2875.0,Yes,0.2612,MEDIUM,92.6,HIGH,"Lab Equipment, R, Python, Statistics","Data Analysis, Machine Learning",2,Professional Skill Development: Data Analysis; Applied Machine Learning & MLOps Specialization
1277,Employee #1277,Sales,Manager,18824.0,Yes,0.2392,LOW,57.09,MEDIUM,"Project Management, Strategic Planning","Leadership, Budgeting, Performance Management",3,Professional Skill Development: Leadership; Professional Skill Development: Budgeting
1278,Employee #1278,Research & Development,Healthcare Representative,13577.0,Yes,0.0315,LOW,91.79,HIGH,"EMR Software, Medical Records","Patient Care, Customer Service, Communication",3,Professional Skill Development: Patient Care; Professional Skill Development: Customer Service
1279,Employee #1279,Research & Development,Laboratory Technician,2625.0,No,0.8791,HIGH,67.98,MEDIUM,"Sample Preparation, Quality Control, Lab Safety","Data Entry, Excel",2,Professional Skill Development: Data Entry; Professional Skill Development: Excel
1280,Employee #1280,Sales,Manager,18789.0,No,0.0078,LOW,87.32,HIGH,"Performance Management, Budgeting","Leadership, Project Management, Strategic Planning",3,Professional Skill Development: Leadership; Professional Skill Development: Project Management
1281,Employee #1281,Sales,Sales Executive,4538.0,Yes,0.4726,MEDIUM,55.96,MEDIUM,"Excel, Communication, CRM Software, Lead Generation","Salesforce, Negotiation",2,Salesforce CRM Administrator & Cloud Management; Professional Skill Development: Negotiation
1282,Employee #1282,Sales,Manager,19847.0,Yes,0.3114,MEDIUM,64.41,MEDIUM,"Project Management, Performance Management, Budgeting","Leadership, Strategic Planning",2,Professional Skill Development: Leadership; Executive Leadership & Strategic Workforce Planning
1283,Employee #1283,Research & Development,Manufacturing Director,10512.0,No,0.0042,LOW,60.81,MEDIUM,"Lean Six Sigma, Supply Chain, Budgeting","Operations Management, ERP",2,Professional Skill Development: Operations Management; Professional Skill Development: ERP
1285,Employee #1285,Research & Development,Laboratory Technician,4444.0,No,0.0763,LOW,58.31,MEDIUM,"Sample Preparation, Lab Safety, Quality Control","Data Entry, Excel",2,Professional Skill Development: Data Entry; Professional Skill Development: Excel
1286,Employee #1286,Research & Development,Laboratory Technician,2154.0,Yes,0.6484,HIGH,94.56,HIGH,"Excel, Data Entry, Lab Safety, Quality Control",Sample Preparation,1,Professional Skill Development: Sample Preparation
1288,Employee #1288,Research & Development,Manager,19190.0,No,0.0079,LOW,84.32,HIGH,"Budgeting, Performance Management","Leadership, Project Management, Strategic Planning",3,Professional Skill Development: Leadership; Professional Skill Development: Project Management
1289,Employee #1289,Human Resources,Human Resources,4490.0,No,0.0263,LOW,91.69,HIGH,"Employee Relations, Compliance, HRIS, Workday","Recruiting, Payroll",2,Professional Skill Development: Recruiting; Professional Skill Development: Payroll
1291,Employee #1291,Research & Development,Research Scientist,3506.0,Yes,0.0727,LOW,77.71,HIGH,"R, Python, Lab Equipment","Data Analysis, Statistics, Machine Learning",3,Professional Skill Development: Data Analysis; Professional Skill Development: Statistics
1292,Employee #1292,Research & Development,Research Scientist,2372.0,Yes,0.1146,LOW,78.1,HIGH,"Data Analysis, Lab Equipment, Python, R","Statistics, Machine Learning",2,Professional Skill Development: Statistics; Applied Machine Learning & MLOps Specialization
1293,Employee #1293,Sales,Sales Executive,10231.0,No,0.0358,LOW,70.38,MEDIUM,"Lead Generation, Negotiation, Communication, Salesforce","CRM Software, Excel",2,Professional Skill Development: CRM Software; Professional Skill Development: Excel
1294,Employee #1294,Research & Development,Manufacturing Director,5410.0,Yes,0.106,LOW,88.02,HIGH,"Lean Six Sigma, Operations Management","Supply Chain, ERP, Budgeting",3,Global Supply Chain Operations & Logistics Architecture; Professional Skill Development: ERP
1295,Employee #1295,Research & Development,Healthcare Representative,7978.0,No,0.0037,LOW,72.92,MEDIUM,"Communication, EMR Software, Patient Care","Medical Records, Customer Service",2,Professional Skill Development: Medical Records; Professional Skill Development: Customer Service
1296,Employee #1296,Research & Development,Laboratory Technician,3867.0,Yes,0.5338,HIGH,79.64,HIGH,"Lab Safety, Quality Control, Excel, Data Entry",Sample Preparation,1,Professional Skill Development: Sample Preparation
1297,Employee #1297,Research & Development,Laboratory Technician,2838.0,No,0.251,MEDIUM,92.97,HIGH,"Lab Safety, Sample Preparation","Quality Control, Data Entry, Excel",3,Six Sigma Quality Assurance & Process Improvement; Professional Skill Development: Data Entry
1298,Employee #1298,Research & Development,Manufacturing Director,4695.0,Yes,0.0745,LOW,93.54,HIGH,"ERP, Supply Chain, Lean Six Sigma","Operations Management, Budgeting",2,Professional Skill Development: Operations Management; Professional Skill Development: Budgeting
1299,Employee #1299,Research & Development,Laboratory Technician,3339.0,Yes,0.4956,MEDIUM,94.25,HIGH,"Data Entry, Quality Control, Lab Safety","Sample Preparation, Excel",2,Professional Skill Development: Sample Preparation; Professional Skill Development: Excel
1301,Employee #1301,Research & Development,Research Scientist,2080.0,No,0.2362,LOW,91.75,HIGH,"Lab Equipment, Statistics, Machine Learning, R","Python, Data Analysis",2,Advanced Python Programming & Data Science Masterclass; Professional Skill Development: Data Analysis
1303,Employee #1303,Research & Development,Research Scientist,2096.0,No,0.0378,LOW,90.79,HIGH,"Machine Learning, Lab Equipment, Python, Data Analysis","Statistics, R",2,Professional Skill Development: Statistics; Statistical Computing & Data Visualization in R
1304,Employee #1304,Sales,Sales Executive,6209.0,No,0.0012,LOW,69.71,MEDIUM,"Excel, Salesforce, Negotiation","CRM Software, Communication, Lead Generation",3,Professional Skill Development: CRM Software; Professional Skill Development: Communication
1306,Employee #1306,Research & Development,Manager,18061.0,No,0.039,LOW,77.43,HIGH,"Project Management, Budgeting, Leadership","Strategic Planning, Performance Management",2,Executive Leadership & Strategic Workforce Planning; Professional Skill Development: Performance Management
1307,Employee #1307,Research & Development,Manager,17123.0,Yes,0.4955,MEDIUM,61.62,MEDIUM,"Budgeting, Project Management, Performance Management, Leadership",Strategic Planning,1,Executive Leadership & Strategic Workforce Planning
1308,Employee #1308,Research & Development,Research Scientist,2372.0,No,0.012,LOW,85.88,HIGH,"R, Data Analysis, Lab Equipment, Machine Learning","Python, Statistics",2,Advanced Python Programming & Data Science Masterclass; Professional Skill Development: Statistics
1309,Employee #1309,Research & Development,Laboratory Technician,4883.0,No,0.0279,LOW,93.62,HIGH,"Sample Preparation, Excel, Quality Control","Lab Safety, Data Entry",2,ISO Certified Laboratory Safety & Bio-hazard Compliance; Professional Skill Development: Data Entry
1310,Employee #1310,Research & Development,Research Scientist,3904.0,No,0.1593,LOW,83.26,HIGH,"Data Analysis, Python, Statistics, Machine Learning","R, Lab Equipment",2,Statistical Computing & Data Visualization in R; Professional Skill Development: Lab Equipment
1311,Employee #1311,Research & Development,Laboratory Technician,4627.0,No,0.1579,LOW,60.77,MEDIUM,"Data Entry, Quality Control, Sample Preparation, Excel",Lab Safety,1,ISO Certified Laboratory Safety & Bio-hazard Compliance
1312,Employee #1312,Research & Development,Healthcare Representative,7094.0,No,0.0265,LOW,74.6,MEDIUM,"Communication, Patient Care, EMR Software","Medical Records, Customer Service",2,Professional Skill Development: Medical Records; Professional Skill Development: Customer Service
1314,Employee #1314,Human Resources,Human Resources,3423.0,No,0.035,LOW,87.08,HIGH,"HRIS, Compliance, Workday","Recruiting, Employee Relations, Payroll",3,Professional Skill Development: Recruiting; Professional Skill Development: Employee Relations
1315,Employee #1315,Research & Development,Laboratory Technician,6674.0,No,0.0093,LOW,89.98,HIGH,"Excel, Sample Preparation, Lab Safety, Quality Control",Data Entry,1,Professional Skill Development: Data Entry
1317,Employee #1317,Research & Development,Research Director,16880.0,Yes,0.049,LOW,89.1,HIGH,"Leadership, Grant Writing, Data Analysis, Python",R&D Strategy,1,Professional Skill Development: R&D Strategy
1318,Employee #1318,Sales,Sales Executive,9094.0,Yes,0.8067,HIGH,75.89,HIGH,"CRM Software, Excel, Negotiation","Salesforce, Communication, Lead Generation",3,Salesforce CRM Administrator & Cloud Management; Professional Skill Development: Communication
1319,Employee #1319,Sales,Sales Executive,8446.0,Yes,0.7396,HIGH,56.04,MEDIUM,"Negotiation, Salesforce, CRM Software","Communication, Lead Generation, Excel",3,Professional Skill Development: Communication; B2B Digital Marketing & Modern Sales Pipelines
1321,Employee #1321,Research & Development,Manager,11916.0,Yes,0.1049,LOW,91.59,HIGH,"Strategic Planning, Leadership, Performance Management","Project Management, Budgeting",2,Professional Skill Development: Project Management; Professional Skill Development: Budgeting
1322,Employee #1322,Research & Development,Manufacturing Director,4534.0,No,0.046,LOW,67.74,MEDIUM,"Lean Six Sigma, Supply Chain, Budgeting, ERP",Operations Management,1,Professional Skill Development: Operations Management
1324,Employee #1324,Sales,Sales Executive,9852.0,Yes,0.0718,LOW,93.56,HIGH,"CRM Software, Negotiation, Salesforce, Communication","Lead Generation, Excel",2,B2B Digital Marketing & Modern Sales Pipelines; Professional Skill Development: Excel
1329,Employee #1329,Sales,Sales Executive,6151.0,No,0.2498,LOW,55.72,MEDIUM,"Lead Generation, CRM Software, Salesforce, Communication","Negotiation, Excel",2,Professional Skill Development: Negotiation; Professional Skill Development: Excel
1331,Employee #1331,Sales,Sales Representative,2302.0,Yes,0.7021,HIGH,90.41,HIGH,"Communication, CRM","Cold Calling, Salesforce, Customer Service",3,Professional Skill Development: Cold Calling; Salesforce CRM Administrator & Cloud Management
1333,Employee #1333,Research & Development,Laboratory Technician,2362.0,No,0.1229,LOW,90.82,HIGH,"Quality Control, Data Entry","Lab Safety, Sample Preparation, Excel",3,ISO Certified Laboratory Safety & Bio-hazard Compliance; Professional Skill Development: Sample Preparation
1334,Employee #1334,Research & Development,Manager,17861.0,Yes,0.0065,LOW,82.38,HIGH,"Performance Management, Budgeting, Leadership","Project Management, Strategic Planning",2,Professional Skill Development: Project Management; Executive Leadership & Strategic Workforce Planning
1336,Employee #1336,Research & Development,Manager,19187.0,No,0.005,LOW,70.19,MEDIUM,"Strategic Planning, Project Management","Leadership, Budgeting, Performance Management",3,Professional Skill Development: Leadership; Professional Skill Development: Budgeting
1338,Employee #1338,Human Resources,Manager,19717.0,No,0.023,LOW,88.22,HIGH,"Performance Management, Budgeting, Project Management","Leadership, Strategic Planning",2,Professional Skill Development: Leadership; Executive Leadership & Strategic Workforce Planning
1340,Employee #1340,Research & Development,Research Scientist,3544.0,No,0.0536,LOW,60.94,MEDIUM,"Python, Machine Learning, Statistics, Data Analysis","R, Lab Equipment",2,Statistical Computing & Data Visualization in R; Professional Skill Development: Lab Equipment
1344,Employee #1344,Research & Development,Healthcare Representative,8500.0,No,0.0027,LOW,93.11,HIGH,"Patient Care, Communication, Medical Records","Customer Service, EMR Software",2,Professional Skill Development: Customer Service; Healthcare Electronic Medical Records Administration
1346,Employee #1346,Research & Development,Research Scientist,4661.0,No,0.0145,LOW,79.41,HIGH,"Lab Equipment, Machine Learning, Data Analysis","Python, Statistics, R",3,Advanced Python Programming & Data Science Masterclass; Professional Skill Development: Statistics
1349,Employee #1349,Sales,Sales Executive,4103.0,No,0.0199,LOW,89.71,HIGH,"Negotiation, Communication, Salesforce","CRM Software, Lead Generation, Excel",3,Professional Skill Development: CRM Software; B2B Digital Marketing & Modern Sales Pipelines
1350,Employee #1350,Research & Development,Research Scientist,4249.0,Yes,0.331,MEDIUM,69.59,MEDIUM,"Python, Lab Equipment, Statistics, Machine Learning","Data Analysis, R",2,Professional Skill Development: Data Analysis; Statistical Computing & Data Visualization in R
1352,Employee #1352,Human Resources,Manager,14026.0,Yes,0.0042,LOW,67.29,MEDIUM,"Budgeting, Project Management","Leadership, Strategic Planning, Performance Management",3,Professional Skill Development: Leadership; Executive Leadership & Strategic Workforce Planning
1355,Employee #1355,Sales,Sales Executive,6893.0,No,0.0146,LOW,88.26,HIGH,"CRM Software, Excel, Negotiation","Salesforce, Communication, Lead Generation",3,Salesforce CRM Administrator & Cloud Management; Professional Skill Development: Communication
1356,Employee #1356,Sales,Sales Executive,6125.0,No,0.0729,LOW,60.8,MEDIUM,"CRM Software, Negotiation, Lead Generation, Communication","Salesforce, Excel",2,Salesforce CRM Administrator & Cloud Management; Professional Skill Development: Excel
1358,Employee #1358,Research & Development,Laboratory Technician,3669.0,No,0.0325,LOW,73.71,MEDIUM,"Excel, Quality Control, Data Entry, Sample Preparation",Lab Safety,1,ISO Certified Laboratory Safety & Bio-hazard Compliance
1360,Employee #1360,Research & Development,Manufacturing Director,10008.0,Yes,0.0672,LOW,88.85,HIGH,"Supply Chain, Operations Management, Lean Six Sigma","ERP, Budgeting",2,Professional Skill Development: ERP; Professional Skill Development: Budgeting
1361,Employee #1361,Research & Development,Laboratory Technician,2387.0,No,0.0756,LOW,74.83,MEDIUM,"Data Entry, Sample Preparation, Lab Safety","Quality Control, Excel",2,Six Sigma Quality Assurance & Process Improvement; Professional Skill Development: Excel
1362,Employee #1362,Sales,Sales Executive,4639.0,No,0.0905,LOW,75.2,HIGH,"Communication, Excel, Negotiation, Salesforce, Lead Generation",CRM Software,1,Professional Skill Development: CRM Software
1363,Employee #1363,Research & Development,Manufacturing Director,7898.0,No,0.0022,LOW,77.91,HIGH,"Budgeting, Operations Management","Supply Chain, ERP, Lean Six Sigma",3,Global Supply Chain Operations & Logistics Architecture; Professional Skill Development: ERP
1364,Employee #1364,Sales,Sales Representative,2534.0,No,0.1459,LOW,88.75,HIGH,"Salesforce, Customer Service, Cold Calling","Communication, CRM",2,Professional Skill Development: Communication; Professional Skill Development: CRM
1367,Employee #1367,Research & Development,Manufacturing Director,13142.0,No,0.0246,LOW,61.91,MEDIUM,"Operations Management, Budgeting","Supply Chain, ERP, Lean Six Sigma",3,Global Supply Chain Operations & Logistics Architecture; Professional Skill Development: ERP
1368,Employee #1368,Research & Development,Laboratory Technician,1611.0,No,0.0338,LOW,74.48,MEDIUM,"Quality Control, Lab Safety","Sample Preparation, Data Entry, Excel",3,Professional Skill Development: Sample Preparation; Professional Skill Development: Data Entry
1369,Employee #1369,Research & Development,Laboratory Technician,5363.0,No,0.0152,LOW,74.96,MEDIUM,"Data Entry, Lab Safety","Sample Preparation, Quality Control, Excel",3,Professional Skill Development: Sample Preparation; Six Sigma Quality Assurance & Process Improvement
1371,Employee #1371,Sales,Sales Executive,5071.0,No,0.3567,MEDIUM,71.29,MEDIUM,"Salesforce, Negotiation, Excel, Communication","CRM Software, Lead Generation",2,Professional Skill Development: CRM Software; B2B Digital Marketing & Modern Sales Pipelines
1372,Employee #1372,Sales,Sales Executive,13695.0,Yes,0.3574,MEDIUM,66.33,MEDIUM,"Communication, Lead Generation, CRM Software","Salesforce, Negotiation, Excel",3,Salesforce CRM Administrator & Cloud Management; Professional Skill Development: Negotiation
1373,Employee #1373,Research & Development,Manufacturing Director,13402.0,Yes,0.1405,LOW,90.99,HIGH,"Budgeting, ERP, Lean Six Sigma, Supply Chain",Operations Management,1,Professional Skill Development: Operations Management
1374,Employee #1374,Research & Development,Research Scientist,2029.0,No,0.0262,LOW,76.35,HIGH,"Lab Equipment, R, Python","Data Analysis, Statistics, Machine Learning",3,Professional Skill Development: Data Analysis; Professional Skill Development: Statistics
1375,Employee #1375,Research & Development,Healthcare Representative,6377.0,No,0.0048,LOW,83.63,HIGH,"Medical Records, Patient Care, Communication","Customer Service, EMR Software",2,Professional Skill Development: Customer Service; Healthcare Electronic Medical Records Administration
1377,Employee #1377,Research & Development,Laboratory Technician,5429.0,No,0.357,MEDIUM,87.08,HIGH,"Sample Preparation, Excel, Lab Safety","Quality Control, Data Entry",2,Six Sigma Quality Assurance & Process Improvement; Professional Skill Development: Data Entry
1379,Employee #1379,Sales,Sales Representative,2785.0,No,0.5987,HIGH,94.46,HIGH,"Customer Service, Salesforce, Communication","Cold Calling, CRM",2,Professional Skill Development: Cold Calling; Professional Skill Development: CRM
1380,Employee #1380,Sales,Sales Executive,4614.0,Yes,0.5442,HIGH,86.92,HIGH,"CRM Software, Excel, Salesforce, Lead Generation, Negotiation",Communication,1,Professional Skill Development: Communication
1382,Employee #1382,Research & Development,Research Scientist,2610.0,No,0.004,LOW,86.6,HIGH,"Statistics, Lab Equipment, Data Analysis","Python, R, Machine Learning",3,Advanced Python Programming & Data Science Masterclass; Statistical Computing & Data Visualization in R
1383,Employee #1383,Research & Development,Healthcare Representative,6687.0,No,0.0029,LOW,89.04,HIGH,"EMR Software, Communication, Patient Care","Medical Records, Customer Service",2,Professional Skill Development: Medical Records; Professional Skill Development: Customer Service
1387,Employee #1387,Sales,Sales Executive,4724.0,No,0.3183,MEDIUM,92.75,HIGH,"Salesforce, CRM Software, Communication, Lead Generation","Negotiation, Excel",2,Professional Skill Development: Negotiation; Professional Skill Development: Excel
1389,Employee #1389,Research & Development,Manufacturing Director,6179.0,Yes,0.0956,LOW,93.07,HIGH,"ERP, Lean Six Sigma, Operations Management","Supply Chain, Budgeting",2,Global Supply Chain Operations & Logistics Architecture; Professional Skill Development: Budgeting
1390,Employee #1390,Sales,Sales Executive,6120.0,Yes,0.2131,LOW,87.54,HIGH,"Communication, Negotiation, CRM Software, Lead Generation","Salesforce, Excel",2,Salesforce CRM Administrator & Cloud Management; Professional Skill Development: Excel
1391,Employee #1391,Sales,Sales Executive,10596.0,No,0.1238,LOW,64.17,MEDIUM,"Salesforce, Communication, Negotiation, Lead Generation","CRM Software, Excel",2,Professional Skill Development: CRM Software; Professional Skill Development: Excel
1392,Employee #1392,Research & Development,Research Scientist,5467.0,Yes,0.146,LOW,78.47,HIGH,"R, Lab Equipment, Data Analysis","Python, Statistics, Machine Learning",3,Advanced Python Programming & Data Science Masterclass; Professional Skill Development: Statistics
1394,Employee #1394,Research & Development,Research Scientist,2996.0,Yes,0.1027,LOW,82.97,HIGH,"Machine Learning, Lab Equipment, Data Analysis","Python, Statistics, R",3,Advanced Python Programming & Data Science Masterclass; Professional Skill Development: Statistics
1395,Employee #1395,Sales,Sales Executive,9998.0,No,0.1885,LOW,71.72,MEDIUM,"Excel, CRM Software, Negotiation","Salesforce, Communication, Lead Generation",3,Salesforce CRM Administrator & Cloud Management; Professional Skill Development: Communication
1396,Employee #1396,Sales,Sales Executive,4078.0,Yes,0.3266,MEDIUM,82.22,HIGH,"Excel, Lead Generation, Negotiation, CRM Software","Salesforce, Communication",2,Salesforce CRM Administrator & Cloud Management; Professional Skill Development: Communication
1397,Employee #1397,Research & Development,Healthcare Representative,10920.0,No,0.0054,LOW,73.37,MEDIUM,"Communication, Customer Service, Patient Care, Medical Records",EMR Software,1,Healthcare Electronic Medical Records Administration
1399,Employee #1399,Sales,Sales Executive,6232.0,No,0.2527,MEDIUM,77.99,HIGH,"CRM Software, Excel, Lead Generation","Salesforce, Negotiation, Communication",3,Salesforce CRM Administrator & Cloud Management; Professional Skill Development: Negotiation
1401,Employee #1401,Research & Development,Manufacturing Director,13247.0,Yes,0.0629,LOW,75.34,HIGH,"Lean Six Sigma, Operations Management","Supply Chain, ERP, Budgeting",3,Global Supply Chain Operations & Logistics Architecture; Professional Skill Development: ERP
1402,Employee #1402,Research & Development,Research Scientist,4081.0,Yes,0.1722,LOW,79.09,HIGH,"Lab Equipment, Statistics, Data Analysis","Python, R, Machine Learning",3,Advanced Python Programming & Data Science Masterclass; Statistical Computing & Data Visualization in R
1403,Employee #1403,Sales,Sales Executive,5769.0,Yes,0.2688,MEDIUM,91.45,HIGH,"Lead Generation, Salesforce, Communication","CRM Software, Negotiation, Excel",3,Professional Skill Development: CRM Software; Professional Skill Development: Negotiation
1405,Employee #1405,Research & Development,Research Scientist,2394.0,Yes,0.2781,MEDIUM,93.68,HIGH,"R, Lab Equipment, Data Analysis","Python, Statistics, Machine Learning",3,Advanced Python Programming & Data Science Masterclass; Professional Skill Development: Statistics
1407,Employee #1407,Research & Development,Research Scientist,3904.0,No,0.0797,LOW,81.14,HIGH,"R, Statistics, Machine Learning","Python, Data Analysis, Lab Equipment",3,Advanced Python Programming & Data Science Masterclass; Professional Skill Development: Data Analysis
1408,Employee #1408,Human Resources,Manager,16799.0,No,0.0037,LOW,73.25,MEDIUM,"Leadership, Performance Management, Budgeting","Project Management, Strategic Planning",2,Professional Skill Development: Project Management; Executive Leadership & Strategic Workforce Planning
1409,Employee #1409,Research & Development,Laboratory Technician,2950.0,No,0.1681,LOW,79.7,HIGH,"Excel, Data Entry, Lab Safety","Sample Preparation, Quality Control",2,Professional Skill Development: Sample Preparation; Six Sigma Quality Assurance & Process Improvement
1411,Employee #1411,Research & Development,Laboratory Technician,3629.0,No,0.1944,LOW,93.42,HIGH,"Quality Control, Data Entry, Sample Preparation","Lab Safety, Excel",2,ISO Certified Laboratory Safety & Bio-hazard Compliance; Professional Skill Development: Excel
1412,Employee #1412,Research & Development,Manufacturing Director,9362.0,No,0.1362,LOW,59.6,MEDIUM,"Supply Chain, Lean Six Sigma, ERP","Operations Management, Budgeting",2,Professional Skill Development: Operations Management; Professional Skill Development: Budgeting
1415,Employee #1415,Research & Development,Laboratory Technician,3229.0,No,0.3703,MEDIUM,94.86,HIGH,"Quality Control, Data Entry, Excel","Lab Safety, Sample Preparation",2,ISO Certified Laboratory Safety & Bio-hazard Compliance; Professional Skill Development: Sample Preparation
1417,Employee #1417,Research & Development,Laboratory Technician,3578.0,No,0.03,LOW,55.17,MEDIUM,"Quality Control, Excel","Lab Safety, Sample Preparation, Data Entry",3,ISO Certified Laboratory Safety & Bio-hazard Compliance; Professional Skill Development: Sample Preparation
1419,Employee #1419,Human Resources,Human Resources,7988.0,No,0.2951,MEDIUM,60.58,MEDIUM,"Payroll, Employee Relations, HRIS, Recruiting","Compliance, Workday",2,Professional Skill Development: Compliance; Workday Human Capital Management Fundamentals
1420,Employee #1420,Research & Development,Laboratory Technician,4284.0,No,0.7636,HIGH,67.02,MEDIUM,"Lab Safety, Data Entry","Sample Preparation, Quality Control, Excel",3,Professional Skill Development: Sample Preparation; Six Sigma Quality Assurance & Process Improvement
1421,Employee #1421,Research & Development,Healthcare Representative,7553.0,Yes,0.3528,MEDIUM,55.19,MEDIUM,"Customer Service, Medical Records","Patient Care, EMR Software, Communication",3,Professional Skill Development: Patient Care; Healthcare Electronic Medical Records Administration
1422,Employee #1422,Research & Development,Research Director,17328.0,No,0.0042,LOW,68.86,MEDIUM,"Grant Writing, Leadership, Python","R&D Strategy, Data Analysis",2,Professional Skill Development: R&D Strategy; Professional Skill Development: Data Analysis
1423,Employee #1423,Research & Development,Research Director,19701.0,Yes,0.0014,LOW,74.8,MEDIUM,"Python, Leadership, Data Analysis","R&D Strategy, Grant Writing",2,Professional Skill Development: R&D Strategy; Research Grant Writing & Innovation Funding Workshop
1424,Employee #1424,Research & Development,Research Director,14732.0,No,0.0,LOW,91.19,HIGH,"R&D Strategy, Leadership, Grant Writing","Data Analysis, Python",2,Professional Skill Development: Data Analysis; Advanced Python Programming & Data Science Masterclass
1425,Employee #1425,Sales,Sales Executive,9278.0,Yes,0.3708,MEDIUM,68.89,MEDIUM,"Lead Generation, Salesforce, Communication","CRM Software, Negotiation, Excel",3,Professional Skill Development: CRM Software; Professional Skill Development: Negotiation
1427,Employee #1427,Sales,Sales Representative,1359.0,No,0.8191,HIGH,90.62,HIGH,"Salesforce, Cold Calling, Customer Service","Communication, CRM",2,Professional Skill Development: Communication; Professional Skill Development: CRM
1428,Employee #1428,Sales,Sales Executive,4779.0,No,0.0993,LOW,73.25,MEDIUM,"Communication, Excel, Salesforce, Negotiation","CRM Software, Lead Generation",2,Professional Skill Development: CRM Software; B2B Digital Marketing & Modern Sales Pipelines
1430,Employee #1430,Research & Development,Research Director,16422.0,No,0.0754,LOW,80.85,HIGH,"R&D Strategy, Python, Leadership","Grant Writing, Data Analysis",2,Research Grant Writing & Innovation Funding Workshop; Professional Skill Development: Data Analysis
1431,Employee #1431,Research & Development,Research Scientist,2996.0,No,0.0211,LOW,78.15,HIGH,"Python, Lab Equipment, R","Data Analysis, Statistics, Machine Learning",3,Professional Skill Development: Data Analysis; Professional Skill Development: Statistics
1433,Employee #1433,Research & Development,Research Scientist,1261.0,No,0.2885,MEDIUM,80.07,HIGH,"Statistics, Python, Machine Learning, Data Analysis","R, Lab Equipment",2,Statistical Computing & Data Visualization in R; Professional Skill Development: Lab Equipment
1434,Employee #1434,Research & Development,Laboratory Technician,2099.0,No,0.1436,LOW,89.59,HIGH,"Data Entry, Excel","Lab Safety, Sample Preparation, Quality Control",3,ISO Certified Laboratory Safety & Bio-hazard Compliance; Professional Skill Development: Sample Preparation
1435,Employee #1435,Research & Development,Laboratory Technician,5810.0,No,0.2027,LOW,82.0,HIGH,"Sample Preparation, Quality Control","Lab Safety, Data Entry, Excel",3,ISO Certified Laboratory Safety & Bio-hazard Compliance; Professional Skill Development: Data Entry
1436,Employee #1436,Sales,Sales Executive,5647.0,No,0.3244,MEDIUM,85.58,HIGH,"Salesforce, Negotiation, Communication","CRM Software, Lead Generation, Excel",3,Professional Skill Development: CRM Software; B2B Digital Marketing & Modern Sales Pipelines
1438,Employee #1438,Research & Development,Research Scientist,3420.0,No,0.0403,LOW,91.03,HIGH,"R, Lab Equipment, Python, Statistics","Data Analysis, Machine Learning",2,Professional Skill Development: Data Analysis; Applied Machine Learning & MLOps Specialization
1439,Employee #1439,Sales,Sales Representative,4400.0,No,0.8339,HIGH,74.35,MEDIUM,"Customer Service, Cold Calling, Salesforce","Communication, CRM",2,Professional Skill Development: Communication; Professional Skill Development: CRM
1440,Employee #1440,Research & Development,Laboratory Technician,3500.0,No,0.0732,LOW,59.41,MEDIUM,"Quality Control, Excel","Lab Safety, Sample Preparation, Data Entry",3,ISO Certified Laboratory Safety & Bio-hazard Compliance; Professional Skill Development: Sample Preparation
1441,Employee #1441,Research & Development,Research Scientist,2066.0,No,0.0081,LOW,56.02,MEDIUM,"Python, R, Statistics","Data Analysis, Machine Learning, Lab Equipment",3,Professional Skill Development: Data Analysis; Applied Machine Learning & MLOps Specialization
1443,Employee #1443,Research & Development,Research Director,17169.0,No,0.0007,LOW,86.76,HIGH,"Python, R&D Strategy","Grant Writing, Data Analysis, Leadership",3,Research Grant Writing & Innovation Funding Workshop; Professional Skill Development: Data Analysis
1445,Employee #1445,Sales,Sales Executive,4162.0,Yes,0.0422,LOW,79.96,HIGH,"Excel, Salesforce, Negotiation","CRM Software, Communication, Lead Generation",3,Professional Skill Development: CRM Software; Professional Skill Development: Communication
1446,Employee #1446,Sales,Sales Executive,9204.0,No,0.0439,LOW,70.18,MEDIUM,"Lead Generation, Communication, Negotiation","CRM Software, Salesforce, Excel",3,Professional Skill Development: CRM Software; Salesforce CRM Administrator & Cloud Management
1447,Employee #1447,Research & Development,Laboratory Technician,3294.0,No,0.1577,LOW,55.37,MEDIUM,"Lab Safety, Quality Control, Data Entry","Sample Preparation, Excel",2,Professional Skill Development: Sample Preparation; Professional Skill Development: Excel
1448,Employee #1448,Research & Development,Research Scientist,2127.0,Yes,0.1015,LOW,58.66,MEDIUM,"Machine Learning, Statistics, Python, R","Data Analysis, Lab Equipment",2,Professional Skill Development: Data Analysis; Professional Skill Development: Lab Equipment
1449,Employee #1449,Research & Development,Laboratory Technician,3975.0,No,0.0021,LOW,93.03,HIGH,"Sample Preparation, Lab Safety, Data Entry","Quality Control, Excel",2,Six Sigma Quality Assurance & Process Improvement; Professional Skill Development: Excel
1453,Employee #1453,Sales,Sales Executive,10793.0,No,0.0763,LOW,92.3,HIGH,"Salesforce, Lead Generation, CRM Software, Excel","Negotiation, Communication",2,Professional Skill Development: Negotiation; Professional Skill Development: Communication
1457,Employee #1457,Sales,Sales Executive,10096.0,No,0.0305,LOW,64.51,MEDIUM,"CRM Software, Lead Generation, Salesforce","Negotiation, Communication, Excel",3,Professional Skill Development: Negotiation; Professional Skill Development: Communication
1458,Employee #1458,Research & Development,Laboratory Technician,3646.0,Yes,0.635,HIGH,59.26,MEDIUM,"Sample Preparation, Quality Control","Lab Safety, Data Entry, Excel",3,ISO Certified Laboratory Safety & Bio-hazard Compliance; Professional Skill Development: Data Entry
1459,Employee #1459,Research & Development,Manufacturing Director,7446.0,No,0.0383,LOW,57.76,MEDIUM,"Budgeting, Operations Management","Supply Chain, ERP, Lean Six Sigma",3,Global Supply Chain Operations & Logistics Architecture; Professional Skill Development: ERP
1460,Employee #1460,Research & Development,Healthcare Representative,10851.0,Yes,0.0952,LOW,75.0,HIGH,"Medical Records, Patient Care, Customer Service","EMR Software, Communication",2,Healthcare Electronic Medical Records Administration; Professional Skill Development: Communication
1461,Employee #1461,Human Resources,Human Resources,2109.0,No,0.0709,LOW,56.19,MEDIUM,"HRIS, Workday, Recruiting","Employee Relations, Payroll, Compliance",3,Professional Skill Development: Employee Relations; Professional Skill Development: Payroll
1464,Employee #1464,Research & Development,Laboratory Technician,3722.0,Yes,0.8277,HIGH,58.93,MEDIUM,"Quality Control, Sample Preparation, Lab Safety","Data Entry, Excel",2,Professional Skill Development: Data Entry; Professional Skill Development: Excel
1465,Employee #1465,Research & Development,Manufacturing Director,9380.0,Yes,0.0858,LOW,72.6,MEDIUM,"Operations Management, Budgeting, Supply Chain","ERP, Lean Six Sigma",2,Professional Skill Development: ERP; Lean Six Sigma Green Belt Enterprise Certification
1466,Employee #1466,Sales,Sales Executive,5486.0,No,0.0248,LOW,57.46,MEDIUM,"Excel, CRM Software, Salesforce","Negotiation, Communication, Lead Generation",3,Professional Skill Development: Negotiation; Professional Skill Development: Communication
1467,Employee #1467,Human Resources,Human Resources,2742.0,No,0.132,LOW,92.58,HIGH,"HRIS, Workday, Payroll, Compliance","Recruiting, Employee Relations",2,Professional Skill Development: Recruiting; Professional Skill Development: Employee Relations
1468,Employee #1468,Research & Development,Research Director,13757.0,No,0.0012,LOW,69.81,MEDIUM,"Python, R&D Strategy, Grant Writing","Data Analysis, Leadership",2,Professional Skill Development: Data Analysis; Professional Skill Development: Leadership
1469,Employee #1469,Sales,Sales Executive,8463.0,No,0.0404,LOW,63.65,MEDIUM,"Communication, Negotiation, Excel, CRM Software","Salesforce, Lead Generation",2,Salesforce CRM Administrator & Cloud Management; B2B Digital Marketing & Modern Sales Pipelines
1471,Employee #1471,Research & Development,Laboratory Technician,3162.0,No,0.028,LOW,94.94,HIGH,"Lab Safety, Data Entry, Quality Control","Sample Preparation, Excel",2,Professional Skill Development: Sample Preparation; Professional Skill Development: Excel
1472,Employee #1472,Research & Development,Research Director,16598.0,No,0.0029,LOW,63.1,MEDIUM,"Python, Data Analysis, Grant Writing","R&D Strategy, Leadership",2,Professional Skill Development: R&D Strategy; Professional Skill Development: Leadership
1473,Employee #1473,Research & Development,Healthcare Representative,6651.0,No,0.0207,LOW,76.27,HIGH,"Patient Care, Medical Records","Customer Service, EMR Software, Communication",3,Professional Skill Development: Customer Service; Healthcare Electronic Medical Records Administration
1474,Employee #1474,Research & Development,Research Scientist,2345.0,No,0.0049,LOW,93.5,HIGH,"Data Analysis, Machine Learning, Lab Equipment","Python, Statistics, R",3,Advanced Python Programming & Data Science Masterclass; Professional Skill Development: Statistics
1475,Employee #1475,Research & Development,Research Scientist,3420.0,No,0.043,LOW,69.22,MEDIUM,"Machine Learning, R, Python","Data Analysis, Statistics, Lab Equipment",3,Professional Skill Development: Data Analysis; Professional Skill Development: Statistics
1477,Employee #1477,Sales,Sales Executive,4373.0,No,0.1048,LOW,68.14,MEDIUM,"Communication, CRM Software, Salesforce","Negotiation, Lead Generation, Excel",3,Professional Skill Development: Negotiation; B2B Digital Marketing & Modern Sales Pipelines
1478,Employee #1478,Sales,Sales Executive,4759.0,No,0.0247,LOW,61.68,MEDIUM,"Excel, Negotiation, Lead Generation, Salesforce, CRM Software",Communication,1,Professional Skill Development: Communication
1479,Employee #1479,Sales,Sales Executive,5301.0,No,0.1149,LOW,90.2,HIGH,"Excel, Communication, Lead Generation, CRM Software","Salesforce, Negotiation",2,Salesforce CRM Administrator & Cloud Management; Professional Skill Development: Negotiation
1480,Employee #1480,Research & Development,Laboratory Technician,3673.0,No,0.0968,LOW,89.38,HIGH,"Quality Control, Excel, Sample Preparation","Lab Safety, Data Entry",2,ISO Certified Laboratory Safety & Bio-hazard Compliance; Professional Skill Development: Data Entry
1481,Employee #1481,Sales,Sales Executive,4768.0,No,0.3291,MEDIUM,91.21,HIGH,"Negotiation, Excel, Communication, Lead Generation","CRM Software, Salesforce",2,Professional Skill Development: CRM Software; Salesforce CRM Administrator & Cloud Management
1482,Employee #1482,Research & Development,Research Scientist,1274.0,No,0.0326,LOW,94.94,HIGH,"Statistics, R, Data Analysis, Machine Learning","Python, Lab Equipment",2,Advanced Python Programming & Data Science Masterclass; Professional Skill Development: Lab Equipment
1483,Employee #1483,Research & Development,Research Scientist,4900.0,No,0.0022,LOW,92.06,HIGH,"Machine Learning, Python, R, Statistics","Data Analysis, Lab Equipment",2,Professional Skill Development: Data Analysis; Professional Skill Development: Lab Equipment
1484,Employee #1484,Research & Development,Healthcare Representative,10466.0,No,0.0006,LOW,83.94,HIGH,"Medical Records, Patient Care, EMR Software","Customer Service, Communication",2,Professional Skill Development: Customer Service; Professional Skill Development: Communication
1485,Employee #1485,Research & Development,Research Director,17007.0,No,0.0697,LOW,63.49,MEDIUM,"Data Analysis, Leadership","R&D Strategy, Grant Writing, Python",3,Professional Skill Development: R&D Strategy; Research Grant Writing & Innovation Funding Workshop
1486,Employee #1486,Sales,Sales Representative,2909.0,No,0.2713,MEDIUM,65.28,MEDIUM,"Salesforce, Communication, Cold Calling, CRM",Customer Service,1,Professional Skill Development: Customer Service
1487,Employee #1487,Sales,Sales Executive,5765.0,No,0.9443,HIGH,57.59,MEDIUM,"Excel, CRM Software, Communication","Salesforce, Negotiation, Lead Generation",3,Salesforce CRM Administrator & Cloud Management; Professional Skill Development: Negotiation
1489,Employee #1489,Sales,Sales Executive,4599.0,Yes,0.6949,HIGH,72.95,MEDIUM,"Negotiation, Excel, CRM Software, Lead Generation","Salesforce, Communication",2,Salesforce CRM Administrator & Cloud Management; Professional Skill Development: Communication
1492,Employee #1492,Sales,Sales Representative,2404.0,No,0.1389,LOW,72.22,MEDIUM,"Communication, Cold Calling, Customer Service, CRM",Salesforce,1,Salesforce CRM Administrator & Cloud Management
1494,Employee #1494,Research & Development,Laboratory Technician,3172.0,Yes,0.9813,HIGH,80.49,HIGH,"Quality Control, Sample Preparation, Lab Safety","Data Entry, Excel",2,Professional Skill Development: Data Entry; Professional Skill Development: Excel
1495,Employee #1495,Sales,Sales Representative,2033.0,No,0.0875,LOW,67.26,MEDIUM,"Customer Service, Salesforce","Cold Calling, Communication, CRM",3,Professional Skill Development: Cold Calling; Professional Skill Development: Communication
1496,Employee #1496,Research & Development,Manufacturing Director,10209.0,Yes,0.3801,MEDIUM,58.52,MEDIUM,"ERP, Supply Chain, Operations Management, Lean Six Sigma",Budgeting,1,Professional Skill Development: Budgeting
1497,Employee #1497,Sales,Sales Executive,8620.0,No,0.0183,LOW,91.53,HIGH,"Communication, Excel, CRM Software, Negotiation","Salesforce, Lead Generation",2,Salesforce CRM Administrator & Cloud Management; B2B Digital Marketing & Modern Sales Pipelines
1499,Employee #1499,Human Resources,Human Resources,2064.0,No,0.0217,LOW,87.62,HIGH,"HRIS, Recruiting, Payroll, Employee Relations","Compliance, Workday",2,Professional Skill Development: Compliance; Workday Human Capital Management Fundamentals
1501,Employee #1501,Research & Development,Healthcare Representative,4035.0,Yes,0.0248,LOW,93.24,HIGH,"Communication, Medical Records, Patient Care","Customer Service, EMR Software",2,Professional Skill Development: Customer Service; Healthcare Electronic Medical Records Administration
1502,Employee #1502,Research & Development,Laboratory Technician,3838.0,No,0.2198,LOW,65.7,MEDIUM,"Lab Safety, Sample Preparation","Quality Control, Data Entry, Excel",3,Six Sigma Quality Assurance & Process Improvement; Professional Skill Development: Data Entry
1503,Employee #1503,Sales,Sales Executive,4591.0,Yes,0.1273,LOW,89.3,HIGH,"Excel, Negotiation, Lead Generation, Salesforce","CRM Software, Communication",2,Professional Skill Development: CRM Software; Professional Skill Development: Communication
1504,Employee #1504,Research & Development,Laboratory Technician,2561.0,No,0.9132,HIGH,79.11,HIGH,"Quality Control, Lab Safety, Data Entry","Sample Preparation, Excel",2,Professional Skill Development: Sample Preparation; Professional Skill Development: Excel
1506,Employee #1506,Research & Development,Research Scientist,1563.0,No,0.1405,LOW,55.71,MEDIUM,"Python, R, Lab Equipment","Data Analysis, Statistics, Machine Learning",3,Professional Skill Development: Data Analysis; Professional Skill Development: Statistics
1507,Employee #1507,Sales,Sales Executive,4898.0,No,0.246,LOW,90.85,HIGH,"CRM Software, Salesforce, Negotiation","Communication, Lead Generation, Excel",3,Professional Skill Development: Communication; B2B Digital Marketing & Modern Sales Pipelines
1509,Employee #1509,Research & Development,Laboratory Technician,4789.0,No,0.1265,LOW,75.64,HIGH,"Lab Safety, Data Entry","Sample Preparation, Quality Control, Excel",3,Professional Skill Development: Sample Preparation; Six Sigma Quality Assurance & Process Improvement
1513,Employee #1513,Research & Development,Laboratory Technician,3180.0,No,0.0369,LOW,74.77,MEDIUM,"Quality Control, Sample Preparation, Excel, Data Entry",Lab Safety,1,ISO Certified Laboratory Safety & Bio-hazard Compliance
1514,Employee #1514,Research & Development,Manufacturing Director,6549.0,No,0.0912,LOW,71.08,MEDIUM,"Budgeting, Lean Six Sigma, ERP","Supply Chain, Operations Management",2,Global Supply Chain Operations & Logistics Architecture; Professional Skill Development: Operations Management
1515,Employee #1515,Research & Development,Healthcare Representative,6388.0,Yes,0.0935,LOW,79.48,HIGH,"Customer Service, Communication, Patient Care","Medical Records, EMR Software",2,Professional Skill Development: Medical Records; Healthcare Electronic Medical Records Administration
1516,Employee #1516,Research & Development,Manager,11244.0,No,0.0274,LOW,61.85,MEDIUM,"Strategic Planning, Budgeting","Leadership, Project Management, Performance Management",3,Professional Skill Development: Leadership; Professional Skill Development: Project Management
1520,Employee #1520,Research & Development,Manager,16032.0,No,0.0028,LOW,56.05,MEDIUM,"Performance Management, Leadership, Budgeting, Project Management",Strategic Planning,1,Executive Leadership & Strategic Workforce Planning
1522,Employee #1522,Research & Development,Research Scientist,2362.0,No,0.5237,HIGH,89.64,HIGH,"Data Analysis, R, Statistics, Lab Equipment","Python, Machine Learning",2,Advanced Python Programming & Data Science Masterclass; Applied Machine Learning & MLOps Specialization
1523,Employee #1523,Research & Development,Research Director,16328.0,No,0.0315,LOW,61.66,MEDIUM,"R&D Strategy, Python, Leadership, Data Analysis",Grant Writing,1,Research Grant Writing & Innovation Funding Workshop
1525,Employee #1525,Research & Development,Manufacturing Director,8376.0,No,0.0452,LOW,68.03,MEDIUM,"ERP, Lean Six Sigma, Operations Management","Supply Chain, Budgeting",2,Global Supply Chain Operations & Logistics Architecture; Professional Skill Development: Budgeting
1527,Employee #1527,Sales,Manager,16606.0,No,0.0187,LOW,76.21,HIGH,"Project Management, Performance Management, Leadership, Budgeting",Strategic Planning,1,Executive Leadership & Strategic Workforce Planning
1529,Employee #1529,Research & Development,Healthcare Representative,8606.0,No,0.0397,LOW,75.66,HIGH,"Communication, Patient Care, Medical Records","Customer Service, EMR Software",2,Professional Skill Development: Customer Service; Healthcare Electronic Medical Records Administration
1533,Employee #1533,Research & Development,Laboratory Technician,2272.0,No,0.6027,HIGH,69.64,MEDIUM,"Data Entry, Sample Preparation, Quality Control","Lab Safety, Excel",2,ISO Certified Laboratory Safety & Bio-hazard Compliance; Professional Skill Development: Excel
1534,Employee #1534,Research & Development,Laboratory Technician,2018.0,No,0.3014,MEDIUM,86.91,HIGH,"Quality Control, Excel","Lab Safety, Sample Preparation, Data Entry",3,ISO Certified Laboratory Safety & Bio-hazard Compliance; Professional Skill Development: Sample Preparation
1535,Employee #1535,Sales,Sales Executive,7083.0,Yes,0.2445,LOW,79.32,HIGH,"Lead Generation, CRM Software, Salesforce","Negotiation, Communication, Excel",3,Professional Skill Development: Negotiation; Professional Skill Development: Communication
1537,Employee #1537,Research & Development,Research Scientist,4084.0,No,0.215,LOW,94.2,HIGH,"R, Data Analysis, Machine Learning, Python, Lab Equipment",Statistics,1,Professional Skill Development: Statistics
1539,Employee #1539,Research & Development,Research Director,14411.0,Yes,0.3802,MEDIUM,64.66,MEDIUM,"Python, Leadership","R&D Strategy, Grant Writing, Data Analysis",3,Professional Skill Development: R&D Strategy; Research Grant Writing & Innovation Funding Workshop
1541,Employee #1541,Sales,Sales Representative,2308.0,Yes,0.2287,LOW,85.58,HIGH,"Cold Calling, Customer Service, CRM","Salesforce, Communication",2,Salesforce CRM Administrator & Cloud Management; Professional Skill Development: Communication
1542,Employee #1542,Research & Development,Laboratory Technician,4841.0,No,0.1519,LOW,63.57,MEDIUM,"Quality Control, Sample Preparation, Excel","Lab Safety, Data Entry",2,ISO Certified Laboratory Safety & Bio-hazard Compliance; Professional Skill Development: Data Entry
1543,Employee #1543,Research & Development,Research Scientist,4285.0,No,0.0268,LOW,82.2,HIGH,"Statistics, Data Analysis, Lab Equipment, R","Python, Machine Learning",2,Advanced Python Programming & Data Science Masterclass; Applied Machine Learning & MLOps Specialization
1544,Employee #1544,Research & Development,Healthcare Representative,9715.0,No,0.0166,LOW,89.9,HIGH,"Customer Service, EMR Software","Patient Care, Medical Records, Communication",3,Professional Skill Development: Patient Care; Professional Skill Development: Medical Records
1545,Employee #1545,Research & Development,Manufacturing Director,4320.0,No,0.1114,LOW,56.39,MEDIUM,"Lean Six Sigma, Supply Chain","Operations Management, ERP, Budgeting",3,Professional Skill Development: Operations Management; Professional Skill Development: ERP
1546,Employee #1546,Research & Development,Research Scientist,2132.0,No,0.0139,LOW,88.31,HIGH,"Statistics, R, Machine Learning, Lab Equipment, Python",Data Analysis,1,Professional Skill Development: Data Analysis
1547,Employee #1547,Research & Development,Healthcare Representative,10124.0,Yes,0.1634,LOW,84.89,HIGH,"Customer Service, Communication","Patient Care, Medical Records, EMR Software",3,Professional Skill Development: Patient Care; Professional Skill Development: Medical Records
1548,Employee #1548,Sales,Sales Executive,5473.0,No,0.0706,LOW,65.4,MEDIUM,"Excel, Lead Generation, Negotiation, CRM Software","Salesforce, Communication",2,Salesforce CRM Administrator & Cloud Management; Professional Skill Development: Communication
1549,Employee #1549,Research & Development,Laboratory Technician,5207.0,Yes,0.3631,MEDIUM,69.14,MEDIUM,"Data Entry, Lab Safety, Excel","Sample Preparation, Quality Control",2,Professional Skill Development: Sample Preparation; Six Sigma Quality Assurance & Process Improvement
1550,Employee #1550,Human Resources,Manager,16437.0,Yes,0.0868,LOW,59.42,MEDIUM,"Budgeting, Project Management, Leadership, Strategic Planning",Performance Management,1,Professional Skill Development: Performance Management
1551,Employee #1551,Research & Development,Laboratory Technician,2296.0,No,0.4995,MEDIUM,71.27,MEDIUM,"Lab Safety, Quality Control","Sample Preparation, Data Entry, Excel",3,Professional Skill Development: Sample Preparation; Professional Skill Development: Data Entry
1552,Employee #1552,Research & Development,Healthcare Representative,4069.0,Yes,0.0136,LOW,80.67,HIGH,"Patient Care, Customer Service, Communication","Medical Records, EMR Software",2,Professional Skill Development: Medical Records; Healthcare Electronic Medical Records Administration
1553,Employee #1553,Research & Development,Healthcare Representative,7441.0,No,0.0186,LOW,77.4,HIGH,"Communication, Customer Service","Patient Care, Medical Records, EMR Software",3,Professional Skill Development: Patient Care; Professional Skill Development: Medical Records
1554,Employee #1554,Sales,Sales Representative,2430.0,No,0.1726,LOW,74.08,MEDIUM,"Customer Service, Salesforce, Cold Calling","Communication, CRM",2,Professional Skill Development: Communication; Professional Skill Development: CRM
1555,Employee #1555,Research & Development,Research Scientist,5878.0,No,0.0339,LOW,56.04,MEDIUM,"Statistics, Python, Machine Learning, Data Analysis","R, Lab Equipment",2,Statistical Computing & Data Visualization in R; Professional Skill Development: Lab Equipment
1556,Employee #1556,Sales,Sales Representative,2644.0,Yes,0.4769,MEDIUM,67.89,MEDIUM,"Salesforce, Cold Calling","Customer Service, Communication, CRM",3,Professional Skill Development: Customer Service; Professional Skill Development: Communication
1557,Employee #1557,Sales,Sales Executive,6439.0,No,0.039,LOW,63.27,MEDIUM,"Salesforce, Excel, CRM Software, Lead Generation","Negotiation, Communication",2,Professional Skill Development: Negotiation; Professional Skill Development: Communication
1558,Employee #1558,Research & Development,Research Scientist,2451.0,No,0.094,LOW,80.78,HIGH,"Statistics, Data Analysis, Lab Equipment, Python","R, Machine Learning",2,Statistical Computing & Data Visualization in R; Applied Machine Learning & MLOps Specialization
1560,Employee #1560,Sales,Sales Executive,6392.0,No,0.1493,LOW,85.28,HIGH,"Communication, Excel, Negotiation, CRM Software","Salesforce, Lead Generation",2,Salesforce CRM Administrator & Cloud Management; B2B Digital Marketing & Modern Sales Pipelines
1562,Employee #1562,Sales,Sales Executive,9714.0,No,0.0639,LOW,89.06,HIGH,"Salesforce, Lead Generation, Communication, CRM Software","Negotiation, Excel",2,Professional Skill Development: Negotiation; Professional Skill Development: Excel
1563,Employee #1563,Human Resources,Human Resources,6077.0,No,0.2386,LOW,55.04,MEDIUM,"HRIS, Compliance, Workday","Recruiting, Employee Relations, Payroll",3,Professional Skill Development: Recruiting; Professional Skill Development: Employee Relations
1564,Employee #1564,Research & Development,Laboratory Technician,2450.0,No,0.1894,LOW,90.1,HIGH,"Sample Preparation, Lab Safety, Data Entry","Quality Control, Excel",2,Six Sigma Quality Assurance & Process Improvement; Professional Skill Development: Excel
1568,Employee #1568,Sales,Sales Executive,9250.0,No,0.305,MEDIUM,58.12,MEDIUM,"Lead Generation, Communication, Salesforce, Negotiation","CRM Software, Excel",2,Professional Skill Development: CRM Software; Professional Skill Development: Excel
1569,Employee #1569,Research & Development,Laboratory Technician,2074.0,Yes,0.6566,HIGH,67.89,MEDIUM,"Excel, Sample Preparation, Lab Safety","Quality Control, Data Entry",2,Six Sigma Quality Assurance & Process Improvement; Professional Skill Development: Data Entry
1572,Employee #1572,Research & Development,Manufacturing Director,10169.0,No,0.0003,LOW,62.64,MEDIUM,"Supply Chain, Operations Management","ERP, Budgeting, Lean Six Sigma",3,Professional Skill Development: ERP; Professional Skill Development: Budgeting
1573,Employee #1573,Research & Development,Manufacturing Director,4855.0,No,0.02,LOW,83.17,HIGH,"Budgeting, Lean Six Sigma","Supply Chain, Operations Management, ERP",3,Global Supply Chain Operations & Logistics Architecture; Professional Skill Development: Operations Management
1574,Employee #1574,Research & Development,Research Scientist,4087.0,No,0.0234,LOW,85.81,HIGH,"Lab Equipment, Data Analysis, Machine Learning","Python, Statistics, R",3,Advanced Python Programming & Data Science Masterclass; Professional Skill Development: Statistics
1576,Employee #1576,Research & Development,Research Scientist,2367.0,No,0.041,LOW,71.1,MEDIUM,"Statistics, R, Machine Learning, Data Analysis","Python, Lab Equipment",2,Advanced Python Programming & Data Science Masterclass; Professional Skill Development: Lab Equipment
1577,Employee #1577,Research & Development,Research Scientist,2972.0,No,0.2206,LOW,71.01,MEDIUM,"R, Data Analysis, Lab Equipment, Python","Statistics, Machine Learning",2,Professional Skill Development: Statistics; Applied Machine Learning & MLOps Specialization
1578,Employee #1578,Sales,Manager,19586.0,No,0.0024,LOW,86.25,HIGH,"Performance Management, Project Management","Leadership, Strategic Planning, Budgeting",3,Professional Skill Development: Leadership; Executive Leadership & Strategic Workforce Planning
1580,Employee #1580,Research & Development,Research Scientist,5484.0,No,0.0594,LOW,55.05,MEDIUM,"Python, Lab Equipment, Machine Learning, Data Analysis","Statistics, R",2,Professional Skill Development: Statistics; Statistical Computing & Data Visualization in R
1581,Employee #1581,Research & Development,Research Scientist,2061.0,No,0.0743,LOW,64.24,MEDIUM,"Lab Equipment, Data Analysis, R","Python, Statistics, Machine Learning",3,Advanced Python Programming & Data Science Masterclass; Professional Skill Development: Statistics
1582,Employee #1582,Sales,Sales Executive,9924.0,No,0.0216,LOW,86.32,HIGH,"Communication, CRM Software, Negotiation","Salesforce, Lead Generation, Excel",3,Salesforce CRM Administrator & Cloud Management; B2B Digital Marketing & Modern Sales Pipelines
1583,Employee #1583,Sales,Sales Executive,4198.0,No,0.1529,LOW,89.09,HIGH,"CRM Software, Lead Generation, Negotiation","Salesforce, Communication, Excel",3,Salesforce CRM Administrator & Cloud Management; Professional Skill Development: Communication
1585,Employee #1585,Sales,Sales Executive,6815.0,No,0.133,LOW,86.95,HIGH,"Excel, Salesforce, Negotiation","CRM Software, Communication, Lead Generation",3,Professional Skill Development: CRM Software; Professional Skill Development: Communication
1586,Employee #1586,Research & Development,Laboratory Technician,4723.0,Yes,0.2452,LOW,63.28,MEDIUM,"Sample Preparation, Lab Safety","Quality Control, Data Entry, Excel",3,Six Sigma Quality Assurance & Process Improvement; Professional Skill Development: Data Entry
1587,Employee #1587,Research & Development,Healthcare Representative,6142.0,Yes,0.2004,LOW,86.42,HIGH,"EMR Software, Patient Care","Medical Records, Customer Service, Communication",3,Professional Skill Development: Medical Records; Professional Skill Development: Customer Service
1588,Employee #1588,Sales,Sales Executive,8237.0,No,0.0138,LOW,71.56,MEDIUM,"CRM Software, Lead Generation, Salesforce","Negotiation, Communication, Excel",3,Professional Skill Development: Negotiation; Professional Skill Development: Communication
1590,Employee #1590,Research & Development,Healthcare Representative,8853.0,No,0.0139,LOW,86.81,HIGH,"EMR Software, Customer Service, Communication","Patient Care, Medical Records",2,Professional Skill Development: Patient Care; Professional Skill Development: Medical Records
1591,Employee #1591,Sales,Manager,19331.0,Yes,0.0642,LOW,76.59,HIGH,"Performance Management, Leadership, Project Management","Strategic Planning, Budgeting",2,Executive Leadership & Strategic Workforce Planning; Professional Skill Development: Budgeting
1592,Employee #1592,Research & Development,Research Scientist,2073.0,No,0.0173,LOW,87.41,HIGH,"Lab Equipment, Data Analysis, Python","Statistics, R, Machine Learning",3,Professional Skill Development: Statistics; Statistical Computing & Data Visualization in R
1594,Employee #1594,Research & Development,Laboratory Technician,5562.0,Yes,0.6275,HIGH,66.86,MEDIUM,"Sample Preparation, Lab Safety, Excel","Quality Control, Data Entry",2,Six Sigma Quality Assurance & Process Improvement; Professional Skill Development: Data Entry
1595,Employee #1595,Research & Development,Manager,19613.0,No,0.0095,LOW,91.62,HIGH,"Project Management, Strategic Planning, Leadership","Budgeting, Performance Management",2,Professional Skill Development: Budgeting; Professional Skill Development: Performance Management
1596,Employee #1596,Research & Development,Laboratory Technician,3407.0,No,0.0523,LOW,70.41,MEDIUM,"Excel, Quality Control, Sample Preparation","Lab Safety, Data Entry",2,ISO Certified Laboratory Safety & Bio-hazard Compliance; Professional Skill Development: Data Entry
1597,Employee #1597,Research & Development,Healthcare Representative,5063.0,No,0.129,LOW,88.14,HIGH,"Communication, EMR Software, Medical Records","Patient Care, Customer Service",2,Professional Skill Development: Patient Care; Professional Skill Development: Customer Service
1598,Employee #1598,Sales,Sales Executive,4639.0,No,0.0402,LOW,66.52,MEDIUM,"Salesforce, Communication, Lead Generation","CRM Software, Negotiation, Excel",3,Professional Skill Development: CRM Software; Professional Skill Development: Negotiation
1599,Employee #1599,Research & Development,Laboratory Technician,4876.0,No,0.112,LOW,58.41,MEDIUM,"Data Entry, Sample Preparation, Lab Safety","Quality Control, Excel",2,Six Sigma Quality Assurance & Process Improvement; Professional Skill Development: Excel
1601,Employee #1601,Research & Development,Laboratory Technician,2690.0,No,0.0549,LOW,74.18,MEDIUM,"Data Entry, Sample Preparation, Lab Safety","Quality Control, Excel",2,Six Sigma Quality Assurance & Process Improvement; Professional Skill Development: Excel
1602,Employee #1602,Sales,Manager,17567.0,No,0.0068,LOW,59.17,MEDIUM,"Budgeting, Performance Management","Leadership, Project Management, Strategic Planning",3,Professional Skill Development: Leadership; Professional Skill Development: Project Management
1604,Employee #1604,Research & Development,Laboratory Technician,2408.0,Yes,0.5268,HIGH,85.0,HIGH,"Sample Preparation, Quality Control, Excel","Lab Safety, Data Entry",2,ISO Certified Laboratory Safety & Bio-hazard Compliance; Professional Skill Development: Data Entry
1605,Employee #1605,Research & Development,Research Scientist,2814.0,Yes,0.3546,MEDIUM,90.56,HIGH,"Machine Learning, Lab Equipment, R","Python, Data Analysis, Statistics",3,Advanced Python Programming & Data Science Masterclass; Professional Skill Development: Data Analysis
1606,Employee #1606,Research & Development,Healthcare Representative,11245.0,Yes,0.0944,LOW,81.3,HIGH,"Patient Care, Customer Service, Communication","Medical Records, EMR Software",2,Professional Skill Development: Medical Records; Healthcare Electronic Medical Records Administration
1607,Employee #1607,Research & Development,Research Scientist,3312.0,No,0.0029,LOW,92.86,HIGH,"R, Statistics, Machine Learning, Lab Equipment","Python, Data Analysis",2,Advanced Python Programming & Data Science Masterclass; Professional Skill Development: Data Analysis
1608,Employee #1608,Research & Development,Research Director,19049.0,Yes,0.0015,LOW,58.9,MEDIUM,"Python, Grant Writing","R&D Strategy, Data Analysis, Leadership",3,Professional Skill Development: R&D Strategy; Professional Skill Development: Data Analysis
1609,Employee #1609,Research & Development,Research Scientist,2141.0,No,0.1055,LOW,64.46,MEDIUM,"Statistics, Data Analysis, Lab Equipment","Python, R, Machine Learning",3,Advanced Python Programming & Data Science Masterclass; Statistical Computing & Data Visualization in R
1611,Employee #1611,Research & Development,Laboratory Technician,5769.0,Yes,0.5436,HIGH,61.27,MEDIUM,"Excel, Sample Preparation","Lab Safety, Quality Control, Data Entry",3,ISO Certified Laboratory Safety & Bio-hazard Compliance; Six Sigma Quality Assurance & Process Improvement
1612,Employee #1612,Sales,Sales Executive,4385.0,No,0.2403,LOW,88.53,HIGH,"Lead Generation, Negotiation, Communication","CRM Software, Salesforce, Excel",3,Professional Skill Development: CRM Software; Salesforce CRM Administrator & Cloud Management
1613,Employee #1613,Sales,Sales Executive,5332.0,No,0.2064,LOW,75.54,HIGH,"Lead Generation, CRM Software, Excel","Salesforce, Negotiation, Communication",3,Salesforce CRM Administrator & Cloud Management; Professional Skill Development: Negotiation
1614,Employee #1614,Research & Development,Manufacturing Director,4663.0,Yes,0.289,MEDIUM,83.12,HIGH,"ERP, Budgeting, Lean Six Sigma","Supply Chain, Operations Management",2,Global Supply Chain Operations & Logistics Architecture; Professional Skill Development: Operations Management
1615,Employee #1615,Research & Development,Manufacturing Director,4724.0,No,0.0353,LOW,77.7,HIGH,"Supply Chain, Operations Management, Budgeting","ERP, Lean Six Sigma",2,Professional Skill Development: ERP; Lean Six Sigma Green Belt Enterprise Certification
1617,Employee #1617,Research & Development,Laboratory Technician,3211.0,No,0.0422,LOW,86.99,HIGH,"Excel, Lab Safety, Quality Control","Sample Preparation, Data Entry",2,Professional Skill Development: Sample Preparation; Professional Skill Development: Data Entry
1618,Employee #1618,Research & Development,Manufacturing Director,5377.0,No,0.0089,LOW,67.78,MEDIUM,"Supply Chain, Lean Six Sigma, Budgeting","Operations Management, ERP",2,Professional Skill Development: Operations Management; Professional Skill Development: ERP
1619,Employee #1619,Research & Development,Laboratory Technician,4066.0,No,0.0374,LOW,86.94,HIGH,"Sample Preparation, Lab Safety, Data Entry","Quality Control, Excel",2,Six Sigma Quality Assurance & Process Improvement; Professional Skill Development: Excel
1621,Employee #1621,Research & Development,Research Scientist,5208.0,No,0.0052,LOW,71.73,MEDIUM,"R, Python, Machine Learning","Data Analysis, Statistics, Lab Equipment",3,Professional Skill Development: Data Analysis; Professional Skill Development: Statistics
1622,Employee #1622,Research & Development,Manufacturing Director,4877.0,No,0.2462,LOW,68.46,MEDIUM,"ERP, Supply Chain, Operations Management","Budgeting, Lean Six Sigma",2,Professional Skill Development: Budgeting; Lean Six Sigma Green Belt Enterprise Certification
1623,Employee #1623,Research & Development,Research Scientist,3117.0,No,0.042,LOW,78.89,HIGH,"Statistics, R, Python, Data Analysis","Machine Learning, Lab Equipment",2,Applied Machine Learning & MLOps Specialization; Professional Skill Development: Lab Equipment
1624,Employee #1624,Sales,Sales Representative,1569.0,Yes,0.9159,HIGH,92.67,HIGH,"Cold Calling, Customer Service, Salesforce","Communication, CRM",2,Professional Skill Development: Communication; Professional Skill Development: CRM
1625,Employee #1625,Human Resources,Manager,19658.0,No,0.0086,LOW,87.43,HIGH,"Strategic Planning, Budgeting","Leadership, Project Management, Performance Management",3,Professional Skill Development: Leadership; Professional Skill Development: Project Management
1627,Employee #1627,Research & Development,Laboratory Technician,3069.0,No,0.0083,LOW,75.61,HIGH,"Data Entry, Excel, Sample Preparation","Lab Safety, Quality Control",2,ISO Certified Laboratory Safety & Bio-hazard Compliance; Six Sigma Quality Assurance & Process Improvement
1628,Employee #1628,Research & Development,Manufacturing Director,10435.0,No,0.0265,LOW,70.4,MEDIUM,"Lean Six Sigma, Operations Management, Supply Chain","ERP, Budgeting",2,Professional Skill Development: ERP; Professional Skill Development: Budgeting
1630,Employee #1630,Research & Development,Healthcare Representative,4148.0,No,0.0004,LOW,76.82,HIGH,"Patient Care, Medical Records","Customer Service, EMR Software, Communication",3,Professional Skill Development: Customer Service; Healthcare Electronic Medical Records Administration
1631,Employee #1631,Research & Development,Manufacturing Director,5768.0,No,0.0324,LOW,76.54,HIGH,"ERP, Budgeting, Supply Chain","Operations Management, Lean Six Sigma",2,Professional Skill Development: Operations Management; Lean Six Sigma Green Belt Enterprise Certification
1633,Employee #1633,Research & Development,Manufacturing Director,5042.0,No,0.0948,LOW,85.33,HIGH,"Supply Chain, Lean Six Sigma","Operations Management, ERP, Budgeting",3,Professional Skill Development: Operations Management; Professional Skill Development: ERP
1635,Employee #1635,Research & Development,Manufacturing Director,5770.0,No,0.0005,LOW,60.48,MEDIUM,"Budgeting, ERP","Supply Chain, Operations Management, Lean Six Sigma",3,Global Supply Chain Operations & Logistics Architecture; Professional Skill Development: Operations Management
1638,Employee #1638,Research & Development,Manufacturing Director,7756.0,Yes,0.0139,LOW,84.99,HIGH,"Lean Six Sigma, Budgeting, ERP","Supply Chain, Operations Management",2,Global Supply Chain Operations & Logistics Architecture; Professional Skill Development: Operations Management
1639,Employee #1639,Sales,Sales Executive,10306.0,No,0.239,LOW,55.15,MEDIUM,"Salesforce, CRM Software, Excel","Negotiation, Communication, Lead Generation",3,Professional Skill Development: Negotiation; Professional Skill Development: Communication
1640,Employee #1640,Research & Development,Research Scientist,3936.0,No,0.0685,LOW,65.25,MEDIUM,"R, Statistics, Python, Lab Equipment","Data Analysis, Machine Learning",2,Professional Skill Development: Data Analysis; Applied Machine Learning & MLOps Specialization
1641,Employee #1641,Research & Development,Manufacturing Director,7945.0,Yes,0.2314,LOW,62.96,MEDIUM,"Supply Chain, Operations Management, ERP","Budgeting, Lean Six Sigma",2,Professional Skill Development: Budgeting; Lean Six Sigma Green Belt Enterprise Certification
1642,Employee #1642,Human Resources,Human Resources,5743.0,Yes,0.461,MEDIUM,86.77,HIGH,"Workday, HRIS, Payroll, Employee Relations","Recruiting, Compliance",2,Professional Skill Development: Recruiting; Professional Skill Development: Compliance
1644,Employee #1644,Research & Development,Manager,15202.0,No,0.0082,LOW,87.25,HIGH,"Project Management, Performance Management","Leadership, Strategic Planning, Budgeting",3,Professional Skill Development: Leadership; Executive Leadership & Strategic Workforce Planning
1645,Employee #1645,Sales,Sales Executive,5440.0,Yes,0.7005,HIGH,92.96,HIGH,"Salesforce, Communication, Negotiation","CRM Software, Lead Generation, Excel",3,Professional Skill Development: CRM Software; B2B Digital Marketing & Modern Sales Pipelines
1646,Employee #1646,Research & Development,Research Scientist,3760.0,Yes,0.6007,HIGH,69.53,MEDIUM,"Lab Equipment, Python, Machine Learning","Data Analysis, Statistics, R",3,Professional Skill Development: Data Analysis; Professional Skill Development: Statistics
1647,Employee #1647,Research & Development,Research Scientist,3517.0,No,0.1227,LOW,90.63,HIGH,"Lab Equipment, Data Analysis, Python","Statistics, R, Machine Learning",3,Professional Skill Development: Statistics; Statistical Computing & Data Visualization in R
1648,Employee #1648,Research & Development,Research Scientist,2580.0,No,0.1131,LOW,68.78,MEDIUM,"Data Analysis, Lab Equipment, R","Python, Statistics, Machine Learning",3,Advanced Python Programming & Data Science Masterclass; Professional Skill Development: Statistics
1649,Employee #1649,Research & Development,Laboratory Technician,2166.0,Yes,0.8904,HIGH,59.81,MEDIUM,"Data Entry, Quality Control","Lab Safety, Sample Preparation, Excel",3,ISO Certified Laboratory Safety & Bio-hazard Compliance; Professional Skill Development: Sample Preparation
1650,Employee #1650,Sales,Sales Executive,5869.0,No,0.4843,MEDIUM,64.99,MEDIUM,"CRM Software, Lead Generation, Excel","Salesforce, Negotiation, Communication",3,Salesforce CRM Administrator & Cloud Management; Professional Skill Development: Negotiation
1651,Employee #1651,Research & Development,Healthcare Representative,8008.0,No,0.0179,LOW,73.35,MEDIUM,"EMR Software, Customer Service, Communication","Patient Care, Medical Records",2,Professional Skill Development: Patient Care; Professional Skill Development: Medical Records
1653,Employee #1653,Research & Development,Manufacturing Director,5206.0,No,0.0016,LOW,73.38,MEDIUM,"Operations Management, ERP, Lean Six Sigma","Supply Chain, Budgeting",2,Global Supply Chain Operations & Logistics Architecture; Professional Skill Development: Budgeting
1654,Employee #1654,Research & Development,Manufacturing Director,5295.0,No,0.0275,LOW,81.81,HIGH,"Budgeting, Operations Management, Supply Chain, ERP",Lean Six Sigma,1,Lean Six Sigma Green Belt Enterprise Certification
1655,Employee #1655,Research & Development,Research Director,16413.0,No,0.0044,LOW,56.64,MEDIUM,"Leadership, R&D Strategy, Python, Grant Writing",Data Analysis,1,Professional Skill Development: Data Analysis
1656,Employee #1656,Research & Development,Research Director,13269.0,No,0.0008,LOW,80.4,HIGH,"Leadership, Grant Writing","R&D Strategy, Data Analysis, Python",3,Professional Skill Development: R&D Strategy; Professional Skill Development: Data Analysis
1657,Employee #1657,Sales,Sales Representative,2783.0,No,0.1915,LOW,71.32,MEDIUM,"Customer Service, Salesforce, CRM","Cold Calling, Communication",2,Professional Skill Development: Cold Calling; Professional Skill Development: Communication
1658,Employee #1658,Research & Development,Research Scientist,5433.0,No,0.005,LOW,63.01,MEDIUM,"Python, Machine Learning, R","Data Analysis, Statistics, Lab Equipment",3,Professional Skill Development: Data Analysis; Professional Skill Development: Statistics
1659,Employee #1659,Research & Development,Laboratory Technician,2013.0,No,0.2279,LOW,70.79,MEDIUM,"Sample Preparation, Quality Control, Data Entry, Lab Safety",Excel,1,Professional Skill Development: Excel
1661,Employee #1661,Research & Development,Healthcare Representative,13966.0,Yes,0.004,LOW,63.24,MEDIUM,"Patient Care, EMR Software","Medical Records, Customer Service, Communication",3,Professional Skill Development: Medical Records; Professional Skill Development: Customer Service
1662,Employee #1662,Research & Development,Manufacturing Director,4374.0,No,0.0022,LOW,71.55,MEDIUM,"Budgeting, Supply Chain, ERP","Operations Management, Lean Six Sigma",2,Professional Skill Development: Operations Management; Lean Six Sigma Green Belt Enterprise Certification
1664,Employee #1664,Research & Development,Healthcare Representative,6842.0,No,0.0091,LOW,89.52,HIGH,"EMR Software, Patient Care, Customer Service","Medical Records, Communication",2,Professional Skill Development: Medical Records; Professional Skill Development: Communication
1665,Employee #1665,Research & Development,Manager,17426.0,No,0.0013,LOW,74.77,MEDIUM,"Project Management, Leadership, Budgeting","Strategic Planning, Performance Management",2,Executive Leadership & Strategic Workforce Planning; Professional Skill Development: Performance Management
1666,Employee #1666,Research & Development,Research Director,17603.0,No,0.0057,LOW,81.53,HIGH,"Grant Writing, Data Analysis, R&D Strategy","Python, Leadership",2,Advanced Python Programming & Data Science Masterclass; Professional Skill Development: Leadership
1667,Employee #1667,Sales,Sales Executive,4581.0,Yes,0.274,MEDIUM,74.35,MEDIUM,"CRM Software, Communication, Lead Generation","Salesforce, Negotiation, Excel",3,Salesforce CRM Administrator & Cloud Management; Professional Skill Development: Negotiation
1668,Employee #1668,Research & Development,Research Scientist,4735.0,No,0.0009,LOW,66.12,MEDIUM,"Machine Learning, Data Analysis, R","Python, Statistics, Lab Equipment",3,Advanced Python Programming & Data Science Masterclass; Professional Skill Development: Statistics
1669,Employee #1669,Sales,Sales Executive,4187.0,Yes,0.4195,MEDIUM,73.9,MEDIUM,"Excel, Communication, Negotiation, Salesforce","CRM Software, Lead Generation",2,Professional Skill Development: CRM Software; B2B Digital Marketing & Modern Sales Pipelines
1670,Employee #1670,Sales,Sales Executive,5505.0,No,0.0036,LOW,80.64,HIGH,"CRM Software, Communication, Negotiation, Salesforce","Lead Generation, Excel",2,B2B Digital Marketing & Modern Sales Pipelines; Professional Skill Development: Excel
1671,Employee #1671,Research & Development,Research Scientist,5470.0,No,0.0028,LOW,76.95,HIGH,"Machine Learning, Data Analysis, Python, Lab Equipment, Statistics",R,1,Statistical Computing & Data Visualization in R
1673,Employee #1673,Sales,Sales Executive,5476.0,No,0.0327,LOW,82.24,HIGH,"Communication, Negotiation, CRM Software","Salesforce, Lead Generation, Excel",3,Salesforce CRM Administrator & Cloud Management; B2B Digital Marketing & Modern Sales Pipelines
1674,Employee #1674,Research & Development,Laboratory Technician,2587.0,Yes,0.2583,MEDIUM,66.4,MEDIUM,"Sample Preparation, Lab Safety, Excel","Quality Control, Data Entry",2,Six Sigma Quality Assurance & Process Improvement; Professional Skill Development: Data Entry
1675,Employee #1675,Research & Development,Laboratory Technician,2440.0,No,0.2576,MEDIUM,77.72,HIGH,"Data Entry, Lab Safety, Sample Preparation","Quality Control, Excel",2,Six Sigma Quality Assurance & Process Improvement; Professional Skill Development: Excel
1676,Employee #1676,Sales,Manager,15972.0,No,0.0027,LOW,64.73,MEDIUM,"Project Management, Budgeting","Leadership, Strategic Planning, Performance Management",3,Professional Skill Development: Leadership; Executive Leadership & Strategic Workforce Planning
1677,Employee #1677,Research & Development,Manager,15379.0,No,0.0192,LOW,90.88,HIGH,"Performance Management, Leadership, Strategic Planning","Project Management, Budgeting",2,Professional Skill Development: Project Management; Professional Skill Development: Budgeting
1678,Employee #1678,Sales,Sales Executive,7082.0,Yes,0.2164,LOW,81.32,HIGH,"CRM Software, Lead Generation, Negotiation","Salesforce, Communication, Excel",3,Salesforce CRM Administrator & Cloud Management; Professional Skill Development: Communication
1680,Employee #1680,Sales,Sales Representative,2728.0,No,0.5548,HIGH,82.48,HIGH,"Salesforce, Customer Service, Communication","Cold Calling, CRM",2,Professional Skill Development: Cold Calling; Professional Skill Development: CRM
1681,Employee #1681,Sales,Sales Executive,5368.0,Yes,0.0482,LOW,86.69,HIGH,"Communication, Salesforce, Negotiation","CRM Software, Lead Generation, Excel",3,Professional Skill Development: CRM Software; B2B Digital Marketing & Modern Sales Pipelines
1682,Employee #1682,Research & Development,Healthcare Representative,5347.0,No,0.129,LOW,57.48,MEDIUM,"Customer Service, Medical Records","Patient Care, EMR Software, Communication",3,Professional Skill Development: Patient Care; Healthcare Electronic Medical Records Administration
1683,Employee #1683,Human Resources,Human Resources,3195.0,Yes,0.0567,LOW,86.06,HIGH,"Employee Relations, Payroll, Workday, Compliance","HRIS, Recruiting",2,Modern HRIS Technology & HR Analytics Management; Professional Skill Development: Recruiting
1684,Employee #1684,Research & Development,Laboratory Technician,3989.0,Yes,0.6265,HIGH,60.85,MEDIUM,"Quality Control, Lab Safety, Data Entry, Sample Preparation",Excel,1,Professional Skill Development: Excel
1687,Employee #1687,Research & Development,Laboratory Technician,3306.0,No,0.0313,LOW,58.42,MEDIUM,"Excel, Lab Safety, Quality Control","Sample Preparation, Data Entry",2,Professional Skill Development: Sample Preparation; Professional Skill Development: Data Entry
1689,Employee #1689,Research & Development,Healthcare Representative,7005.0,No,0.0089,LOW,78.38,HIGH,"Communication, Medical Records, Customer Service","Patient Care, EMR Software",2,Professional Skill Development: Patient Care; Healthcare Electronic Medical Records Administration
1691,Employee #1691,Sales,Sales Representative,2655.0,Yes,0.1002,LOW,83.59,HIGH,"Salesforce, Customer Service, CRM","Cold Calling, Communication",2,Professional Skill Development: Cold Calling; Professional Skill Development: Communication
1692,Employee #1692,Research & Development,Laboratory Technician,1393.0,No,0.2731,MEDIUM,77.75,HIGH,"Sample Preparation, Quality Control, Excel, Lab Safety",Data Entry,1,Professional Skill Development: Data Entry
1693,Employee #1693,Research & Development,Laboratory Technician,2570.0,No,0.0127,LOW,67.83,MEDIUM,"Excel, Data Entry, Lab Safety, Sample Preparation",Quality Control,1,Six Sigma Quality Assurance & Process Improvement
1694,Employee #1694,Research & Development,Research Scientist,3537.0,No,0.1347,LOW,87.03,HIGH,"Machine Learning, R, Data Analysis, Python","Statistics, Lab Equipment",2,Professional Skill Development: Statistics; Professional Skill Development: Lab Equipment
1696,Employee #1696,Research & Development,Laboratory Technician,3986.0,No,0.0071,LOW,57.3,MEDIUM,"Data Entry, Excel","Lab Safety, Sample Preparation, Quality Control",3,ISO Certified Laboratory Safety & Bio-hazard Compliance; Professional Skill Development: Sample Preparation
1697,Employee #1697,Research & Development,Healthcare Representative,10883.0,No,0.0023,LOW,62.35,MEDIUM,"EMR Software, Customer Service","Patient Care, Medical Records, Communication",3,Professional Skill Development: Patient Care; Professional Skill Development: Medical Records
1698,Employee #1698,Research & Development,Laboratory Technician,2028.0,No,0.0031,LOW,72.2,MEDIUM,"Lab Safety, Quality Control, Data Entry","Sample Preparation, Excel",2,Professional Skill Development: Sample Preparation; Professional Skill Development: Excel
1700,Employee #1700,Sales,Sales Executive,9525.0,No,0.0554,LOW,55.38,MEDIUM,"Excel, CRM Software, Communication, Lead Generation","Salesforce, Negotiation",2,Salesforce CRM Administrator & Cloud Management; Professional Skill Development: Negotiation
1701,Employee #1701,Research & Development,Research Scientist,2929.0,No,0.0545,LOW,79.69,HIGH,"Data Analysis, Statistics, Machine Learning","Python, R, Lab Equipment",3,Advanced Python Programming & Data Science Masterclass; Statistical Computing & Data Visualization in R
1702,Employee #1702,Sales,Sales Representative,2275.0,Yes,0.443,MEDIUM,89.16,HIGH,"Customer Service, Salesforce","Cold Calling, Communication, CRM",3,Professional Skill Development: Cold Calling; Professional Skill Development: Communication
1703,Employee #1703,Research & Development,Healthcare Representative,7879.0,Yes,0.0099,LOW,72.91,MEDIUM,"Medical Records, Communication, EMR Software, Patient Care",Customer Service,1,Professional Skill Development: Customer Service
1704,Employee #1704,Research & Development,Research Scientist,4930.0,Yes,0.3751,MEDIUM,58.99,MEDIUM,"Statistics, Machine Learning, R, Python","Data Analysis, Lab Equipment",2,Professional Skill Development: Data Analysis; Professional Skill Development: Lab Equipment
1706,Employee #1706,Sales,Sales Executive,7847.0,Yes,0.039,LOW,87.04,HIGH,"Communication, Excel, CRM Software, Negotiation, Lead Generation",Salesforce,1,Salesforce CRM Administrator & Cloud Management
1707,Employee #1707,Research & Development,Research Scientist,4401.0,No,0.0081,LOW,91.5,HIGH,"R, Statistics, Machine Learning, Data Analysis","Python, Lab Equipment",2,Advanced Python Programming & Data Science Masterclass; Professional Skill Development: Lab Equipment
1708,Employee #1708,Sales,Sales Executive,9241.0,No,0.0697,LOW,81.0,HIGH,"Negotiation, Excel, Communication","CRM Software, Salesforce, Lead Generation",3,Professional Skill Development: CRM Software; Salesforce CRM Administrator & Cloud Management
1709,Employee #1709,Research & Development,Laboratory Technician,2974.0,No,0.0777,LOW,70.25,MEDIUM,"Quality Control, Sample Preparation, Lab Safety","Data Entry, Excel",2,Professional Skill Development: Data Entry; Professional Skill Development: Excel
1710,Employee #1710,Sales,Sales Representative,4502.0,No,0.1042,LOW,68.09,MEDIUM,"Cold Calling, Salesforce, CRM","Customer Service, Communication",2,Professional Skill Development: Customer Service; Professional Skill Development: Communication
1712,Employee #1712,Research & Development,Healthcare Representative,10748.0,No,0.0053,LOW,68.05,MEDIUM,"EMR Software, Medical Records, Patient Care","Customer Service, Communication",2,Professional Skill Development: Customer Service; Professional Skill Development: Communication
1714,Employee #1714,Human Resources,Human Resources,1555.0,No,0.567,HIGH,60.71,MEDIUM,"Workday, Payroll, Recruiting","HRIS, Employee Relations, Compliance",3,Modern HRIS Technology & HR Analytics Management; Professional Skill Development: Employee Relations
1716,Employee #1716,Sales,Sales Executive,12936.0,No,0.7405,HIGH,62.53,MEDIUM,"Communication, Negotiation, Excel","CRM Software, Salesforce, Lead Generation",3,Professional Skill Development: CRM Software; Salesforce CRM Administrator & Cloud Management
1718,Employee #1718,Research & Development,Laboratory Technician,2305.0,No,0.0618,LOW,75.86,HIGH,"Lab Safety, Excel, Quality Control","Sample Preparation, Data Entry",2,Professional Skill Development: Sample Preparation; Professional Skill Development: Data Entry
1719,Employee #1719,Research & Development,Research Director,16704.0,No,0.0633,LOW,79.7,HIGH,"R&D Strategy, Python, Leadership","Grant Writing, Data Analysis",2,Research Grant Writing & Innovation Funding Workshop; Professional Skill Development: Data Analysis
1720,Employee #1720,Research & Development,Research Scientist,3433.0,No,0.3594,MEDIUM,89.65,HIGH,"Python, R, Lab Equipment","Data Analysis, Statistics, Machine Learning",3,Professional Skill Development: Data Analysis; Professional Skill Development: Statistics
1721,Employee #1721,Research & Development,Laboratory Technician,3477.0,No,0.0281,LOW,56.28,MEDIUM,"Sample Preparation, Excel","Lab Safety, Quality Control, Data Entry",3,ISO Certified Laboratory Safety & Bio-hazard Compliance; Six Sigma Quality Assurance & Process Improvement
1722,Employee #1722,Human Resources,Human Resources,6430.0,No,0.1425,LOW,88.97,HIGH,"Compliance, Payroll, Recruiting","HRIS, Employee Relations, Workday",3,Modern HRIS Technology & HR Analytics Management; Professional Skill Development: Employee Relations
1724,Employee #1724,Research & Development,Manufacturing Director,6516.0,Yes,0.1297,LOW,92.32,HIGH,"Lean Six Sigma, Operations Management, Budgeting","Supply Chain, ERP",2,Global Supply Chain Operations & Logistics Architecture; Professional Skill Development: ERP
1725,Employee #1725,Research & Development,Laboratory Technician,3907.0,No,0.1771,LOW,61.92,MEDIUM,"Lab Safety, Excel, Sample Preparation","Quality Control, Data Entry",2,Six Sigma Quality Assurance & Process Improvement; Professional Skill Development: Data Entry
1727,Employee #1727,Research & Development,Healthcare Representative,5562.0,No,0.0088,LOW,58.77,MEDIUM,"EMR Software, Communication, Patient Care","Medical Records, Customer Service",2,Professional Skill Development: Medical Records; Professional Skill Development: Customer Service
1728,Employee #1728,Research & Development,Manufacturing Director,6883.0,No,0.005,LOW,69.85,MEDIUM,"Supply Chain, Lean Six Sigma, Budgeting, Operations Management",ERP,1,Professional Skill Development: ERP
1729,Employee #1729,Research & Development,Research Scientist,2862.0,No,0.0241,LOW,87.64,HIGH,"R, Statistics, Python","Data Analysis, Machine Learning, Lab Equipment",3,Professional Skill Development: Data Analysis; Applied Machine Learning & MLOps Specialization
1731,Employee #1731,Sales,Sales Executive,4978.0,No,0.1139,LOW,64.08,MEDIUM,"CRM Software, Lead Generation, Communication, Excel","Salesforce, Negotiation",2,Salesforce CRM Administrator & Cloud Management; Professional Skill Development: Negotiation
1732,Employee #1732,Sales,Sales Executive,10368.0,Yes,0.0455,LOW,78.53,HIGH,"Lead Generation, Communication, CRM Software","Salesforce, Negotiation, Excel",3,Salesforce CRM Administrator & Cloud Management; Professional Skill Development: Negotiation
1733,Employee #1733,Sales,Sales Executive,6134.0,Yes,0.3946,MEDIUM,90.51,HIGH,"CRM Software, Salesforce, Excel","Negotiation, Communication, Lead Generation",3,Professional Skill Development: Negotiation; Professional Skill Development: Communication
1734,Employee #1734,Sales,Sales Executive,6735.0,No,0.6596,HIGH,76.58,HIGH,"Salesforce, Communication, CRM Software","Negotiation, Lead Generation, Excel",3,Professional Skill Development: Negotiation; B2B Digital Marketing & Modern Sales Pipelines
1735,Employee #1735,Research & Development,Laboratory Technician,3295.0,No,0.3604,MEDIUM,85.67,HIGH,"Sample Preparation, Lab Safety, Excel","Quality Control, Data Entry",2,Six Sigma Quality Assurance & Process Improvement; Professional Skill Development: Data Entry
1736,Employee #1736,Research & Development,Manufacturing Director,5238.0,No,0.1486,LOW,65.76,MEDIUM,"Budgeting, Operations Management","Supply Chain, ERP, Lean Six Sigma",3,Global Supply Chain Operations & Logistics Architecture; Professional Skill Development: ERP
1737,Employee #1737,Research & Development,Laboratory Technician,6472.0,Yes,0.0149,LOW,92.02,HIGH,"Sample Preparation, Excel, Lab Safety","Quality Control, Data Entry",2,Six Sigma Quality Assurance & Process Improvement; Professional Skill Development: Data Entry
1739,Employee #1739,Sales,Sales Executive,9610.0,No,0.3242,MEDIUM,91.81,HIGH,"Excel, Communication, Negotiation, Salesforce","CRM Software, Lead Generation",2,Professional Skill Development: CRM Software; B2B Digital Marketing & Modern Sales Pipelines
1740,Employee #1740,Sales,Manager,19833.0,No,0.339,MEDIUM,77.83,HIGH,"Project Management, Budgeting, Leadership","Strategic Planning, Performance Management",2,Executive Leadership & Strategic Workforce Planning; Professional Skill Development: Performance Management
1744,Employee #1744,Human Resources,Human Resources,9756.0,No,0.0407,LOW,75.97,HIGH,"Compliance, HRIS, Recruiting, Workday","Employee Relations, Payroll",2,Professional Skill Development: Employee Relations; Professional Skill Development: Payroll
1745,Employee #1745,Research & Development,Research Scientist,4968.0,No,0.0353,LOW,86.3,HIGH,"Data Analysis, Python, R, Statistics","Machine Learning, Lab Equipment",2,Applied Machine Learning & MLOps Specialization; Professional Skill Development: Lab Equipment
1746,Employee #1746,Human Resources,Human Resources,2145.0,No,0.1428,LOW,84.31,HIGH,"HRIS, Employee Relations, Workday","Recruiting, Payroll, Compliance",3,Professional Skill Development: Recruiting; Professional Skill Development: Payroll
1747,Employee #1747,Human Resources,Human Resources,2180.0,No,0.5145,HIGH,86.0,HIGH,"HRIS, Payroll, Recruiting","Employee Relations, Compliance, Workday",3,Professional Skill Development: Employee Relations; Professional Skill Development: Compliance
1749,Employee #1749,Sales,Sales Executive,8346.0,No,0.0844,LOW,62.22,MEDIUM,"Communication, Excel, Salesforce","CRM Software, Negotiation, Lead Generation",3,Professional Skill Development: CRM Software; Professional Skill Development: Negotiation
1751,Employee #1751,Research & Development,Research Scientist,3445.0,No,0.0186,LOW,77.38,HIGH,"Data Analysis, Statistics, Lab Equipment, Python, R",Machine Learning,1,Applied Machine Learning & MLOps Specialization
1752,Employee #1752,Sales,Sales Representative,2760.0,No,0.6707,HIGH,93.0,HIGH,"CRM, Customer Service","Cold Calling, Salesforce, Communication",3,Professional Skill Development: Cold Calling; Salesforce CRM Administrator & Cloud Management
1753,Employee #1753,Research & Development,Healthcare Representative,6294.0,Yes,0.1752,LOW,93.24,HIGH,"Patient Care, Medical Records, EMR Software","Customer Service, Communication",2,Professional Skill Development: Customer Service; Professional Skill Development: Communication
1754,Employee #1754,Sales,Sales Executive,7140.0,No,0.1645,LOW,78.71,HIGH,"Lead Generation, CRM Software, Communication, Salesforce","Negotiation, Excel",2,Professional Skill Development: Negotiation; Professional Skill Development: Excel
1755,Employee #1755,Research & Development,Research Scientist,2932.0,Yes,0.0142,LOW,61.23,MEDIUM,"Data Analysis, Statistics, Lab Equipment","Python, R, Machine Learning",3,Advanced Python Programming & Data Science Masterclass; Statistical Computing & Data Visualization in R
1756,Employee #1756,Sales,Sales Executive,5147.0,No,0.0244,LOW,78.83,HIGH,"CRM Software, Excel, Salesforce, Communication","Negotiation, Lead Generation",2,Professional Skill Development: Negotiation; B2B Digital Marketing & Modern Sales Pipelines
1757,Employee #1757,Sales,Sales Executive,4507.0,No,0.0195,LOW,94.71,HIGH,"Excel, Lead Generation, Salesforce, Communication","CRM Software, Negotiation",2,Professional Skill Development: CRM Software; Professional Skill Development: Negotiation
1758,Employee #1758,Sales,Sales Executive,8564.0,Yes,0.8653,HIGH,65.15,MEDIUM,"Negotiation, CRM Software, Communication, Excel","Salesforce, Lead Generation",2,Salesforce CRM Administrator & Cloud Management; B2B Digital Marketing & Modern Sales Pipelines
1760,Employee #1760,Research & Development,Laboratory Technician,2468.0,No,0.1912,LOW,71.32,MEDIUM,"Sample Preparation, Data Entry, Quality Control, Lab Safety",Excel,1,Professional Skill Development: Excel
1761,Employee #1761,Sales,Sales Executive,8161.0,No,0.1815,LOW,73.01,MEDIUM,"Negotiation, Communication, Excel, Salesforce","CRM Software, Lead Generation",2,Professional Skill Development: CRM Software; B2B Digital Marketing & Modern Sales Pipelines
1762,Employee #1762,Research & Development,Research Scientist,2109.0,No,0.091,LOW,59.81,MEDIUM,"Lab Equipment, Machine Learning, Python","Data Analysis, Statistics, R",3,Professional Skill Development: Data Analysis; Professional Skill Development: Statistics
1763,Employee #1763,Research & Development,Healthcare Representative,5294.0,No,0.011,LOW,89.62,HIGH,"EMR Software, Communication, Customer Service","Patient Care, Medical Records",2,Professional Skill Development: Patient Care; Professional Skill Development: Medical Records
1764,Employee #1764,Research & Development,Research Scientist,2718.0,No,0.0233,LOW,72.08,MEDIUM,"Statistics, Data Analysis, Lab Equipment","Python, R, Machine Learning",3,Advanced Python Programming & Data Science Masterclass; Statistical Computing & Data Visualization in R
1766,Employee #1766,Research & Development,Healthcare Representative,5811.0,Yes,0.1895,LOW,83.31,HIGH,"Communication, Medical Records","Patient Care, Customer Service, EMR Software",3,Professional Skill Development: Patient Care; Professional Skill Development: Customer Service
1767,Employee #1767,Research & Development,Research Scientist,2437.0,Yes,0.7696,HIGH,60.51,MEDIUM,"Python, Statistics, Machine Learning","Data Analysis, R, Lab Equipment",3,Professional Skill Development: Data Analysis; Statistical Computing & Data Visualization in R
1768,Employee #1768,Research & Development,Laboratory Technician,2766.0,No,0.0835,LOW,59.76,MEDIUM,"Data Entry, Quality Control","Lab Safety, Sample Preparation, Excel",3,ISO Certified Laboratory Safety & Bio-hazard Compliance; Professional Skill Development: Sample Preparation
1770,Employee #1770,Research & Development,Research Director,19038.0,No,0.0021,LOW,82.78,HIGH,"Grant Writing, Data Analysis","R&D Strategy, Python, Leadership",3,Professional Skill Development: R&D Strategy; Advanced Python Programming & Data Science Masterclass
1771,Employee #1771,Research & Development,Research Scientist,3055.0,No,0.0042,LOW,75.28,HIGH,"R, Machine Learning, Lab Equipment, Statistics","Python, Data Analysis",2,Advanced Python Programming & Data Science Masterclass; Professional Skill Development: Data Analysis
1772,Employee #1772,Research & Development,Laboratory Technician,2289.0,No,0.0493,LOW,93.5,HIGH,"Lab Safety, Quality Control, Data Entry","Sample Preparation, Excel",2,Professional Skill Development: Sample Preparation; Professional Skill Development: Excel
1774,Employee #1774,Sales,Sales Executive,4001.0,Yes,0.0039,LOW,69.96,MEDIUM,"CRM Software, Communication, Lead Generation, Negotiation, Excel",Salesforce,1,Salesforce CRM Administrator & Cloud Management
1775,Employee #1775,Research & Development,Manufacturing Director,12965.0,Yes,0.0087,LOW,66.9,MEDIUM,"ERP, Lean Six Sigma, Supply Chain","Operations Management, Budgeting",2,Professional Skill Development: Operations Management; Professional Skill Development: Budgeting
1778,Employee #1778,Human Resources,Human Resources,3539.0,No,0.0134,LOW,83.7,HIGH,"Employee Relations, HRIS, Payroll, Recruiting","Compliance, Workday",2,Professional Skill Development: Compliance; Workday Human Capital Management Fundamentals
1779,Employee #1779,Sales,Sales Executive,6029.0,No,0.2295,LOW,63.19,MEDIUM,"CRM Software, Lead Generation, Excel","Salesforce, Negotiation, Communication",3,Salesforce CRM Administrator & Cloud Management; Professional Skill Development: Negotiation
1780,Employee #1780,Sales,Sales Representative,2679.0,No,0.7149,HIGH,58.62,MEDIUM,"CRM, Communication, Cold Calling","Salesforce, Customer Service",2,Salesforce CRM Administrator & Cloud Management; Professional Skill Development: Customer Service
1782,Employee #1782,Research & Development,Laboratory Technician,3702.0,No,0.0121,LOW,57.26,MEDIUM,"Data Entry, Lab Safety","Sample Preparation, Quality Control, Excel",3,Professional Skill Development: Sample Preparation; Six Sigma Quality Assurance & Process Improvement
1783,Employee #1783,Research & Development,Laboratory Technician,2398.0,Yes,0.482,MEDIUM,56.98,MEDIUM,"Excel, Lab Safety, Data Entry","Sample Preparation, Quality Control",2,Professional Skill Development: Sample Preparation; Six Sigma Quality Assurance & Process Improvement
1784,Employee #1784,Sales,Sales Executive,5468.0,No,0.1821,LOW,87.72,HIGH,"Excel, Salesforce, CRM Software, Negotiation","Communication, Lead Generation",2,Professional Skill Development: Communication; B2B Digital Marketing & Modern Sales Pipelines
1786,Employee #1786,Research & Development,Manager,13116.0,No,0.0149,LOW,63.09,MEDIUM,"Budgeting, Leadership","Project Management, Strategic Planning, Performance Management",3,Professional Skill Development: Project Management; Executive Leadership & Strategic Workforce Planning
1787,Employee #1787,Sales,Sales Executive,4189.0,No,0.1576,LOW,81.19,HIGH,"Salesforce, Excel, Lead Generation","CRM Software, Negotiation, Communication",3,Professional Skill Development: CRM Software; Professional Skill Development: Negotiation
1789,Employee #1789,Research & Development,Research Director,19328.0,Yes,0.0071,LOW,89.31,HIGH,"Python, R&D Strategy, Leadership","Grant Writing, Data Analysis",2,Research Grant Writing & Innovation Funding Workshop; Professional Skill Development: Data Analysis
1790,Employee #1790,Research & Development,Healthcare Representative,8321.0,Yes,0.099,LOW,70.96,MEDIUM,"Customer Service, EMR Software","Patient Care, Medical Records, Communication",3,Professional Skill Development: Patient Care; Professional Skill Development: Medical Records
1792,Employee #1792,Research & Development,Research Scientist,2342.0,Yes,0.0938,LOW,77.27,HIGH,"Machine Learning, Data Analysis, R","Python, Statistics, Lab Equipment",3,Advanced Python Programming & Data Science Masterclass; Professional Skill Development: Statistics
1794,Employee #1794,Human Resources,Human Resources,4071.0,No,0.0226,LOW,94.39,HIGH,"Employee Relations, Workday, HRIS","Recruiting, Payroll, Compliance",3,Professional Skill Development: Recruiting; Professional Skill Development: Payroll
1797,Employee #1797,Sales,Sales Executive,5813.0,Yes,0.442,MEDIUM,55.12,MEDIUM,"Salesforce, Communication, Excel, Lead Generation","CRM Software, Negotiation",2,Professional Skill Development: CRM Software; Professional Skill Development: Negotiation
1798,Employee #1798,Research & Development,Research Scientist,3143.0,No,0.0263,LOW,87.2,HIGH,"Python, Lab Equipment, Data Analysis, Statistics, R",Machine Learning,1,Applied Machine Learning & MLOps Specialization
1799,Employee #1799,Research & Development,Research Scientist,2044.0,No,0.0024,LOW,79.57,HIGH,"Python, Machine Learning, R, Data Analysis, Statistics",Lab Equipment,1,Professional Skill Development: Lab Equipment
1800,Employee #1800,Research & Development,Research Director,13464.0,No,0.029,LOW,69.23,MEDIUM,"R&D Strategy, Data Analysis, Grant Writing","Python, Leadership",2,Advanced Python Programming & Data Science Masterclass; Professional Skill Development: Leadership
1801,Employee #1801,Sales,Sales Executive,7991.0,No,0.3611,MEDIUM,71.23,MEDIUM,"Excel, Lead Generation, Negotiation, Salesforce","CRM Software, Communication",2,Professional Skill Development: CRM Software; Professional Skill Development: Communication
1802,Employee #1802,Research & Development,Laboratory Technician,3377.0,No,0.0501,LOW,70.13,MEDIUM,"Excel, Lab Safety, Data Entry","Sample Preparation, Quality Control",2,Professional Skill Development: Sample Preparation; Six Sigma Quality Assurance & Process Improvement
1803,Employee #1803,Research & Development,Healthcare Representative,5538.0,No,0.026,LOW,91.6,HIGH,"Communication, EMR Software","Patient Care, Medical Records, Customer Service",3,Professional Skill Development: Patient Care; Professional Skill Development: Medical Records
1804,Employee #1804,Research & Development,Manufacturing Director,5762.0,No,0.0006,LOW,82.87,HIGH,"Budgeting, Lean Six Sigma, ERP, Supply Chain",Operations Management,1,Professional Skill Development: Operations Management
1805,Employee #1805,Human Resources,Human Resources,2592.0,No,0.0071,LOW,85.31,HIGH,"Workday, Recruiting, Payroll","HRIS, Employee Relations, Compliance",3,Modern HRIS Technology & HR Analytics Management; Professional Skill Development: Employee Relations
1807,Employee #1807,Research & Development,Laboratory Technician,5346.0,No,0.207,LOW,79.9,HIGH,"Excel, Sample Preparation, Quality Control","Lab Safety, Data Entry",2,ISO Certified Laboratory Safety & Bio-hazard Compliance; Professional Skill Development: Data Entry
1809,Employee #1809,Research & Development,Manufacturing Director,4213.0,No,0.0413,LOW,85.8,HIGH,"Budgeting, Supply Chain, ERP","Operations Management, Lean Six Sigma",2,Professional Skill Development: Operations Management; Lean Six Sigma Green Belt Enterprise Certification
1812,Employee #1812,Sales,Sales Executive,4127.0,No,0.0395,LOW,70.74,MEDIUM,"Excel, Negotiation, Communication, CRM Software","Salesforce, Lead Generation",2,Salesforce CRM Administrator & Cloud Management; B2B Digital Marketing & Modern Sales Pipelines
1813,Employee #1813,Research & Development,Research Scientist,2438.0,No,0.1028,LOW,91.85,HIGH,"Python, Machine Learning, Lab Equipment, R","Data Analysis, Statistics",2,Professional Skill Development: Data Analysis; Professional Skill Development: Statistics
1814,Employee #1814,Research & Development,Healthcare Representative,6870.0,No,0.1216,LOW,71.16,MEDIUM,"Customer Service, Medical Records, EMR Software, Communication",Patient Care,1,Professional Skill Development: Patient Care
1815,Employee #1815,Sales,Sales Executive,10447.0,Yes,0.0528,LOW,75.49,HIGH,"CRM Software, Communication, Lead Generation, Negotiation","Salesforce, Excel",2,Salesforce CRM Administrator & Cloud Management; Professional Skill Development: Excel
1816,Employee #1816,Research & Development,Manufacturing Director,9667.0,No,0.1586,LOW,73.65,MEDIUM,"Budgeting, ERP, Supply Chain","Operations Management, Lean Six Sigma",2,Professional Skill Development: Operations Management; Lean Six Sigma Green Belt Enterprise Certification
1818,Employee #1818,Human Resources,Human Resources,2148.0,Yes,0.2509,MEDIUM,77.56,HIGH,"Compliance, Workday, HRIS","Recruiting, Employee Relations, Payroll",3,Professional Skill Development: Recruiting; Professional Skill Development: Employee Relations
1821,Employee #1821,Research & Development,Healthcare Representative,8926.0,No,0.0031,LOW,93.57,HIGH,"Communication, Medical Records, Patient Care","Customer Service, EMR Software",2,Professional Skill Development: Customer Service; Healthcare Electronic Medical Records Administration
1822,Employee #1822,Research & Development,Healthcare Representative,6513.0,No,0.0016,LOW,73.67,MEDIUM,"Customer Service, Patient Care, EMR Software","Medical Records, Communication",2,Professional Skill Development: Medical Records; Professional Skill Development: Communication
1823,Employee #1823,Sales,Sales Executive,6799.0,No,0.0105,LOW,67.56,MEDIUM,"Excel, Communication, Salesforce","CRM Software, Negotiation, Lead Generation",3,Professional Skill Development: CRM Software; Professional Skill Development: Negotiation
1824,Employee #1824,Sales,Manager,16291.0,No,0.0094,LOW,88.7,HIGH,"Budgeting, Performance Management, Project Management","Leadership, Strategic Planning",2,Professional Skill Development: Leadership; Executive Leadership & Strategic Workforce Planning
1826,Employee #1826,Research & Development,Laboratory Technician,2705.0,No,0.2005,LOW,56.38,MEDIUM,"Excel, Data Entry, Sample Preparation","Lab Safety, Quality Control",2,ISO Certified Laboratory Safety & Bio-hazard Compliance; Six Sigma Quality Assurance & Process Improvement
1827,Employee #1827,Research & Development,Manufacturing Director,10333.0,Yes,0.1408,LOW,82.88,HIGH,"Operations Management, ERP","Supply Chain, Budgeting, Lean Six Sigma",3,Global Supply Chain Operations & Logistics Architecture; Professional Skill Development: Budgeting
1829,Employee #1829,Research & Development,Healthcare Representative,4448.0,No,0.0272,LOW,68.56,MEDIUM,"Communication, Customer Service","Patient Care, Medical Records, EMR Software",3,Professional Skill Development: Patient Care; Professional Skill Development: Medical Records
1830,Employee #1830,Research & Development,Research Scientist,6854.0,No,0.0037,LOW,93.83,HIGH,"R, Statistics, Data Analysis","Python, Machine Learning, Lab Equipment",3,Advanced Python Programming & Data Science Masterclass; Applied Machine Learning & MLOps Specialization
1833,Employee #1833,Sales,Sales Executive,9637.0,No,0.1863,LOW,78.76,HIGH,"Lead Generation, Excel, Communication, CRM Software","Salesforce, Negotiation",2,Salesforce CRM Administrator & Cloud Management; Professional Skill Development: Negotiation
1834,Employee #1834,Research & Development,Research Scientist,3591.0,No,0.0125,LOW,80.45,HIGH,"R, Statistics, Lab Equipment, Python","Data Analysis, Machine Learning",2,Professional Skill Development: Data Analysis; Applied Machine Learning & MLOps Specialization
1835,Employee #1835,Sales,Sales Representative,5405.0,Yes,0.4032,MEDIUM,86.25,HIGH,"Customer Service, Communication","Cold Calling, Salesforce, CRM",3,Professional Skill Development: Cold Calling; Salesforce CRM Administrator & Cloud Management
1836,Employee #1836,Sales,Sales Executive,4684.0,No,0.1185,LOW,71.43,MEDIUM,"Communication, Excel, Salesforce","CRM Software, Negotiation, Lead Generation",3,Professional Skill Development: CRM Software; Professional Skill Development: Negotiation
1837,Employee #1837,Research & Development,Research Director,15787.0,Yes,0.0546,LOW,62.16,MEDIUM,"Grant Writing, Leadership, R&D Strategy","Data Analysis, Python",2,Professional Skill Development: Data Analysis; Advanced Python Programming & Data Science Masterclass
1839,Employee #1839,Research & Development,Research Scientist,1514.0,No,0.1874,LOW,76.09,HIGH,"Python, Data Analysis, Lab Equipment","Statistics, R, Machine Learning",3,Professional Skill Development: Statistics; Statistical Computing & Data Visualization in R
1842,Employee #1842,Human Resources,Human Resources,2956.0,No,0.1898,LOW,62.37,MEDIUM,"Workday, Employee Relations, Payroll, Compliance","HRIS, Recruiting",2,Modern HRIS Technology & HR Analytics Management; Professional Skill Development: Recruiting
1844,Employee #1844,Human Resources,Human Resources,2335.0,Yes,0.8196,HIGH,55.38,MEDIUM,"Workday, Payroll, HRIS, Recruiting","Employee Relations, Compliance",2,Professional Skill Development: Employee Relations; Professional Skill Development: Compliance
1845,Employee #1845,Sales,Sales Executive,5154.0,No,0.0029,LOW,69.16,MEDIUM,"Negotiation, Salesforce, Lead Generation, Excel","CRM Software, Communication",2,Professional Skill Development: CRM Software; Professional Skill Development: Communication
1847,Employee #1847,Research & Development,Research Scientist,6962.0,Yes,0.0304,LOW,60.28,MEDIUM,"R, Machine Learning, Data Analysis","Python, Statistics, Lab Equipment",3,Advanced Python Programming & Data Science Masterclass; Professional Skill Development: Statistics
1849,Employee #1849,Sales,Sales Executive,5675.0,No,0.0308,LOW,80.41,HIGH,"CRM Software, Excel, Negotiation, Salesforce, Lead Generation",Communication,1,Professional Skill Development: Communication
1850,Employee #1850,Research & Development,Laboratory Technician,2379.0,Yes,0.3965,MEDIUM,67.1,MEDIUM,"Quality Control, Lab Safety, Data Entry","Sample Preparation, Excel",2,Professional Skill Development: Sample Preparation; Professional Skill Development: Excel
1852,Employee #1852,Research & Development,Laboratory Technician,3812.0,No,0.037,LOW,85.53,HIGH,"Lab Safety, Quality Control","Sample Preparation, Data Entry, Excel",3,Professional Skill Development: Sample Preparation; Professional Skill Development: Data Entry
1853,Employee #1853,Sales,Sales Executive,4648.0,No,0.3816,MEDIUM,63.9,MEDIUM,"Salesforce, CRM Software, Negotiation, Lead Generation","Communication, Excel",2,Professional Skill Development: Communication; Professional Skill Development: Excel
1854,Employee #1854,Research & Development,Research Scientist,2936.0,No,0.0205,LOW,89.16,HIGH,"R, Python, Statistics","Data Analysis, Machine Learning, Lab Equipment",3,Professional Skill Development: Data Analysis; Applied Machine Learning & MLOps Specialization
1856,Employee #1856,Research & Development,Laboratory Technician,2105.0,No,0.2197,LOW,56.45,MEDIUM,"Sample Preparation, Lab Safety, Quality Control","Data Entry, Excel",2,Professional Skill Development: Data Entry; Professional Skill Development: Excel
1857,Employee #1857,Research & Development,Manufacturing Director,8578.0,No,0.0024,LOW,83.55,HIGH,"Supply Chain, Budgeting, ERP, Operations Management",Lean Six Sigma,1,Lean Six Sigma Green Belt Enterprise Certification
1858,Employee #1858,Human Resources,Human Resources,2706.0,No,0.0143,LOW,62.3,MEDIUM,"Compliance, Employee Relations, Recruiting","HRIS, Payroll, Workday",3,Modern HRIS Technology & HR Analytics Management; Professional Skill Development: Payroll
1859,Employee #1859,Research & Development,Healthcare Representative,6384.0,No,0.0596,LOW,70.31,MEDIUM,"Customer Service, Patient Care, Communication","Medical Records, EMR Software",2,Professional Skill Development: Medical Records; Healthcare Electronic Medical Records Administration
1860,Employee #1860,Research & Development,Laboratory Technician,3968.0,No,0.0785,LOW,88.06,HIGH,"Lab Safety, Quality Control","Sample Preparation, Data Entry, Excel",3,Professional Skill Development: Sample Preparation; Professional Skill Development: Data Entry
1862,Employee #1862,Sales,Sales Executive,9907.0,Yes,0.8687,HIGH,84.93,HIGH,"Excel, Negotiation, Communication, Salesforce, CRM Software",Lead Generation,1,B2B Digital Marketing & Modern Sales Pipelines
1863,Employee #1863,Sales,Sales Executive,13225.0,No,0.0022,LOW,77.23,HIGH,"CRM Software, Communication, Salesforce, Lead Generation","Negotiation, Excel",2,Professional Skill Development: Negotiation; Professional Skill Development: Excel
1864,Employee #1864,Sales,Sales Representative,3540.0,No,0.1065,LOW,59.17,MEDIUM,"CRM, Communication, Cold Calling, Salesforce",Customer Service,1,Professional Skill Development: Customer Service
1865,Employee #1865,Human Resources,Human Resources,2804.0,No,0.126,LOW,94.91,HIGH,"HRIS, Compliance, Employee Relations","Recruiting, Payroll, Workday",3,Professional Skill Development: Recruiting; Professional Skill Development: Payroll
1866,Employee #1866,Research & Development,Manager,19392.0,No,0.0257,LOW,80.56,HIGH,"Leadership, Project Management, Performance Management","Strategic Planning, Budgeting",2,Executive Leadership & Strategic Workforce Planning; Professional Skill Development: Budgeting
1867,Employee #1867,Research & Development,Research Director,19665.0,No,0.0094,LOW,70.68,MEDIUM,"Grant Writing, Leadership, R&D Strategy","Data Analysis, Python",2,Professional Skill Development: Data Analysis; Advanced Python Programming & Data Science Masterclass
1868,Employee #1868,Research & Development,Research Scientist,2439.0,Yes,0.8085,HIGH,74.75,MEDIUM,"Python, Data Analysis, R","Statistics, Machine Learning, Lab Equipment",3,Professional Skill Development: Statistics; Applied Machine Learning & MLOps Specialization
1869,Employee #1869,Sales,Sales Executive,7314.0,No,0.0059,LOW,55.38,MEDIUM,"Salesforce, Negotiation, Communication, CRM Software","Lead Generation, Excel",2,B2B Digital Marketing & Modern Sales Pipelines; Professional Skill Development: Excel
1870,Employee #1870,Research & Development,Research Scientist,4774.0,No,0.1024,LOW,78.1,HIGH,"Statistics, R, Machine Learning","Python, Data Analysis, Lab Equipment",3,Advanced Python Programming & Data Science Masterclass; Professional Skill Development: Data Analysis
1871,Employee #1871,Research & Development,Research Scientist,3902.0,No,0.0114,LOW,62.52,MEDIUM,"Machine Learning, Lab Equipment, Python","Data Analysis, Statistics, R",3,Professional Skill Development: Data Analysis; Professional Skill Development: Statistics
1873,Employee #1873,Research & Development,Research Scientist,2662.0,No,0.0146,LOW,94.64,HIGH,"Python, Statistics, Machine Learning","Data Analysis, R, Lab Equipment",3,Professional Skill Development: Data Analysis; Statistical Computing & Data Visualization in R
1875,Employee #1875,Sales,Sales Representative,2856.0,No,0.1026,LOW,87.4,HIGH,"Communication, Customer Service","Cold Calling, Salesforce, CRM",3,Professional Skill Development: Cold Calling; Salesforce CRM Administrator & Cloud Management
1876,Employee #1876,Sales,Sales Representative,1081.0,No,0.4389,MEDIUM,84.02,HIGH,"Communication, Cold Calling","Salesforce, Customer Service, CRM",3,Salesforce CRM Administrator & Cloud Management; Professional Skill Development: Customer Service
1878,Employee #1878,Research & Development,Research Scientist,2472.0,Yes,0.6261,HIGH,87.85,HIGH,"Lab Equipment, Statistics, Machine Learning, Python","Data Analysis, R",2,Professional Skill Development: Data Analysis; Statistical Computing & Data Visualization in R
1880,Employee #1880,Sales,Sales Executive,5673.0,Yes,0.1842,LOW,59.93,MEDIUM,"Lead Generation, Negotiation, Excel, Salesforce","CRM Software, Communication",2,Professional Skill Development: CRM Software; Professional Skill Development: Communication
1881,Employee #1881,Research & Development,Laboratory Technician,4197.0,No,0.1209,LOW,59.24,MEDIUM,"Excel, Quality Control, Data Entry, Sample Preparation",Lab Safety,1,ISO Certified Laboratory Safety & Bio-hazard Compliance
1882,Employee #1882,Sales,Sales Executive,9713.0,Yes,0.0429,LOW,64.68,MEDIUM,"Salesforce, Communication, CRM Software","Negotiation, Lead Generation, Excel",3,Professional Skill Development: Negotiation; B2B Digital Marketing & Modern Sales Pipelines
1883,Employee #1883,Research & Development,Laboratory Technician,2062.0,No,0.3008,MEDIUM,55.7,MEDIUM,"Quality Control, Lab Safety","Sample Preparation, Data Entry, Excel",3,Professional Skill Development: Sample Preparation; Professional Skill Development: Data Entry
1885,Employee #1885,Research & Development,Research Scientist,4284.0,Yes,0.0852,LOW,85.24,HIGH,"Statistics, Machine Learning, Lab Equipment","Python, Data Analysis, R",3,Advanced Python Programming & Data Science Masterclass; Professional Skill Development: Data Analysis
1886,Employee #1886,Research & Development,Manufacturing Director,4788.0,Yes,0.1251,LOW,75.96,HIGH,"ERP, Budgeting, Lean Six Sigma","Supply Chain, Operations Management",2,Global Supply Chain Operations & Logistics Architecture; Professional Skill Development: Operations Management
1888,Employee #1888,Research & Development,Manufacturing Director,5906.0,No,0.0086,LOW,81.47,HIGH,"Operations Management, Supply Chain","ERP, Budgeting, Lean Six Sigma",3,Professional Skill Development: ERP; Professional Skill Development: Budgeting
1890,Employee #1890,Human Resources,Human Resources,3886.0,No,0.1938,LOW,86.49,HIGH,"HRIS, Employee Relations, Workday","Recruiting, Payroll, Compliance",3,Professional Skill Development: Recruiting; Professional Skill Development: Payroll
1892,Employee #1892,Research & Development,Manager,16823.0,No,0.0513,LOW,55.02,MEDIUM,"Budgeting, Strategic Planning, Leadership","Project Management, Performance Management",2,Professional Skill Development: Project Management; Professional Skill Development: Performance Management
1893,Employee #1893,Research & Development,Research Scientist,2933.0,Yes,0.3208,MEDIUM,69.52,MEDIUM,"Lab Equipment, Machine Learning, Python, R","Data Analysis, Statistics",2,Professional Skill Development: Data Analysis; Professional Skill Development: Statistics
1898,Employee #1898,Sales,Sales Executive,6500.0,No,0.0345,LOW,93.48,HIGH,"Lead Generation, Communication, Salesforce","CRM Software, Negotiation, Excel",3,Professional Skill Development: CRM Software; Professional Skill Development: Negotiation
1900,Employee #1900,Research & Development,Manager,17174.0,No,0.0042,LOW,71.92,MEDIUM,"Strategic Planning, Leadership, Project Management","Budgeting, Performance Management",2,Professional Skill Development: Budgeting; Professional Skill Development: Performance Management
1903,Employee #1903,Research & Development,Healthcare Representative,5033.0,No,0.007,LOW,74.14,MEDIUM,"Communication, Customer Service","Patient Care, Medical Records, EMR Software",3,Professional Skill Development: Patient Care; Professional Skill Development: Medical Records
1905,Employee #1905,Research & Development,Research Scientist,2307.0,Yes,0.3752,MEDIUM,68.0,MEDIUM,"R, Lab Equipment, Data Analysis, Machine Learning, Statistics",Python,1,Advanced Python Programming & Data Science Masterclass
1907,Employee #1907,Research & Development,Laboratory Technician,2587.0,No,0.1157,LOW,81.87,HIGH,"Lab Safety, Sample Preparation","Quality Control, Data Entry, Excel",3,Six Sigma Quality Assurance & Process Improvement; Professional Skill Development: Data Entry
1908,Employee #1908,Sales,Sales Executive,5507.0,No,0.2606,MEDIUM,74.88,MEDIUM,"Lead Generation, Communication, CRM Software, Negotiation","Salesforce, Excel",2,Salesforce CRM Administrator & Cloud Management; Professional Skill Development: Excel
1909,Employee #1909,Sales,Sales Executive,4393.0,No,0.0413,LOW,79.18,HIGH,"Lead Generation, Communication, CRM Software","Salesforce, Negotiation, Excel",3,Salesforce CRM Administrator & Cloud Management; Professional Skill Development: Negotiation
1911,Employee #1911,Research & Development,Research Director,13348.0,No,0.0093,LOW,56.63,MEDIUM,"Data Analysis, Python, R&D Strategy","Grant Writing, Leadership",2,Research Grant Writing & Innovation Funding Workshop; Professional Skill Development: Leadership
1912,Employee #1912,Sales,Sales Executive,6583.0,Yes,0.0765,LOW,91.6,HIGH,"Excel, Lead Generation, Communication","CRM Software, Salesforce, Negotiation",3,Professional Skill Development: CRM Software; Salesforce CRM Administrator & Cloud Management
1915,Employee #1915,Sales,Sales Executive,8103.0,Yes,0.2033,LOW,66.68,MEDIUM,"Negotiation, Excel, Salesforce, Communication","CRM Software, Lead Generation",2,Professional Skill Development: CRM Software; B2B Digital Marketing & Modern Sales Pipelines
1916,Employee #1916,Research & Development,Laboratory Technician,3978.0,No,0.3258,MEDIUM,61.29,MEDIUM,"Data Entry, Lab Safety, Excel","Sample Preparation, Quality Control",2,Professional Skill Development: Sample Preparation; Six Sigma Quality Assurance & Process Improvement
1918,Employee #1918,Research & Development,Laboratory Technician,2544.0,No,0.0295,LOW,55.04,MEDIUM,"Quality Control, Excel","Lab Safety, Sample Preparation, Data Entry",3,ISO Certified Laboratory Safety & Bio-hazard Compliance; Professional Skill Development: Sample Preparation
1922,Employee #1922,Research & Development,Healthcare Representative,5399.0,No,0.0429,LOW,85.55,HIGH,"Customer Service, Communication","Patient Care, Medical Records, EMR Software",3,Professional Skill Development: Patient Care; Professional Skill Development: Medical Records
1924,Employee #1924,Sales,Sales Executive,5487.0,No,0.1521,LOW,88.08,HIGH,"Communication, Salesforce, Excel, CRM Software","Negotiation, Lead Generation",2,Professional Skill Development: Negotiation; B2B Digital Marketing & Modern Sales Pipelines
1927,Employee #1927,Sales,Sales Executive,6834.0,Yes,0.1915,LOW,76.27,HIGH,"Communication, CRM Software, Lead Generation, Negotiation","Salesforce, Excel",2,Salesforce CRM Administrator & Cloud Management; Professional Skill Development: Excel
1928,Employee #1928,Sales,Sales Representative,1091.0,No,0.8269,HIGH,84.6,HIGH,"Customer Service, CRM, Communication","Cold Calling, Salesforce",2,Professional Skill Development: Cold Calling; Salesforce CRM Administrator & Cloud Management
1929,Employee #1929,Sales,Sales Executive,5736.0,No,0.1769,LOW,76.06,HIGH,"CRM Software, Communication, Negotiation, Excel","Salesforce, Lead Generation",2,Salesforce CRM Administrator & Cloud Management; B2B Digital Marketing & Modern Sales Pipelines
1931,Employee #1931,Research & Development,Research Scientist,2226.0,No,0.0619,LOW,82.71,HIGH,"Data Analysis, Statistics, R, Lab Equipment","Python, Machine Learning",2,Advanced Python Programming & Data Science Masterclass; Applied Machine Learning & MLOps Specialization
1932,Employee #1932,Research & Development,Research Scientist,5747.0,Yes,0.1535,LOW,82.27,HIGH,"R, Statistics, Data Analysis, Lab Equipment","Python, Machine Learning",2,Advanced Python Programming & Data Science Masterclass; Applied Machine Learning & MLOps Specialization
1933,Employee #1933,Sales,Sales Executive,9854.0,Yes,0.4388,MEDIUM,64.39,MEDIUM,"CRM Software, Salesforce, Excel, Lead Generation","Negotiation, Communication",2,Professional Skill Development: Negotiation; Professional Skill Development: Communication
1934,Employee #1934,Research & Development,Research Scientist,5467.0,No,0.0042,LOW,67.16,MEDIUM,"Machine Learning, Data Analysis, Statistics","Python, R, Lab Equipment",3,Advanced Python Programming & Data Science Masterclass; Statistical Computing & Data Visualization in R
1935,Employee #1935,Sales,Sales Executive,5380.0,No,0.0502,LOW,68.96,MEDIUM,"Salesforce, Negotiation, Communication, CRM Software","Lead Generation, Excel",2,B2B Digital Marketing & Modern Sales Pipelines; Professional Skill Development: Excel
1936,Employee #1936,Research & Development,Manufacturing Director,5151.0,No,0.0347,LOW,92.98,HIGH,"Supply Chain, Operations Management, Budgeting","ERP, Lean Six Sigma",2,Professional Skill Development: ERP; Lean Six Sigma Green Belt Enterprise Certification
1937,Employee #1937,Research & Development,Research Scientist,2133.0,Yes,0.0108,LOW,58.97,MEDIUM,"Statistics, Lab Equipment, Python","Data Analysis, R, Machine Learning",3,Professional Skill Development: Data Analysis; Statistical Computing & Data Visualization in R
1938,Employee #1938,Sales,Manager,17875.0,Yes,0.0234,LOW,88.94,HIGH,"Strategic Planning, Project Management, Leadership","Budgeting, Performance Management",2,Professional Skill Development: Budgeting; Professional Skill Development: Performance Management
1939,Employee #1939,Research & Development,Research Scientist,2432.0,Yes,0.6728,HIGH,91.98,HIGH,"Lab Equipment, Python, Statistics, Data Analysis","R, Machine Learning",2,Statistical Computing & Data Visualization in R; Applied Machine Learning & MLOps Specialization
1940,Employee #1940,Research & Development,Research Scientist,4771.0,No,0.0036,LOW,85.57,HIGH,"R, Python, Lab Equipment, Statistics, Machine Learning",Data Analysis,1,Professional Skill Development: Data Analysis
1941,Employee #1941,Research & Development,Research Director,19161.0,No,0.003,LOW,71.63,MEDIUM,"R&D Strategy, Leadership, Python","Grant Writing, Data Analysis",2,Research Grant Writing & Innovation Funding Workshop; Professional Skill Development: Data Analysis
1943,Employee #1943,Sales,Sales Executive,5087.0,Yes,0.1368,LOW,75.9,HIGH,"Excel, Salesforce, Negotiation, Communication","CRM Software, Lead Generation",2,Professional Skill Development: CRM Software; B2B Digital Marketing & Modern Sales Pipelines
1944,Employee #1944,Human Resources,Human Resources,2863.0,No,0.9003,HIGH,94.4,HIGH,"Payroll, Recruiting, Employee Relations","HRIS, Compliance, Workday",3,Modern HRIS Technology & HR Analytics Management; Professional Skill Development: Compliance
1945,Employee #1945,Sales,Sales Executive,5561.0,No,0.1543,LOW,64.84,MEDIUM,"CRM Software, Lead Generation, Salesforce","Negotiation, Communication, Excel",3,Professional Skill Development: Negotiation; Professional Skill Development: Communication
1947,Employee #1947,Research & Development,Research Scientist,2144.0,No,0.0259,LOW,59.47,MEDIUM,"Machine Learning, Statistics, Lab Equipment, Data Analysis","Python, R",2,Advanced Python Programming & Data Science Masterclass; Statistical Computing & Data Visualization in R
1948,Employee #1948,Research & Development,Research Scientist,3065.0,Yes,0.0223,LOW,57.31,MEDIUM,"Python, Lab Equipment, R, Statistics","Data Analysis, Machine Learning",2,Professional Skill Development: Data Analysis; Applied Machine Learning & MLOps Specialization
1949,Employee #1949,Research & Development,Laboratory Technician,2810.0,No,0.0357,LOW,70.06,MEDIUM,"Data Entry, Quality Control","Lab Safety, Sample Preparation, Excel",3,ISO Certified Laboratory Safety & Bio-hazard Compliance; Professional Skill Development: Sample Preparation
1950,Employee #1950,Sales,Sales Executive,9888.0,No,0.1386,LOW,62.41,MEDIUM,"CRM Software, Communication, Excel, Negotiation","Salesforce, Lead Generation",2,Salesforce CRM Administrator & Cloud Management; B2B Digital Marketing & Modern Sales Pipelines
1951,Employee #1951,Sales,Sales Executive,8628.0,No,0.019,LOW,86.02,HIGH,"Communication, Negotiation, CRM Software","Salesforce, Lead Generation, Excel",3,Salesforce CRM Administrator & Cloud Management; B2B Digital Marketing & Modern Sales Pipelines
1952,Employee #1952,Research & Development,Laboratory Technician,2867.0,No,0.1531,LOW,90.97,HIGH,"Sample Preparation, Excel, Quality Control","Lab Safety, Data Entry",2,ISO Certified Laboratory Safety & Bio-hazard Compliance; Professional Skill Development: Data Entry
1954,Employee #1954,Research & Development,Healthcare Representative,5373.0,No,0.0794,LOW,80.71,HIGH,"Patient Care, EMR Software, Customer Service, Communication",Medical Records,1,Professional Skill Development: Medical Records
1955,Employee #1955,Research & Development,Healthcare Representative,6667.0,No,0.0033,LOW,82.5,HIGH,"Medical Records, Communication, Customer Service","Patient Care, EMR Software",2,Professional Skill Development: Patient Care; Healthcare Electronic Medical Records Administration
1956,Employee #1956,Research & Development,Research Scientist,5003.0,No,0.1028,LOW,73.19,MEDIUM,"Machine Learning, Lab Equipment, Statistics, R","Python, Data Analysis",2,Advanced Python Programming & Data Science Masterclass; Professional Skill Development: Data Analysis
1960,Employee #1960,Research & Development,Laboratory Technician,2367.0,No,0.4737,MEDIUM,78.09,HIGH,"Data Entry, Lab Safety","Sample Preparation, Quality Control, Excel",3,Professional Skill Development: Sample Preparation; Six Sigma Quality Assurance & Process Improvement
1961,Employee #1961,Sales,Sales Representative,2858.0,No,0.6581,HIGH,69.53,MEDIUM,"CRM, Customer Service, Cold Calling, Salesforce",Communication,1,Professional Skill Development: Communication
1962,Employee #1962,Sales,Sales Executive,5204.0,Yes,0.0227,LOW,82.13,HIGH,"CRM Software, Excel, Salesforce, Lead Generation","Negotiation, Communication",2,Professional Skill Development: Negotiation; Professional Skill Development: Communication
1965,Employee #1965,Sales,Sales Executive,4105.0,No,0.0302,LOW,77.07,HIGH,"Excel, Lead Generation, Communication","CRM Software, Salesforce, Negotiation",3,Professional Skill Development: CRM Software; Salesforce CRM Administrator & Cloud Management
1966,Employee #1966,Research & Development,Manufacturing Director,9679.0,No,0.1092,LOW,66.88,MEDIUM,"Operations Management, Lean Six Sigma, ERP, Supply Chain",Budgeting,1,Professional Skill Development: Budgeting
1967,Employee #1967,Sales,Sales Executive,5617.0,Yes,0.5041,HIGH,64.23,MEDIUM,"Excel, CRM Software, Lead Generation","Salesforce, Negotiation, Communication",3,Salesforce CRM Administrator & Cloud Management; Professional Skill Development: Negotiation
1968,Employee #1968,Sales,Sales Executive,10448.0,Yes,0.8703,HIGH,74.44,MEDIUM,"Salesforce, Excel, Negotiation","CRM Software, Communication, Lead Generation",3,Professional Skill Development: CRM Software; Professional Skill Development: Communication
1969,Employee #1969,Research & Development,Research Scientist,2897.0,No,0.0155,LOW,86.48,HIGH,"Lab Equipment, R, Python","Data Analysis, Statistics, Machine Learning",3,Professional Skill Development: Data Analysis; Professional Skill Development: Statistics
1970,Employee #1970,Research & Development,Healthcare Representative,5968.0,No,0.0024,LOW,82.84,HIGH,"Medical Records, Patient Care","Customer Service, EMR Software, Communication",3,Professional Skill Development: Customer Service; Healthcare Electronic Medical Records Administration
1971,Employee #1971,Research & Development,Healthcare Representative,7510.0,No,0.0079,LOW,84.21,HIGH,"Customer Service, Medical Records","Patient Care, EMR Software, Communication",3,Professional Skill Development: Patient Care; Healthcare Electronic Medical Records Administration
1972,Employee #1972,Human Resources,Human Resources,2991.0,Yes,0.118,LOW,59.74,MEDIUM,"HRIS, Payroll, Workday","Recruiting, Employee Relations, Compliance",3,Professional Skill Development: Recruiting; Professional Skill Development: Employee Relations
1973,Employee #1973,Human Resources,Manager,19636.0,Yes,0.1124,LOW,82.15,HIGH,"Budgeting, Project Management, Leadership","Strategic Planning, Performance Management",2,Executive Leadership & Strategic Workforce Planning; Professional Skill Development: Performance Management
1974,Employee #1974,Research & Development,Laboratory Technician,1129.0,Yes,0.1355,LOW,79.13,HIGH,"Sample Preparation, Lab Safety, Excel","Quality Control, Data Entry",2,Six Sigma Quality Assurance & Process Improvement; Professional Skill Development: Data Entry
1975,Employee #1975,Sales,Sales Executive,13341.0,No,0.4969,MEDIUM,71.74,MEDIUM,"Excel, Lead Generation, Salesforce","CRM Software, Negotiation, Communication",3,Professional Skill Development: CRM Software; Professional Skill Development: Negotiation
1976,Employee #1976,Research & Development,Research Scientist,4332.0,No,0.0059,LOW,92.61,HIGH,"Statistics, Data Analysis, R, Machine Learning","Python, Lab Equipment",2,Advanced Python Programming & Data Science Masterclass; Professional Skill Development: Lab Equipment
1979,Employee #1979,Research & Development,Research Director,11031.0,No,0.0015,LOW,81.67,HIGH,"Data Analysis, Leadership","R&D Strategy, Grant Writing, Python",3,Professional Skill Development: R&D Strategy; Research Grant Writing & Innovation Funding Workshop
1980,Employee #1980,Research & Development,Manufacturing Director,4440.0,Yes,0.1984,LOW,70.72,MEDIUM,"Lean Six Sigma, ERP","Supply Chain, Operations Management, Budgeting",3,Global Supply Chain Operations & Logistics Architecture; Professional Skill Development: Operations Management
1981,Employee #1981,Research & Development,Healthcare Representative,4617.0,No,0.1745,LOW,93.61,HIGH,"EMR Software, Customer Service, Communication","Patient Care, Medical Records",2,Professional Skill Development: Patient Care; Professional Skill Development: Medical Records
1982,Employee #1982,Research & Development,Laboratory Technician,2647.0,No,0.0229,LOW,86.63,HIGH,"Quality Control, Lab Safety, Excel","Sample Preparation, Data Entry",2,Professional Skill Development: Sample Preparation; Professional Skill Development: Data Entry
1985,Employee #1985,Research & Development,Laboratory Technician,6323.0,No,0.1541,LOW,66.1,MEDIUM,"Data Entry, Excel, Sample Preparation, Quality Control",Lab Safety,1,ISO Certified Laboratory Safety & Bio-hazard Compliance
1986,Employee #1986,Sales,Sales Executive,5677.0,No,0.0191,LOW,84.4,HIGH,"CRM Software, Negotiation, Salesforce, Lead Generation","Communication, Excel",2,Professional Skill Development: Communication; Professional Skill Development: Excel
1987,Employee #1987,Human Resources,Human Resources,2187.0,No,0.232,LOW,87.86,HIGH,"HRIS, Payroll, Employee Relations, Recruiting","Compliance, Workday",2,Professional Skill Development: Compliance; Workday Human Capital Management Fundamentals
1989,Employee #1989,Research & Development,Laboratory Technician,3748.0,No,0.0096,LOW,65.81,MEDIUM,"Sample Preparation, Excel, Lab Safety, Data Entry",Quality Control,1,Six Sigma Quality Assurance & Process Improvement
1992,Employee #1992,Research & Development,Laboratory Technician,3977.0,Yes,0.2815,MEDIUM,60.99,MEDIUM,"Excel, Data Entry, Quality Control","Lab Safety, Sample Preparation",2,ISO Certified Laboratory Safety & Bio-hazard Compliance; Professional Skill Development: Sample Preparation
1993,Employee #1993,Research & Development,Healthcare Representative,8633.0,No,0.0481,LOW,67.05,MEDIUM,"EMR Software, Medical Records, Communication","Patient Care, Customer Service",2,Professional Skill Development: Patient Care; Professional Skill Development: Customer Service
1994,Employee #1994,Research & Development,Laboratory Technician,2008.0,No,0.0401,LOW,87.52,HIGH,"Quality Control, Sample Preparation","Lab Safety, Data Entry, Excel",3,ISO Certified Laboratory Safety & Bio-hazard Compliance; Professional Skill Development: Data Entry
1995,Employee #1995,Sales,Sales Executive,4440.0,No,0.0034,LOW,70.29,MEDIUM,"Salesforce, Lead Generation, Communication","CRM Software, Negotiation, Excel",3,Professional Skill Development: CRM Software; Professional Skill Development: Negotiation
1996,Employee #1996,Sales,Sales Representative,3067.0,No,0.1243,LOW,75.38,HIGH,"Customer Service, Communication, Salesforce, CRM",Cold Calling,1,Professional Skill Development: Cold Calling
1997,Employee #1997,Research & Development,Manufacturing Director,5321.0,No,0.1499,LOW,65.96,MEDIUM,"Supply Chain, Budgeting, ERP, Lean Six Sigma",Operations Management,1,Professional Skill Development: Operations Management
1998,Employee #1998,Research & Development,Research Scientist,5410.0,Yes,0.3174,MEDIUM,89.67,HIGH,"Python, R, Machine Learning, Lab Equipment","Data Analysis, Statistics",2,Professional Skill Development: Data Analysis; Professional Skill Development: Statistics
1999,Employee #1999,Research & Development,Research Scientist,2782.0,No,0.0067,LOW,92.28,HIGH,"Statistics, R, Lab Equipment, Python","Data Analysis, Machine Learning",2,Professional Skill Development: Data Analysis; Applied Machine Learning & MLOps Specialization
2000,Employee #2000,Research & Development,Research Director,11957.0,No,0.0006,LOW,91.31,HIGH,"Data Analysis, Grant Writing","R&D Strategy, Python, Leadership",3,Professional Skill Development: R&D Strategy; Advanced Python Programming & Data Science Masterclass
2003,Employee #2003,Research & Development,Laboratory Technician,2660.0,Yes,0.3239,MEDIUM,55.64,MEDIUM,"Data Entry, Quality Control, Lab Safety, Sample Preparation",Excel,1,Professional Skill Development: Excel
2007,Employee #2007,Research & Development,Research Scientist,3375.0,No,0.0185,LOW,77.32,HIGH,"Statistics, Python, R","Data Analysis, Machine Learning, Lab Equipment",3,Professional Skill Development: Data Analysis; Applied Machine Learning & MLOps Specialization
2008,Employee #2008,Research & Development,Research Scientist,5098.0,No,0.0091,LOW,56.81,MEDIUM,"R, Machine Learning, Statistics, Lab Equipment","Python, Data Analysis",2,Advanced Python Programming & Data Science Masterclass; Professional Skill Development: Data Analysis
2009,Employee #2009,Research & Development,Healthcare Representative,4878.0,Yes,0.1043,LOW,88.98,HIGH,"Medical Records, EMR Software","Patient Care, Customer Service, Communication",3,Professional Skill Development: Patient Care; Professional Skill Development: Customer Service
2010,Employee #2010,Research & Development,Laboratory Technician,2837.0,No,0.5614,HIGH,93.23,HIGH,"Excel, Sample Preparation","Lab Safety, Quality Control, Data Entry",3,ISO Certified Laboratory Safety & Bio-hazard Compliance; Six Sigma Quality Assurance & Process Improvement
2012,Employee #2012,Research & Development,Laboratory Technician,2406.0,No,0.189,LOW,72.01,MEDIUM,"Sample Preparation, Quality Control, Lab Safety","Data Entry, Excel",2,Professional Skill Development: Data Entry; Professional Skill Development: Excel
2013,Employee #2013,Sales,Sales Representative,2269.0,No,0.2533,MEDIUM,72.5,MEDIUM,"Communication, CRM","Cold Calling, Salesforce, Customer Service",3,Professional Skill Development: Cold Calling; Salesforce CRM Administrator & Cloud Management
2014,Employee #2014,Research & Development,Research Scientist,4108.0,No,0.1864,LOW,80.64,HIGH,"Python, Statistics, Machine Learning","Data Analysis, R, Lab Equipment",3,Professional Skill Development: Data Analysis; Statistical Computing & Data Visualization in R
2015,Employee #2015,Research & Development,Research Director,13206.0,No,0.0034,LOW,83.34,HIGH,"Leadership, R&D Strategy, Grant Writing, Python",Data Analysis,1,Professional Skill Development: Data Analysis
2016,Employee #2016,Sales,Sales Executive,10422.0,No,0.0046,LOW,85.71,HIGH,"Negotiation, CRM Software, Excel","Salesforce, Communication, Lead Generation",3,Salesforce CRM Administrator & Cloud Management; Professional Skill Development: Communication
2017,Employee #2017,Research & Development,Research Director,13744.0,Yes,0.0115,LOW,71.84,MEDIUM,"Data Analysis, R&D Strategy, Leadership","Grant Writing, Python",2,Research Grant Writing & Innovation Funding Workshop; Advanced Python Programming & Data Science Masterclass
2018,Employee #2018,Sales,Sales Executive,4907.0,Yes,0.1867,LOW,75.79,HIGH,"Communication, Lead Generation, Excel","CRM Software, Salesforce, Negotiation",3,Professional Skill Development: CRM Software; Salesforce CRM Administrator & Cloud Management
2019,Employee #2019,Sales,Sales Representative,3482.0,No,0.0317,LOW,94.5,HIGH,"Cold Calling, Customer Service, Communication, Salesforce",CRM,1,Professional Skill Development: CRM
2020,Employee #2020,Research & Development,Research Scientist,2436.0,Yes,0.2198,LOW,75.18,HIGH,"Statistics, Lab Equipment, Data Analysis, Machine Learning","Python, R",2,Advanced Python Programming & Data Science Masterclass; Statistical Computing & Data Visualization in R
2021,Employee #2021,Sales,Sales Representative,2380.0,Yes,0.7129,HIGH,89.03,HIGH,"Customer Service, CRM","Cold Calling, Salesforce, Communication",3,Professional Skill Development: Cold Calling; Salesforce CRM Administrator & Cloud Management
2022,Employee #2022,Research & Development,Manager,19431.0,No,0.0116,LOW,70.35,MEDIUM,"Project Management, Budgeting","Leadership, Strategic Planning, Performance Management",3,Professional Skill Development: Leadership; Executive Leadership & Strategic Workforce Planning
2023,Employee #2023,Sales,Sales Representative,1790.0,No,0.6933,HIGH,81.8,HIGH,"Communication, Customer Service","Cold Calling, Salesforce, CRM",3,Professional Skill Development: Cold Calling; Salesforce CRM Administrator & Cloud Management
2024,Employee #2024,Sales,Sales Executive,7644.0,No,0.0177,LOW,77.89,HIGH,"Negotiation, CRM Software, Excel","Salesforce, Communication, Lead Generation",3,Salesforce CRM Administrator & Cloud Management; Professional Skill Development: Communication
2025,Employee #2025,Research & Development,Manufacturing Director,5131.0,No,0.0133,LOW,83.11,HIGH,"Budgeting, Lean Six Sigma, ERP","Supply Chain, Operations Management",2,Global Supply Chain Operations & Logistics Architecture; Professional Skill Development: Operations Management
2026,Employee #2026,Research & Development,Healthcare Representative,6306.0,No,0.0005,LOW,68.55,MEDIUM,"Medical Records, Patient Care","Customer Service, EMR Software, Communication",3,Professional Skill Development: Customer Service; Healthcare Electronic Medical Records Administration
2027,Employee #2027,Research & Development,Research Scientist,4787.0,Yes,0.1459,LOW,69.97,MEDIUM,"Statistics, R, Python, Machine Learning","Data Analysis, Lab Equipment",2,Professional Skill Development: Data Analysis; Professional Skill Development: Lab Equipment
2031,Employee #2031,Research & Development,Manager,18880.0,No,0.0505,LOW,56.98,MEDIUM,"Leadership, Performance Management","Project Management, Strategic Planning, Budgeting",3,Professional Skill Development: Project Management; Executive Leadership & Strategic Workforce Planning
2032,Employee #2032,Research & Development,Laboratory Technician,2339.0,No,0.097,LOW,93.62,HIGH,"Data Entry, Lab Safety, Quality Control","Sample Preparation, Excel",2,Professional Skill Development: Sample Preparation; Professional Skill Development: Excel
2034,Employee #2034,Research & Development,Manufacturing Director,13570.0,No,0.0101,LOW,94.97,HIGH,"Lean Six Sigma, Supply Chain","Operations Management, ERP, Budgeting",3,Professional Skill Development: Operations Management; Professional Skill Development: ERP
2035,Employee #2035,Sales,Sales Executive,6712.0,No,0.0187,LOW,75.85,HIGH,"Excel, Negotiation, Salesforce","CRM Software, Communication, Lead Generation",3,Professional Skill Development: CRM Software; Professional Skill Development: Communication
2036,Employee #2036,Sales,Sales Executive,5406.0,No,0.0451,LOW,74.12,MEDIUM,"Lead Generation, Excel, Negotiation","CRM Software, Salesforce, Communication",3,Professional Skill Development: CRM Software; Salesforce CRM Administrator & Cloud Management
2037,Employee #2037,Sales,Sales Executive,8938.0,No,0.0159,LOW,72.08,MEDIUM,"Salesforce, Communication, Lead Generation, Excel","CRM Software, Negotiation",2,Professional Skill Development: CRM Software; Professional Skill Development: Negotiation
2038,Employee #2038,Research & Development,Research Scientist,2439.0,No,0.052,LOW,75.39,HIGH,"Python, Data Analysis, Lab Equipment","Statistics, R, Machine Learning",3,Professional Skill Development: Statistics; Statistical Computing & Data Visualization in R
2040,Employee #2040,Human Resources,Human Resources,8837.0,Yes,0.3158,MEDIUM,75.96,HIGH,"Payroll, Recruiting, HRIS","Employee Relations, Compliance, Workday",3,Professional Skill Development: Employee Relations; Professional Skill Development: Compliance
2041,Employee #2041,Sales,Sales Executive,5343.0,No,0.0159,LOW,79.4,HIGH,"Communication, CRM Software, Salesforce","Negotiation, Lead Generation, Excel",3,Professional Skill Development: Negotiation; B2B Digital Marketing & Modern Sales Pipelines
2044,Employee #2044,Sales,Sales Executive,6728.0,No,0.0382,LOW,55.62,MEDIUM,"Lead Generation, Salesforce, Communication","CRM Software, Negotiation, Excel",3,Professional Skill Development: CRM Software; Professional Skill Development: Negotiation
2045,Employee #2045,Sales,Sales Executive,6652.0,No,0.1897,LOW,63.11,MEDIUM,"Lead Generation, CRM Software, Negotiation","Salesforce, Communication, Excel",3,Salesforce CRM Administrator & Cloud Management; Professional Skill Development: Communication
2046,Employee #2046,Sales,Sales Executive,4850.0,No,0.1536,LOW,65.15,MEDIUM,"CRM Software, Communication, Salesforce, Lead Generation","Negotiation, Excel",2,Professional Skill Development: Negotiation; Professional Skill Development: Excel
2048,Employee #2048,Research & Development,Research Scientist,2809.0,No,0.0283,LOW,72.17,MEDIUM,"Data Analysis, Statistics, Lab Equipment, Python","R, Machine Learning",2,Statistical Computing & Data Visualization in R; Applied Machine Learning & MLOps Specialization
2049,Employee #2049,Research & Development,Healthcare Representative,5689.0,Yes,0.0456,LOW,73.02,MEDIUM,"Customer Service, Patient Care, Medical Records","EMR Software, Communication",2,Healthcare Electronic Medical Records Administration; Professional Skill Development: Communication
2051,Employee #2051,Research & Development,Research Scientist,2001.0,No,0.0013,LOW,90.71,HIGH,"Python, Data Analysis, R","Statistics, Machine Learning, Lab Equipment",3,Professional Skill Development: Statistics; Applied Machine Learning & MLOps Specialization
2052,Employee #2052,Research & Development,Research Scientist,2977.0,No,0.0107,LOW,71.72,MEDIUM,"Python, Lab Equipment, Data Analysis","Statistics, R, Machine Learning",3,Professional Skill Development: Statistics; Statistical Computing & Data Visualization in R
2053,Employee #2053,Research & Development,Laboratory Technician,4025.0,Yes,0.4905,MEDIUM,55.38,MEDIUM,"Sample Preparation, Lab Safety, Excel","Quality Control, Data Entry",2,Six Sigma Quality Assurance & Process Improvement; Professional Skill Development: Data Entry
2054,Employee #2054,Research & Development,Research Scientist,3785.0,No,0.2949,MEDIUM,66.91,MEDIUM,"R, Statistics, Python","Data Analysis, Machine Learning, Lab Equipment",3,Professional Skill Development: Data Analysis; Applied Machine Learning & MLOps Specialization
2055,Employee #2055,Sales,Sales Executive,10854.0,Yes,0.4984,MEDIUM,55.78,MEDIUM,"Negotiation, Communication, Excel, Lead Generation","CRM Software, Salesforce",2,Professional Skill Development: CRM Software; Salesforce CRM Administrator & Cloud Management
2056,Employee #2056,Sales,Sales Executive,12031.0,No,0.2121,LOW,77.99,HIGH,"Communication, Excel, Salesforce","CRM Software, Negotiation, Lead Generation",3,Professional Skill Development: CRM Software; Professional Skill Development: Negotiation
2057,Employee #2057,Research & Development,Manufacturing Director,9936.0,No,0.0201,LOW,63.15,MEDIUM,"Supply Chain, ERP, Lean Six Sigma","Operations Management, Budgeting",2,Professional Skill Development: Operations Management; Professional Skill Development: Budgeting
2060,Employee #2060,Sales,Sales Representative,2966.0,No,0.071,LOW,93.19,HIGH,"Customer Service, Salesforce","Cold Calling, Communication, CRM",3,Professional Skill Development: Cold Calling; Professional Skill Development: Communication
2061,Employee #2061,Research & Development,Laboratory Technician,2571.0,No,0.0626,LOW,73.13,MEDIUM,"Excel, Quality Control, Sample Preparation","Lab Safety, Data Entry",2,ISO Certified Laboratory Safety & Bio-hazard Compliance; Professional Skill Development: Data Entry
2062,Employee #2062,Research & Development,Healthcare Representative,9991.0,No,0.0147,LOW,87.67,HIGH,"Customer Service, Patient Care, EMR Software","Medical Records, Communication",2,Professional Skill Development: Medical Records; Professional Skill Development: Communication
2064,Employee #2064,Research & Development,Manufacturing Director,6142.0,Yes,0.1873,LOW,81.86,HIGH,"Budgeting, Supply Chain, Operations Management, Lean Six Sigma",ERP,1,Professional Skill Development: ERP
2065,Employee #2065,Sales,Sales Executive,5390.0,No,0.016,LOW,77.99,HIGH,"Excel, Lead Generation, CRM Software","Salesforce, Negotiation, Communication",3,Salesforce CRM Administrator & Cloud Management; Professional Skill Development: Negotiation
2068,Employee #2068,Research & Development,Laboratory Technician,4404.0,No,0.0803,LOW,61.22,MEDIUM,"Lab Safety, Excel","Sample Preparation, Quality Control, Data Entry",3,Professional Skill Development: Sample Preparation; Six Sigma Quality Assurance & Process Improvement
