Employee ID,Name,Department,Job Role,Performance Score,KPI Score,Attendance (%),Peer Rating,Task Completion (%),Work Hours Logged,Manager Feedback,Training Hours,Promotion Eligibility,EngagementScore,Engagement_Category
376063,Manikya Badami,Sales,Sales Executive,61,91.03,94.4,4.5,78.19,42,3.7,18,No,84.24,HIGH
810690,Zara Mahal,Marketing,Marketing Executive,91,83.36,78.45,4.7,71.39,46,4.5,15,Yes,82.24,HIGH
520956,Sana Gera,Finance,Accountant,100,65.39,99.5,4.4,80.2,51,3.5,7,No,82.1,HIGH
202996,Zoya Wadhwa,Marketing,Content Strategist,100,82.9,79.83,4.3,71.51,43,5.0,9,Yes,82.91,HIGH
383410,Baiju Doctor,Sales,Sales Executive,80,90.9,89.92,3.7,78.03,51,3.1,29,No,77.68,HIGH
865548,Charvi Chakrabarti,HR,Employee Relations,53,72.43,82.52,5.0,70.93,35,4.7,4,No,83.83,HIGH
302189,Anahi Kari,Sales,Business Development,59,76.14,79.21,4.9,93.45,49,3.2,16,No,83.89,HIGH
907341,Kavya Kulkarni,IT,Cybersecurity Specialist,98,94.8,93.79,5.0,83.05,53,3.3,9,No,86.35,HIGH
275552,Trisha Bir,Sales,Account Manager,83,80.59,76.16,4.5,97.62,37,3.7,23,No,85.38,HIGH
745670,Shray Kaul,HR,HR Manager,70,73.82,91.44,4.5,84.12,51,4.2,18,No,85.71,HIGH
374239,Jhanvi Ghosh,Sales,Business Development,75,60.73,90.2,3.4,91.53,35,4.8,3,No,84.37,HIGH
903729,Emir Chaudhry,HR,HR Manager,73,82.23,78.43,4.0,92.26,44,4.7,12,No,86.39,HIGH
231366,Purab Tara,HR,HR Manager,100,92.09,90.13,3.5,86.27,40,3.2,1,No,79.92,HIGH
888390,Kashvi Bains,Sales,Business Development,95,66.64,94.68,4.2,92.61,50,4.3,17,Yes,87.38,HIGH
378452,Mishti Shah,Finance,Auditor,60,67.86,75.87,4.1,78.95,38,3.4,5,No,75.65,HIGH
786662,Umang Savant,IT,Data Analyst,81,63.41,83.64,3.6,80.15,48,3.9,1,No,77.11,HIGH
453442,Rhea Loyal,HR,Recruitment Specialist,94,62.67,78.64,4.3,73.62,45,3.2,15,No,74.08,MEDIUM
247543,Indrajit Shah,IT,Cybersecurity Specialist,65,62.14,81.18,3.8,79.31,41,4.3,29,No,78.64,HIGH
760752,Madhup Chaudhari,Marketing,Marketing Executive,50,73.31,79.96,4.7,70.72,42,4.7,27,No,82.14,HIGH
861299,Madhav Kara,HR,Recruitment Specialist,94,68.65,81.06,4.0,98.48,51,4.4,18,Yes,86.22,HIGH
276598,Pari Batta,IT,Cybersecurity Specialist,70,66.04,79.06,4.9,92.33,48,3.0,30,No,81.72,HIGH
897782,Chirag Bassi,Finance,Auditor,74,74.74,86.4,4.7,75.16,40,4.3,13,No,83.3,HIGH
514230,Jayant Dixit,Sales,Account Manager,75,63.95,80.49,4.1,82.45,42,3.2,4,No,76.43,HIGH
834049,Kismat Dora,Sales,Account Manager,83,64.87,79.25,3.4,84.48,54,3.7,6,No,76.08,HIGH
181362,Lakshit Lanka,IT,Software Engineer,81,82.16,94.82,4.9,87.0,36,3.0,9,No,84.88,HIGH
190571,Vidur Mani,Finance,Accountant,52,91.38,76.3,4.2,90.17,49,3.7,19,No,83.05,HIGH
478699,Anahita Ratti,Marketing,SEO Specialist,66,72.15,89.63,3.7,79.63,49,4.6,30,No,82.23,HIGH
892101,Sumer Mallick,Finance,Financial Analyst,68,80.43,90.09,4.8,84.64,51,3.9,12,No,86.25,HIGH
268043,Aaina Swaminathan,Finance,Financial Analyst,90,82.5,80.84,4.1,90.53,49,4.6,1,Yes,86.38,HIGH
108201,Nitara Saha,Sales,Sales Executive,77,70.93,94.01,4.2,96.69,53,4.1,8,No,88.1,HIGH
431608,Yuvraj  Kota,Marketing,SEO Specialist,52,89.09,95.21,3.8,74.09,55,4.0,13,No,81.38,HIGH
302120,Uthkarsh Bhakta,IT,Cybersecurity Specialist,95,63.18,98.11,4.7,98.39,36,3.3,30,No,87.46,HIGH
949655,Hiran Sharma,HR,Recruitment Specialist,97,73.85,89.07,4.1,98.64,53,3.2,1,No,83.99,HIGH
999957,Rhea Handa,Finance,Financial Analyst,68,92.79,77.28,4.1,96.44,51,4.4,3,No,87.67,HIGH
853352,Lakshay Rout,HR,HR Manager,86,94.22,92.13,3.8,94.42,45,4.7,17,Yes,90.17,HIGH
972885,Ishita Dhillon,Marketing,Marketing Executive,70,64.1,85.82,4.9,79.79,53,3.4,11,No,80.71,HIGH
692055,Hazel Choudhary,HR,Recruitment Specialist,96,76.86,78.28,4.5,98.51,41,3.5,23,No,84.9,HIGH
691847,Eva Khanna,Marketing,Marketing Executive,82,65.76,95.83,3.2,88.84,55,4.0,28,No,81.19,HIGH
325523,Mishti Krishnan,IT,Software Engineer,88,62.97,81.47,3.8,74.39,36,3.4,3,No,73.71,MEDIUM
529211,Kiaan Dutta,IT,Cybersecurity Specialist,73,91.15,90.92,4.7,85.23,52,4.8,19,No,90.87,HIGH
748631,Onkar Rama,HR,HR Manager,66,94.05,83.04,3.8,85.8,46,4.2,17,No,83.75,HIGH
352450,Mishti Chacko,IT,Cybersecurity Specialist,73,94.97,96.7,3.5,81.31,39,3.8,7,No,82.43,HIGH
597949,Shaan Basu,HR,HR Manager,97,79.07,86.59,3.1,90.24,39,4.2,27,Yes,81.5,HIGH
538851,Alia Sidhu,Sales,Business Development,89,77.14,99.3,4.9,84.05,38,3.4,15,No,85.99,HIGH
982166,Rohan Bala,Finance,Accountant,97,76.97,95.4,3.5,70.93,48,4.2,15,Yes,78.86,HIGH
891328,Nishith Koshy,IT,Data Analyst,64,84.34,97.17,3.3,92.24,46,4.9,26,No,88.34,HIGH
976367,Nishith Kibe,Finance,Financial Analyst,75,74.44,87.56,4.2,85.01,50,3.5,27,No,81.26,HIGH
968990,Badal Mani,HR,Employee Relations,65,64.87,90.97,3.2,86.54,50,4.6,17,No,81.84,HIGH
675019,Devansh Chander,Finance,Auditor,50,92.85,75.92,3.1,95.35,52,3.8,6,No,80.67,HIGH
326885,Kiaan Goswami,IT,Cybersecurity Specialist,69,71.13,96.81,4.8,75.48,48,4.8,5,No,87.52,HIGH
803681,Vritika Kala,Sales,Account Manager,51,79.04,76.3,3.5,87.92,53,3.5,8,No,77.54,HIGH
525050,Mahika Saxena,Marketing,Marketing Executive,55,71.99,98.29,4.9,97.9,37,3.6,25,No,90.23,HIGH
603407,Kavya Shah,HR,Employee Relations,56,75.28,76.55,4.3,95.42,41,3.1,30,No,81.06,HIGH
211921,Pari Zacharia,HR,Employee Relations,62,75.99,83.45,5.0,94.67,39,4.9,14,No,92.29,HIGH
582539,Ira Iyengar,HR,HR Manager,69,89.6,77.11,4.9,89.4,45,4.9,16,No,90.4,HIGH
713340,Tanya Taneja,Finance,Financial Analyst,100,86.58,75.08,3.6,70.37,50,4.0,3,No,75.18,HIGH
162959,Tiya Mannan,Sales,Account Manager,99,70.02,79.34,3.4,96.43,38,3.4,14,No,79.0,HIGH
692057,Vritika Verma,Marketing,Content Strategist,52,66.63,91.34,3.2,99.5,43,4.8,8,No,86.78,HIGH
886392,Heer Kale,Finance,Accountant,87,81.62,75.18,3.9,87.27,46,4.2,4,Yes,81.78,HIGH
311713,Shanaya Krishnan,Finance,Financial Analyst,69,60.63,90.4,4.3,89.77,51,3.9,17,No,83.87,HIGH
420151,Anya Wadhwa,Finance,Auditor,60,87.52,97.52,3.9,70.66,51,4.6,8,No,83.45,HIGH
690698,Devansh Tandon,Marketing,Marketing Executive,66,73.3,82.1,3.8,81.2,38,4.4,2,No,80.91,HIGH
978856,Vritika Walla,Sales,Account Manager,65,93.11,84.62,4.3,91.25,39,3.7,13,No,85.61,HIGH
171922,Mohanlal Kari,Marketing,SEO Specialist,77,73.74,88.29,3.3,99.22,42,4.1,13,No,84.4,HIGH
978968,Kiaan Bora,Marketing,Content Strategist,86,79.1,98.03,4.0,99.26,52,4.1,22,Yes,89.69,HIGH
560366,Siya Ramakrishnan,HR,Recruitment Specialist,83,91.48,96.91,4.8,97.58,49,3.4,14,No,90.6,HIGH
168956,Kaira Golla,Finance,Accountant,92,72.69,99.03,4.1,98.73,54,4.5,10,Yes,91.09,HIGH
654455,Aarna Saxena,IT,Software Engineer,71,62.39,75.49,4.6,80.84,38,3.1,5,No,76.39,HIGH
727177,Siya Brar,Finance,Auditor,53,61.01,93.18,4.7,84.28,50,3.2,12,No,81.62,HIGH
553994,Jayan Bora,Sales,Account Manager,75,69.36,87.12,4.8,82.27,44,4.4,0,No,85.84,HIGH
474749,Seher Hora,IT,Data Analyst,73,88.58,78.42,3.8,72.05,52,4.8,16,No,80.56,HIGH
404381,Anahi Bakshi,Marketing,Content Strategist,83,86.51,78.79,4.9,99.48,43,4.2,19,No,90.65,HIGH
149475,Nitara Dhaliwal,Finance,Financial Analyst,67,62.85,76.6,3.8,71.82,52,3.2,24,No,71.15,MEDIUM
165487,Lakshit Kibe,HR,Recruitment Specialist,85,73.57,85.75,3.8,71.09,51,3.9,2,No,76.63,HIGH
618249,Pihu Sane,Marketing,SEO Specialist,64,79.48,98.75,4.6,89.46,44,4.0,21,No,88.94,HIGH
132554,Aaryahi Krishna,Finance,Accountant,92,89.37,95.72,4.8,70.93,45,3.9,3,No,84.16,HIGH
995697,Divit Kata,Sales,Business Development,52,60.46,92.52,4.6,87.16,49,3.5,18,No,83.1,HIGH
709737,Saanvi Chatterjee,Sales,Business Development,58,66.35,77.4,3.9,71.62,42,4.0,15,No,75.2,HIGH
292420,Baiju Chaudhuri,Marketing,Content Strategist,61,84.44,84.67,4.6,79.94,44,3.4,20,No,81.36,HIGH
549479,Lakshay Seshadri,HR,Employee Relations,69,73.67,89.24,4.3,72.27,41,3.3,16,No,77.3,HIGH
925538,Hridaan Gour,Finance,Accountant,73,73.41,95.83,4.0,97.73,37,3.7,18,No,86.63,HIGH
948763,Darshit Baral,HR,HR Manager,91,93.43,88.25,4.4,97.58,50,3.6,19,No,88.27,HIGH
314725,Miraya Mani,IT,Software Engineer,89,92.41,96.04,3.5,93.89,44,3.7,7,No,85.42,HIGH
429616,Vivaan Shan,Marketing,Marketing Executive,100,76.05,83.95,4.1,73.2,50,4.1,23,Yes,79.16,HIGH
774009,Mamooty Bakshi,Finance,Accountant,59,61.11,78.26,3.0,96.55,35,3.1,12,No,75.13,HIGH
317578,Jivika Bhalla,HR,Recruitment Specialist,60,92.2,96.47,4.0,99.65,45,4.3,29,No,91.61,HIGH
306725,Divyansh Goyal,Sales,Account Manager,68,91.06,84.69,3.5,76.79,46,3.2,13,No,75.88,HIGH
485549,Bhavin Setty,HR,Recruitment Specialist,65,67.41,94.3,4.4,79.77,47,3.0,30,No,79.13,HIGH
331817,Yuvaan Mani,Sales,Business Development,68,79.92,99.5,4.6,82.04,54,3.4,11,No,84.5,HIGH
114099,Advik Sinha,Marketing,Marketing Executive,85,93.7,77.04,3.1,70.18,48,4.6,26,No,76.63,HIGH
139080,Devansh Kothari,HR,Employee Relations,100,92.56,93.63,4.0,94.87,50,3.8,2,No,87.64,HIGH
305887,Inaaya  Sha,Finance,Accountant,81,80.86,75.29,3.3,79.25,40,4.2,29,No,76.92,HIGH
639096,Aniruddh Mangal,Sales,Account Manager,97,83.83,82.95,5.0,82.2,53,4.7,29,Yes,88.43,HIGH
262442,Divyansh Chandran,HR,Recruitment Specialist,93,89.27,77.43,3.9,80.2,41,3.4,30,No,77.67,HIGH
710432,Trisha Dara,HR,Employee Relations,65,61.39,88.39,4.8,99.38,35,5.0,2,No,92.83,HIGH
438030,Mishti Ravi,Finance,Accountant,87,84.58,97.31,4.6,74.96,52,4.4,6,Yes,86.41,HIGH
967292,Neysa Chawla,Marketing,Content Strategist,67,89.39,87.22,4.2,97.04,41,3.0,30,No,84.29,HIGH
840198,Nirvaan Bali,IT,Cybersecurity Specialist,71,74.32,89.62,4.1,87.45,53,3.7,22,No,82.79,HIGH
158146,Divit Bhalla,IT,Software Engineer,73,94.09,84.21,3.6,74.29,52,4.0,5,No,78.94,HIGH
741554,Purab Srinivas,Marketing,Content Strategist,70,83.44,92.82,4.5,80.9,39,3.2,9,No,81.98,HIGH
594881,Vihaan Goda,IT,Software Engineer,95,66.14,93.46,3.3,92.86,35,4.0,20,No,82.36,HIGH
794196,Indrans Bal,HR,Recruitment Specialist,69,88.67,96.95,3.4,78.69,39,3.5,10,No,79.46,HIGH
731647,Raunak Kothari,Finance,Auditor,51,67.04,88.21,3.3,70.57,40,3.4,9,No,72.32,MEDIUM
818673,Yasmin Rastogi,Marketing,SEO Specialist,74,74.62,87.29,4.7,78.31,53,4.4,9,No,84.81,HIGH
336865,Manikya Choudhary,Sales,Account Manager,89,66.98,79.44,4.1,93.99,49,4.9,25,Yes,86.78,HIGH
129211,Raunak Sodhi,Finance,Accountant,55,63.76,78.07,4.4,96.11,43,3.3,29,No,81.62,HIGH
395943,Ivan Mallick,Marketing,SEO Specialist,100,77.85,98.96,4.9,99.4,54,4.4,28,Yes,94.6,HIGH
675021,Damini Bala,Marketing,Marketing Executive,53,91.27,92.06,4.3,73.77,49,4.7,27,No,85.67,HIGH
887129,Samar Sanghvi,IT,Software Engineer,85,89.12,99.83,4.3,89.43,39,3.6,27,No,87.31,HIGH
830319,Keya Brar,Marketing,Marketing Executive,95,81.37,88.09,4.2,81.42,50,3.4,20,No,80.58,HIGH
918541,Divit Ravel,Finance,Accountant,80,93.92,96.33,4.0,79.26,35,5.0,24,No,88.44,HIGH
337244,Ela Gole,Sales,Sales Executive,89,68.59,93.37,3.6,88.01,42,4.0,29,No,82.34,HIGH
346485,Dhruv Bali,IT,Data Analyst,78,64.88,75.76,4.0,82.66,36,4.1,25,No,78.84,HIGH
568048,Jivin Lanka,HR,Employee Relations,87,72.71,91.81,3.2,70.53,37,4.3,18,Yes,76.79,HIGH
689881,Lavanya Sengupta,Sales,Business Development,69,68.51,99.85,4.0,82.67,49,4.8,23,No,86.82,HIGH
920549,Vidur Vala,Marketing,Marketing Executive,63,72.34,91.38,3.3,92.85,40,4.5,10,No,84.56,HIGH
684377,Anahita Wadhwa,HR,Employee Relations,68,88.79,98.65,4.8,82.72,36,4.9,30,No,92.23,HIGH
809194,Advika Grewal,Finance,Financial Analyst,60,74.86,80.45,3.9,81.33,46,3.7,29,No,78.38,HIGH
373287,Ojas Halder,Finance,Accountant,61,66.01,93.02,4.3,93.13,48,3.8,10,No,85.54,HIGH
348494,Suhana Deep,Marketing,Content Strategist,82,91.11,87.16,4.9,97.63,39,4.3,3,No,92.63,HIGH
991106,Hazel Subramanian,HR,Employee Relations,77,83.47,77.45,3.5,95.55,51,4.4,15,No,84.1,HIGH
434736,Mishti Gaba,Marketing,SEO Specialist,59,62.49,78.74,3.5,89.19,35,4.9,4,No,82.35,HIGH
300291,Dhanush Shukla,Finance,Auditor,87,82.84,83.2,4.3,75.63,49,4.4,10,Yes,82.41,HIGH
930682,Veer Bhasin,Sales,Business Development,88,63.61,84.95,4.9,89.8,41,4.5,28,Yes,87.89,HIGH
872547,Lakshit Rout,Finance,Financial Analyst,63,89.11,82.6,4.9,96.99,45,4.6,5,No,92.53,HIGH
137227,Kashvi Chana,Sales,Sales Executive,80,73.94,83.52,4.2,85.29,43,3.7,4,No,81.29,HIGH
492346,Samarth Varughese,HR,Recruitment Specialist,91,84.47,89.53,4.5,86.93,44,4.7,11,Yes,89.23,HIGH
104894,Arhaan Raman,Marketing,Marketing Executive,82,85.32,84.22,4.3,98.69,55,3.6,23,No,86.58,HIGH
574980,Eshani Soman,IT,Data Analyst,76,72.37,80.74,3.7,96.2,53,4.2,0,No,83.84,HIGH
938510,Nakul Madan,HR,HR Manager,83,61.97,93.79,4.2,86.91,53,3.0,26,No,79.83,HIGH
914691,Aradhya Handa,Sales,Business Development,94,70.22,81.05,4.1,98.95,41,3.3,16,No,82.52,HIGH
959287,Mishti Sarin,HR,Employee Relations,55,61.91,96.05,3.5,95.43,52,4.1,6,No,84.43,HIGH
657468,Zoya Som,HR,Employee Relations,70,64.93,99.55,4.9,74.63,37,3.8,4,No,83.59,HIGH
251209,Mannat Bakshi,Finance,Financial Analyst,57,64.03,83.62,3.6,73.33,52,3.7,29,No,74.33,MEDIUM
627672,Keya Butala,Finance,Accountant,68,69.35,81.57,4.6,93.75,45,4.9,14,No,89.37,HIGH
283291,Alia Sawhney,IT,Data Analyst,64,66.32,93.61,4.5,70.27,52,4.4,2,No,82.04,HIGH
366737,Vritika Khalsa,Marketing,Content Strategist,96,71.52,80.62,4.1,83.72,37,3.2,30,No,77.59,HIGH
722297,Neelofar Keer,Sales,Account Manager,87,93.59,76.5,4.0,86.67,50,4.0,29,No,82.66,HIGH
814101,Divyansh Kaur,Marketing,SEO Specialist,85,70.61,78.81,4.7,92.78,51,3.6,10,No,83.86,HIGH
381345,Abram Mane,Finance,Accountant,73,92.29,93.66,3.9,81.26,38,3.8,27,No,83.14,HIGH
295113,Gatik Guha,Marketing,Content Strategist,86,62.94,86.0,4.1,93.43,52,4.9,8,Yes,87.52,HIGH
414900,Dharmajan Kalita,HR,Recruitment Specialist,96,69.58,92.53,4.9,93.79,41,4.6,2,Yes,91.6,HIGH
933548,Riya Dani,Marketing,Marketing Executive,74,94.91,91.43,4.7,73.81,54,4.0,9,No,84.72,HIGH
218595,Nitara Sarma,Marketing,Marketing Executive,84,91.62,85.68,4.4,78.13,48,4.0,29,No,83.34,HIGH
384248,Kimaya Ghosh,IT,Software Engineer,89,61.94,82.49,3.2,95.06,44,3.5,16,No,78.01,HIGH
501422,Purab Bhargava,Finance,Auditor,86,78.38,92.79,4.1,76.69,46,4.4,16,Yes,83.4,HIGH
403338,Manikya Wable,Sales,Account Manager,55,74.28,95.73,4.4,76.67,49,3.9,3,No,82.78,HIGH
850100,Adah Solanki,Finance,Accountant,73,92.89,91.11,4.2,96.42,38,4.8,29,No,92.44,HIGH
522109,Purab Chhabra,Sales,Business Development,66,87.5,83.23,3.3,99.73,36,4.0,10,No,84.51,HIGH
709198,Samar Raju,Finance,Accountant,99,62.15,97.44,3.1,73.27,46,4.2,4,Yes,76.88,HIGH
829551,Ojas Kannan,Sales,Sales Executive,79,90.67,99.21,5.0,96.12,49,4.8,0,No,96.94,HIGH
480394,Sara Vala,HR,Employee Relations,80,75.41,84.97,4.7,71.11,41,3.9,18,No,80.27,HIGH
941122,Hrishita Bala,Finance,Financial Analyst,71,68.2,95.9,4.5,72.63,49,3.1,26,No,78.19,HIGH
296812,Inaaya  Kurian,Sales,Business Development,57,73.85,95.95,4.1,73.03,55,4.1,7,No,81.28,HIGH
706124,Akarsh De,Finance,Accountant,77,85.94,96.56,4.6,77.14,50,4.1,10,No,85.85,HIGH
297819,Jivika Sant,Finance,Accountant,75,93.96,95.16,3.2,72.88,45,3.5,14,No,77.09,HIGH
165053,Ivana Viswanathan,HR,HR Manager,95,87.78,98.1,4.2,91.24,45,3.9,6,No,88.17,HIGH
398012,Adah Sarraf,Marketing,Content Strategist,98,77.83,90.06,3.8,70.22,41,4.9,18,Yes,81.66,HIGH
555457,Veer Kumar,IT,Cybersecurity Specialist,59,70.8,92.99,4.9,95.76,37,4.4,28,No,91.61,HIGH
177315,Aayush Kibe,HR,HR Manager,91,88.79,99.39,4.0,88.02,47,5.0,1,Yes,91.16,HIGH
401685,Miraya Dayal,Sales,Account Manager,60,71.84,99.47,3.7,76.83,50,4.4,1,No,82.53,HIGH
363762,Stuvan Verma,HR,HR Manager,91,62.38,92.08,3.1,93.77,42,4.7,23,Yes,83.98,HIGH
488108,Vihaan Varghese,HR,Employee Relations,86,75.24,89.7,3.9,94.16,37,4.5,8,Yes,87.31,HIGH
399562,Lagan Bajwa,Sales,Sales Executive,72,74.95,86.63,3.0,88.1,50,3.3,22,No,76.45,HIGH
808996,Aradhya Chaudhuri,HR,Employee Relations,77,73.91,90.22,3.6,77.5,37,4.4,12,No,80.68,HIGH
402302,Divit Rajagopal,Marketing,SEO Specialist,66,84.67,79.1,3.8,71.76,43,3.8,6,No,76.22,HIGH
879751,Alia Balasubramanian,Sales,Business Development,67,84.77,98.68,3.3,93.06,37,4.4,24,No,86.93,HIGH
308048,Dhruv Babu,HR,Recruitment Specialist,91,90.55,79.89,4.4,84.26,40,4.5,24,Yes,85.91,HIGH
786418,Aayush Dar,IT,Cybersecurity Specialist,70,70.15,81.4,4.3,71.92,48,3.1,15,No,74.47,MEDIUM
882537,Nayantara Edwin,Finance,Financial Analyst,74,84.51,82.61,3.7,99.65,38,4.0,18,No,85.67,HIGH
235703,Rasha Kothari,IT,Software Engineer,77,92.74,82.77,5.0,94.58,55,3.7,28,No,89.0,HIGH
859541,Mohanlal Kunda,Sales,Account Manager,67,71.01,80.16,3.0,79.62,51,3.1,8,No,71.42,MEDIUM
197224,Misha Bhargava,HR,HR Manager,70,61.26,99.12,3.7,94.03,51,3.9,0,No,84.56,HIGH
511364,Ishita Varma,Sales,Business Development,55,65.55,85.32,4.4,83.68,53,4.2,6,No,83.12,HIGH
118799,Amani Gill,Finance,Accountant,98,86.44,97.96,4.4,70.79,36,3.4,28,No,80.67,HIGH
674778,Nayantara Bir,Sales,Account Manager,55,92.89,83.0,4.2,77.92,54,3.3,23,No,79.26,HIGH
418635,Rhea Gole,IT,Software Engineer,70,61.26,85.76,3.9,80.92,41,4.2,4,No,79.95,HIGH
936670,Krish Bali,IT,Data Analyst,52,86.9,88.68,4.1,88.65,48,3.5,10,No,83.42,HIGH
726742,Nitya Mangal,IT,Software Engineer,92,72.41,77.62,3.3,92.52,41,3.8,10,No,78.92,HIGH
936736,Hrishita Tank,Finance,Accountant,62,65.11,88.21,4.3,75.91,52,4.6,0,No,82.53,HIGH
581644,Ivana Chandra,Sales,Sales Executive,56,76.23,98.59,4.9,76.37,51,5.0,28,No,89.85,HIGH
510131,Ishaan Biswas,Marketing,Marketing Executive,52,66.53,90.69,4.2,90.86,48,4.8,15,No,88.05,HIGH
294626,Miraan Bali,Finance,Accountant,93,78.19,90.77,3.7,76.85,48,4.7,15,Yes,82.63,HIGH
573387,Taran Jha,IT,Cybersecurity Specialist,88,61.65,79.11,4.8,70.84,48,4.4,10,Yes,80.04,HIGH
784768,Anika Salvi,Marketing,Marketing Executive,74,84.7,83.71,3.9,90.73,35,4.4,18,No,85.63,HIGH
134108,Kaira Sanghvi,Finance,Auditor,96,78.7,79.53,4.9,81.63,39,4.4,10,Yes,85.47,HIGH
174649,Chirag Vasa,Sales,Sales Executive,83,74.01,81.97,3.4,86.9,38,3.5,8,No,77.46,HIGH
689338,Pihu Chaudhuri,IT,Software Engineer,65,81.27,92.81,4.4,82.43,46,4.7,17,No,87.82,HIGH
523061,Anika Sarna,Sales,Sales Executive,86,91.18,76.6,4.2,79.81,38,5.0,1,Yes,85.18,HIGH
901936,Anaya Sodhi,Marketing,Content Strategist,68,92.45,91.79,3.9,78.59,48,3.4,13,No,80.38,HIGH
300537,Gatik Chakrabarti,Finance,Financial Analyst,74,82.98,99.96,3.8,97.7,54,3.3,4,No,86.0,HIGH
569817,Saira Dara,HR,HR Manager,68,87.95,78.03,4.5,73.83,40,4.6,29,No,82.95,HIGH
489553,Amira Kumer,IT,Data Analyst,83,62.79,96.12,4.0,76.85,40,4.6,12,No,82.96,HIGH
995986,Shalv Buch,Finance,Financial Analyst,78,60.26,85.88,3.6,94.01,36,4.9,0,No,85.4,HIGH
370437,Amira Barad,HR,Recruitment Specialist,69,74.55,84.15,4.0,73.53,50,3.4,22,No,75.94,HIGH
641341,Vaibhav Ram,HR,Employee Relations,61,70.9,93.47,3.4,95.23,46,4.9,27,No,87.55,HIGH
686344,Dhanush Dutta,IT,Cybersecurity Specialist,100,93.21,97.8,3.9,81.52,46,4.4,16,Yes,86.54,HIGH
476946,Aayush Johal,HR,HR Manager,74,66.95,98.45,3.5,73.94,44,4.8,21,No,81.77,HIGH
642417,Farhan Agarwal,Sales,Sales Executive,55,70.8,77.84,4.8,87.54,48,4.5,28,No,86.11,HIGH
455338,Ira Mani,Finance,Accountant,58,65.24,81.69,3.8,79.55,46,4.5,21,No,79.93,HIGH
492243,Bhavin Gandhi,Sales,Sales Executive,59,93.0,86.3,3.8,80.47,55,3.7,4,No,80.7,HIGH
135842,Anahi Sehgal,Finance,Accountant,50,78.98,88.34,4.9,96.02,49,3.3,15,No,87.17,HIGH
356703,Anvi Johal,IT,Software Engineer,88,62.02,82.73,4.5,83.98,39,4.6,2,Yes,84.34,HIGH
118920,Vedika Dara,HR,Recruitment Specialist,77,85.98,77.34,5.0,91.68,46,4.0,0,No,87.57,HIGH
105561,Tara Bal,Finance,Auditor,76,75.39,94.04,4.2,75.46,51,3.1,19,No,78.18,HIGH
425760,Navya Solanki,HR,Recruitment Specialist,68,80.11,86.73,3.9,90.48,41,4.8,5,No,87.3,HIGH
397069,Hansh Lanka,Finance,Auditor,100,80.29,94.48,3.9,93.66,55,4.3,22,Yes,87.82,HIGH
150406,Ojas Issac,Sales,Account Manager,53,82.4,89.21,3.3,93.84,54,4.2,7,No,84.23,HIGH
774763,Jhanvi Mahal,Sales,Sales Executive,87,75.97,83.78,3.1,87.26,46,3.7,9,No,77.73,HIGH
714313,Neelofar Cheema,Finance,Accountant,84,61.43,96.86,3.1,75.16,37,4.4,5,No,78.06,HIGH
991564,Umang Bath,Finance,Auditor,81,91.37,89.07,4.0,89.4,48,3.9,20,No,85.37,HIGH
274295,Chirag Jhaveri,IT,Cybersecurity Specialist,76,76.35,85.76,4.8,85.23,43,4.5,1,No,87.56,HIGH
439231,Rasha Buch,HR,Employee Relations,77,73.63,86.19,3.9,78.49,37,3.6,16,No,78.15,HIGH
869777,Nishith Dara,IT,Cybersecurity Specialist,52,84.92,81.84,4.3,84.0,46,4.3,7,No,84.46,HIGH
645354,Bhavin Singhal,Marketing,Marketing Executive,70,75.89,84.86,3.9,97.51,51,3.4,11,No,83.01,HIGH
441767,Pihu Soman,HR,HR Manager,84,87.54,80.8,4.5,89.24,47,3.7,6,No,84.49,HIGH
139995,Elakshi Sant,IT,Data Analyst,78,68.09,76.99,3.2,77.48,43,4.4,8,No,75.85,HIGH
154629,Ahana  Kanda,Sales,Business Development,50,76.79,95.84,4.8,89.64,53,3.5,9,No,86.94,HIGH
518607,Jayesh Bala,HR,Employee Relations,72,70.47,84.32,4.7,98.73,51,3.7,28,No,87.13,HIGH
228875,Ela Ghose,Sales,Sales Executive,50,79.26,92.74,4.2,99.48,37,4.9,3,No,92.72,HIGH
440728,Hansh Badal,Finance,Accountant,91,74.97,82.44,4.9,82.18,44,3.1,3,No,80.64,HIGH
814503,Mehul Maharaj,Marketing,Content Strategist,100,74.32,95.0,4.2,76.51,55,4.0,1,No,82.19,HIGH
207810,Ayesha Dugal,Marketing,Content Strategist,74,70.93,81.05,3.5,92.34,50,3.7,1,No,79.81,HIGH
671113,Vaibhav Banik,IT,Data Analyst,57,86.05,87.22,3.3,73.3,53,3.9,27,No,76.84,HIGH
322000,Mamooty Kalita,Sales,Business Development,82,65.11,93.76,4.1,94.66,55,4.9,14,No,89.66,HIGH
939507,Ahana  Kapadia,IT,Cybersecurity Specialist,75,87.45,87.0,3.9,98.72,38,4.0,30,No,87.36,HIGH
851852,Charvi Goyal,HR,Recruitment Specialist,55,91.12,99.86,3.9,86.13,38,3.4,25,No,84.12,HIGH
708380,Aarush Rau,HR,HR Manager,58,74.11,92.12,4.7,85.23,49,3.5,11,No,84.2,HIGH
911947,Aaina Bath,Finance,Accountant,90,75.12,92.11,4.1,72.44,39,4.9,24,Yes,83.67,HIGH
706670,Fateh Master,Sales,Account Manager,60,61.9,89.02,4.9,94.18,46,4.7,23,No,90.65,HIGH
902256,Vivaan Savant,IT,Software Engineer,100,76.01,77.34,4.9,82.52,46,4.5,14,Yes,85.42,HIGH
794499,Gatik Ramesh,Finance,Financial Analyst,64,86.28,96.12,4.0,80.18,35,4.1,23,No,84.31,HIGH
106054,Divyansh Taneja,Sales,Business Development,71,65.37,80.68,3.9,98.37,46,4.2,2,No,84.58,HIGH
451785,Fateh Chauhan,Finance,Auditor,95,81.0,87.11,4.4,70.09,43,3.7,16,No,78.95,HIGH
266584,Nirvaan Shan,HR,Employee Relations,70,62.89,79.18,3.3,94.31,55,4.1,3,No,80.02,HIGH
625909,Miraya Sastry,Finance,Financial Analyst,74,84.19,83.06,3.8,85.99,38,3.9,22,No,81.63,HIGH
257068,Adah Kumer,Marketing,Content Strategist,61,85.39,81.39,4.3,91.99,42,3.7,12,No,84.41,HIGH
614013,Darshit Kanda,Finance,Accountant,78,79.94,77.57,4.0,91.28,53,3.2,12,No,79.69,HIGH
961711,Priyansh Sabharwal,Sales,Business Development,78,67.37,77.56,3.3,96.98,47,3.4,8,No,78.14,HIGH
149976,Jayant Krish,Marketing,SEO Specialist,94,89.9,94.62,4.6,79.69,46,4.6,25,Yes,88.62,HIGH
793928,Indrans Luthra,Marketing,Marketing Executive,74,80.06,82.16,4.7,90.64,50,4.1,2,No,86.83,HIGH
149508,Badal D’Alia,Marketing,SEO Specialist,61,94.29,96.61,4.3,84.12,37,3.8,4,No,86.39,HIGH
228972,Alisha Maharaj,Sales,Account Manager,81,79.43,97.97,4.3,78.47,43,4.0,13,No,84.28,HIGH
363615,Riaan Dutta,Finance,Auditor,52,65.82,88.38,3.3,71.97,41,3.4,7,No,72.65,MEDIUM
950003,Mehul Chaudry,HR,Employee Relations,62,63.61,99.6,3.6,74.46,49,4.0,3,No,79.02,HIGH
308395,Lakshay Chada,HR,Recruitment Specialist,76,82.21,75.3,4.6,77.43,38,3.7,1,No,79.71,HIGH
538353,Kashvi Bumb,IT,Software Engineer,57,60.09,98.14,5.0,95.6,50,3.2,21,No,87.12,HIGH
106528,Suhana Gour,IT,Cybersecurity Specialist,66,89.78,98.55,4.6,96.44,44,4.5,26,No,94.02,HIGH
642778,Jivika Karan,IT,Software Engineer,69,89.93,82.56,4.9,97.05,54,4.1,0,No,90.62,HIGH
794296,Pari Gola,Finance,Financial Analyst,61,66.56,85.89,4.3,99.75,53,3.3,18,No,84.16,HIGH
158214,Zain Banerjee,Marketing,Marketing Executive,87,65.39,95.04,4.6,93.22,51,4.5,16,Yes,89.91,HIGH
945273,Vardaniya Dey,Sales,Sales Executive,59,70.92,82.95,4.6,88.65,42,4.5,5,No,86.68,HIGH
216921,Kismat Kant,HR,Employee Relations,81,81.49,88.19,3.8,77.48,48,3.4,9,No,77.83,HIGH
812942,Kashvi Ahuja,Finance,Accountant,77,72.56,86.28,5.0,73.47,35,3.3,5,No,79.75,HIGH
383779,Hrishita Guha,Finance,Financial Analyst,77,85.41,96.32,3.4,79.38,40,3.4,0,No,78.82,HIGH
947172,Ritvik Kar,IT,Software Engineer,68,90.72,78.87,4.3,74.82,48,3.5,14,No,78.49,HIGH
360465,Kartik Randhawa,HR,Recruitment Specialist,80,90.9,79.01,4.2,92.52,37,4.0,4,No,85.45,HIGH
982370,Aaina Chauhan,IT,Software Engineer,93,71.17,85.89,4.6,94.33,51,3.7,0,No,85.79,HIGH
958725,Dhanuk Dutta,Finance,Accountant,92,61.93,89.57,3.4,80.95,37,3.0,13,No,73.99,MEDIUM
288553,Fateh Yadav,Finance,Accountant,88,60.06,88.87,4.1,99.9,53,3.8,11,No,85.35,HIGH
955218,Madhup Grover,HR,Employee Relations,52,67.48,99.94,3.8,81.24,38,4.7,7,No,85.11,HIGH
542988,Anika Rout,Sales,Account Manager,72,61.0,85.17,4.4,76.67,55,3.9,30,No,79.34,HIGH
276037,Nehmat Sarraf,IT,Cybersecurity Specialist,70,64.87,96.29,4.1,72.16,43,4.7,0,No,82.59,HIGH
451093,Divij Dhar,Finance,Financial Analyst,75,64.56,79.04,4.9,75.51,47,3.5,26,No,78.52,HIGH
994891,Rania Kapadia,Sales,Sales Executive,99,74.47,93.27,3.5,89.08,55,4.1,18,Yes,83.22,HIGH
761004,Himmat Walla,Marketing,Content Strategist,53,65.51,75.84,3.4,70.65,52,3.9,30,No,72.11,MEDIUM
267354,Divyansh Mane,Marketing,Content Strategist,81,88.09,96.21,5.0,70.4,36,4.0,2,No,85.17,HIGH
214673,Sahil Sodhi,Marketing,SEO Specialist,66,86.75,81.42,4.4,91.19,44,3.1,21,No,82.32,HIGH
803478,Ahana  Bala,Marketing,SEO Specialist,65,74.19,96.86,4.8,77.15,43,3.6,24,No,83.54,HIGH
103367,Onkar Bedi,Marketing,SEO Specialist,92,79.7,91.54,4.8,91.91,35,3.7,30,No,87.85,HIGH
964426,Kanav Mammen,Sales,Sales Executive,84,68.25,84.86,3.5,78.2,51,5.0,0,No,81.26,HIGH
487792,Veer Mannan,Marketing,Marketing Executive,81,91.98,98.62,4.6,78.97,35,3.9,16,No,86.61,HIGH
535918,Adira Raman,Finance,Accountant,83,84.46,95.99,3.1,76.63,41,3.4,21,No,76.63,HIGH
524534,Advika Shetty,IT,Software Engineer,88,81.96,96.31,3.0,71.65,45,3.1,3,No,73.35,MEDIUM
355764,Charvi Kara,IT,Data Analyst,59,92.38,87.85,4.7,80.24,51,4.8,21,No,88.88,HIGH
829980,Adah Ravi,IT,Cybersecurity Specialist,70,70.16,83.93,3.1,89.11,51,3.1,21,No,75.34,HIGH
966986,Hridaan Soman,Marketing,Marketing Executive,69,68.07,98.6,3.8,72.8,48,3.9,30,No,79.17,HIGH
988349,Kartik Banik,Sales,Sales Executive,80,65.2,84.5,4.1,78.03,52,4.4,0,No,80.83,HIGH
834139,Lakshay Hans,Marketing,SEO Specialist,73,67.95,76.32,3.3,74.11,51,3.7,20,No,72.29,MEDIUM
696050,Kiara Baria,HR,HR Manager,63,77.68,82.55,4.2,90.01,45,3.2,21,No,80.88,HIGH
166038,Anahi Rana,Marketing,Content Strategist,50,61.67,97.48,3.6,73.15,47,4.5,21,No,80.01,HIGH
215684,Amira Bhattacharyya,Sales,Business Development,53,63.6,90.8,4.4,92.77,42,4.0,17,No,85.95,HIGH
385606,Neelofar Singhal,HR,HR Manager,54,92.36,82.11,4.0,70.09,50,3.7,18,No,77.48,HIGH
172962,Pari Bora,Marketing,Content Strategist,84,67.44,79.15,4.8,70.8,48,4.7,19,No,81.81,HIGH
394198,Heer Manda,Finance,Accountant,94,91.53,88.58,4.4,91.0,41,3.6,16,No,86.17,HIGH
582316,Aradhya Rastogi,Sales,Business Development,51,60.44,99.05,4.7,71.23,42,3.3,4,No,79.22,HIGH
911708,Prisha Ghose,Marketing,SEO Specialist,52,68.72,97.3,3.6,90.3,46,4.8,8,No,87.02,HIGH
152176,Uthkarsh Chaudhari,Finance,Financial Analyst,60,75.4,82.03,4.6,76.18,45,3.4,25,No,78.8,HIGH
374439,Zaina Bhattacharyya,HR,Recruitment Specialist,50,63.52,75.13,4.4,71.86,41,3.4,21,No,74.14,MEDIUM
694891,Zain Samra,Sales,Account Manager,89,60.81,83.85,3.0,76.8,40,3.8,11,No,73.09,MEDIUM
406625,Nishith Rajagopal,HR,Recruitment Specialist,61,91.65,78.77,3.4,96.25,47,4.5,0,No,85.39,HIGH
742879,Kavya Gara,HR,Employee Relations,54,90.6,75.48,3.2,81.24,44,3.5,28,No,75.33,HIGH
728778,Arnav Bhatnagar,Finance,Financial Analyst,100,76.12,85.91,4.5,97.24,53,4.4,15,Yes,89.57,HIGH
950868,Ayesha Dave,Finance,Financial Analyst,66,70.86,91.27,3.2,74.12,49,3.2,4,No,73.18,MEDIUM
254544,Rati Loke,Sales,Account Manager,85,68.22,81.55,4.1,93.93,43,3.6,26,No,82.11,HIGH
318850,Farhan Chada,IT,Software Engineer,61,85.46,76.82,3.5,90.11,39,4.2,10,No,81.74,HIGH
573370,Zeeshan Bajaj,Sales,Account Manager,90,60.8,80.94,3.3,99.48,49,4.6,2,Yes,83.71,HIGH
940884,Nishith Rout,IT,Cybersecurity Specialist,74,81.45,97.57,3.2,79.58,46,4.6,12,No,82.73,HIGH
203931,Shalv Bajaj,IT,Data Analyst,52,87.45,82.72,4.5,86.22,39,4.0,13,No,85.16,HIGH
642094,Sara Kaul,Marketing,Content Strategist,93,83.62,95.61,3.5,97.75,41,4.2,4,Yes,87.61,HIGH
658286,Hansh Samra,IT,Cybersecurity Specialist,61,63.77,98.57,3.3,78.33,39,3.5,18,No,76.79,HIGH
705020,Jayan Tiwari,IT,Software Engineer,85,80.56,88.51,3.2,84.48,48,4.6,3,No,82.3,HIGH
582295,Myra Balasubramanian,HR,Recruitment Specialist,62,61.09,83.79,4.2,96.51,38,5.0,2,No,88.62,HIGH
776797,Khushi Soman,Sales,Sales Executive,63,73.03,84.32,4.9,93.75,42,3.5,21,No,85.89,HIGH
829898,Jiya Grover,Sales,Business Development,95,79.56,89.58,4.5,93.55,55,4.9,4,Yes,91.54,HIGH
779862,Tiya Boase,Finance,Auditor,90,89.16,98.13,4.5,81.51,38,3.1,24,No,83.4,HIGH
251680,Veer Ghose,Sales,Business Development,66,82.73,96.64,4.4,96.94,42,4.3,14,No,91.48,HIGH
521943,Nishith Devi,Marketing,Content Strategist,57,68.65,91.12,3.6,81.25,54,4.8,14,No,83.06,HIGH
288123,Saanvi Sarkar,Finance,Accountant,54,77.79,87.8,4.0,72.05,39,4.2,3,No,79.75,HIGH
902743,Ayesha Tata,IT,Software Engineer,79,81.86,94.45,4.4,80.84,40,4.8,20,No,88.13,HIGH
242992,Fateh Venkatesh,IT,Cybersecurity Specialist,59,70.76,76.73,3.8,83.76,50,4.4,19,No,80.35,HIGH
818722,Mamooty Dasgupta,Finance,Financial Analyst,62,93.13,87.09,4.7,92.25,39,4.8,30,No,92.41,HIGH
984783,Nitara Sharaf,IT,Data Analyst,61,86.1,91.63,4.2,96.49,43,4.4,18,No,90.28,HIGH
189952,Nishith Koshy,HR,Recruitment Specialist,89,94.92,96.61,4.2,76.22,54,3.7,9,No,83.28,HIGH
645549,Neysa Ramakrishnan,Sales,Business Development,66,69.64,91.97,3.8,81.79,49,5.0,5,No,85.1,HIGH
774078,Lakshit Joshi,IT,Software Engineer,92,70.0,78.46,3.2,80.6,53,4.0,5,No,75.67,HIGH
529471,Nakul Chad,Sales,Business Development,94,60.02,95.15,4.8,98.34,45,3.3,19,No,86.93,HIGH
459232,Sana Sura,Marketing,Marketing Executive,85,92.01,95.36,3.1,99.51,45,3.4,25,No,84.13,HIGH
292515,Dhanuk Kamdar,Sales,Sales Executive,73,72.48,85.09,4.5,76.91,38,4.2,10,No,82.14,HIGH
201265,Damini Date,Marketing,Content Strategist,89,70.39,88.22,3.9,73.09,50,3.5,13,No,76.21,HIGH
845074,Krish Gopal,IT,Data Analyst,83,94.0,94.01,4.5,87.44,37,3.3,27,No,85.63,HIGH
834424,Mahika Bala,Marketing,SEO Specialist,66,69.98,87.31,3.7,80.38,35,3.1,9,No,75.77,HIGH
749957,Yashvi Shankar,Sales,Account Manager,95,89.63,88.48,3.4,94.0,43,3.3,4,No,81.66,HIGH
328589,Kartik Ramakrishnan,Marketing,SEO Specialist,68,67.7,91.21,3.2,80.79,35,4.4,21,No,79.65,HIGH
281726,Uthkarsh Kakar,Finance,Financial Analyst,62,91.45,94.96,4.6,72.25,47,3.8,19,No,83.41,HIGH
304341,Gatik Sharaf,Sales,Account Manager,51,81.52,93.68,3.1,74.3,43,5.0,10,No,81.58,HIGH
873474,Jivin Zachariah,Marketing,SEO Specialist,69,91.37,95.19,3.6,85.95,37,3.9,22,No,83.96,HIGH
888575,Indrajit Amble,HR,HR Manager,59,93.55,78.99,4.4,80.93,44,3.7,11,No,81.83,HIGH
261476,Zara Bahri,Marketing,SEO Specialist,97,91.43,85.54,4.6,70.77,36,4.9,18,Yes,85.48,HIGH
663202,Stuvan Sahni,HR,Recruitment Specialist,56,64.45,98.82,3.8,94.33,42,3.7,11,No,84.51,HIGH
277155,Alisha Tella,IT,Data Analyst,93,70.09,81.84,4.9,83.42,47,4.8,2,Yes,87.2,HIGH
207126,Mohanlal Dayal,Finance,Accountant,76,64.75,99.45,4.5,72.12,50,4.9,26,No,85.6,HIGH
210335,Anay Kar,HR,HR Manager,58,76.24,75.29,4.2,79.83,54,3.7,13,No,78.23,HIGH
480908,Khushi Rau,Marketing,SEO Specialist,72,87.36,82.37,4.5,87.96,39,3.3,20,No,82.8,HIGH
851215,Nishith Sehgal,Marketing,Marketing Executive,76,73.38,79.46,4.4,96.89,47,3.6,23,No,84.3,HIGH
941004,Ishita Rajagopal,Finance,Financial Analyst,68,94.41,98.53,4.3,72.07,54,4.9,1,No,87.57,HIGH
161314,Manjari Sami,Marketing,Content Strategist,88,85.6,77.73,3.1,85.59,37,3.4,4,No,75.78,HIGH
933801,Lakshay Apte,Sales,Account Manager,98,90.08,79.34,4.0,81.44,38,4.8,22,Yes,84.51,HIGH
668669,Tiya Acharya,IT,Data Analyst,65,74.33,79.89,4.9,91.16,40,5.0,21,No,90.36,HIGH
803262,Divij Dada,IT,Data Analyst,86,69.84,78.65,4.8,92.09,49,3.8,0,No,84.74,HIGH
263373,Badal Mangat,IT,Software Engineer,51,92.4,89.92,3.5,94.57,48,4.4,4,No,87.2,HIGH
815582,Pihu Kunda,Finance,Accountant,86,65.99,98.44,4.0,70.44,53,3.4,28,No,77.02,HIGH
515014,Mahika Luthra,Marketing,Marketing Executive,74,69.59,82.61,4.0,86.9,35,3.2,17,No,78.35,HIGH
450579,Adah Majumdar,IT,Software Engineer,96,62.24,98.25,4.9,96.04,39,4.7,20,Yes,93.09,HIGH
357862,Vardaniya Batta,IT,Cybersecurity Specialist,64,94.07,97.16,3.1,80.07,44,4.2,2,No,82.06,HIGH
729128,Heer Wali,Sales,Account Manager,97,91.15,80.17,4.4,97.97,40,4.7,30,Yes,90.94,HIGH
774019,Raghav Venkatesh,Sales,Sales Executive,52,66.57,98.54,4.2,76.19,39,4.6,13,No,84.42,HIGH
648788,Manjari Dubey,IT,Cybersecurity Specialist,56,88.77,85.43,4.2,76.66,54,3.6,4,No,80.16,HIGH
509441,Tushar Ranganathan,Sales,Business Development,50,61.66,80.14,4.6,70.85,46,3.2,18,No,74.65,MEDIUM
487626,Gatik Badami,Marketing,SEO Specialist,97,82.62,75.56,3.4,72.06,43,3.0,4,No,70.59,MEDIUM
796440,Ahana  Sathe,Finance,Accountant,90,63.51,76.3,3.9,85.72,36,3.9,28,No,78.53,HIGH
378122,Dhruv Bajaj,Marketing,SEO Specialist,52,81.68,84.31,3.6,82.48,50,4.8,24,No,83.37,HIGH
391797,Yuvaan Chana,Finance,Auditor,96,90.03,82.5,3.6,80.37,48,3.8,11,No,79.21,HIGH
910219,Suhana Sahni,Finance,Accountant,55,88.78,88.81,3.3,94.9,54,4.7,11,No,87.11,HIGH
975730,Arnav Chaudhry,Finance,Auditor,77,70.99,86.79,4.0,94.65,50,4.2,3,No,85.65,HIGH
745704,Saksham Ratti,HR,Employee Relations,82,87.34,88.44,3.1,89.46,51,3.9,11,No,81.26,HIGH
998605,Sumer Sha,IT,Cybersecurity Specialist,80,80.82,87.53,4.1,92.55,50,3.9,18,No,85.35,HIGH
454551,Pranay Toor,Sales,Business Development,90,66.24,96.26,3.3,73.95,55,5.0,26,Yes,81.26,HIGH
248037,Stuvan Kapoor,IT,Cybersecurity Specialist,84,74.98,90.71,3.3,87.07,44,4.3,0,No,82.16,HIGH
826954,Jiya Gara,Marketing,Content Strategist,81,85.61,94.38,3.1,81.02,42,5.0,18,No,84.14,HIGH
819942,Jiya Sami,Sales,Business Development,72,85.28,88.73,4.1,77.72,44,3.2,2,No,78.79,HIGH
494125,Kimaya Bhalla,Marketing,SEO Specialist,95,86.93,76.93,3.5,95.14,41,3.0,26,No,78.62,HIGH
974487,Keya Bumb,IT,Data Analyst,90,87.33,93.05,3.5,99.31,48,3.6,15,No,85.54,HIGH
141601,Rati Batta,Finance,Financial Analyst,85,72.62,81.38,3.2,90.71,51,4.6,29,No,81.95,HIGH
402021,Kiara Tandon,HR,Recruitment Specialist,61,90.62,81.58,3.8,90.23,54,4.2,3,No,84.45,HIGH
895201,Charvi Karan,Marketing,Marketing Executive,51,76.65,78.81,5.0,80.35,42,3.4,25,No,81.13,HIGH
799217,Veer Sani,Finance,Financial Analyst,79,66.91,89.67,3.7,81.48,54,3.8,14,No,79.07,HIGH
355668,Hansh Bali,Finance,Financial Analyst,96,93.89,93.42,3.5,85.3,53,3.0,11,No,79.66,HIGH
736430,Divij Kurian,Sales,Business Development,82,91.87,96.03,3.5,75.14,49,3.2,27,No,77.74,HIGH
917326,Armaan Bhakta,IT,Data Analyst,96,81.12,99.01,4.8,85.89,55,3.4,1,No,86.48,HIGH
384302,Mannat Varkey,Marketing,Marketing Executive,63,73.95,86.07,4.5,99.81,42,3.7,29,No,87.35,HIGH
733720,Zain Sur,Sales,Business Development,86,94.42,75.78,3.3,95.54,53,5.0,1,Yes,86.46,HIGH
200768,Zaina Dutta,Marketing,Marketing Executive,98,79.43,94.37,4.0,89.24,38,3.2,10,No,82.39,HIGH
621993,Ayesha Zacharia,IT,Cybersecurity Specialist,54,79.45,77.14,4.8,87.3,46,4.0,17,No,84.76,HIGH
755521,Umang Basu,HR,Employee Relations,80,86.33,82.34,3.5,89.36,49,4.7,15,No,84.71,HIGH
745851,Navya Swamy,IT,Software Engineer,72,73.06,90.16,4.9,77.22,51,4.5,23,No,86.1,HIGH
937038,Miraan Karan,Sales,Business Development,96,80.11,81.5,3.1,82.42,36,4.4,26,Yes,79.04,HIGH
588709,Vedika Karnik,Sales,Sales Executive,53,75.36,76.53,3.4,96.21,50,4.5,4,No,83.3,HIGH
942288,Ira Gokhale,Sales,Business Development,73,93.87,86.64,3.4,70.84,36,3.6,18,No,75.97,HIGH
965059,Nayantara Chakrabarti,HR,Recruitment Specialist,96,88.12,90.16,3.6,81.36,40,3.4,29,No,79.25,HIGH
544630,Hansh Manda,IT,Data Analyst,74,68.5,76.43,3.6,82.21,44,5.0,10,No,81.2,HIGH
277711,Seher Uppal,Finance,Accountant,94,94.19,78.77,5.0,75.44,55,4.1,5,Yes,84.2,HIGH
288469,Madhav Randhawa,IT,Data Analyst,89,76.11,96.2,4.7,70.51,52,4.3,9,Yes,84.0,HIGH
162230,Umang Kapur,Sales,Business Development,89,67.18,82.28,4.4,99.62,45,4.0,18,No,86.66,HIGH
119844,Pranay Swaminathan,Finance,Auditor,97,64.41,81.82,3.2,89.68,35,4.1,6,Yes,78.91,HIGH
168043,Vedika Chaudhari,IT,Cybersecurity Specialist,86,70.24,97.27,4.2,72.96,36,4.7,10,Yes,83.97,HIGH
381819,Manikya Ravel,Sales,Sales Executive,77,83.58,97.72,3.2,92.64,40,3.3,26,No,81.69,HIGH
832827,Kiaan Majumdar,Finance,Accountant,92,66.85,95.78,4.4,94.94,49,4.0,0,No,87.92,HIGH
641315,Anya Dugar,Marketing,Marketing Executive,76,88.04,77.68,3.5,94.58,48,4.2,23,No,83.51,HIGH
221239,Badal Bal,Sales,Account Manager,69,70.35,75.84,3.6,86.64,40,3.5,5,No,76.6,HIGH
402377,Kimaya Kara,Sales,Business Development,51,72.99,78.19,4.3,87.46,39,3.0,6,No,78.38,HIGH
799916,Zaina Mangat,HR,Employee Relations,85,92.0,98.81,4.3,97.01,43,4.0,20,No,91.26,HIGH
809020,Samar Shankar,Sales,Sales Executive,75,83.43,99.94,3.5,75.94,38,3.5,28,No,79.11,HIGH
997808,Gokul Sahota,Marketing,Content Strategist,72,92.76,95.33,4.2,86.88,55,5.0,24,No,91.21,HIGH
366596,Sumer Bhatt,Finance,Financial Analyst,65,89.75,98.77,4.9,82.95,55,4.7,12,No,92.01,HIGH
281969,Divit Sodhi,IT,Software Engineer,59,84.48,95.34,4.3,73.02,47,3.9,24,No,82.22,HIGH
197024,Mannat Swamy,HR,Recruitment Specialist,97,90.95,96.87,3.2,84.85,53,4.3,13,Yes,83.92,HIGH
285447,Mamooty Kannan,Sales,Account Manager,96,88.12,97.29,4.9,98.77,35,4.7,29,Yes,96.3,HIGH
398601,Priyansh Bir,Finance,Auditor,87,70.49,75.59,3.3,73.42,53,4.0,14,No,73.39,MEDIUM
650966,Kashvi Barad,HR,Employee Relations,64,81.13,79.07,4.6,96.63,41,3.6,25,No,85.72,HIGH
415568,Manjari Devi,Marketing,Marketing Executive,59,80.17,76.09,4.3,99.94,37,3.5,0,No,84.42,HIGH
193509,Bhamini Saran,Marketing,Content Strategist,77,89.32,96.53,3.5,87.41,37,4.6,2,No,86.86,HIGH
289849,Ojas Shah,HR,HR Manager,93,90.12,96.29,4.8,70.51,48,4.9,28,Yes,88.22,HIGH
795903,Aaina Vyas,HR,Recruitment Specialist,61,91.1,96.19,4.0,78.2,44,4.3,3,No,85.01,HIGH
406677,Anaya Ram,HR,HR Manager,99,72.1,97.29,3.4,98.61,53,4.9,28,Yes,89.45,HIGH
709372,Aradhya Ghosh,IT,Data Analyst,64,79.25,87.33,3.0,79.82,54,4.3,0,No,78.54,HIGH
257403,Heer Ram,HR,Recruitment Specialist,57,66.79,90.47,3.3,90.56,46,4.3,0,No,82.34,HIGH
951348,Reyansh Sankaran,Marketing,Content Strategist,71,86.19,86.7,4.1,96.78,47,4.3,30,No,88.59,HIGH
557824,Anay Kothari,Finance,Accountant,79,81.67,83.12,4.7,95.37,45,4.4,6,No,89.8,HIGH
283137,Anay Gara,Sales,Business Development,76,88.54,92.4,4.3,83.46,37,3.0,6,No,81.57,HIGH
541829,Trisha Batra,Marketing,Content Strategist,76,63.76,96.59,3.1,81.24,51,3.1,1,No,74.87,MEDIUM
338202,Rasha Deshpande,HR,Recruitment Specialist,62,77.84,93.31,4.4,74.95,47,4.5,16,No,84.53,HIGH
930806,Rohan Jaggi,Finance,Financial Analyst,74,84.21,88.22,3.8,73.89,52,4.9,29,No,83.03,HIGH
132187,Armaan Gara,Sales,Business Development,84,83.61,84.64,3.2,95.22,41,4.3,4,No,83.86,HIGH
227704,Gokul Kamdar,HR,HR Manager,78,64.0,75.75,4.1,75.71,49,3.0,6,No,72.66,MEDIUM
804659,Miraya Bhat,HR,HR Manager,82,83.17,89.62,3.5,79.13,40,3.8,0,No,79.18,HIGH
274246,Anaya Rana,HR,Recruitment Specialist,82,94.36,76.02,3.9,76.0,47,3.3,1,No,76.24,HIGH
383483,Ishaan Goel,Finance,Auditor,96,84.77,86.72,3.7,70.3,41,4.1,28,Yes,78.11,HIGH
949218,Mannat Choudhury,IT,Software Engineer,55,87.69,78.35,4.2,84.61,45,3.5,26,No,80.62,HIGH
862029,Heer Tara,HR,Employee Relations,68,90.72,90.17,4.4,97.05,39,3.5,25,No,87.82,HIGH
291107,Pihu Sheth,IT,Cybersecurity Specialist,85,79.87,94.92,4.9,74.9,45,4.1,9,No,85.44,HIGH
543111,Inaaya  Sane,IT,Software Engineer,100,74.52,97.04,4.4,82.64,46,4.5,11,Yes,87.25,HIGH
755709,Aarna Kakar,Sales,Business Development,70,65.11,86.18,4.1,90.61,45,4.1,10,No,83.73,HIGH
663449,Miraan Ramaswamy,Marketing,SEO Specialist,95,73.83,86.48,3.0,93.52,44,4.4,28,Yes,82.34,HIGH
290729,Sana Cherian,Marketing,Content Strategist,72,83.52,88.48,3.8,98.34,36,3.9,24,No,86.35,HIGH
961300,Sumer Swaminathan,Sales,Business Development,76,60.12,95.76,4.8,88.72,43,4.8,8,No,90.18,HIGH
232977,Zain Kalla,Sales,Sales Executive,80,76.23,86.22,4.3,98.27,47,4.4,10,No,89.15,HIGH
916530,Kartik Saraf,Sales,Account Manager,66,83.37,86.69,4.0,95.46,52,3.3,11,No,83.51,HIGH
260061,Indrans Dara,Sales,Sales Executive,98,74.36,90.87,4.0,77.73,48,3.3,18,No,78.13,HIGH
177090,Zoya Wali,Finance,Auditor,99,77.28,91.44,4.6,74.89,43,3.0,10,No,78.88,HIGH
622711,Kismat Yohannan,IT,Data Analyst,88,91.3,75.36,3.9,74.87,54,4.9,12,Yes,81.86,HIGH
784817,Indranil Brahmbhatt,Sales,Sales Executive,83,89.41,98.91,4.8,77.04,47,4.7,18,No,89.84,HIGH
501214,Sumer Swamy,HR,Recruitment Specialist,57,78.22,95.6,3.7,71.12,41,3.9,8,No,78.68,HIGH
426228,Lavanya Thakkar,Finance,Auditor,100,62.65,76.84,3.1,86.22,41,4.5,22,Yes,77.9,HIGH
194039,Indranil Rau,HR,HR Manager,79,64.23,76.08,4.0,97.84,53,3.4,30,No,80.59,HIGH
126871,Uthkarsh Joshi,Sales,Account Manager,58,87.83,87.97,4.9,95.34,38,4.3,22,No,91.78,HIGH
505071,Badal Raja,HR,Recruitment Specialist,80,75.55,76.44,4.9,76.7,36,3.7,21,No,80.25,HIGH
674045,Ayesha Divan,Finance,Auditor,72,89.78,91.59,4.5,79.4,36,4.6,28,No,87.52,HIGH
918665,Adah Dara,Sales,Business Development,87,71.76,84.21,3.1,88.25,35,3.5,19,No,76.89,HIGH
393484,Lakshit Kannan,IT,Software Engineer,90,69.04,89.72,4.2,87.04,42,4.0,6,No,83.76,HIGH
448359,Advik Tara,IT,Cybersecurity Specialist,85,86.81,78.35,3.5,82.22,40,3.8,16,No,78.22,HIGH
897753,Aradhya Dhingra,IT,Software Engineer,82,76.73,93.71,3.2,78.61,44,3.4,2,No,76.4,HIGH
265525,Misha Dixit,Marketing,Marketing Executive,81,87.97,89.2,4.9,93.53,43,4.9,16,No,93.9,HIGH
568662,Nakul Maharaj,Sales,Business Development,79,94.29,84.05,3.4,87.2,47,4.6,11,No,84.4,HIGH
213349,Sana Goda,Sales,Sales Executive,54,79.33,88.08,3.7,99.08,44,4.2,10,No,86.87,HIGH
886394,Aniruddh Sathe,Marketing,Content Strategist,53,84.57,82.76,3.0,97.42,36,4.1,20,No,82.64,HIGH
323829,Nishith Dhar,Marketing,SEO Specialist,55,83.29,97.13,3.6,86.25,38,4.2,15,No,84.83,HIGH
225689,Veer Kurian,HR,Employee Relations,77,88.91,93.05,3.3,94.78,41,4.6,29,No,87.54,HIGH
483986,Yakshit Agrawal,Finance,Auditor,61,84.35,89.95,3.3,71.31,53,4.1,0,No,77.42,HIGH
186868,Samar Chatterjee,Marketing,Marketing Executive,80,64.93,96.54,3.3,86.84,47,3.6,21,No,79.45,HIGH
981385,Saanvi Salvi,HR,Recruitment Specialist,73,69.48,78.91,4.2,87.13,51,3.6,27,No,80.07,HIGH
772849,Khushi Kala,Marketing,Marketing Executive,73,64.77,81.71,4.1,79.82,40,5.0,13,No,83.16,HIGH
522029,Ivana Rout,IT,Data Analyst,60,68.54,95.63,4.9,95.98,55,4.5,26,No,92.37,HIGH
861582,Kiaan Rana,Sales,Sales Executive,58,70.82,93.52,3.6,74.5,54,4.3,5,No,79.74,HIGH
648545,Divij Sahni,Sales,Sales Executive,84,82.72,76.55,4.1,75.77,41,4.6,11,No,81.11,HIGH
116007,Dharmajan Karpe,Marketing,SEO Specialist,50,89.21,88.87,4.1,99.63,39,4.1,25,No,89.38,HIGH
387250,Vedika Bahl,HR,Recruitment Specialist,61,75.58,84.37,4.2,88.93,55,4.1,7,No,84.31,HIGH
526973,Nirvi Golla,IT,Cybersecurity Specialist,75,81.58,87.21,3.8,94.68,53,4.7,10,No,88.0,HIGH
281482,Bhamini Bose,HR,Recruitment Specialist,61,60.06,89.49,4.6,83.51,47,4.7,20,No,86.16,HIGH
431983,Mahika Reddy,Marketing,SEO Specialist,82,81.69,76.35,3.8,92.1,37,4.7,25,No,85.07,HIGH
674804,Hrishita Kapadia,Finance,Accountant,51,62.86,93.55,3.5,94.9,54,3.3,3,No,80.67,HIGH
216033,Zain Kata,IT,Software Engineer,69,77.21,93.77,4.9,90.3,46,4.8,10,No,92.36,HIGH
421596,Dhruv Kashyap,IT,Cybersecurity Specialist,74,69.61,94.39,3.2,99.53,47,4.7,25,No,87.3,HIGH
514857,Krish Chaudhry,HR,Employee Relations,90,60.81,95.26,3.0,80.46,53,3.4,4,No,74.87,MEDIUM
776178,Jivin Wagle,IT,Software Engineer,55,78.79,79.19,3.8,89.39,45,3.7,28,No,80.53,HIGH
718595,Veer Sabharwal,HR,HR Manager,56,83.63,81.27,4.6,86.4,50,3.1,0,No,81.34,HIGH
502395,Navya Issac,HR,Employee Relations,67,70.79,79.98,3.2,95.85,48,4.5,30,No,82.63,HIGH
678611,Zain Tak,IT,Data Analyst,66,91.39,91.09,3.7,77.82,46,4.2,29,No,82.3,HIGH
835755,Hazel Dara,HR,HR Manager,97,79.49,81.48,4.1,99.52,46,4.0,6,No,86.5,HIGH
776133,Mannat Krishna,Marketing,SEO Specialist,65,72.96,99.55,3.4,71.72,53,3.3,29,No,75.52,HIGH
440783,Pihu Mand,Sales,Sales Executive,74,88.34,75.18,3.6,79.61,42,4.8,25,No,81.35,HIGH
963366,Jayesh Aggarwal,IT,Data Analyst,98,68.26,96.69,4.2,84.69,45,4.7,16,Yes,87.17,HIGH
138715,Miraan Walia,Sales,Sales Executive,73,74.59,80.39,3.5,84.75,36,4.7,25,No,81.76,HIGH
754534,Sana Ghose,IT,Software Engineer,51,61.08,88.38,3.9,92.43,55,4.2,25,No,83.91,HIGH
177440,Shanaya Kuruvilla,HR,Employee Relations,53,86.37,97.66,3.9,98.45,49,3.1,10,No,85.7,HIGH
619070,Trisha Walia,Sales,Account Manager,68,90.48,92.51,3.0,70.65,45,3.5,26,No,74.74,MEDIUM
764685,Miraya Ben,Marketing,SEO Specialist,77,72.83,91.02,4.9,80.57,38,4.2,30,No,86.06,HIGH
276271,Jivin Lala,Finance,Accountant,84,93.82,81.83,3.5,85.43,52,3.8,7,No,80.58,HIGH
799372,Hridaan Choudhury,Marketing,SEO Specialist,87,80.59,90.05,4.8,85.48,55,3.5,24,No,84.91,HIGH
582436,Pihu Maharaj,IT,Software Engineer,96,64.99,95.59,3.8,70.75,53,3.5,21,No,76.04,HIGH
869034,Zeeshan Chopra,Finance,Accountant,56,61.76,85.88,4.0,72.72,44,4.0,7,No,77.17,HIGH
243721,Inaaya  Chaudhari,Marketing,SEO Specialist,97,87.67,94.07,4.1,74.2,39,4.0,0,No,82.24,HIGH
919860,Trisha Krishna,Finance,Accountant,78,61.28,84.62,4.9,81.03,38,3.0,16,No,78.96,HIGH
905961,Hrishita Sarraf,Sales,Account Manager,66,78.55,81.06,3.4,79.82,54,4.8,14,No,80.81,HIGH
452755,Lakshit Karan,Sales,Business Development,92,76.58,91.15,5.0,85.45,54,4.7,18,Yes,90.32,HIGH
894052,Zeeshan Majumdar,Sales,Account Manager,87,91.89,88.28,3.6,94.22,45,4.8,22,Yes,88.71,HIGH
403969,Dhanush Venkataraman,HR,HR Manager,92,60.73,80.12,4.6,79.88,51,5.0,17,Yes,84.46,HIGH
567358,Saira Vala,Sales,Business Development,90,85.64,92.05,4.8,75.91,49,4.2,22,Yes,85.75,HIGH
816400,Vidur Gandhi,Finance,Auditor,92,88.25,93.07,3.9,86.51,50,3.9,28,No,84.59,HIGH
969538,Aniruddh Koshy,IT,Software Engineer,84,92.59,86.11,4.5,75.69,36,4.7,21,No,85.99,HIGH
547443,Miraya Warrior,HR,Employee Relations,66,93.95,96.7,3.1,71.5,41,3.6,1,No,76.98,HIGH
474974,Ira Das,Sales,Business Development,86,63.96,79.03,4.1,91.1,37,3.2,9,No,78.73,HIGH
922428,Prisha Gade,Marketing,SEO Specialist,56,72.57,85.73,4.7,93.77,54,4.5,0,No,89.33,HIGH
427532,Biju Yogi,Marketing,SEO Specialist,55,92.3,86.8,3.7,95.28,51,4.5,6,No,87.97,HIGH
577953,Emir Dhillon,Sales,Account Manager,66,72.09,81.55,4.5,89.46,46,3.2,9,No,81.16,HIGH
155063,Jivika Gera,Finance,Auditor,87,85.44,90.17,4.3,89.51,53,4.6,25,Yes,89.03,HIGH
468678,Ishaan Sankaran,IT,Software Engineer,87,81.17,93.89,4.7,91.95,49,3.4,30,No,86.88,HIGH
497122,Charvi Sachdev,Marketing,Marketing Executive,87,83.01,83.4,4.3,71.45,53,3.9,23,No,79.22,HIGH
357902,Dishani Seshadri,Finance,Auditor,96,67.84,78.24,3.6,74.79,50,4.6,3,Yes,77.67,HIGH
977477,Madhav Suri,Marketing,Marketing Executive,60,82.33,82.16,3.2,70.2,40,4.8,6,No,77.73,HIGH
689546,Emir Brahmbhatt,HR,Recruitment Specialist,98,77.22,90.26,4.5,95.85,45,3.5,26,No,86.53,HIGH
167558,Navya Saini,IT,Cybersecurity Specialist,86,87.57,83.31,4.3,90.34,46,4.9,8,Yes,89.32,HIGH
117098,Diya Dara,Finance,Financial Analyst,50,68.33,87.34,3.7,98.85,38,3.5,22,No,82.76,HIGH
852250,Farhan Sane,Finance,Auditor,90,79.57,83.81,3.7,70.01,45,3.7,21,No,75.32,HIGH
821875,Manjari Kakar,HR,Recruitment Specialist,57,76.24,90.96,4.5,78.25,41,4.8,26,No,86.49,HIGH
609080,Mannat Mane,Marketing,SEO Specialist,54,68.82,88.11,3.9,86.39,47,4.3,10,No,83.22,HIGH
540899,Jhanvi Korpal,Finance,Financial Analyst,50,77.24,75.06,3.1,97.4,48,4.9,22,No,83.96,HIGH
818984,Tejas Buch,Finance,Financial Analyst,60,67.59,91.5,3.4,79.9,36,3.4,6,No,76.23,HIGH
125355,Shaan Bhat,Finance,Financial Analyst,58,76.85,92.07,5.0,96.65,42,3.9,25,No,90.69,HIGH
286027,Bhamini Bhat,Sales,Business Development,63,89.87,86.69,4.2,84.48,36,3.3,29,No,81.67,HIGH
165030,Nehmat Wali,HR,HR Manager,64,75.58,79.48,3.5,83.74,43,3.2,20,No,75.38,HIGH
751118,Anvi Loke,Finance,Accountant,96,73.97,99.89,4.3,80.52,36,3.2,6,No,81.53,HIGH
273890,Umang Swaminathan,Finance,Financial Analyst,52,71.44,99.41,4.2,89.38,46,3.7,28,No,85.44,HIGH
600472,Azad Kota,IT,Software Engineer,86,81.3,99.04,4.7,99.5,42,3.6,21,No,90.99,HIGH
153562,Hazel Vora,HR,Employee Relations,72,76.05,76.74,3.2,92.17,51,3.5,5,No,77.4,HIGH
439150,Nirvaan Sandal,Finance,Accountant,96,89.91,79.33,3.5,80.47,52,3.7,16,No,77.8,HIGH
849801,Aarush Bora,Finance,Auditor,85,71.91,88.4,4.0,97.47,39,4.8,5,No,89.31,HIGH
154750,Mohanlal Korpal,HR,HR Manager,52,61.37,87.92,3.2,74.71,54,3.2,9,No,71.73,MEDIUM
841302,Kabir Wali,HR,HR Manager,95,82.26,90.12,3.3,78.62,44,3.7,0,No,77.84,HIGH
647216,Rania Dua,Finance,Auditor,80,62.9,88.26,4.6,90.48,54,3.0,17,No,81.49,HIGH
944276,Kiaan Shukla,Marketing,SEO Specialist,56,78.29,95.01,3.8,79.25,37,3.7,20,No,80.61,HIGH
322502,Anaya Loke,Marketing,Marketing Executive,63,67.74,87.51,4.0,81.04,37,4.3,1,No,81.79,HIGH
514165,Ayesha Dugar,IT,Data Analyst,98,67.05,98.42,4.0,72.04,35,4.7,24,Yes,82.8,HIGH
438675,Hansh Dey,Marketing,Marketing Executive,58,92.82,79.02,4.9,90.56,41,4.3,4,No,89.05,HIGH
521435,Chirag Chada,Finance,Auditor,93,92.91,99.08,3.1,87.98,40,4.9,7,Yes,87.5,HIGH
339655,Romil Shere,Marketing,Content Strategist,61,82.24,98.66,3.8,74.95,41,3.7,0,No,80.44,HIGH
160742,Mahika Salvi,Marketing,SEO Specialist,67,64.02,82.52,3.7,71.55,54,3.3,22,No,72.37,MEDIUM
717216,Vritika Dewan,Marketing,Marketing Executive,69,71.97,80.02,4.5,86.84,39,4.2,0,No,84.05,HIGH
746741,Ayesha Sahota,Finance,Auditor,64,93.55,95.87,4.5,94.97,52,4.0,30,No,91.02,HIGH
210952,Ivana Sarin,HR,Employee Relations,80,89.73,79.47,3.7,79.36,45,3.5,19,No,77.47,HIGH
862635,Vaibhav Dhar,Marketing,Content Strategist,76,84.16,85.99,4.7,79.62,50,3.1,26,No,80.7,HIGH
279951,Diya Kalla,Finance,Financial Analyst,82,61.02,92.88,3.0,90.69,48,3.3,4,No,77.09,HIGH
479739,Hridaan Sengupta,Finance,Auditor,51,82.1,78.31,3.5,73.02,44,4.0,0,No,75.78,HIGH
269730,Divij Vala,Finance,Auditor,74,86.82,89.14,4.1,75.8,35,3.3,7,No,78.85,HIGH
560747,Samiha Walia,Marketing,Marketing Executive,96,67.39,77.55,3.2,81.84,42,3.5,22,No,73.6,MEDIUM
748950,Dhanush Swaminathan,Marketing,SEO Specialist,51,88.77,97.26,4.7,75.69,47,4.2,0,No,86.64,HIGH
943105,Yashvi Dash,Finance,Financial Analyst,97,78.65,77.16,4.6,91.75,47,3.7,20,No,84.02,HIGH
757399,Gatik Grewal,Marketing,SEO Specialist,94,76.27,99.98,3.0,91.6,55,3.1,25,No,79.5,HIGH
124294,Aradhya Rana,Sales,Sales Executive,72,77.82,83.18,4.9,88.63,48,3.8,15,No,85.81,HIGH
701076,Jivin Srivastava,Finance,Accountant,93,73.31,88.8,4.1,75.07,44,4.7,11,Yes,82.81,HIGH
336895,Adah Sagar,Sales,Account Manager,95,74.91,77.49,3.0,88.68,40,4.0,23,No,77.59,HIGH
395946,Aniruddh Handa,Sales,Account Manager,71,86.86,78.96,3.1,91.59,46,3.2,28,No,77.16,HIGH
712427,Anay Sarraf,Marketing,SEO Specialist,67,65.08,77.97,4.9,86.29,54,4.9,6,No,87.19,HIGH
812203,Samarth Sethi,Finance,Auditor,90,71.3,86.11,3.9,89.8,43,4.5,28,Yes,84.89,HIGH
177492,Eshani Tailor,Marketing,SEO Specialist,85,82.02,96.69,3.5,98.19,37,3.7,27,No,85.8,HIGH
797065,Anvi Sodhi,Sales,Account Manager,64,93.7,94.73,4.6,93.99,35,3.1,9,No,87.31,HIGH
140409,Pihu Doshi,Marketing,Content Strategist,94,79.97,82.14,4.4,74.07,55,4.0,18,No,80.25,HIGH
618960,Manikya Singh,IT,Cybersecurity Specialist,79,89.49,87.14,3.1,70.46,50,4.1,15,No,76.32,HIGH
499006,Kismat Ranganathan,HR,HR Manager,54,69.88,95.7,3.6,73.15,49,3.3,10,No,75.67,HIGH
100813,Anaya Chandran,Sales,Business Development,51,62.01,84.19,3.4,86.99,50,4.0,27,No,78.74,HIGH
160363,Kavya Bobal,IT,Data Analyst,53,69.37,91.81,3.3,95.43,54,4.6,28,No,85.53,HIGH
802656,Jayesh Baria,Finance,Accountant,78,94.3,76.23,4.6,71.44,52,4.3,21,No,81.71,HIGH
709601,Zain Iyengar,IT,Data Analyst,81,82.01,76.82,4.7,80.06,41,3.4,1,No,79.98,HIGH
715230,Yasmin Ravel,Marketing,Content Strategist,60,79.08,78.85,4.3,99.92,39,3.7,15,No,85.65,HIGH
390768,Oorja Dhawan,Sales,Business Development,73,88.63,79.41,4.8,77.89,46,4.0,21,No,83.31,HIGH
867527,Biju Bhatia,IT,Cybersecurity Specialist,92,85.7,96.84,3.7,73.87,38,4.4,1,Yes,82.5,HIGH
721790,Navya Bala,IT,Software Engineer,51,72.19,91.44,4.7,78.83,52,4.5,26,No,85.96,HIGH
585590,Jayant Sharma,Marketing,Marketing Executive,64,72.75,80.86,4.1,86.19,45,4.5,29,No,83.7,HIGH
469894,Damini Sachar,Finance,Accountant,79,78.07,98.5,4.1,77.31,35,4.8,26,No,86.3,HIGH
852593,Divij Mander,Finance,Financial Analyst,62,80.71,75.82,3.5,79.57,52,4.5,17,No,79.11,HIGH
552747,Prerak Sanghvi,Marketing,Marketing Executive,51,67.62,79.5,4.6,80.49,52,4.4,8,No,82.81,HIGH
530770,Pranay Bhagat,Marketing,SEO Specialist,82,65.43,78.42,4.7,74.08,41,4.2,7,No,80.05,HIGH
941080,Kismat Andra,HR,Employee Relations,78,78.17,89.29,4.8,77.69,44,5.0,3,No,88.18,HIGH
661440,Aaina Chaudhuri,Marketing,SEO Specialist,86,69.83,83.45,3.7,98.99,53,4.2,0,Yes,84.97,HIGH
454617,Inaaya  Chacko,HR,Recruitment Specialist,96,81.06,99.82,4.3,86.72,44,3.8,27,No,86.49,HIGH
317022,Akarsh Behl,IT,Software Engineer,55,82.9,97.21,3.4,81.04,45,3.7,17,No,80.44,HIGH
649592,Miraya Chowdhury,Marketing,Content Strategist,69,62.29,77.39,3.8,90.07,46,4.6,0,No,82.33,HIGH
303977,Devansh Lad,HR,Employee Relations,86,72.32,92.3,4.2,72.39,48,3.1,21,No,76.61,HIGH
302929,Anahi Tella,Marketing,SEO Specialist,90,61.06,86.98,3.9,90.57,44,3.0,28,No,78.27,HIGH
460339,Nakul Mammen,HR,HR Manager,67,74.31,93.12,3.8,81.02,35,3.6,27,No,79.96,HIGH
224744,Abram Saha,HR,Recruitment Specialist,76,69.42,88.47,3.9,92.92,43,3.6,13,No,82.51,HIGH
795511,Hunar Biswas,IT,Software Engineer,66,78.77,82.91,3.8,72.06,40,4.5,13,No,79.28,HIGH
658952,Mehul Chauhan,IT,Data Analyst,93,92.27,87.76,4.4,78.24,54,3.4,1,No,81.45,HIGH
569484,Riya Tank,Marketing,Content Strategist,97,82.33,92.57,3.4,73.45,47,4.3,5,Yes,79.58,HIGH
978668,Charvi Loyal,Sales,Sales Executive,98,83.71,96.53,3.3,96.56,46,4.7,20,Yes,88.64,HIGH
200386,Anay Dubey,Sales,Business Development,73,93.28,85.58,3.2,92.26,43,3.0,7,No,78.92,HIGH
178944,Hrishita Andra,Marketing,SEO Specialist,66,69.94,90.92,4.3,77.31,47,4.5,1,No,83.57,HIGH
672800,Hridaan Chauhan,Marketing,SEO Specialist,79,60.81,88.33,4.6,93.69,45,4.2,27,No,87.05,HIGH
157465,Purab Gour,Marketing,SEO Specialist,98,87.07,95.58,3.9,99.35,46,4.0,26,No,89.23,HIGH
423086,Darshit Balasubramanian,IT,Cybersecurity Specialist,79,66.99,96.38,3.8,99.59,36,3.3,21,No,84.25,HIGH
442346,Riya Mangat,Marketing,SEO Specialist,81,76.3,75.69,4.4,94.79,47,3.9,5,No,84.4,HIGH
759144,Nitya Trivedi,Sales,Sales Executive,54,91.6,91.68,4.3,98.15,37,4.2,22,No,90.94,HIGH
969161,Alia Deep,Marketing,Marketing Executive,96,80.65,88.87,4.2,90.38,49,3.3,21,No,82.95,HIGH
296088,Hansh Kala,Finance,Accountant,63,70.02,99.44,3.4,80.87,45,3.6,30,No,79.15,HIGH
606382,Hansh Batra,Marketing,SEO Specialist,84,60.75,89.71,3.3,85.71,51,4.9,11,No,82.53,HIGH
806061,Hunar Chacko,HR,Recruitment Specialist,74,70.51,91.12,4.0,93.02,45,3.5,21,No,83.18,HIGH
685801,Aayush Kalla,Marketing,Marketing Executive,54,80.1,79.24,4.0,89.8,43,3.6,19,No,81.2,HIGH
541902,Divit Kale,Sales,Sales Executive,54,63.1,91.75,3.5,75.89,38,3.9,6,No,77.03,HIGH
799346,Oorja Tank,IT,Software Engineer,97,81.39,89.95,3.0,73.99,35,4.1,1,Yes,76.73,HIGH
603896,Zoya Bhardwaj,Marketing,Content Strategist,80,66.56,89.73,4.3,80.04,46,4.9,5,No,85.41,HIGH
550755,Jayesh Ratta,Finance,Financial Analyst,80,93.9,98.27,4.4,73.91,43,4.6,15,No,87.22,HIGH
402075,Mehul Kalita,Finance,Accountant,77,69.87,92.21,3.2,95.64,39,3.5,27,No,80.92,HIGH
622752,Myra Ravi,Finance,Financial Analyst,51,79.45,81.62,4.2,99.55,41,4.9,14,No,90.53,HIGH
549689,Nehmat Ahluwalia,Sales,Sales Executive,53,67.22,84.88,3.6,84.9,55,3.6,18,No,77.97,HIGH
883703,Devansh Toor,Finance,Accountant,69,84.8,77.44,3.6,77.97,54,3.1,23,No,74.16,MEDIUM
123009,Vaibhav Sandhu,Finance,Financial Analyst,51,66.88,93.47,3.8,85.92,41,3.7,17,No,81.16,HIGH
884470,Anvi Sengupta,HR,Recruitment Specialist,70,79.6,89.63,4.3,86.4,38,3.1,10,No,81.41,HIGH
631310,Aarav Dey,IT,Data Analyst,51,69.3,94.85,3.2,70.21,54,4.8,22,No,78.96,HIGH
506473,Renee Suresh,IT,Data Analyst,73,65.32,75.52,4.5,87.4,47,3.4,15,No,79.46,HIGH
306244,Kiara Kulkarni,HR,Recruitment Specialist,67,79.42,80.85,4.3,94.73,35,5.0,13,No,89.73,HIGH
800784,Akarsh Dhar,Marketing,SEO Specialist,69,70.71,78.5,3.8,70.02,38,3.5,4,No,72.98,MEDIUM
568017,Bhamini Sawhney,Sales,Sales Executive,70,85.98,95.2,4.9,86.69,40,3.4,17,No,86.85,HIGH
851406,Mohanlal Kala,Sales,Account Manager,99,71.83,92.78,4.5,90.16,53,4.5,20,Yes,88.79,HIGH
822392,Vaibhav Edwin,Sales,Business Development,90,89.55,95.06,4.6,80.64,51,3.3,21,No,83.76,HIGH
842474,Kaira Grewal,Sales,Sales Executive,62,65.74,83.0,3.4,91.38,53,4.8,8,No,83.39,HIGH
848266,Mannat Sachdeva,Sales,Account Manager,83,60.52,76.88,4.4,79.85,47,4.2,12,No,79.78,HIGH
640948,Shaan Ramaswamy,HR,HR Manager,52,74.1,75.83,4.8,95.45,46,4.6,6,No,88.81,HIGH
161100,Aniruddh Shere,HR,HR Manager,88,78.55,95.57,4.9,83.89,42,4.8,16,Yes,90.94,HIGH
602424,Ayesha Tiwari,HR,Recruitment Specialist,74,69.12,76.55,3.9,76.66,39,3.1,24,No,73.22,MEDIUM
602716,Divit Butala,IT,Software Engineer,77,64.87,77.81,4.0,81.25,53,4.8,18,No,81.62,HIGH
281299,Kiara Jayaraman,IT,Software Engineer,86,94.12,77.43,3.4,96.29,35,4.3,9,Yes,84.58,HIGH
605239,Miraya Suri,Finance,Financial Analyst,77,87.73,88.98,4.6,98.57,39,4.9,20,No,94.14,HIGH
731879,Prisha Sodhi,IT,Data Analyst,68,74.62,88.88,3.1,86.69,36,4.5,14,No,81.64,HIGH
922524,Eva Dara,Finance,Auditor,68,68.17,93.93,3.5,85.98,45,5.0,17,No,85.4,HIGH
219479,Shamik Sahota,IT,Software Engineer,60,65.93,91.77,3.5,86.18,47,4.9,25,No,84.4,HIGH
918065,Mohanlal Kothari,Sales,Business Development,64,86.58,75.43,4.9,86.77,40,4.9,22,No,88.98,HIGH
459649,Akarsh Iyengar,Marketing,Content Strategist,73,64.9,78.76,4.8,90.93,46,4.3,11,No,85.92,HIGH
664885,Ela Dhingra,IT,Data Analyst,61,74.67,78.7,4.5,79.79,55,4.1,8,No,81.54,HIGH
916926,Manikya Sridhar,IT,Cybersecurity Specialist,82,86.57,93.61,4.0,75.03,53,3.7,12,No,80.69,HIGH
866448,Nirvi Deo,Finance,Auditor,63,83.86,91.99,3.7,78.75,36,4.6,2,No,83.61,HIGH
424772,Eva Chawla,Sales,Sales Executive,86,83.01,90.98,3.4,82.42,50,3.5,7,No,78.82,HIGH
894375,Sana Mani,Finance,Accountant,88,66.53,82.05,4.6,85.36,51,3.9,4,No,82.67,HIGH
456634,Eva Bhardwaj,HR,Employee Relations,96,93.72,87.94,4.5,77.34,46,4.0,0,No,84.16,HIGH
943660,Renee Barad,HR,HR Manager,95,93.38,78.9,4.6,86.72,44,4.4,11,Yes,87.13,HIGH
490010,Abram Khatri,Sales,Sales Executive,51,64.97,97.83,4.1,84.72,35,3.2,15,No,80.68,HIGH
430758,Saksham Krishna,Sales,Sales Executive,50,66.32,75.45,4.8,89.33,47,4.8,4,No,86.92,HIGH
578963,Miraya Ramachandran,IT,Software Engineer,87,64.39,95.03,4.9,96.57,37,3.4,29,No,87.62,HIGH
160029,Sana Kale,IT,Software Engineer,98,77.2,83.48,3.7,70.7,54,4.7,11,Yes,79.23,HIGH
367930,Devansh Sathe,Finance,Accountant,69,87.85,76.96,4.1,91.91,43,4.6,22,No,86.55,HIGH
478531,Saanvi Subramanian,Marketing,Content Strategist,89,83.39,78.13,3.4,92.95,51,4.5,5,Yes,83.45,HIGH
972172,Zaina Kulkarni,Marketing,SEO Specialist,82,76.88,75.01,4.7,85.15,42,4.6,13,No,85.44,HIGH
882206,Ryan Garde,Finance,Auditor,95,84.55,84.9,4.2,72.85,48,4.6,29,Yes,82.49,HIGH
395283,Ranbir Deshmukh,HR,HR Manager,84,89.9,84.25,3.3,87.86,50,3.0,26,No,77.4,HIGH
177232,Uthkarsh Bains,HR,Employee Relations,100,77.17,98.97,4.2,72.77,51,4.5,20,Yes,84.14,HIGH
356177,Shayak Bala,Finance,Accountant,84,88.02,88.97,4.9,88.65,45,4.1,3,No,89.19,HIGH
245086,Hunar Brar,IT,Cybersecurity Specialist,98,80.86,97.34,3.2,97.17,39,4.7,29,Yes,88.3,HIGH
765593,Shanaya Roy,Marketing,Marketing Executive,83,60.61,96.47,3.1,86.59,51,5.0,21,No,83.73,HIGH
196164,Ishita Issac,IT,Data Analyst,73,71.48,96.22,3.2,94.21,37,4.3,15,No,84.66,HIGH
225708,Mahika Hora,IT,Software Engineer,97,67.09,94.03,3.7,88.78,37,5.0,29,Yes,86.95,HIGH
800323,Kavya Mani,HR,HR Manager,75,75.99,81.51,4.6,78.59,50,3.5,2,No,79.88,HIGH
481367,Shayak Bir,Marketing,Content Strategist,63,73.03,76.93,3.8,87.65,49,3.5,1,No,78.18,HIGH
711446,Urvi Raj,HR,Recruitment Specialist,70,65.17,94.91,4.6,83.19,35,4.8,19,No,88.06,HIGH
464263,Shanaya Date,IT,Software Engineer,61,85.1,90.3,4.2,95.95,39,4.5,14,No,90.16,HIGH
144782,Dhanush Shukla,IT,Data Analyst,74,80.49,80.17,3.8,90.54,45,3.1,2,No,78.84,HIGH
441410,Yashvi Bhattacharyya,Finance,Auditor,77,80.95,82.69,4.7,70.03,43,3.7,9,No,79.24,HIGH
745028,Keya Bhakta,HR,HR Manager,59,94.52,95.94,3.6,96.2,50,4.2,24,No,88.7,HIGH
261584,Shalv Grewal,Sales,Sales Executive,86,77.93,82.69,4.0,72.82,41,3.7,5,No,76.98,HIGH
216251,Parinaaz Sankar,Sales,Business Development,71,91.41,94.11,3.2,87.43,48,3.1,28,No,79.39,HIGH
530490,Ehsaan Solanki,Finance,Accountant,83,68.73,83.13,4.1,78.94,52,4.8,21,No,82.78,HIGH
444969,Ira Lanka,HR,HR Manager,50,94.32,80.27,3.5,78.48,35,4.8,8,No,82.23,HIGH
298955,Hunar Contractor,IT,Software Engineer,50,77.21,81.83,4.0,94.83,42,4.9,20,No,88.14,HIGH
214387,Hridaan Shan,Finance,Auditor,61,90.47,85.47,4.7,99.51,40,3.4,2,No,88.39,HIGH
810096,Manikya Mander,Sales,Account Manager,68,69.29,79.16,4.7,79.81,55,4.9,27,No,85.1,HIGH
879248,Myra Virk,Marketing,SEO Specialist,81,79.13,86.44,3.8,78.14,42,4.4,29,No,81.44,HIGH
744362,Jivin Saini,Finance,Financial Analyst,79,87.05,80.09,3.6,86.81,49,3.9,5,No,80.77,HIGH
622902,Ritvik Hari,Finance,Accountant,68,75.03,99.94,4.3,81.64,45,4.9,21,No,88.78,HIGH
735920,Bhavin Sami,IT,Cybersecurity Specialist,98,85.53,84.24,4.0,71.59,50,4.6,12,Yes,81.28,HIGH
893657,Yashvi Atwal,Finance,Accountant,88,65.95,95.46,3.9,84.49,55,4.7,15,Yes,85.43,HIGH
335290,Hiran Walia,IT,Software Engineer,86,72.36,88.35,3.5,96.54,42,4.2,8,Yes,84.67,HIGH
490368,Divit Kara,HR,Recruitment Specialist,56,76.43,93.27,4.9,87.69,46,4.7,12,No,91.0,HIGH
599045,Ishita Sarin,Sales,Business Development,53,89.68,92.74,3.1,89.98,54,4.6,12,No,85.31,HIGH
876675,Purab Issac,IT,Cybersecurity Specialist,98,66.24,92.05,3.3,97.92,54,4.5,26,Yes,85.61,HIGH
668997,Umang Chanda,HR,Recruitment Specialist,75,74.72,77.29,4.0,81.21,46,4.6,28,No,81.69,HIGH
539216,Ojas Sunder,Sales,Sales Executive,91,81.44,75.5,3.6,87.5,45,3.5,3,No,77.89,HIGH
320337,Emir Kurian,Marketing,Marketing Executive,59,67.35,85.92,4.8,85.21,50,4.9,13,No,88.28,HIGH
880371,Sahil Thakur,Sales,Business Development,54,91.43,84.75,4.2,94.18,37,4.4,11,No,88.75,HIGH
710987,Lakshit Kurian,IT,Software Engineer,66,62.72,81.46,3.1,88.27,46,3.1,25,No,73.84,MEDIUM
788363,Neelofar Bansal,Finance,Accountant,77,78.06,90.55,3.5,88.96,40,3.3,26,No,79.8,HIGH
914046,Onkar Sethi,Marketing,Marketing Executive,75,73.85,87.38,3.5,86.05,40,3.0,17,No,76.68,HIGH
638485,Purab Bahl,Finance,Financial Analyst,54,82.94,78.25,5.0,76.22,41,3.8,26,No,82.01,HIGH
556437,Urvi Joshi,Finance,Accountant,88,91.95,99.55,4.2,70.37,54,4.1,23,Yes,83.42,HIGH
400023,Raunak Sahota,Sales,Business Development,92,78.27,88.52,3.3,81.95,44,3.0,21,No,75.32,HIGH
773604,Jiya Sur,IT,Cybersecurity Specialist,75,85.12,99.19,3.6,96.03,36,5.0,22,No,91.56,HIGH
877245,Samiha Tripathi,HR,Employee Relations,73,62.66,95.68,3.9,91.76,52,4.6,15,No,86.93,HIGH
824955,Tanya De,Sales,Account Manager,71,62.79,80.03,3.1,73.31,47,3.9,26,No,72.28,MEDIUM
342453,Tara Bal,Finance,Accountant,77,88.0,89.14,4.0,95.8,55,3.8,0,No,86.57,HIGH
464841,Rohan Arora,HR,Employee Relations,69,65.11,86.98,3.2,94.57,50,3.7,4,No,79.88,HIGH
198280,Navya Krish,HR,Recruitment Specialist,61,66.05,86.92,4.5,81.82,45,4.7,9,No,85.34,HIGH
695670,Tarini Sarraf,IT,Cybersecurity Specialist,91,87.9,98.35,4.4,92.48,46,3.3,18,No,87.0,HIGH
194151,Zaina Sawhney,Sales,Account Manager,75,72.43,78.98,4.2,93.26,50,3.3,30,No,81.02,HIGH
747435,Charvi Dara,Sales,Business Development,82,60.28,96.41,3.1,95.95,44,3.2,23,No,79.3,HIGH
542399,Tushar Saini,Sales,Business Development,88,80.69,99.62,4.9,70.04,55,4.6,21,Yes,87.01,HIGH
643121,Emir Desai,IT,Data Analyst,55,81.44,88.82,4.8,89.5,44,4.3,14,No,89.16,HIGH
209477,Ivana Bhatnagar,Finance,Accountant,100,77.55,80.62,4.2,89.32,51,4.5,3,Yes,85.48,HIGH
734501,Yasmin Bhatt,IT,Data Analyst,66,86.16,96.17,4.2,99.49,54,4.8,3,No,93.7,HIGH
965207,Inaaya  Sethi,IT,Software Engineer,80,82.65,96.94,4.0,95.67,50,3.1,14,No,84.75,HIGH
143797,Renee Jaggi,Marketing,Content Strategist,97,72.67,89.44,3.1,71.11,54,4.2,28,Yes,75.69,HIGH
902051,Gatik Walla,HR,HR Manager,98,64.88,77.72,3.8,78.86,35,3.3,22,No,74.09,MEDIUM
464437,Inaaya  Dave,Finance,Auditor,67,87.9,79.51,4.4,89.54,37,4.0,30,No,85.15,HIGH
230158,Pranay Karpe,Sales,Sales Executive,62,77.78,98.68,4.7,97.63,42,3.1,12,No,88.0,HIGH
532493,Arnav Bhatia,IT,Data Analyst,85,75.86,95.06,4.7,70.98,54,3.6,23,No,81.09,HIGH
678253,Darshit Dayal,IT,Data Analyst,86,75.67,98.06,4.5,95.92,37,3.6,22,No,88.36,HIGH
668258,Rati Malhotra,Marketing,Content Strategist,58,75.76,78.92,4.3,93.07,38,3.2,2,No,81.28,HIGH
931246,Inaaya  Dash,IT,Software Engineer,65,64.8,86.31,3.5,70.88,44,4.6,9,No,77.41,HIGH
380783,Adah Mani,Marketing,Marketing Executive,82,76.34,78.37,3.2,94.41,39,4.0,29,No,80.43,HIGH
582179,Himmat Kohli,Sales,Sales Executive,71,93.09,97.88,4.7,88.75,50,3.9,19,No,89.91,HIGH
679276,Shayak Chaudhuri,HR,HR Manager,80,70.2,82.75,3.3,80.61,36,4.9,14,No,80.55,HIGH
927501,Vritika Srinivasan,Marketing,Marketing Executive,69,75.96,90.4,4.6,85.09,47,3.1,14,No,82.0,HIGH
537647,Anaya Thaman,HR,HR Manager,73,84.37,97.53,3.3,75.74,47,3.7,19,No,78.66,HIGH
972377,Shaan Ganguly,IT,Software Engineer,98,93.49,92.03,4.8,99.11,55,4.5,26,Yes,94.69,HIGH
850673,Emir Maharaj,Sales,Business Development,87,67.06,94.84,4.8,92.29,44,3.8,17,No,87.76,HIGH
605476,Sara Amble,IT,Cybersecurity Specialist,72,85.28,97.9,4.1,83.92,54,3.3,25,No,82.88,HIGH
712181,Sana Sule,Sales,Sales Executive,70,64.44,76.91,4.0,72.77,39,4.4,15,No,77.26,HIGH
868326,Aayush Sani,Marketing,SEO Specialist,63,61.02,91.27,4.2,82.84,46,4.9,26,No,85.61,HIGH
426986,Aayush Rana,Sales,Account Manager,60,85.03,77.7,3.8,94.02,41,3.8,20,No,82.65,HIGH
149872,Ira Mammen,Sales,Account Manager,76,92.11,90.32,4.9,71.23,40,3.1,22,No,80.64,HIGH
110513,Uthkarsh Sha,Marketing,Marketing Executive,54,73.04,75.04,4.4,83.1,36,4.7,12,No,83.64,HIGH
108205,Aniruddh Ray,Sales,Account Manager,85,90.27,89.57,3.4,94.61,42,3.6,3,No,83.32,HIGH
781774,Vritika Dar,HR,Recruitment Specialist,88,81.92,82.36,3.9,81.57,41,4.1,1,Yes,81.13,HIGH
171714,Heer Acharya,IT,Cybersecurity Specialist,83,85.36,88.6,3.7,80.55,39,4.3,30,No,82.42,HIGH
132645,Arhaan Choudhary,Finance,Auditor,81,68.96,97.14,3.1,96.26,36,4.3,15,No,84.8,HIGH
837457,Samar Trivedi,Finance,Auditor,70,73.88,96.04,4.9,89.64,43,4.3,13,No,90.29,HIGH
329786,Adira Saraf,Marketing,Content Strategist,64,75.8,89.19,3.3,89.27,36,4.8,19,No,84.6,HIGH
554245,Samiha Chopra,Finance,Accountant,83,92.82,84.34,3.6,92.59,51,4.1,30,No,84.73,HIGH
774276,Chirag Dubey,Finance,Financial Analyst,94,63.31,85.59,3.6,95.43,46,4.1,2,Yes,82.88,HIGH
547118,Oorja Sahota,IT,Software Engineer,66,62.35,87.99,3.7,76.32,55,4.1,27,No,77.93,HIGH
554981,Aaryahi Grover,HR,Recruitment Specialist,68,77.59,79.88,4.4,98.95,44,4.0,15,No,87.02,HIGH
726049,Mamooty Dalal,Sales,Sales Executive,63,76.89,77.35,3.6,77.18,55,3.3,2,No,73.91,MEDIUM
849278,Kartik Bora,HR,Recruitment Specialist,91,62.4,86.29,3.9,93.89,35,3.6,18,No,81.66,HIGH
901065,Suhana Buch,HR,Employee Relations,74,67.13,91.51,4.8,97.09,50,4.9,4,No,92.94,HIGH
361720,Aniruddh Handa,Finance,Financial Analyst,59,83.86,79.54,4.4,89.87,49,3.9,12,No,84.46,HIGH
308533,Baiju De,HR,Recruitment Specialist,90,78.67,87.93,3.4,99.51,50,4.9,28,Yes,88.51,HIGH
138077,Bhamini Chowdhury,IT,Cybersecurity Specialist,77,86.7,75.08,5.0,77.71,50,3.5,30,No,81.0,HIGH
432523,Kimaya Jaggi,HR,Recruitment Specialist,84,79.23,98.48,3.9,74.01,42,3.1,22,No,77.82,HIGH
508574,Sumer Kumar,IT,Software Engineer,99,64.8,77.36,3.8,75.24,41,4.9,25,Yes,79.32,HIGH
386204,Aarna Barad,Sales,Business Development,69,71.8,98.08,4.2,84.32,55,4.8,29,No,88.09,HIGH
314260,Hiran Chacko,Sales,Business Development,69,87.69,79.53,4.5,91.36,46,3.9,8,No,85.68,HIGH
275284,Krish Subramanian,Finance,Financial Analyst,97,69.51,95.81,4.9,93.18,37,3.4,24,No,87.27,HIGH
445843,Kismat Dugar,Sales,Business Development,71,63.04,92.56,3.0,80.25,47,3.8,22,No,76.09,HIGH
438794,Misha Karnik,Marketing,Marketing Executive,87,83.88,86.79,4.3,91.96,51,3.7,24,No,85.33,HIGH
288665,Baiju Jha,Finance,Accountant,88,71.93,79.01,4.1,71.24,38,4.6,14,Yes,79.17,HIGH
486153,Devansh Handa,Marketing,Marketing Executive,59,94.89,99.63,3.6,95.74,49,4.0,18,No,88.54,HIGH
944016,Shamik Goel,Sales,Business Development,88,67.32,76.03,3.7,97.27,36,4.5,22,Yes,83.92,HIGH
250513,Vihaan Dey,HR,HR Manager,96,90.59,92.49,4.4,97.5,49,3.4,30,No,88.01,HIGH
375019,Veer Subramanian,IT,Software Engineer,91,89.9,79.9,4.0,73.5,49,4.3,16,Yes,80.22,HIGH
465527,Yasmin Dada,HR,Recruitment Specialist,69,89.84,88.54,3.7,83.06,35,4.4,16,No,84.01,HIGH
514267,Krish Bhargava,IT,Data Analyst,55,65.45,91.86,3.3,72.17,42,4.4,21,No,77.37,HIGH
827080,Madhup Bora,Sales,Account Manager,54,61.43,95.88,3.0,76.27,54,3.8,30,No,75.4,HIGH
341217,Sana Mallick,IT,Data Analyst,57,71.82,80.05,3.3,96.61,38,4.0,2,No,81.37,HIGH
322196,Nehmat Samra,IT,Data Analyst,85,90.24,94.25,4.3,90.17,47,3.4,27,No,85.72,HIGH
730641,Indranil Chana,Marketing,Marketing Executive,61,79.2,91.03,3.2,84.99,40,4.3,26,No,81.62,HIGH
213427,Raunak Sundaram,Sales,Sales Executive,66,63.43,98.72,3.0,80.36,49,5.0,23,No,82.2,HIGH
126410,Nehmat Shenoy,Sales,Sales Executive,50,73.08,87.19,4.9,96.16,51,3.9,24,No,88.79,HIGH
359440,Gokul Bail,Sales,Account Manager,52,82.94,93.61,4.5,92.37,53,3.6,29,No,87.13,HIGH
654411,Samiha Gole,Finance,Auditor,85,88.0,80.93,3.5,85.64,43,4.1,10,No,81.08,HIGH
254181,Ishita Handa,Marketing,Content Strategist,98,69.78,87.67,4.7,88.54,38,4.9,2,Yes,89.47,HIGH
666883,Ojas Grover,Sales,Sales Executive,55,82.21,84.41,3.4,82.69,40,3.8,12,No,78.71,HIGH
752227,Jayant Swamy,Marketing,Marketing Executive,79,64.0,98.58,3.8,85.08,47,3.4,0,No,80.44,HIGH
728861,Aayush Wadhwa,Finance,Accountant,66,75.32,85.46,4.9,79.26,38,4.0,0,No,84.0,HIGH
613504,Bhamini Bhavsar,Marketing,SEO Specialist,80,70.63,92.04,4.8,95.62,37,3.1,13,No,85.76,HIGH
170273,Navya Dave,Finance,Financial Analyst,78,88.75,98.53,3.4,84.41,44,4.1,1,No,83.9,HIGH
327111,Piya Boase,HR,HR Manager,56,69.1,84.3,3.6,91.57,42,3.1,26,No,78.04,HIGH
389471,Hrishita Doctor,HR,Recruitment Specialist,60,91.21,92.35,3.3,95.85,50,4.4,29,No,87.15,HIGH
866096,Darshit Sachdev,Marketing,Marketing Executive,88,72.68,80.94,3.1,95.81,46,3.6,11,No,79.0,HIGH
786801,Madhup Chand,Marketing,Marketing Executive,77,89.04,91.14,3.6,75.22,46,4.5,22,No,82.1,HIGH
488628,Siya Soni,HR,HR Manager,59,90.81,79.71,4.2,94.04,45,4.6,10,No,88.44,HIGH
322852,Chirag Karnik,Marketing,SEO Specialist,75,89.93,80.75,4.3,84.02,46,4.9,21,No,87.15,HIGH
562680,Samaira Doctor,Sales,Account Manager,61,92.58,83.95,4.9,89.83,46,5.0,6,No,92.6,HIGH
189011,Lakshay Seshadri,HR,HR Manager,83,73.23,83.18,3.3,70.11,52,3.7,24,No,72.99,MEDIUM
969750,Drishya Ganguly,Finance,Financial Analyst,56,71.17,86.78,3.1,92.87,44,4.9,5,No,84.33,HIGH
809309,Nirvi Thaker,HR,HR Manager,89,78.47,92.26,3.4,88.1,35,4.1,25,Yes,82.73,HIGH
562858,Siya Cheema,HR,HR Manager,50,78.04,93.33,3.9,93.57,41,3.8,6,No,85.34,HIGH
428390,Sara Dugar,Sales,Business Development,96,83.13,76.73,4.0,77.98,49,3.3,0,No,76.25,HIGH
272738,Uthkarsh Agate,Marketing,Marketing Executive,75,91.88,82.33,4.1,80.17,41,4.1,24,No,82.51,HIGH
480631,Nehmat Anand,IT,Cybersecurity Specialist,97,92.31,75.91,4.9,99.62,40,3.7,26,No,88.7,HIGH
815734,Kismat Sankar,Marketing,Content Strategist,73,91.85,79.81,4.8,94.98,45,4.3,20,No,90.04,HIGH
660612,Jivin Choudhary,Marketing,Marketing Executive,82,75.33,99.97,4.4,74.23,53,3.3,17,No,80.6,HIGH
677809,Hridaan Tara,Marketing,Content Strategist,52,90.77,79.97,4.3,88.16,37,4.3,12,No,85.92,HIGH
252553,Hazel Gandhi,Finance,Auditor,59,61.41,99.13,3.9,76.28,45,3.4,10,No,78.05,HIGH
699840,Nishith Doshi,Finance,Accountant,97,69.21,93.34,4.2,76.38,51,4.3,27,Yes,82.5,HIGH
327774,Darshit Walia,IT,Cybersecurity Specialist,68,63.56,80.83,3.8,95.41,45,4.3,3,No,83.54,HIGH
346594,Parinaaz Singh,Marketing,SEO Specialist,73,69.99,76.11,3.7,81.31,55,4.2,28,No,78.21,HIGH
199042,Yakshit Badami,Marketing,Content Strategist,53,69.11,85.84,4.6,86.05,54,4.7,27,No,87.09,HIGH
735632,Jivika Dhingra,Finance,Financial Analyst,93,60.1,76.83,3.1,76.8,40,3.5,9,No,70.82,MEDIUM
325772,Hansh Yadav,Finance,Accountant,91,76.43,87.32,4.0,93.17,38,4.9,26,Yes,88.66,HIGH
255134,Aarav Doshi,Sales,Sales Executive,57,69.93,79.47,3.7,74.74,51,4.6,28,No,78.51,HIGH
301570,Ira Kari,IT,Cybersecurity Specialist,51,91.26,80.27,4.9,86.15,48,4.2,8,No,87.43,HIGH
462986,Anya Buch,Marketing,SEO Specialist,69,81.72,88.14,3.7,78.33,48,4.9,2,No,83.7,HIGH
650706,Tarini Maharaj,Finance,Financial Analyst,86,89.14,81.28,4.1,88.52,53,4.1,28,Yes,84.53,HIGH
530965,Advik Sinha,Sales,Business Development,94,85.29,89.14,4.1,85.71,44,4.1,28,Yes,84.87,HIGH
994421,Drishya Karpe,Finance,Accountant,88,90.85,86.07,3.9,94.16,40,4.5,21,Yes,88.15,HIGH
202456,Sara Borra,Marketing,Content Strategist,94,86.13,86.42,4.0,97.74,38,4.6,27,Yes,89.62,HIGH
629224,Uthkarsh Deshpande,Finance,Auditor,63,61.77,90.03,4.4,79.07,40,3.7,5,No,80.3,HIGH
365926,Nitara Joshi,Finance,Financial Analyst,55,73.1,76.01,4.9,70.48,45,4.4,19,No,80.86,HIGH
691758,Adira Banik,Sales,Business Development,75,87.55,90.57,3.3,77.92,41,4.1,15,No,79.84,HIGH
163408,Advik Randhawa,Sales,Account Manager,98,83.32,75.11,3.4,81.51,35,4.8,3,Yes,80.61,HIGH
204347,Baiju Cheema,HR,Employee Relations,99,68.63,78.93,4.8,86.44,42,3.1,28,No,80.18,HIGH
686703,Eshani Thaman,IT,Cybersecurity Specialist,66,71.65,85.44,3.9,97.17,39,4.5,14,No,87.0,HIGH
547935,Hridaan Khurana,Finance,Accountant,68,66.26,87.5,4.2,71.44,41,3.6,8,No,76.76,HIGH
182021,Prerak Lal,Finance,Financial Analyst,80,61.97,99.82,3.8,78.82,42,4.4,9,No,82.61,HIGH
860241,Indrans Keer,Finance,Accountant,100,90.5,88.31,4.4,95.61,39,4.2,25,Yes,89.8,HIGH
393464,Tiya Ramakrishnan,Marketing,SEO Specialist,50,83.72,80.44,3.1,94.81,35,3.6,5,No,79.7,HIGH
439957,Diya Dalal,IT,Software Engineer,64,83.72,93.54,4.8,98.21,51,4.6,30,No,94.14,HIGH
109592,Ritvik Kashyap,HR,HR Manager,66,69.52,90.43,3.9,71.63,39,3.3,12,No,75.33,HIGH
232245,Eva Bhavsar,Finance,Financial Analyst,70,77.22,77.97,4.2,91.86,40,4.8,14,No,86.87,HIGH
690155,Saanvi Bora,Finance,Financial Analyst,83,79.04,78.8,3.7,83.58,35,4.0,13,No,79.54,HIGH
535543,Vardaniya Kale,Marketing,Content Strategist,86,70.41,98.32,4.0,99.35,38,4.0,2,No,88.51,HIGH
251693,Riaan Sachdev,HR,HR Manager,87,82.14,91.39,3.7,93.0,44,3.2,1,No,81.99,HIGH
934202,Adah Kade,IT,Cybersecurity Specialist,52,64.93,92.65,3.0,77.73,43,4.0,15,No,76.34,HIGH
107707,Khushi Mander,IT,Cybersecurity Specialist,67,87.86,75.38,5.0,73.89,48,4.1,8,No,82.43,HIGH
345843,Advik Vasa,Sales,Sales Executive,63,69.68,87.01,3.6,81.33,42,4.3,9,No,80.37,HIGH
173292,Inaaya  Sehgal,Marketing,Content Strategist,66,67.12,79.81,4.9,88.21,41,5.0,19,No,88.74,HIGH
199980,Onkar Kari,HR,HR Manager,87,64.8,77.71,4.9,78.75,38,3.1,2,No,77.65,HIGH
964680,Amira Dhingra,Finance,Financial Analyst,76,60.28,98.92,3.8,70.06,38,3.2,24,No,74.83,MEDIUM
291931,Lakshay Dara,IT,Data Analyst,90,72.39,83.11,3.6,86.26,45,3.3,7,No,77.34,HIGH
765431,Rhea Dhar,IT,Cybersecurity Specialist,70,83.01,78.78,4.6,75.91,42,3.8,13,No,80.43,HIGH
180633,Emir Sood,Finance,Auditor,68,62.64,90.03,4.8,89.23,41,4.7,24,No,89.04,HIGH
450996,Akarsh Suri,IT,Cybersecurity Specialist,70,68.39,92.57,4.0,88.34,38,3.3,12,No,81.05,HIGH
457604,Saira Kothari,Finance,Financial Analyst,70,86.42,75.65,4.9,73.51,36,4.0,26,No,81.43,HIGH
787273,Vritika Ram,Marketing,Marketing Executive,73,65.57,86.93,4.8,81.61,47,4.4,18,No,85.23,HIGH
333080,Anya Aggarwal,Sales,Business Development,62,64.09,78.52,5.0,77.08,50,3.0,1,No,77.24,HIGH
173380,Ishita Apte,HR,HR Manager,63,63.17,97.46,3.7,99.89,36,4.2,10,No,87.38,HIGH
141444,Shlok Mahajan,Finance,Financial Analyst,86,73.3,76.0,4.0,93.94,53,4.8,17,Yes,85.91,HIGH
579568,Adah Bobal,Finance,Financial Analyst,54,71.48,99.93,4.9,92.17,47,3.1,28,No,86.79,HIGH
890588,Kashvi Rajagopal,HR,HR Manager,60,65.14,84.35,3.3,86.8,40,4.0,9,No,78.62,HIGH
478721,Zaina Kaul,Sales,Business Development,77,73.85,79.5,3.4,99.91,48,3.9,2,No,82.46,HIGH
138783,Yashvi Bala,Sales,Sales Executive,51,81.66,85.85,3.5,89.49,47,4.2,28,No,82.98,HIGH
799194,Trisha Mane,Sales,Business Development,79,81.75,83.34,4.2,77.99,42,4.2,20,No,81.84,HIGH
768548,Hrishita Bose,IT,Data Analyst,89,71.37,83.27,3.3,95.65,53,4.9,2,Yes,85.29,HIGH
827716,Jivika Sur,HR,Employee Relations,72,61.52,88.31,4.8,82.1,35,4.4,2,No,85.24,HIGH
898660,Sara Bal,Marketing,Content Strategist,56,72.73,94.33,4.5,96.57,36,4.5,17,No,91.11,HIGH
255208,Sumer Kothari,Finance,Financial Analyst,54,87.0,96.19,3.7,88.56,42,4.7,6,No,88.11,HIGH
533724,Jhanvi Dutta,Marketing,Marketing Executive,91,68.31,97.47,4.0,81.83,48,3.5,24,No,80.87,HIGH
893853,Dhruv Gera,Marketing,Marketing Executive,56,69.85,76.34,5.0,86.23,48,5.0,3,No,88.12,HIGH
875893,Anvi Sharaf,Marketing,Content Strategist,54,82.51,79.14,3.3,95.01,36,4.4,9,No,83.38,HIGH
686767,Jiya Tara,Marketing,SEO Specialist,77,82.95,77.99,3.0,90.98,46,3.0,6,No,75.19,HIGH
654944,Zoya Comar,Finance,Financial Analyst,100,67.4,90.07,4.6,76.46,46,3.4,27,No,79.69,HIGH
198144,Akarsh Sridhar,Marketing,SEO Specialist,53,76.17,91.57,4.3,81.33,41,4.5,15,No,85.53,HIGH
657491,Advik Banik,Sales,Account Manager,78,91.64,80.76,4.7,85.59,44,3.2,5,No,82.59,HIGH
995196,Onkar Kumar,Finance,Auditor,58,88.69,80.7,4.3,96.93,51,3.4,24,No,84.89,HIGH
549110,Aayush Bakshi,IT,Cybersecurity Specialist,64,91.18,97.91,4.7,80.29,41,3.7,8,No,86.39,HIGH
630173,Zaina Mahajan,Sales,Sales Executive,69,65.83,78.41,4.8,94.34,41,4.7,16,No,88.57,HIGH
760494,Mohanlal Dhillon,Sales,Business Development,61,79.54,80.52,4.6,78.0,42,4.9,21,No,85.46,HIGH
473877,Lagan Sant,IT,Cybersecurity Specialist,93,61.8,76.32,3.0,95.16,51,4.5,28,Yes,79.99,HIGH
971452,Priyansh Sibal,Marketing,Content Strategist,80,66.32,80.47,3.3,79.44,50,4.4,21,No,77.36,HIGH
689871,Kabir Ganesh,HR,Employee Relations,57,67.74,92.94,3.7,87.63,36,4.4,28,No,84.05,HIGH
833957,Jivin Bansal,Finance,Accountant,67,70.68,77.3,4.4,85.32,40,3.6,11,No,80.12,HIGH
460684,Aaryahi Wadhwa,Finance,Accountant,59,64.54,84.1,4.9,93.52,41,3.8,7,No,86.13,HIGH
662418,Sana Sandal,Sales,Business Development,76,78.49,86.37,3.9,79.76,53,3.9,18,No,80.25,HIGH
156721,Mehul Hegde,Finance,Accountant,88,92.8,88.46,3.7,92.93,36,3.8,14,No,84.85,HIGH
516645,Indrans Dasgupta,IT,Data Analyst,57,94.46,80.62,3.6,70.23,49,4.3,13,No,78.24,HIGH
850144,Kartik Chaudhry,Finance,Accountant,51,90.63,91.88,4.7,89.34,36,4.1,2,No,89.44,HIGH
728174,Bhamini Gopal,IT,Cybersecurity Specialist,76,63.14,91.44,3.3,81.08,49,4.6,10,No,80.53,HIGH
804602,Trisha Chacko,Finance,Auditor,51,63.33,95.02,4.6,70.08,53,3.1,10,No,77.16,HIGH
776038,Lavanya Keer,Marketing,Content Strategist,55,76.17,79.92,4.5,87.0,39,4.9,18,No,87.3,HIGH
580567,Nitara Som,Sales,Account Manager,94,91.17,84.44,3.1,78.29,46,4.8,9,Yes,81.09,HIGH
799013,Ela Dutt,Finance,Accountant,79,89.42,98.19,4.4,86.44,40,3.6,25,No,86.51,HIGH
444563,Arhaan Dalal,IT,Software Engineer,62,92.04,89.72,4.8,72.65,37,3.2,13,No,80.94,HIGH
516622,Madhup Balasubramanian,Finance,Auditor,63,66.55,97.72,5.0,77.92,37,5.0,20,No,89.58,HIGH
287528,Abram Yohannan,Sales,Business Development,75,92.15,86.71,4.9,90.2,53,3.1,7,No,85.62,HIGH
773149,Ivan Wadhwa,Sales,Account Manager,50,67.79,97.38,4.3,79.61,42,3.5,7,No,81.34,HIGH
873076,Nayantara Sant,Marketing,SEO Specialist,64,65.9,96.78,4.0,90.32,40,4.0,13,No,85.04,HIGH
695478,Shalv Divan,Finance,Financial Analyst,57,62.0,92.22,5.0,82.12,35,4.2,30,No,86.08,HIGH
785822,Vihaan Saraf,HR,Recruitment Specialist,54,79.95,76.37,4.1,76.4,46,3.6,25,No,76.99,HIGH
848431,Inaaya  Dixit,Finance,Financial Analyst,53,89.94,82.49,4.1,92.24,50,4.6,17,No,87.96,HIGH
947730,Hansh Mammen,Finance,Accountant,83,79.41,82.63,3.3,91.15,48,4.4,8,No,82.61,HIGH
750748,Uthkarsh Date,HR,HR Manager,78,60.67,97.9,3.2,99.68,35,4.2,15,No,85.15,HIGH
685630,Zoya Sarkar,IT,Software Engineer,56,77.42,77.94,3.4,89.51,43,3.6,2,No,78.18,HIGH
300363,Emir Ratta,IT,Cybersecurity Specialist,84,62.0,82.87,4.6,75.13,49,3.5,25,No,77.71,HIGH
767323,Heer Brar,Finance,Accountant,54,70.83,97.4,5.0,81.85,48,3.9,0,No,86.72,HIGH
986166,Badal Bakshi,Finance,Financial Analyst,55,61.55,92.04,4.1,88.02,49,4.7,11,No,86.17,HIGH
398341,Bhavin Sankaran,Marketing,SEO Specialist,56,70.38,82.99,4.2,84.6,55,3.3,18,No,79.02,HIGH
577304,Advik Bala,IT,Software Engineer,69,70.35,86.36,3.3,95.32,37,5.0,13,No,86.1,HIGH
497843,Pihu Bhatt,IT,Data Analyst,95,77.13,79.39,3.2,94.65,47,3.9,6,No,80.39,HIGH
930699,Sara Roy,IT,Cybersecurity Specialist,58,65.22,96.92,3.2,99.73,51,4.7,0,No,87.42,HIGH
439247,Anvi Garg,Finance,Accountant,98,67.26,97.22,3.2,91.79,47,3.4,20,No,80.11,HIGH
482548,Seher Choudhary,Finance,Auditor,84,68.74,89.62,3.6,76.71,54,3.7,14,No,77.01,HIGH
916163,Ahana  Apte,HR,Recruitment Specialist,85,85.5,85.77,3.6,82.81,53,4.1,19,No,81.35,HIGH
258496,Romil Suresh,Finance,Accountant,50,66.79,86.57,3.4,92.18,49,3.9,22,No,80.85,HIGH
650162,Aradhya Varghese,Marketing,SEO Specialist,77,75.0,81.24,4.0,91.16,54,3.5,0,No,81.1,HIGH
914105,Kiaan Dhar,Marketing,Content Strategist,93,85.06,75.33,4.0,74.8,44,3.3,27,No,75.21,HIGH
823308,Lavanya Korpal,Sales,Account Manager,82,86.07,79.25,3.2,88.51,46,3.8,1,No,79.01,HIGH
130399,Anvi Lad,Finance,Accountant,89,70.52,95.83,4.5,96.93,49,4.5,16,Yes,91.3,HIGH
111623,Alia Dugal,HR,Employee Relations,54,63.24,92.94,4.9,86.19,53,4.8,14,No,89.57,HIGH
492236,Yuvraj  Kale,Sales,Business Development,54,60.27,89.79,5.0,97.46,39,4.2,10,No,90.02,HIGH
313636,Jayesh Doctor,Finance,Auditor,66,89.49,79.51,3.1,71.51,41,3.7,30,No,73.5,MEDIUM
444361,Shanaya Hegde,Sales,Sales Executive,64,86.09,94.27,3.7,70.31,44,3.3,1,No,76.56,HIGH
738370,Ivana Acharya,Marketing,SEO Specialist,77,63.44,84.05,4.0,98.26,44,3.1,18,No,81.03,HIGH
775296,Anay Chahal,Finance,Accountant,77,61.4,98.68,3.7,88.34,47,3.5,3,No,81.18,HIGH
692874,Shaan Tripathi,Finance,Financial Analyst,68,88.78,86.48,4.3,84.68,53,3.4,22,No,82.38,HIGH
320741,Aaina Karnik,Finance,Auditor,99,81.46,90.85,4.2,74.16,41,4.6,12,Yes,83.76,HIGH
938248,Himmat Kala,Sales,Sales Executive,99,68.84,77.78,3.5,92.8,49,4.6,3,Yes,82.68,HIGH
789914,Madhav Solanki,Marketing,SEO Specialist,65,67.49,92.97,3.3,85.53,52,4.8,23,No,83.4,HIGH
206331,Shaan Goel,HR,Recruitment Specialist,61,88.35,94.57,3.5,94.9,44,3.4,10,No,83.82,HIGH
854221,Tara Kara,Sales,Sales Executive,87,65.22,90.09,3.9,82.64,41,3.6,2,No,79.33,HIGH
365428,Shalv Koshy,Sales,Sales Executive,93,76.36,77.14,4.3,72.51,47,4.2,1,Yes,78.82,HIGH
863275,Devansh Khurana,HR,HR Manager,53,64.93,91.83,3.7,93.99,38,3.9,19,No,83.46,HIGH
981069,Mannat Gola,Sales,Sales Executive,65,74.44,80.9,4.3,75.11,41,4.0,24,No,79.36,HIGH
774417,Samaira Ramanathan,Finance,Financial Analyst,60,80.91,85.12,4.2,90.9,51,3.6,18,No,83.58,HIGH
311532,Drishya Bakshi,HR,HR Manager,100,71.44,76.66,3.1,87.05,44,4.2,16,Yes,77.79,HIGH
551576,Shlok Acharya,Sales,Account Manager,64,66.63,82.64,3.4,74.94,50,5.0,20,No,79.27,HIGH
606751,Tara Balay,Marketing,Content Strategist,95,88.98,98.95,3.6,80.39,41,4.6,11,Yes,85.6,HIGH
637720,Dhanuk Sankaran,IT,Cybersecurity Specialist,60,87.62,93.99,4.4,83.12,54,3.3,10,No,83.3,HIGH
287020,Pranay Chad,HR,Recruitment Specialist,98,68.69,93.47,4.7,85.35,42,3.4,27,No,83.57,HIGH
860665,Dharmajan Warrior,Sales,Sales Executive,85,92.58,89.4,3.8,79.95,47,3.6,2,No,80.72,HIGH
405395,Amani Raj,Marketing,Content Strategist,62,71.49,75.5,3.8,74.01,51,3.4,27,No,73.25,MEDIUM
879655,Indrans Lala,Marketing,Marketing Executive,89,81.56,87.64,4.0,89.0,51,4.2,30,Yes,85.18,HIGH
325377,Aarav Mall,Sales,Sales Executive,79,80.56,78.11,4.5,89.9,55,4.6,25,No,87.05,HIGH
407161,Kavya Ganesh,Sales,Account Manager,75,94.95,89.05,4.8,80.4,37,4.9,15,No,90.22,HIGH
678248,Ryan Banerjee,Sales,Sales Executive,80,62.33,93.04,4.9,73.45,45,4.8,12,No,85.68,HIGH
911534,Advik Barad,Sales,Account Manager,60,92.79,92.46,4.4,74.35,54,4.9,30,No,87.28,HIGH
866073,Advik Savant,Finance,Financial Analyst,90,85.37,81.38,4.6,77.69,43,3.3,26,No,79.72,HIGH
697851,Ojas Kannan,IT,Software Engineer,86,91.94,81.33,3.8,99.77,38,5.0,2,Yes,90.59,HIGH
611732,Zaina Lad,IT,Data Analyst,83,81.53,85.15,4.5,98.48,53,4.4,0,No,90.33,HIGH
541482,Renee Goel,Marketing,Marketing Executive,91,93.73,81.45,4.9,86.07,37,3.7,8,No,85.88,HIGH
984886,Akarsh Sandhu,IT,Cybersecurity Specialist,60,80.1,95.99,4.6,96.71,37,3.6,8,No,89.02,HIGH
874551,Trisha Saraf,HR,HR Manager,100,83.64,85.27,4.8,90.61,52,3.8,27,No,87.0,HIGH
208522,Sumer Suri,Marketing,Marketing Executive,80,69.22,87.12,4.5,97.9,52,3.9,7,No,87.32,HIGH
216837,Charvi Thaker,Sales,Business Development,91,62.62,75.16,4.1,86.29,50,4.9,3,Yes,83.18,HIGH
240533,Abram Rajan,IT,Software Engineer,78,94.19,76.64,3.9,97.15,45,4.9,29,No,89.09,HIGH
942605,Ehsaan Malhotra,IT,Cybersecurity Specialist,98,70.12,89.24,4.6,96.26,47,3.8,10,No,87.34,HIGH
687520,Ivan Boase,HR,HR Manager,92,69.79,80.22,3.6,85.61,37,3.2,21,No,75.91,HIGH
946565,Divit Doctor,Finance,Auditor,88,61.45,76.25,4.1,89.47,51,3.6,9,No,79.04,HIGH
798459,Madhup Ganguly,HR,HR Manager,99,61.37,97.88,3.7,73.84,55,4.3,12,Yes,79.87,HIGH
614698,Romil Ghosh,Sales,Account Manager,53,68.66,88.71,4.2,98.44,40,4.2,12,No,87.74,HIGH
675967,Advik Kala,Sales,Account Manager,81,77.73,77.89,4.6,84.85,44,3.2,27,No,80.01,HIGH
952094,Renee Gara,Finance,Financial Analyst,67,70.91,91.78,3.7,88.47,53,3.5,7,No,80.79,HIGH
146318,Armaan Chad,Sales,Sales Executive,69,66.53,98.4,4.3,73.14,36,4.2,11,No,82.28,HIGH
324224,Kimaya Kala,Finance,Auditor,61,70.17,78.35,4.3,81.49,52,3.7,9,No,79.13,HIGH
796248,Zaina Lala,Finance,Accountant,67,83.44,82.88,3.5,74.89,40,5.0,26,No,81.39,HIGH
336947,Eshani Dubey,IT,Software Engineer,64,60.47,98.02,3.4,74.75,36,3.7,15,No,76.48,HIGH
608162,Mahika Basu,HR,Recruitment Specialist,71,62.28,85.46,4.3,78.88,49,3.8,22,No,79.38,HIGH
151746,Kavya Garg,Sales,Business Development,70,68.41,82.39,3.5,95.7,53,4.5,29,No,84.03,HIGH
838557,Purab Upadhyay,HR,Recruitment Specialist,77,83.01,83.68,4.6,85.45,49,4.9,21,No,88.67,HIGH
479240,Adah Khare,Finance,Accountant,60,73.23,97.62,4.9,74.74,44,3.4,6,No,82.47,HIGH
990952,Chirag Kapadia,Finance,Auditor,60,90.9,84.54,4.8,98.34,45,3.3,30,No,87.9,HIGH
407575,Nitara Srivastava,Finance,Auditor,54,86.56,76.5,4.3,73.1,48,4.4,29,No,80.69,HIGH
291280,Ivana Bhat,Sales,Business Development,76,76.04,81.02,4.2,99.72,37,4.0,13,No,86.52,HIGH
994582,Ela Iyer,Sales,Sales Executive,91,84.14,99.06,3.3,88.79,47,4.1,19,Yes,84.46,HIGH
324408,Tushar Sunder,IT,Cybersecurity Specialist,98,85.77,81.1,4.2,88.51,52,4.1,15,Yes,84.55,HIGH
318462,Dhanush Boase,Sales,Sales Executive,69,80.88,90.52,4.8,84.81,46,4.3,26,No,88.04,HIGH
129907,Advika Sani,Finance,Financial Analyst,90,60.34,90.98,4.9,88.0,51,4.4,25,Yes,87.83,HIGH
267605,Hrishita Lad,HR,Employee Relations,96,77.62,98.31,3.4,79.17,39,5.0,16,Yes,84.78,HIGH
395954,Sumer Sami,IT,Software Engineer,52,93.7,91.69,3.2,81.96,55,4.1,7,No,81.5,HIGH
886718,Samaira Uppal,Marketing,Content Strategist,54,71.83,83.82,4.4,71.01,45,4.0,30,No,78.85,HIGH
990214,Samarth Chhabra,Sales,Account Manager,81,68.29,98.55,4.8,85.9,36,3.3,13,No,84.71,HIGH
913309,Kiaan Sura,Marketing,Marketing Executive,59,85.21,88.06,3.1,92.45,44,4.6,27,No,84.67,HIGH
838806,Neysa Choudhary,Sales,Business Development,50,85.61,77.45,4.4,75.79,44,3.4,11,No,77.99,HIGH
201801,Dhanuk Varghese,Finance,Financial Analyst,60,65.61,75.73,3.5,99.89,36,4.7,22,No,84.47,HIGH
354506,Elakshi Venkataraman,HR,Recruitment Specialist,84,83.64,88.82,3.8,70.62,42,3.8,0,No,77.71,HIGH
249848,Mamooty Bansal,HR,HR Manager,56,60.42,92.4,4.2,70.71,40,4.2,19,No,79.34,HIGH
285059,Jayant Bora,Finance,Financial Analyst,74,65.73,80.49,3.7,73.23,40,4.5,29,No,77.44,HIGH
885249,Kabir Bava,IT,Data Analyst,51,93.91,79.82,3.5,93.86,43,4.4,16,No,85.11,HIGH
656715,Parinaaz Kumar,Marketing,SEO Specialist,62,89.09,99.72,3.5,74.72,44,3.3,10,No,78.47,HIGH
841243,Ahana  Venkataraman,Finance,Financial Analyst,78,94.54,76.02,4.9,78.22,42,3.2,25,No,80.52,HIGH
155357,Onkar Borde,Sales,Business Development,69,83.75,99.26,3.4,90.62,42,3.2,22,No,81.81,HIGH
724113,Uthkarsh Bir,HR,Employee Relations,56,88.87,76.1,3.9,81.81,47,4.2,7,No,81.05,HIGH
839838,Alia Sarna,Marketing,SEO Specialist,73,65.52,81.01,4.6,76.9,45,4.2,16,No,81.02,HIGH
935427,Amira Krishnan,IT,Software Engineer,67,60.96,93.05,3.5,95.34,53,4.6,1,No,85.71,HIGH
572989,Urvi Boase,IT,Software Engineer,85,75.37,94.12,4.4,98.96,47,3.9,18,No,89.25,HIGH
664518,Diya Chaudhari,Sales,Account Manager,95,77.86,89.83,3.3,72.06,37,4.2,25,Yes,77.37,HIGH
107620,Lakshay Basu,Finance,Financial Analyst,78,82.06,80.62,4.9,97.4,52,3.4,16,No,86.75,HIGH
679054,Nirvi Keer,HR,HR Manager,79,63.57,96.78,4.3,75.23,45,5.0,4,No,85.48,HIGH
938445,Miraan Sundaram,Marketing,Marketing Executive,89,60.58,88.49,3.2,90.42,51,3.8,16,No,78.88,HIGH
509889,Vanya Chokshi,HR,Recruitment Specialist,82,86.95,85.19,4.4,85.47,45,4.7,27,No,87.77,HIGH
523438,Rati Chaudhry,Marketing,Content Strategist,85,72.67,93.86,3.8,74.53,37,3.4,12,No,77.2,HIGH
133139,Misha Keer,Marketing,SEO Specialist,80,89.98,97.25,3.5,91.45,37,4.2,23,No,86.68,HIGH
639139,Nishith Sami,Finance,Auditor,78,76.52,88.93,4.0,91.36,46,5.0,25,No,88.85,HIGH
941605,Nitara Kota,Marketing,SEO Specialist,77,76.94,76.77,3.0,91.97,47,3.4,29,No,76.24,HIGH
152116,Neelofar Mander,Marketing,Content Strategist,73,88.14,75.8,3.8,83.24,46,4.7,6,No,82.95,HIGH
271877,Ishita Tiwari,Sales,Account Manager,74,90.54,96.22,4.8,87.75,40,4.9,27,No,93.42,HIGH
276713,Anika Dara,IT,Software Engineer,57,62.13,95.31,3.9,93.46,40,3.2,0,No,81.71,HIGH
794709,Mamooty Ganesh,Sales,Business Development,91,61.91,97.15,3.3,76.73,42,3.7,21,No,76.64,HIGH
100468,Arhaan Kibe,Finance,Accountant,81,74.25,91.3,4.3,72.36,52,3.1,4,No,76.99,HIGH
735215,Arnav Dar,Sales,Sales Executive,88,94.23,84.68,4.7,83.45,55,3.3,20,No,83.39,HIGH
973328,Piya Devan,IT,Cybersecurity Specialist,50,86.42,87.67,3.2,75.59,40,3.6,11,No,76.05,HIGH
977794,Neelofar Venkatesh,HR,HR Manager,61,65.1,94.27,4.8,91.36,43,3.5,13,No,85.97,HIGH
200096,Lakshit Kaur,HR,Recruitment Specialist,50,65.3,86.42,4.1,94.41,48,3.6,6,No,82.94,HIGH
188252,Navya Sekhon,Marketing,SEO Specialist,80,68.4,84.47,3.7,86.81,53,4.1,21,No,80.98,HIGH
191426,Mamooty Buch,Marketing,Content Strategist,70,69.13,76.34,4.6,84.07,53,3.7,25,No,80.6,HIGH
179927,Rohan Keer,Marketing,Content Strategist,99,61.05,80.52,4.1,82.41,43,4.4,5,Yes,80.93,HIGH
746698,Ishaan Jaggi,Sales,Sales Executive,56,74.48,80.98,3.9,83.59,40,3.5,25,No,78.32,HIGH
507375,Ehsaan Tank,Sales,Business Development,95,85.65,81.78,3.0,92.61,37,3.9,8,No,80.3,HIGH
632142,Misha Malhotra,Finance,Accountant,85,60.63,80.38,4.3,99.63,55,4.4,30,No,86.83,HIGH
591425,Abram Gupta,Sales,Business Development,51,62.37,91.29,3.9,73.36,36,3.2,4,No,74.9,MEDIUM
708022,Purab Borde,Finance,Financial Analyst,58,82.98,86.58,3.6,83.46,47,4.8,28,No,84.25,HIGH
571673,Rhea Dixit,Marketing,Marketing Executive,70,93.7,84.74,4.6,83.91,44,3.7,16,No,84.69,HIGH
791553,Taran Dutta,HR,HR Manager,80,70.07,76.95,4.0,91.85,36,4.4,1,No,83.55,HIGH
437116,Zoya Badami,IT,Software Engineer,74,62.43,99.23,3.6,78.64,35,3.5,13,No,78.08,HIGH
217243,Jayan Ganguly,Sales,Business Development,75,91.25,98.64,4.4,75.0,45,3.8,24,No,84.15,HIGH
872776,Dhruv Randhawa,IT,Software Engineer,91,91.21,88.35,3.5,88.64,43,3.1,30,No,79.78,HIGH
698265,Anahita Chandra,HR,HR Manager,57,67.12,94.29,4.1,78.73,39,3.5,24,No,79.59,HIGH
455357,Purab Kaur,IT,Data Analyst,69,82.27,83.35,3.7,86.52,49,4.4,0,No,83.25,HIGH
765186,Taimur Dugar,Marketing,SEO Specialist,59,62.92,96.48,4.4,71.33,55,3.4,22,No,78.19,HIGH
713395,Biju Lanka,IT,Data Analyst,95,92.28,85.18,3.4,91.15,37,3.7,0,No,82.01,HIGH
378413,Ira Wagle,Finance,Financial Analyst,91,67.0,91.92,4.1,78.3,39,4.2,2,Yes,81.77,HIGH
529784,Kaira Raja,Marketing,SEO Specialist,72,65.45,76.51,4.3,85.71,52,3.8,26,No,79.96,HIGH
531106,Shanaya Chaudhuri,Finance,Financial Analyst,77,67.45,87.58,3.5,92.75,50,3.4,20,No,79.69,HIGH
592818,Jayant Gole,Marketing,Content Strategist,89,62.21,91.6,4.8,73.05,53,3.6,22,No,80.06,HIGH
187496,Badal Dada,Sales,Account Manager,91,70.45,92.63,4.9,97.45,35,3.2,10,No,87.21,HIGH
775503,Sahil Chandra,HR,Recruitment Specialist,51,85.04,96.67,3.7,94.28,54,4.2,25,No,87.72,HIGH
771910,Aarush Agarwal,IT,Data Analyst,71,94.43,76.68,3.5,77.84,41,4.3,4,No,79.33,HIGH
375034,Jhanvi Saha,Finance,Financial Analyst,61,77.2,75.35,4.5,99.07,47,4.5,20,No,88.51,HIGH
592732,Lakshit Swamy,Finance,Financial Analyst,80,66.38,98.24,3.1,76.5,42,3.7,28,No,76.44,HIGH
172793,Anaya Chahal,Finance,Auditor,79,79.29,82.73,3.7,98.94,42,3.2,28,No,81.76,HIGH
663644,Kimaya Bobal,HR,Employee Relations,66,63.1,86.69,3.1,89.44,37,4.2,0,No,79.68,HIGH
495914,Khushi Raja,Sales,Business Development,66,72.22,97.02,3.1,93.11,55,3.7,11,No,81.76,HIGH
628441,Tara Kunda,Sales,Sales Executive,76,69.57,91.85,3.1,75.99,46,4.5,1,No,78.52,HIGH
299503,Samar Ganguly,HR,Employee Relations,99,74.74,82.61,4.4,94.24,39,4.3,5,Yes,87.07,HIGH
269477,Krish Bhavsar,Marketing,Marketing Executive,90,68.02,96.47,3.8,78.26,52,3.4,15,No,78.37,HIGH
504373,Dhruv Chokshi,HR,Employee Relations,59,69.96,80.78,4.9,94.06,46,4.2,23,No,87.77,HIGH
366504,Amira Ghosh,Marketing,Marketing Executive,92,85.21,99.04,4.8,96.77,54,3.1,2,No,88.96,HIGH
394359,Anay Virk,HR,Employee Relations,52,70.64,82.61,3.3,72.59,48,3.9,14,No,74.16,MEDIUM
237322,Dishani Yadav,Finance,Financial Analyst,97,76.42,94.12,3.8,73.36,39,3.2,23,No,76.47,HIGH
561866,Tejas Solanki,Finance,Accountant,68,76.73,98.73,4.4,82.0,49,3.2,3,No,82.42,HIGH
735546,Jivin Sundaram,IT,Cybersecurity Specialist,71,92.32,83.76,4.0,74.02,39,3.2,20,No,76.99,HIGH
421075,Mehul Srinivasan,IT,Cybersecurity Specialist,81,76.64,85.8,4.2,79.85,53,3.3,2,No,78.78,HIGH
728274,Ryan Bajwa,Marketing,Marketing Executive,99,94.97,85.77,4.7,72.86,42,4.5,17,Yes,85.31,HIGH
546619,Ehsaan Vala,IT,Data Analyst,94,72.1,95.16,3.9,74.7,45,4.2,1,Yes,81.05,HIGH
453232,Hunar Sharaf,Sales,Sales Executive,83,92.91,78.41,4.9,97.73,37,4.6,12,No,92.29,HIGH
848166,Amani Tailor,Sales,Business Development,85,86.19,94.34,4.2,98.41,35,3.2,4,No,86.61,HIGH
714406,Indrajit Divan,HR,Recruitment Specialist,58,63.25,85.06,3.5,71.82,49,3.9,28,No,74.48,MEDIUM
187558,Advika Randhawa,Marketing,Content Strategist,63,91.38,75.01,3.2,96.4,50,4.3,20,No,83.06,HIGH
573858,Reyansh Apte,IT,Software Engineer,67,85.76,81.19,3.4,74.88,40,3.3,13,No,74.08,MEDIUM
375394,Anika Kade,Sales,Account Manager,53,63.28,95.46,4.9,95.15,44,4.8,29,No,92.77,HIGH
818293,Pihu Upadhyay,Marketing,SEO Specialist,82,69.67,76.14,3.6,75.57,55,4.6,11,No,77.67,HIGH
616082,Hazel Khosla,Finance,Accountant,58,63.04,95.27,3.5,86.89,37,3.4,10,No,79.03,HIGH
991989,Saira Kalita,HR,Recruitment Specialist,56,61.31,77.76,3.6,72.92,38,4.7,4,No,76.76,HIGH
706912,Vihaan Gera,Sales,Sales Executive,91,60.99,94.29,4.7,98.35,53,3.7,12,No,88.06,HIGH
565468,Vivaan Andra,Marketing,SEO Specialist,62,63.61,90.91,3.4,70.71,55,4.0,24,No,75.36,HIGH
449495,Vanya Chad,Marketing,Marketing Executive,72,72.0,97.85,3.7,74.91,50,3.5,20,No,78.04,HIGH
735184,Tushar Sachdeva,Sales,Business Development,76,66.89,86.05,4.1,90.56,39,4.5,16,No,85.47,HIGH
325646,Sara Sen,IT,Cybersecurity Specialist,100,82.93,99.96,4.6,76.57,37,4.3,20,Yes,86.86,HIGH
835602,Gatik Dey,Finance,Accountant,57,94.12,89.45,4.6,78.88,41,3.1,26,No,81.77,HIGH
325537,Renee Issac,IT,Data Analyst,68,79.05,77.48,4.1,70.05,35,3.0,5,No,72.82,MEDIUM
367507,Alisha Sahota,Sales,Business Development,50,60.25,88.86,4.9,91.41,38,3.2,9,No,83.62,HIGH
974409,Dhruv Sankaran,IT,Data Analyst,50,73.25,75.62,4.5,78.41,38,4.9,17,No,83.57,HIGH
233059,Jayesh Kara,Finance,Accountant,68,81.72,96.63,3.3,86.79,38,4.1,7,No,83.14,HIGH
500079,Bhavin Chakrabarti,IT,Software Engineer,74,83.97,82.72,4.4,71.0,48,4.1,21,No,80.24,HIGH
105109,Hazel Dalal,Marketing,SEO Specialist,62,70.5,82.17,4.4,75.99,54,4.5,21,No,81.88,HIGH
602645,Hazel Gour,IT,Data Analyst,63,79.54,94.02,5.0,85.33,35,4.7,7,No,91.16,HIGH
597714,Trisha Lalla,IT,Cybersecurity Specialist,58,92.01,98.61,4.9,86.93,36,4.0,14,No,90.6,HIGH
354274,Divit Mand,Marketing,Marketing Executive,76,67.33,93.31,3.1,83.09,47,3.9,12,No,78.32,HIGH
275185,Ishita Sunder,Marketing,SEO Specialist,51,81.62,92.97,3.3,78.39,49,4.7,19,No,82.27,HIGH
873424,Chirag Goel,IT,Software Engineer,98,71.79,77.41,3.8,77.8,37,3.7,22,No,76.0,HIGH
211434,Kimaya Kakar,Marketing,Content Strategist,74,66.33,85.03,4.0,73.62,40,3.7,20,No,76.52,HIGH
810352,Tejas Dass,Sales,Sales Executive,51,60.01,97.18,3.1,72.04,38,4.3,22,No,76.65,HIGH
507393,Taran Gupta,IT,Software Engineer,54,72.03,82.22,3.6,75.44,37,4.0,13,No,76.68,HIGH
290890,Aniruddh Desai,HR,Employee Relations,100,75.49,96.58,3.4,76.05,46,3.8,15,No,78.48,HIGH
588684,Rhea Dugar,Finance,Accountant,86,71.35,78.8,4.0,74.52,40,3.1,26,No,73.65,MEDIUM
118741,Saanvi Dada,Marketing,Content Strategist,89,85.66,77.05,3.9,75.84,36,4.6,8,Yes,80.73,HIGH
665519,Veer Savant,Marketing,Marketing Executive,65,60.93,92.88,4.1,77.17,52,3.1,9,No,76.62,HIGH
987791,Emir Agate,Marketing,Marketing Executive,100,94.93,93.19,4.5,95.91,40,5.0,10,Yes,94.9,HIGH
427641,Faiyaz Rajan,Marketing,SEO Specialist,63,62.02,82.63,3.0,97.12,51,3.8,18,No,79.06,HIGH
577032,Aarav Sha,HR,Employee Relations,98,86.82,96.02,4.9,96.37,44,4.3,9,Yes,93.6,HIGH
540381,Aaina Khanna,Marketing,SEO Specialist,85,70.28,95.7,4.0,97.71,49,4.4,24,No,89.08,HIGH
976794,Divyansh Majumdar,HR,Employee Relations,68,86.75,87.46,3.6,88.4,36,4.8,6,No,86.29,HIGH
415407,Vritika Barad,IT,Data Analyst,73,84.43,85.42,3.2,79.65,43,3.7,21,No,77.02,HIGH
330044,Nitara Lad,HR,Employee Relations,56,74.14,80.21,4.8,70.47,53,4.4,4,No,81.4,HIGH
423286,Himmat Chhabra,Finance,Accountant,65,94.27,82.28,4.1,87.25,50,3.2,17,No,81.26,HIGH
221222,Riaan Sidhu,HR,Recruitment Specialist,86,60.7,84.13,3.0,80.57,55,4.4,16,Yes,76.67,HIGH
863175,Baiju Kari,IT,Software Engineer,93,69.92,75.92,3.8,97.25,42,3.5,15,No,80.55,HIGH
947406,Emir Bera,Finance,Financial Analyst,52,89.62,91.25,3.9,99.59,40,4.5,16,No,90.69,HIGH
199340,Vritika Ganesh,HR,Recruitment Specialist,83,91.47,98.87,4.3,76.2,45,4.0,15,No,84.98,HIGH
871029,Ishaan Balasubramanian,Marketing,Marketing Executive,100,61.44,80.21,3.8,86.75,43,4.8,3,Yes,82.61,HIGH
956640,Vanya Chad,Sales,Business Development,100,88.87,93.33,4.4,77.64,43,3.3,15,No,81.65,HIGH
684320,Shalv Gole,HR,Employee Relations,81,73.83,83.61,3.8,88.53,46,4.6,7,No,84.26,HIGH
717901,Ayesha Khosla,Sales,Sales Executive,74,74.79,90.87,3.5,86.84,48,4.6,1,No,84.1,HIGH
713845,Lavanya Halder,Finance,Accountant,53,75.06,82.37,3.4,98.06,52,3.7,1,No,81.8,HIGH
235575,Shayak Konda,HR,Recruitment Specialist,54,81.92,97.5,3.0,91.57,47,4.6,13,No,85.56,HIGH
519064,Umang Bobal,Sales,Account Manager,67,88.44,95.76,3.4,98.48,48,3.9,25,No,86.74,HIGH
731526,Mehul Dyal,IT,Software Engineer,68,65.32,90.53,4.8,87.98,46,3.2,22,No,83.03,HIGH
356636,Anaya Sanghvi,Sales,Sales Executive,73,79.79,86.45,3.4,87.6,44,3.2,17,No,77.95,HIGH
912833,Himmat Grewal,IT,Cybersecurity Specialist,88,60.3,93.21,4.6,74.71,36,4.9,26,Yes,85.08,HIGH
934970,Vedika Kala,IT,Data Analyst,81,91.23,87.12,4.9,88.55,38,4.5,29,No,90.71,HIGH
433183,Diya Ratti,HR,Recruitment Specialist,90,73.45,88.29,4.1,70.73,42,3.9,22,No,78.22,HIGH
911663,Alisha Zachariah,IT,Data Analyst,84,77.02,99.24,4.5,95.07,51,4.4,11,No,91.67,HIGH
555829,Saira Sachar,HR,Recruitment Specialist,77,89.8,86.58,4.0,73.61,37,4.7,30,No,83.18,HIGH
891044,Ayesha Srinivas,Finance,Auditor,95,62.2,87.68,4.1,83.29,36,3.6,3,No,79.54,HIGH
950284,Dhanuk Chopra,HR,Recruitment Specialist,88,91.07,86.27,4.5,77.1,54,4.8,21,Yes,86.69,HIGH
156834,Zaina Ravi,HR,Recruitment Specialist,85,71.45,89.42,4.7,82.93,48,4.4,19,No,86.31,HIGH
930259,Faiyaz Sengupta,Finance,Auditor,94,62.74,81.13,3.9,98.99,52,3.6,30,No,82.2,HIGH
539275,Riya Bajaj,IT,Cybersecurity Specialist,94,67.43,75.38,5.0,77.8,36,4.2,30,Yes,81.96,HIGH
462642,Mahika Lata,IT,Data Analyst,78,81.74,75.54,4.9,80.82,47,4.0,25,No,83.13,HIGH
634075,Reyansh Atwal,IT,Data Analyst,87,77.99,75.37,3.5,80.99,38,4.5,1,Yes,79.17,HIGH
723585,Eshani Taneja,Finance,Accountant,80,63.45,86.74,4.1,71.89,40,4.9,9,No,81.26,HIGH
762205,Divij Khare,IT,Software Engineer,62,66.28,98.93,4.7,86.62,40,3.7,23,No,86.0,HIGH
330511,Zaina Basak,Sales,Sales Executive,84,72.67,81.11,4.6,81.7,51,3.7,19,No,81.2,HIGH
763796,Indranil Sanghvi,Finance,Auditor,89,61.6,94.31,3.4,70.67,36,4.8,3,Yes,79.02,HIGH
720135,Inaaya  Chada,Marketing,Marketing Executive,61,66.05,88.02,3.4,91.18,50,3.3,0,No,78.36,HIGH
289526,Vidur Kashyap,Marketing,Content Strategist,86,67.22,81.86,3.1,71.2,42,4.7,13,Yes,75.65,HIGH
322452,Darshit Gour,IT,Data Analyst,88,63.95,78.29,4.2,74.97,54,4.9,13,Yes,80.94,HIGH
893814,Sumer Acharya,Marketing,Content Strategist,98,64.44,94.95,3.3,95.23,50,3.6,5,No,81.6,HIGH
602204,Dishani Anand,Finance,Accountant,82,65.64,81.69,4.8,80.04,45,3.6,18,No,80.51,HIGH
650283,Neysa Deep,HR,Recruitment Specialist,87,63.25,98.24,4.2,99.21,41,4.3,23,Yes,89.74,HIGH
886420,Prerak Thakkar,HR,HR Manager,93,61.04,78.79,3.4,82.5,35,4.1,18,Yes,76.61,HIGH
960474,Divit Thaker,IT,Software Engineer,96,70.36,76.92,3.6,83.87,45,4.8,21,Yes,81.18,HIGH
262598,Manikya Shetty,Marketing,Marketing Executive,51,79.14,80.64,4.7,82.3,51,3.1,27,No,79.93,HIGH
768126,Hunar Dora,IT,Data Analyst,86,94.03,99.8,3.9,84.52,45,3.4,5,No,83.92,HIGH
407392,Sana Basu,HR,HR Manager,88,66.5,78.02,3.8,85.4,50,3.7,23,No,77.87,HIGH
681032,Navya Gala,Finance,Financial Analyst,61,88.68,79.11,4.9,97.0,40,4.8,17,No,92.59,HIGH
339653,Charvi Kapadia,Marketing,Content Strategist,50,63.02,90.92,4.1,87.66,48,4.9,15,No,86.78,HIGH
362818,Amira Bhardwaj,Sales,Sales Executive,92,73.8,97.2,3.8,82.64,40,4.8,3,Yes,86.01,HIGH
178252,Miraan Chahal,Finance,Auditor,72,91.22,92.52,4.6,71.74,35,5.0,12,No,87.55,HIGH
422019,Yasmin Kara,IT,Cybersecurity Specialist,67,67.47,83.66,3.6,73.29,50,4.8,21,No,79.07,HIGH
276737,Baiju Sethi,Finance,Financial Analyst,70,64.54,82.6,4.7,72.26,47,4.9,30,No,83.05,HIGH
236238,Myra Ganesh,Finance,Financial Analyst,73,80.07,84.7,4.2,92.34,35,4.7,11,No,88.25,HIGH
392185,Ayesha Chadha,Finance,Auditor,76,66.19,85.63,3.1,91.58,46,4.9,9,No,83.22,HIGH
406980,Ritvik Wagle,HR,Employee Relations,87,77.02,79.34,4.5,95.46,47,3.8,13,No,85.41,HIGH
323646,Lagan Lal,IT,Software Engineer,59,74.96,88.93,3.3,81.2,50,4.3,20,No,80.04,HIGH
188940,Nayantara Butala,Marketing,Content Strategist,67,62.85,94.79,4.1,82.43,48,3.7,5,No,81.17,HIGH
635987,Miraya Chada,IT,Cybersecurity Specialist,57,73.74,97.8,3.9,73.87,49,3.7,11,No,79.5,HIGH
303700,Gokul Arora,Finance,Financial Analyst,72,84.49,91.24,3.7,86.21,46,4.2,27,No,84.16,HIGH
387395,Chirag Vig,Sales,Business Development,55,90.57,99.09,4.1,77.91,47,4.0,22,No,84.65,HIGH
394838,Rhea Brahmbhatt,Sales,Business Development,57,82.53,90.53,3.7,76.21,37,4.6,25,No,82.42,HIGH
762077,Rati Iyengar,Sales,Business Development,95,92.1,82.48,4.6,95.6,37,4.4,14,Yes,90.39,HIGH
648713,Lagan Som,Finance,Financial Analyst,55,64.62,91.66,3.4,78.24,44,4.4,30,No,79.47,HIGH
782643,Pihu Sarraf,IT,Software Engineer,79,92.06,83.47,4.9,96.88,47,5.0,12,No,94.56,HIGH
335076,Riaan Suri,Sales,Business Development,97,66.15,77.45,4.7,99.59,53,4.7,16,Yes,89.58,HIGH
742640,Divit Banik,Finance,Accountant,71,67.14,76.39,4.6,95.29,50,4.0,4,No,84.98,HIGH
587790,Hunar Saran,Marketing,Marketing Executive,64,67.88,78.33,4.8,97.84,42,3.5,28,No,85.01,HIGH
741941,Khushi Barad,Marketing,Content Strategist,52,82.98,75.82,4.5,89.13,45,3.4,25,No,81.8,HIGH
542568,Rasha Lalla,Marketing,SEO Specialist,76,63.62,80.17,4.5,83.32,45,4.4,27,No,82.99,HIGH
839443,Navya Lall,IT,Data Analyst,81,72.43,86.41,3.7,80.55,36,4.5,29,No,81.49,HIGH
984036,Taran Dhaliwal,Sales,Account Manager,50,73.44,86.2,3.4,77.63,35,3.3,8,No,74.67,MEDIUM
594996,Tejas Hans,HR,Employee Relations,51,60.1,85.23,3.7,89.67,36,4.3,17,No,81.96,HIGH
267932,Aaryahi Loyal,HR,Employee Relations,57,75.07,79.7,4.2,88.75,41,4.0,5,No,82.87,HIGH
834944,Aarna Din,Marketing,Marketing Executive,63,87.08,81.5,3.0,74.99,49,3.6,0,No,73.9,MEDIUM
541090,Lavanya Batta,Marketing,Marketing Executive,57,78.18,96.46,5.0,84.8,48,3.5,7,No,86.55,HIGH
561289,Pihu Keer,IT,Data Analyst,82,64.33,78.27,4.1,76.74,42,3.4,0,No,75.11,HIGH
851462,Jiya Rajan,Marketing,SEO Specialist,88,73.89,94.64,4.2,92.41,35,3.1,16,No,83.24,HIGH
252844,Vedika Deshpande,IT,Software Engineer,86,61.25,95.97,3.4,99.37,44,3.1,15,No,81.13,HIGH
826413,Arhaan Bala,Sales,Sales Executive,97,79.6,97.87,4.7,78.05,40,4.6,15,Yes,88.15,HIGH
312278,Emir Goel,Sales,Sales Executive,54,84.88,91.47,3.5,75.71,45,4.7,7,No,82.3,HIGH
698472,Charvi Doctor,Marketing,Content Strategist,73,74.81,87.87,3.1,86.12,55,4.0,21,No,79.29,HIGH
185729,Alia Tandon,HR,Recruitment Specialist,95,81.95,89.39,4.2,98.2,52,3.4,6,No,85.93,HIGH
993983,Riya Virk,IT,Cybersecurity Specialist,77,74.94,80.4,4.8,96.93,39,3.3,12,No,85.05,HIGH
208933,Zeeshan Shetty,Finance,Accountant,68,67.03,91.02,3.9,74.97,48,4.7,29,No,81.8,HIGH
308105,Ayesha Ram,Finance,Auditor,81,88.38,99.75,3.3,89.16,44,3.0,1,No,80.74,HIGH
956821,Sahil Lad,Sales,Sales Executive,62,91.17,76.4,3.4,73.62,40,3.7,10,No,74.88,MEDIUM
537396,Adira Ratti,Marketing,Content Strategist,71,86.79,99.65,4.5,94.31,53,3.4,26,No,88.5,HIGH
502306,Renee Deshpande,Finance,Accountant,92,83.42,93.41,4.0,90.91,35,3.3,22,No,83.5,HIGH
154238,Kismat Bhatti,IT,Data Analyst,97,71.65,76.72,4.7,90.25,48,4.5,3,Yes,86.38,HIGH
753094,Kaira Raju,Sales,Business Development,74,82.82,76.4,4.3,85.35,43,3.4,12,No,79.97,HIGH
987628,Indrajit Gulati,Finance,Accountant,72,84.73,87.83,4.5,89.58,51,3.9,18,No,86.51,HIGH
315441,Mehul Kamdar,Marketing,Content Strategist,82,70.26,95.76,3.6,75.86,45,3.8,29,No,78.54,HIGH
546027,Khushi Khatri,HR,Recruitment Specialist,75,65.27,75.57,3.2,85.35,41,3.0,27,No,72.05,MEDIUM
289687,Divit Ravel,Finance,Auditor,78,67.68,92.36,4.4,78.97,55,4.5,20,No,84.53,HIGH
602759,Yuvraj  Gade,IT,Data Analyst,94,90.48,97.78,4.3,86.4,35,3.3,27,No,84.92,HIGH
263697,Vedika Ahluwalia,Finance,Financial Analyst,89,70.95,93.83,4.9,86.93,52,4.4,20,Yes,89.14,HIGH
172448,Vaibhav Sharaf,HR,HR Manager,82,71.89,95.37,3.7,90.17,49,4.4,12,No,85.71,HIGH
427542,Samarth Kothari,IT,Cybersecurity Specialist,82,85.65,99.89,4.2,99.0,41,4.6,8,No,93.44,HIGH
631621,Raghav Trivedi,Sales,Account Manager,61,80.52,92.15,4.5,89.08,36,3.2,29,No,84.01,HIGH
915795,Reyansh D’Alia,IT,Data Analyst,100,72.38,84.41,4.7,98.06,51,4.4,28,Yes,89.94,HIGH
847450,Mohanlal Manne,Marketing,Marketing Executive,95,92.43,94.77,3.2,73.36,39,4.0,22,No,79.0,HIGH
959448,Hansh Srinivas,Marketing,SEO Specialist,58,91.59,87.19,3.8,75.97,54,3.8,17,No,79.79,HIGH
762556,Onkar Grewal,Finance,Auditor,93,83.89,82.82,4.2,96.99,47,4.1,30,Yes,87.25,HIGH
333098,Suhana Sethi,Finance,Financial Analyst,82,73.25,79.11,4.3,81.89,43,3.4,6,No,78.51,HIGH
663170,Alisha Varty,Marketing,Content Strategist,80,82.12,92.36,3.3,78.28,40,3.2,19,No,76.17,HIGH
550082,Tarini Chokshi,Marketing,SEO Specialist,83,92.48,82.71,4.5,93.21,37,4.4,23,No,89.35,HIGH
847088,Lavanya Doshi,Sales,Business Development,56,87.41,94.26,3.5,99.0,51,4.9,7,No,90.89,HIGH
920235,Zain Bora,HR,HR Manager,84,68.66,86.9,4.6,96.8,44,4.7,2,No,90.49,HIGH
704454,Romil Badal,HR,Employee Relations,74,64.98,82.92,3.9,75.34,38,3.7,11,No,76.08,HIGH
508344,Divit Srinivas,Finance,Financial Analyst,75,84.48,83.94,4.0,95.9,55,4.5,0,No,88.01,HIGH
842518,Advika Golla,Marketing,Content Strategist,65,66.65,82.45,3.5,83.83,51,3.8,2,No,77.5,HIGH
326916,Nitya Hayre,Finance,Accountant,92,80.84,98.24,4.7,94.1,47,3.4,20,No,88.36,HIGH
936303,Samaira Kota,Sales,Sales Executive,64,73.46,99.56,3.4,71.88,35,4.6,27,No,80.82,HIGH
592492,Dhanush Lata,Marketing,Content Strategist,97,76.86,94.55,3.3,70.31,50,3.7,27,No,75.69,HIGH
294202,Lagan Babu,Sales,Sales Executive,86,76.77,99.84,4.4,87.58,51,3.8,18,No,86.72,HIGH
337519,Ela Mallick,HR,Employee Relations,65,62.02,97.94,4.6,91.09,50,3.6,12,No,85.92,HIGH
295577,Indranil Rama,IT,Data Analyst,69,62.07,93.02,4.9,74.01,39,4.4,22,No,84.21,HIGH
860642,Mohanlal Swaminathan,Finance,Auditor,82,81.67,77.09,4.5,97.9,46,4.3,24,No,88.16,HIGH
342610,Mamooty De,IT,Software Engineer,63,89.69,92.23,4.7,76.35,36,3.1,5,No,81.52,HIGH
814951,Purab Sachdeva,Sales,Account Manager,58,89.62,85.13,4.9,94.41,40,4.0,0,No,89.91,HIGH
793554,Jivika Gaba,IT,Data Analyst,74,60.8,86.19,4.8,85.6,35,4.3,24,No,85.4,HIGH
211915,Renee Mahal,IT,Software Engineer,50,82.71,95.13,3.9,75.03,42,3.1,6,No,77.81,HIGH
471393,Divyansh Roy,IT,Cybersecurity Specialist,69,74.05,84.18,4.8,86.31,41,3.9,14,No,84.93,HIGH
698901,Seher Jaggi,Finance,Auditor,80,65.06,90.35,4.5,99.44,54,5.0,27,No,92.41,HIGH
746266,Misha Dyal,HR,HR Manager,62,71.94,77.61,4.9,82.73,54,3.1,22,No,79.54,HIGH
964667,Shray Kothari,IT,Cybersecurity Specialist,85,93.1,93.9,4.8,87.4,39,3.2,5,No,86.31,HIGH
534033,Shlok Das,Sales,Business Development,78,79.97,97.09,3.1,84.82,42,3.2,15,No,78.06,HIGH
679655,Kashvi Dugar,IT,Data Analyst,97,83.21,90.21,4.1,82.82,39,3.6,7,No,82.01,HIGH
453437,Ela Dada,Sales,Sales Executive,94,61.17,96.36,3.9,84.59,42,3.0,8,No,78.37,HIGH
644425,Kiara Bhalla,Finance,Auditor,66,83.48,79.72,4.8,71.71,48,4.3,18,No,82.2,HIGH
360054,Arnav Sama,IT,Cybersecurity Specialist,73,69.28,79.51,3.2,91.02,35,4.8,11,No,82.14,HIGH
958983,Kabir Dey,IT,Cybersecurity Specialist,54,90.19,82.97,4.9,83.52,37,4.7,17,No,89.07,HIGH
896143,Zaina Tailor,Marketing,Marketing Executive,56,68.15,89.51,4.3,77.32,47,4.6,11,No,83.51,HIGH
112033,Riya Bora,IT,Data Analyst,88,89.68,80.68,4.2,72.86,41,4.0,2,No,79.76,HIGH
966510,Shayak Sama,Sales,Business Development,96,85.46,94.64,3.7,94.08,49,3.8,1,No,85.7,HIGH
816553,Kiara Sunder,HR,HR Manager,69,88.01,79.53,4.5,91.7,53,3.4,20,No,83.82,HIGH
201544,Alisha Khurana,Marketing,Marketing Executive,55,61.0,99.91,4.6,75.56,48,4.4,12,No,84.75,HIGH
421420,Drishya Lalla,Marketing,SEO Specialist,51,71.53,95.64,3.8,72.76,41,3.9,9,No,78.91,HIGH
784115,Siya Chacko,Marketing,Marketing Executive,92,85.66,79.38,4.0,91.14,46,3.6,19,No,82.18,HIGH
980882,Hansh Bora,Marketing,Content Strategist,99,73.95,82.73,4.1,93.3,45,4.4,30,Yes,85.93,HIGH
963994,Lakshit Magar,Sales,Business Development,78,73.14,89.4,5.0,72.73,53,3.9,20,No,82.61,HIGH
197724,Dhanush Lala,Sales,Business Development,68,61.46,88.26,4.5,75.21,49,4.5,20,No,82.36,HIGH
628515,Aaryahi Dubey,Finance,Auditor,72,82.43,86.41,3.4,82.03,44,4.8,13,No,82.93,HIGH
428037,Zeeshan Banik,Sales,Business Development,93,80.89,81.52,3.3,88.87,52,3.8,17,No,79.45,HIGH
545469,Dhanuk Verma,Marketing,Marketing Executive,62,65.17,93.08,3.9,82.88,48,4.7,6,No,84.4,HIGH
588823,Divyansh Viswanathan,Marketing,SEO Specialist,73,60.48,99.82,4.8,92.1,46,3.6,26,No,87.24,HIGH
214279,Alisha Chana,Finance,Accountant,96,93.48,75.65,4.9,79.08,38,4.5,9,Yes,85.8,HIGH
546626,Ranbir Choudhury,Marketing,Content Strategist,59,87.25,81.56,3.5,85.22,48,3.5,26,No,78.6,HIGH
886828,Myra Khatri,Sales,Account Manager,66,92.26,99.67,4.3,89.0,43,3.8,5,No,88.26,HIGH
944488,Ojas Arya,IT,Software Engineer,63,76.21,89.59,3.0,92.27,51,4.9,15,No,84.82,HIGH
956439,Aayush Gupta,IT,Cybersecurity Specialist,61,64.04,79.01,4.8,92.85,55,3.6,27,No,83.66,HIGH
777134,Heer Kunda,Finance,Accountant,68,66.47,96.84,3.1,93.7,37,4.3,21,No,83.72,HIGH
867035,Jayesh Sharaf,Marketing,Marketing Executive,71,92.64,79.77,4.1,78.37,45,4.9,12,No,84.73,HIGH
503551,Shaan Lata,HR,Employee Relations,97,65.14,76.47,4.9,72.44,44,4.1,24,Yes,79.54,HIGH
229357,Ivan Ram,Finance,Accountant,85,87.72,87.93,4.3,91.14,50,4.5,0,No,88.9,HIGH
165246,Aarav Rajagopalan,Sales,Account Manager,56,91.95,77.51,3.3,75.56,37,4.6,21,No,78.96,HIGH
154234,Adira D’Alia,Finance,Auditor,51,82.84,89.79,4.3,76.83,40,4.1,12,No,82.89,HIGH
570841,Kiaan Shetty,HR,HR Manager,59,70.44,88.99,3.8,97.42,49,3.1,13,No,81.67,HIGH
491184,Vihaan Sankar,Sales,Sales Executive,79,81.83,80.12,3.1,99.61,41,3.4,5,No,80.09,HIGH
111003,Baiju Bhasin,Marketing,Content Strategist,55,77.72,88.43,4.4,83.63,38,3.8,4,No,83.35,HIGH
743102,Damini Verma,HR,HR Manager,56,74.67,76.66,3.1,92.95,51,4.5,6,No,81.08,HIGH
421030,Dhruv Sankaran,Marketing,Content Strategist,66,63.75,98.89,3.3,92.95,40,3.5,28,No,81.24,HIGH
867866,Vivaan Gandhi,IT,Software Engineer,81,80.58,83.56,3.6,77.29,54,4.6,20,No,80.76,HIGH
976327,Suhana Yohannan,HR,Employee Relations,64,73.39,84.63,4.2,89.47,44,4.5,21,No,85.91,HIGH
852635,Mohanlal Boase,Sales,Business Development,87,92.46,93.54,3.4,79.73,41,4.7,28,Yes,84.27,HIGH
482970,Yasmin Sodhi,IT,Data Analyst,92,86.24,76.66,4.8,79.7,55,3.5,11,No,81.07,HIGH
507301,Manjari Bhargava,Sales,Sales Executive,58,94.99,99.09,3.5,85.58,44,4.0,25,No,84.99,HIGH
979193,Heer Sinha,Sales,Business Development,60,74.17,95.69,3.1,77.25,35,4.1,21,No,78.53,HIGH
578260,Hansh Karan,Marketing,SEO Specialist,50,85.45,96.03,4.0,92.06,37,3.3,1,No,84.57,HIGH
722103,Madhup Goda,Marketing,Content Strategist,68,62.57,81.28,4.0,79.97,40,3.4,5,No,76.1,HIGH
878117,Taran Srivastava,HR,HR Manager,64,79.49,97.49,4.6,81.0,44,3.6,2,No,84.55,HIGH
248305,Anahita Kala,Marketing,Content Strategist,53,87.12,88.02,4.6,98.95,38,3.2,26,No,87.2,HIGH
460624,Priyansh Dua,Finance,Financial Analyst,76,80.11,91.63,3.6,95.74,46,3.8,3,No,84.66,HIGH
547479,Tushar Dyal,Finance,Financial Analyst,80,76.13,86.34,4.4,79.46,54,3.1,7,No,78.72,HIGH
491782,Aarush Anand,HR,HR Manager,79,61.37,82.4,4.7,96.87,50,3.6,8,No,84.88,HIGH
437918,Prerak Buch,Sales,Sales Executive,71,61.56,96.52,4.5,98.67,43,3.4,3,No,86.66,HIGH
725370,Yashvi Sankar,HR,Recruitment Specialist,80,88.43,91.56,3.5,72.21,51,3.5,18,No,76.82,HIGH
867397,Chirag Som,Sales,Sales Executive,99,90.84,98.9,5.0,84.75,52,4.1,19,Yes,90.69,HIGH
788096,Purab Borah,Sales,Account Manager,59,70.77,96.19,3.9,86.54,50,3.0,22,No,79.88,HIGH
277702,Vanya Baria,Sales,Sales Executive,62,88.43,76.64,4.4,86.07,40,4.2,10,No,84.39,HIGH
456614,Saksham Lad,IT,Software Engineer,62,91.63,92.08,3.7,84.15,45,4.4,17,No,85.22,HIGH
100518,Baiju Baria,Sales,Account Manager,58,79.87,92.64,4.5,75.94,54,3.4,7,No,80.9,HIGH
829422,Hazel Babu,HR,Recruitment Specialist,95,70.47,81.41,3.4,78.27,36,3.5,28,No,74.41,MEDIUM
106767,Dhruv Srinivas,Finance,Financial Analyst,63,88.41,94.44,4.4,82.85,45,4.4,0,No,87.78,HIGH
749676,Neelofar Sunder,Marketing,Marketing Executive,79,89.14,85.18,4.9,73.88,36,3.0,2,No,79.71,HIGH
989754,Ivana Brahmbhatt,IT,Cybersecurity Specialist,69,70.93,98.84,3.8,96.23,44,4.2,9,No,87.73,HIGH
701566,Nehmat Dugar,HR,HR Manager,55,83.07,83.26,4.5,75.92,55,5.0,28,No,85.74,HIGH
983385,Vihaan Samra,IT,Software Engineer,66,80.41,98.32,4.6,89.22,52,3.2,5,No,85.67,HIGH
175504,Divyansh Batta,Marketing,Marketing Executive,55,82.72,81.21,4.5,95.34,43,3.8,4,No,86.32,HIGH
957647,Adira Chakraborty,IT,Cybersecurity Specialist,51,81.35,82.69,4.3,76.95,47,4.6,5,No,83.36,HIGH
390533,Tiya Rajagopal,Marketing,Content Strategist,76,75.33,77.18,3.9,83.79,50,3.8,10,No,78.91,HIGH
156499,Taimur Mander,IT,Cybersecurity Specialist,58,89.27,81.54,4.5,98.01,37,3.1,13,No,85.04,HIGH
638294,Alia Shan,Sales,Account Manager,91,69.14,87.89,3.8,88.58,53,3.9,25,No,81.87,HIGH
684696,Manikya Ben,IT,Software Engineer,72,67.13,76.85,4.6,93.58,37,3.2,21,No,81.36,HIGH
989524,Neysa Chana,Finance,Financial Analyst,92,83.87,94.54,4.0,92.93,35,4.6,25,Yes,89.57,HIGH
137220,Aarush Wagle,Sales,Sales Executive,96,62.39,76.2,3.5,72.24,40,4.8,15,Yes,76.35,HIGH
483500,Sana Dalal,IT,Cybersecurity Specialist,88,66.58,78.86,3.1,89.1,38,4.7,6,Yes,80.36,HIGH
927544,Shray Manda,Finance,Financial Analyst,75,62.55,81.15,3.1,70.64,53,4.2,1,No,72.88,MEDIUM
324262,Mamooty Virk,Finance,Accountant,63,62.32,80.88,3.1,88.74,50,4.5,29,No,79.43,HIGH
790124,Aaryahi Bhandari,Sales,Sales Executive,65,86.84,78.45,4.2,86.9,46,3.5,10,No,81.24,HIGH
396232,Taran Divan,Marketing,SEO Specialist,62,86.86,86.53,4.1,97.33,46,4.9,0,No,91.19,HIGH
947362,Saksham Chand,Marketing,SEO Specialist,90,70.04,76.39,3.9,75.33,37,4.1,9,Yes,76.88,HIGH
718297,Abram Bahri,HR,HR Manager,52,94.01,88.47,3.3,80.48,47,3.8,13,No,79.64,HIGH
730498,Hiran Mahajan,Sales,Account Manager,78,62.95,79.62,4.9,84.39,43,3.7,27,No,81.94,HIGH
611163,Bhavin Savant,Sales,Sales Executive,80,60.62,79.71,4.3,83.08,36,3.8,21,No,79.33,HIGH
195474,Baiju Issac,Marketing,Content Strategist,98,61.93,75.75,3.7,73.59,37,3.8,20,No,73.42,MEDIUM
442187,Dhanuk Roy,Sales,Account Manager,67,73.56,87.41,3.4,83.74,55,4.3,10,No,80.76,HIGH
543775,Tarini Deo,Sales,Sales Executive,80,76.85,98.94,4.3,93.5,45,4.8,26,No,91.92,HIGH
862032,Dhruv Devi,Finance,Accountant,80,73.07,98.99,3.6,79.75,39,4.2,22,No,82.23,HIGH
109437,Jivika Dube,Sales,Business Development,95,91.57,99.9,3.2,98.03,44,3.9,22,No,86.95,HIGH
179362,Rania Wali,HR,HR Manager,87,80.77,91.48,4.4,91.9,39,3.7,0,No,86.34,HIGH
333437,Jayan Borah,Marketing,Content Strategist,86,64.12,86.85,4.3,80.67,42,4.9,12,Yes,84.78,HIGH
910106,Indranil Singh,IT,Data Analyst,79,89.21,94.8,4.2,79.29,51,4.5,14,No,86.47,HIGH
907216,Divyansh Bobal,Marketing,Marketing Executive,64,85.06,88.6,4.1,81.81,38,5.0,4,No,87.17,HIGH
232186,Riya Lad,Marketing,Content Strategist,70,80.64,86.24,3.9,78.1,45,4.8,13,No,83.54,HIGH
854991,Raghav Sarkar,Sales,Account Manager,59,72.5,80.69,4.6,74.64,45,3.3,21,No,77.38,HIGH
201511,Ivan Bajaj,Finance,Auditor,65,61.74,93.01,3.5,70.6,55,4.1,23,No,76.36,HIGH
699835,Oorja Banik,HR,Employee Relations,51,66.78,76.07,3.3,96.74,45,4.9,11,No,83.71,HIGH
665553,Parinaaz Sengupta,Marketing,Marketing Executive,56,69.99,83.24,4.7,87.37,41,3.6,15,No,83.06,HIGH
890439,Sana Apte,Finance,Auditor,99,70.44,96.99,4.7,94.95,36,3.3,22,No,86.93,HIGH
716755,Mishti Kara,HR,HR Manager,92,89.27,96.6,3.1,98.36,40,4.7,3,Yes,88.96,HIGH
748838,Jivika Talwar,Finance,Financial Analyst,55,81.78,87.17,3.3,71.38,38,3.5,12,No,74.23,MEDIUM
880580,Nehmat Bali,Finance,Auditor,94,75.79,85.01,4.5,74.44,46,3.5,18,No,78.91,HIGH
404757,Jayesh Srivastava,Sales,Business Development,53,76.01,97.84,3.1,88.01,51,4.7,28,No,84.77,HIGH
510610,Gatik Batta,IT,Cybersecurity Specialist,65,60.69,94.65,3.0,91.8,43,3.5,18,No,78.54,HIGH
550593,Anay Sur,IT,Data Analyst,57,70.64,85.62,3.6,73.93,42,3.6,4,No,75.17,HIGH
961481,Dhruv Lad,Finance,Accountant,53,77.12,76.64,3.5,97.64,37,4.4,15,No,83.93,HIGH
234804,Seher Kala,HR,Employee Relations,53,79.23,98.62,3.8,81.39,44,3.2,30,No,80.06,HIGH
391731,Saanvi Walia,Finance,Financial Analyst,58,71.98,79.6,3.5,76.95,36,3.6,6,No,74.6,MEDIUM
420457,Ryan Amble,Sales,Account Manager,85,64.99,80.11,4.9,73.61,42,4.1,24,No,80.6,HIGH
374045,Alia Vyas,Marketing,SEO Specialist,70,94.43,93.67,4.6,83.27,38,3.6,2,No,85.96,HIGH
408708,Kismat Basak,IT,Data Analyst,70,87.26,99.18,4.2,88.71,38,3.5,14,No,85.98,HIGH
444181,Khushi Sehgal,Marketing,Content Strategist,62,87.73,75.64,4.2,95.44,47,4.1,1,No,85.73,HIGH
279158,Advika Mani,HR,Recruitment Specialist,53,89.26,91.59,4.6,72.87,35,4.3,13,No,84.71,HIGH
899066,Kartik Basu,Marketing,Marketing Executive,81,94.98,89.72,4.3,80.63,41,4.0,24,No,84.83,HIGH
210858,Onkar Dara,HR,Recruitment Specialist,96,81.56,92.17,4.8,92.74,40,4.9,17,Yes,93.21,HIGH
324049,Suhana Dube,HR,Recruitment Specialist,69,71.91,90.09,3.3,76.49,47,3.7,5,No,76.16,HIGH
743502,Misha Bail,IT,Software Engineer,66,76.72,88.43,4.0,86.11,41,4.6,6,No,85.59,HIGH
556012,Alia Chana,HR,HR Manager,89,64.69,84.51,3.0,94.85,37,3.4,10,No,77.43,HIGH
425767,Oorja Gour,Finance,Auditor,67,71.85,98.15,4.5,92.87,39,4.8,15,No,91.88,HIGH
681640,Siya Lanka,Sales,Account Manager,82,75.65,83.76,4.5,94.95,35,3.2,28,No,83.6,HIGH
937965,Zara Arora,Finance,Financial Analyst,87,72.05,91.58,5.0,80.35,55,3.9,26,No,85.23,HIGH
876231,Sara Kamdar,IT,Data Analyst,66,94.01,94.25,4.4,75.91,52,3.1,17,No,81.02,HIGH
343042,Pari Krish,Marketing,Content Strategist,80,72.35,85.73,4.2,99.47,46,3.1,4,No,83.42,HIGH
597342,Hridaan Kapoor,HR,Recruitment Specialist,66,71.87,76.4,4.3,87.99,36,3.4,7,No,79.66,HIGH
199900,Pihu Dua,Marketing,SEO Specialist,98,67.65,81.62,3.5,76.33,49,4.9,12,Yes,79.59,HIGH
624293,Dhanush Chaudhary,HR,Employee Relations,56,71.1,80.48,4.5,77.66,53,3.2,19,No,77.3,HIGH
666708,Tarini Batta,IT,Cybersecurity Specialist,83,77.4,86.09,3.9,84.31,49,4.8,2,No,85.05,HIGH
821580,Shanaya Borra,HR,HR Manager,95,73.62,81.12,3.8,86.89,36,4.5,30,Yes,82.85,HIGH
273429,Shaan Wadhwa,Marketing,Content Strategist,56,75.49,96.85,4.0,80.04,44,3.5,11,No,80.93,HIGH
587962,Nayantara Hora,Marketing,Marketing Executive,53,94.03,90.92,5.0,98.71,36,3.0,6,No,89.2,HIGH
158993,Taran Chahal,HR,HR Manager,57,73.04,86.14,4.3,93.1,42,4.7,18,No,88.46,HIGH
754402,Kismat Badami,HR,HR Manager,56,93.25,87.21,4.5,80.48,39,4.4,1,No,86.51,HIGH
147572,Stuvan Viswanathan,Marketing,Content Strategist,84,92.99,83.05,4.5,76.37,39,5.0,8,No,86.82,HIGH
149524,Kimaya Basu,Finance,Financial Analyst,92,94.51,78.42,3.5,90.0,36,3.7,6,No,80.94,HIGH
267851,Hunar Bhattacharyya,Finance,Accountant,86,85.0,94.63,3.8,94.7,38,3.8,14,No,86.24,HIGH
994578,Arnav Bahl,Marketing,Marketing Executive,69,91.03,90.26,3.6,84.23,51,3.0,13,No,78.82,HIGH
212840,Kashvi Sood,Sales,Account Manager,78,94.43,82.67,3.2,73.3,42,3.4,17,No,74.37,MEDIUM
723998,Yuvraj  Sinha,HR,HR Manager,51,88.61,85.15,4.5,73.2,39,4.3,12,No,83.05,HIGH
528120,Nayantara Ranganathan,Finance,Auditor,55,90.61,80.08,4.7,97.45,54,3.2,16,No,85.91,HIGH
814209,Aaryahi Gaba,Marketing,SEO Specialist,60,63.05,85.97,4.5,84.94,44,4.2,30,No,83.78,HIGH
173088,Tiya Cheema,Finance,Accountant,81,83.33,78.66,4.3,91.83,51,5.0,7,No,88.81,HIGH
971324,Mishti Vala,Sales,Business Development,66,63.78,99.71,3.3,81.08,45,4.5,7,No,81.84,HIGH
113859,Madhup Thaman,Finance,Auditor,87,67.49,92.71,3.3,73.17,43,4.4,29,Yes,78.04,HIGH
202575,Aniruddh Dada,Marketing,SEO Specialist,63,89.66,78.05,4.5,77.49,35,3.5,2,No,79.82,HIGH
786419,Tiya Bumb,IT,Cybersecurity Specialist,50,68.15,88.6,4.6,98.15,53,4.2,23,No,89.18,HIGH
918412,Rohan Hegde,Marketing,Content Strategist,52,64.67,88.17,5.0,81.16,43,4.3,24,No,85.65,HIGH
923713,Dhanuk Goda,Marketing,Content Strategist,69,78.31,91.99,3.6,73.42,39,4.9,3,No,82.26,HIGH
726267,Pranay Bala,HR,Employee Relations,91,87.99,82.15,4.2,71.9,54,3.1,18,No,76.0,HIGH
531522,Tanya Saha,HR,HR Manager,80,61.56,96.99,5.0,85.23,54,4.0,12,No,87.12,HIGH
668287,Saanvi Bansal,IT,Data Analyst,92,60.71,89.34,3.4,92.13,52,3.2,15,No,77.98,HIGH
562237,Nehmat Butala,Sales,Sales Executive,72,89.08,91.16,4.3,80.46,48,3.3,25,No,81.68,HIGH
842209,Sana Raval,Sales,Business Development,94,84.71,94.64,3.8,70.92,47,3.6,2,No,78.28,HIGH
907833,Himmat Banik,Sales,Account Manager,90,67.68,85.5,3.4,82.46,47,4.0,15,No,78.21,HIGH
294821,Riya Dara,IT,Data Analyst,73,80.77,78.75,3.9,90.24,50,3.3,21,No,79.7,HIGH
647109,Trisha Ghosh,Finance,Auditor,98,73.2,83.32,5.0,95.17,35,4.3,30,Yes,89.74,HIGH
217539,Siya Kamdar,Marketing,SEO Specialist,99,89.32,95.5,4.5,83.3,35,3.9,22,No,86.62,HIGH
306888,Baiju Gara,Finance,Financial Analyst,95,84.87,82.68,4.6,79.94,47,3.0,4,No,79.4,HIGH
930376,Ishaan Lata,Finance,Financial Analyst,58,87.43,98.4,3.4,98.45,45,3.8,1,No,86.76,HIGH
172400,Madhav Bose,HR,Employee Relations,86,71.51,94.62,4.9,71.6,38,4.3,1,Yes,84.36,HIGH
273417,Manikya Sekhon,HR,Recruitment Specialist,58,79.1,88.24,3.2,98.34,50,4.6,2,No,86.26,HIGH
685654,Riaan Madan,IT,Software Engineer,70,92.45,82.8,3.6,96.89,35,3.3,2,No,82.47,HIGH
728627,Purab Uppal,Sales,Sales Executive,50,79.27,88.51,3.5,92.41,41,3.0,24,No,79.35,HIGH
738311,Damini Sarma,Marketing,SEO Specialist,61,75.59,97.04,4.6,86.72,42,4.2,16,No,88.18,HIGH
656933,Kaira Doctor,Marketing,SEO Specialist,96,63.88,97.25,5.0,83.76,37,4.8,28,Yes,90.17,HIGH
878794,Aaryahi Chowdhury,Finance,Financial Analyst,86,91.89,76.95,3.9,90.91,48,3.5,22,No,81.45,HIGH
796535,Kiara Tara,IT,Cybersecurity Specialist,69,91.56,96.85,4.5,96.63,55,4.4,2,No,93.12,HIGH
756402,Abram Randhawa,IT,Cybersecurity Specialist,70,77.88,95.6,3.0,82.62,35,3.2,4,No,76.49,HIGH
506054,Rania Shetty,IT,Data Analyst,63,60.1,79.03,4.9,93.83,35,4.8,15,No,88.77,HIGH
556870,Indrans Varty,Marketing,SEO Specialist,56,91.92,89.45,4.6,99.73,35,3.5,30,No,89.4,HIGH
518242,Kartik Sheth,HR,HR Manager,69,81.67,87.32,3.5,98.73,48,4.9,18,No,88.85,HIGH
317218,Samar Wali,Finance,Auditor,66,85.17,89.33,4.8,90.94,37,4.7,27,No,91.66,HIGH
177238,Pari Buch,Finance,Auditor,83,74.77,75.93,3.5,95.24,36,4.5,25,No,83.24,HIGH
652243,Madhup Sachar,Sales,Account Manager,76,82.02,94.29,3.5,80.89,48,4.4,7,No,82.93,HIGH
665258,Divij Chatterjee,Marketing,Marketing Executive,82,68.51,82.81,3.8,79.06,48,3.6,17,No,76.73,HIGH
254095,Jayan Rajan,IT,Data Analyst,68,60.94,95.48,3.4,75.62,44,4.5,2,No,79.48,HIGH
521820,Krish Venkatesh,Marketing,SEO Specialist,64,94.61,78.68,3.8,71.6,42,4.3,2,No,79.08,HIGH
328735,Bhamini Balakrishnan,Finance,Financial Analyst,80,78.34,90.57,4.8,82.35,46,4.0,20,No,85.85,HIGH
619872,Samiha Ghosh,IT,Cybersecurity Specialist,91,81.39,86.56,3.6,84.25,41,3.7,17,No,79.93,HIGH
648758,Miraya Kapadia,Finance,Financial Analyst,76,65.26,90.84,3.0,96.19,49,3.6,14,No,79.95,HIGH
412273,Eva Sodhi,Sales,Account Manager,80,86.98,95.65,4.8,87.75,51,3.7,1,No,88.15,HIGH
832515,Anya Kari,HR,Recruitment Specialist,56,64.37,89.83,4.9,91.32,51,4.6,9,No,89.8,HIGH
333120,Divit Kaul,HR,Recruitment Specialist,69,61.33,87.38,3.2,87.12,51,4.6,18,No,80.94,HIGH
715641,Pranay Wagle,IT,Software Engineer,56,74.58,86.08,3.6,72.67,46,3.5,20,No,74.88,MEDIUM
772182,Nitya Brahmbhatt,Finance,Accountant,67,81.22,96.34,3.6,96.39,37,3.7,18,No,85.51,HIGH
366953,Kashvi Dey,IT,Data Analyst,65,64.88,78.56,3.1,82.83,40,3.7,9,No,74.25,MEDIUM
807043,Vivaan Sane,Marketing,Content Strategist,76,76.99,98.99,4.1,85.55,44,4.0,4,No,85.56,HIGH
739863,Baiju Luthra,Marketing,Marketing Executive,73,64.06,82.71,4.6,85.82,37,4.3,8,No,84.29,HIGH
625906,Anay Madan,IT,Cybersecurity Specialist,58,71.66,75.07,4.3,83.99,49,3.8,1,No,79.78,HIGH
340579,Ahana  Chander,HR,Recruitment Specialist,96,66.94,97.43,3.3,78.37,37,4.6,19,Yes,81.29,HIGH
423044,Hazel Iyer,Marketing,Content Strategist,82,94.57,93.26,3.2,80.0,47,4.4,11,No,82.51,HIGH
975516,Jayan Tank,Marketing,SEO Specialist,52,94.49,85.87,3.0,77.39,53,4.2,23,No,78.64,HIGH
716498,Samaira Karnik,HR,HR Manager,90,94.78,80.47,3.8,74.62,47,3.1,4,No,75.56,HIGH
870543,Anika Apte,HR,Recruitment Specialist,65,81.24,92.76,4.6,71.76,37,4.2,0,No,83.4,HIGH
580145,Anahita Chakraborty,Sales,Business Development,56,80.47,81.76,4.3,87.03,43,4.0,13,No,83.71,HIGH
746049,Kashvi Ganguly,Marketing,SEO Specialist,55,69.5,80.5,4.7,71.15,50,4.4,24,No,80.8,HIGH
538887,Dharmajan Sarma,HR,Recruitment Specialist,56,74.92,91.4,4.9,99.63,54,4.0,28,No,91.26,HIGH
412757,Farhan Arora,HR,Employee Relations,61,74.89,76.23,3.3,71.65,43,3.3,28,No,70.63,MEDIUM
559289,Renee Basu,HR,HR Manager,80,91.96,90.4,5.0,72.73,51,3.8,1,No,84.3,HIGH
857674,Rhea Sarma,HR,Employee Relations,97,83.26,86.44,3.7,85.51,42,4.8,0,Yes,85.27,HIGH
918144,Oorja Jain,HR,HR Manager,99,71.98,89.56,3.3,87.55,55,5.0,27,Yes,84.57,HIGH
898197,Nitara Basu,Finance,Financial Analyst,97,66.8,94.77,4.4,71.23,38,4.1,7,Yes,81.0,HIGH
221770,Dhanuk Mander,HR,HR Manager,81,83.51,85.33,4.0,75.53,40,3.5,3,No,78.08,HIGH
127736,Ritvik Vohra,IT,Software Engineer,59,84.15,92.14,4.6,83.1,41,3.2,13,No,82.97,HIGH
298513,Myra Subramaniam,IT,Data Analyst,58,86.34,92.69,3.4,75.4,54,4.0,11,No,79.39,HIGH
835477,Nehmat Mane,Finance,Financial Analyst,57,91.47,95.27,4.3,80.35,55,4.4,16,No,87.11,HIGH
474033,Dhanuk Mahal,Finance,Auditor,63,74.51,92.72,4.2,71.53,39,4.7,27,No,83.05,HIGH
365161,Bhavin Mangat,Marketing,Marketing Executive,90,80.89,76.67,3.9,80.05,45,4.9,28,Yes,82.64,HIGH
915366,Aaina Dalal,HR,Employee Relations,58,73.92,91.6,3.8,76.32,48,4.4,9,No,81.41,HIGH
598048,Yakshit Goswami,Sales,Business Development,99,80.76,94.88,3.2,80.5,46,4.1,22,Yes,80.4,HIGH
246294,Rhea Sarma,Marketing,Marketing Executive,72,68.68,77.28,4.2,80.95,48,3.6,23,No,77.81,HIGH
320412,Hrishita Kamdar,HR,Employee Relations,92,88.48,77.87,4.1,75.48,48,4.5,16,Yes,81.47,HIGH
804321,Dharmajan Basak,Sales,Business Development,61,87.06,77.11,4.0,74.86,39,3.2,15,No,75.39,HIGH
644599,Reyansh Mangal,Sales,Sales Executive,51,85.34,91.65,3.8,72.27,46,3.0,24,No,75.74,HIGH
142719,Oorja Sabharwal,Finance,Financial Analyst,79,61.62,91.04,5.0,76.94,46,3.4,19,No,81.05,HIGH
152231,Aaina Suri,Sales,Business Development,61,61.28,98.94,3.0,81.52,49,4.7,6,No,81.17,HIGH
604081,Alisha Mall,IT,Software Engineer,89,60.89,80.62,4.8,71.95,50,5.0,10,Yes,83.0,HIGH
880576,Reyansh Dutta,Finance,Accountant,74,75.0,75.11,3.9,72.34,46,3.4,2,No,73.42,MEDIUM
536553,Ritvik Virk,Marketing,Marketing Executive,70,86.54,81.59,4.6,91.87,46,4.6,1,No,89.33,HIGH
254337,Pranay Shukla,Marketing,Marketing Executive,55,60.56,92.47,3.6,81.18,46,4.8,29,No,82.5,HIGH
494655,Vidur Kurian,Marketing,SEO Specialist,64,71.58,85.02,4.7,84.84,37,5.0,17,No,88.41,HIGH
285619,Azad Wason,IT,Cybersecurity Specialist,78,78.06,96.27,4.1,97.91,51,4.6,7,No,91.23,HIGH
909565,Zara Chatterjee,Sales,Account Manager,56,90.41,91.51,3.9,87.93,45,4.9,16,No,88.92,HIGH
880631,Riaan Subramaniam,HR,Employee Relations,91,67.76,80.87,3.4,86.74,45,3.8,8,No,77.77,HIGH
910959,Yuvraj  Bhat,Marketing,Marketing Executive,73,78.26,96.89,3.2,86.9,37,4.6,24,No,84.47,HIGH
760305,Ela Gole,Marketing,Content Strategist,57,84.34,80.36,3.4,86.23,42,3.3,1,No,77.18,HIGH
576286,Kismat Doctor,HR,Recruitment Specialist,83,93.32,81.13,4.1,70.19,51,3.9,11,No,78.62,HIGH
210947,Ehsaan Dada,Sales,Business Development,75,68.13,87.9,3.8,89.01,49,4.1,1,No,82.7,HIGH
534568,Lakshay Mangat,HR,Recruitment Specialist,68,92.04,88.28,4.5,80.96,46,4.4,7,No,86.75,HIGH
132325,Romil Jaggi,Finance,Accountant,92,65.2,75.5,5.0,80.45,40,3.9,11,No,81.36,HIGH
380101,Bhavin Shankar,Marketing,Content Strategist,63,78.95,91.14,3.7,73.44,37,4.8,27,No,82.16,HIGH
276251,Samiha Sule,Finance,Accountant,71,74.74,80.35,3.5,88.23,50,3.6,15,No,78.41,HIGH
255648,Oorja Khalsa,IT,Cybersecurity Specialist,73,73.18,89.9,4.1,72.95,44,4.8,29,No,82.78,HIGH
426202,Mahika Sane,Finance,Financial Analyst,51,74.04,99.8,4.2,97.62,51,3.3,4,No,86.65,HIGH
425169,Nitya Dugal,Finance,Auditor,55,93.54,88.23,3.5,99.42,46,4.0,29,No,86.83,HIGH
957633,Lakshay Edwin,Marketing,Marketing Executive,78,69.65,87.05,5.0,91.61,55,4.4,0,No,89.46,HIGH
283446,Umang Ramaswamy,Marketing,SEO Specialist,91,74.67,85.89,3.9,85.09,44,3.1,12,No,78.17,HIGH
305557,Shayak Deshpande,IT,Software Engineer,65,85.0,88.92,4.8,87.21,49,4.9,22,No,91.25,HIGH
988823,Aniruddh Din,Marketing,SEO Specialist,84,67.1,88.16,4.1,99.78,53,3.9,10,No,86.28,HIGH
126764,Ranbir Sawhney,Finance,Auditor,50,65.51,87.82,4.1,91.92,47,3.9,30,No,83.69,HIGH
871187,Vedika Ranganathan,IT,Cybersecurity Specialist,82,89.43,79.28,3.5,97.09,48,4.7,24,No,86.73,HIGH
786981,Akarsh Venkatesh,HR,Recruitment Specialist,86,82.41,84.18,3.6,79.3,54,4.7,25,Yes,82.07,HIGH
343070,Jayant Devi,Sales,Account Manager,56,70.83,94.1,4.0,77.28,38,3.9,10,No,80.69,HIGH
713097,Jiya Master,Sales,Account Manager,54,76.25,85.49,4.5,73.8,41,4.7,11,No,83.66,HIGH
552230,Hunar Boase,Sales,Sales Executive,57,81.58,88.7,4.5,79.96,39,3.1,4,No,80.29,HIGH
689917,Nishith Ganguly,Marketing,Content Strategist,63,85.6,95.02,3.6,70.35,51,4.6,23,No,81.47,HIGH
608866,Madhup Andra,IT,Data Analyst,83,73.57,77.48,3.2,98.17,40,3.4,1,No,78.7,HIGH
408868,Akarsh Chokshi,Finance,Auditor,71,60.77,89.64,4.6,81.76,50,4.6,2,No,85.33,HIGH
815458,Aarav Shere,HR,Recruitment Specialist,99,92.57,94.51,3.1,92.58,43,3.3,19,No,81.53,HIGH
597089,Veer Dugal,Sales,Account Manager,70,70.55,79.79,3.0,80.32,38,3.9,6,No,74.71,MEDIUM
750794,Ela Upadhyay,Finance,Accountant,97,65.8,81.14,3.2,89.53,37,3.7,7,No,77.27,HIGH
766737,Tushar Srivastava,Finance,Accountant,76,93.87,96.31,4.0,85.25,52,4.1,17,No,86.62,HIGH
552784,Faiyaz Bhargava,IT,Software Engineer,65,91.71,89.43,3.3,94.97,55,3.6,29,No,83.15,HIGH
730147,Neysa Sahota,Finance,Auditor,66,83.85,98.12,3.7,87.71,52,4.6,20,No,87.52,HIGH
785949,Anahita Sidhu,HR,Recruitment Specialist,76,92.25,85.09,3.9,74.68,37,4.1,24,No,80.65,HIGH
454328,Myra Hayre,HR,HR Manager,80,63.11,79.65,3.7,93.51,45,4.0,14,No,81.09,HIGH
223501,Dhanuk Basu,Sales,Account Manager,98,89.42,78.41,3.9,85.92,43,3.9,20,No,81.6,HIGH
381357,Arhaan Jha,Finance,Financial Analyst,91,76.32,81.6,3.7,75.44,48,4.8,9,Yes,80.58,HIGH
998502,Badal Swamy,HR,HR Manager,56,79.24,94.97,3.3,76.96,50,3.9,14,No,78.81,HIGH
306118,Divit Kamdar,Marketing,SEO Specialist,54,70.07,76.46,4.0,86.87,55,4.4,2,No,81.96,HIGH
174408,Diya Dubey,Finance,Financial Analyst,78,78.14,89.61,3.8,92.15,38,5.0,12,No,88.58,HIGH
304460,Arhaan Brahmbhatt,Sales,Sales Executive,96,94.91,90.15,4.6,87.44,49,3.8,5,No,87.35,HIGH
483445,Suhana Bains,Finance,Financial Analyst,61,60.75,94.63,4.1,88.87,53,4.2,0,No,84.86,HIGH
128657,Samiha Jain,HR,Employee Relations,94,74.95,76.84,4.9,92.49,53,4.3,5,Yes,87.41,HIGH
373472,Veer Kala,Marketing,Content Strategist,57,63.4,94.47,4.7,81.71,38,4.9,8,No,88.15,HIGH
908419,Madhup Mahal,Finance,Auditor,86,79.6,80.9,3.8,99.3,37,3.8,29,No,84.33,HIGH
563319,Ela Chana,Marketing,SEO Specialist,64,88.81,88.89,4.4,83.84,40,4.0,4,No,85.41,HIGH
912426,Nitara Jhaveri,Marketing,Marketing Executive,77,90.91,98.66,3.3,97.73,36,4.3,11,No,88.54,HIGH
355899,Zara Sarin,HR,Employee Relations,97,64.46,85.52,4.3,71.54,42,3.2,7,No,75.01,HIGH
609935,Ivan Garde,HR,Employee Relations,64,86.07,91.49,3.2,93.44,48,4.3,4,No,84.94,HIGH
476904,Zain Bora,IT,Data Analyst,69,60.46,81.82,4.1,86.21,39,4.2,6,No,81.47,HIGH
485690,Madhup Trivedi,HR,Employee Relations,63,77.05,83.2,3.1,84.35,40,3.5,29,No,76.05,HIGH
764583,Anay Rattan,Sales,Account Manager,67,64.12,86.05,4.1,97.89,35,3.4,28,No,82.99,HIGH
695958,Khushi Thaman,Finance,Financial Analyst,82,76.02,84.14,4.0,72.52,51,3.3,20,No,75.39,HIGH
604624,Myra Vala,Sales,Account Manager,64,89.89,99.14,4.2,96.67,53,3.3,5,No,87.82,HIGH
694488,Mahika Acharya,IT,Software Engineer,61,74.64,92.57,4.7,91.25,47,3.4,16,No,85.75,HIGH
477031,Aaryahi Vala,Finance,Accountant,77,71.56,96.89,4.2,83.15,47,4.6,1,No,86.68,HIGH
184613,Shlok Dugar,Marketing,Marketing Executive,98,88.93,80.74,4.4,95.3,42,3.5,1,No,85.23,HIGH
170795,Heer Khurana,HR,HR Manager,65,66.61,91.25,4.1,80.21,51,3.5,2,No,79.37,HIGH
745468,Adah Iyengar,Sales,Sales Executive,59,64.86,90.94,4.5,86.66,48,3.1,22,No,81.07,HIGH
709514,Anaya Kashyap,Sales,Account Manager,65,93.32,95.84,3.6,71.59,42,4.9,18,No,83.98,HIGH
342115,Vritika Bakshi,IT,Software Engineer,63,87.43,76.25,4.2,76.62,42,3.4,3,No,77.38,HIGH
309326,Madhup Samra,HR,Recruitment Specialist,84,63.64,99.8,4.7,77.24,46,3.8,27,No,83.5,HIGH
668705,Romil Iyengar,HR,Recruitment Specialist,81,75.64,89.08,3.3,89.32,53,3.6,4,No,79.78,HIGH
379524,Mehul Rout,Finance,Auditor,59,85.78,78.67,3.0,84.54,36,4.5,2,No,79.67,HIGH
197410,Myra Badami,IT,Software Engineer,62,91.4,97.91,4.0,77.08,47,4.9,30,No,87.45,HIGH
557958,Shanaya Kaur,IT,Cybersecurity Specialist,65,74.54,90.12,3.6,76.2,41,4.4,23,No,80.34,HIGH
826319,Indrajit Deol,IT,Cybersecurity Specialist,57,60.62,91.67,4.6,81.76,55,4.8,10,No,86.52,HIGH
412248,Vihaan Tiwari,Finance,Auditor,59,84.19,86.44,3.4,78.89,47,4.3,23,No,80.17,HIGH
780301,Anvi Sant,Marketing,Content Strategist,97,87.15,86.45,3.4,77.45,50,4.5,3,Yes,80.84,HIGH
391183,Gokul Ramaswamy,Sales,Sales Executive,65,68.72,81.09,3.7,82.76,40,4.3,27,No,79.92,HIGH
368928,Pari Mangal,Finance,Auditor,68,70.76,96.04,4.0,91.74,40,3.3,14,No,83.01,HIGH
152322,Badal Shanker,Finance,Auditor,64,67.35,84.74,4.4,84.03,47,3.3,17,No,79.69,HIGH
758736,Ishaan Anne,Marketing,Content Strategist,83,62.7,79.01,3.2,73.32,52,3.6,19,No,71.27,MEDIUM
162810,Veer Biswas,Finance,Auditor,71,81.42,94.1,3.5,76.04,39,3.8,21,No,78.97,HIGH
569167,Madhav Anand,HR,HR Manager,85,65.17,82.35,3.6,94.88,52,4.7,22,No,84.65,HIGH
355253,Siya Krish,Sales,Sales Executive,60,91.26,87.84,3.7,87.51,43,3.4,22,No,81.35,HIGH
891662,Saira Balay,Sales,Account Manager,62,77.35,98.36,3.9,85.81,55,4.3,12,No,85.95,HIGH
774064,Riaan Lad,HR,HR Manager,81,80.23,89.23,4.2,97.15,45,3.3,0,No,85.01,HIGH
728646,Armaan Saini,HR,HR Manager,82,60.81,99.13,4.4,76.43,50,3.6,16,No,80.84,HIGH
505259,Navya Shankar,Marketing,SEO Specialist,61,69.62,76.35,3.4,96.77,35,4.0,24,No,80.86,HIGH
462042,Rasha Kapoor,Finance,Accountant,75,79.72,96.59,3.2,73.98,45,3.2,30,No,75.08,HIGH
939775,Emir Cherian,Sales,Account Manager,63,85.73,78.63,4.1,84.06,50,3.3,13,No,79.12,HIGH
704703,Samiha Solanki,Marketing,Marketing Executive,54,83.37,98.3,4.8,89.21,53,4.4,29,No,91.56,HIGH
626564,Elakshi Borah,HR,HR Manager,94,83.54,82.81,3.3,71.43,52,4.2,25,Yes,76.34,HIGH
609775,Dhanush Mahal,Marketing,Marketing Executive,50,62.25,94.0,4.2,94.71,43,4.8,10,No,89.44,HIGH
215780,Jivin Majumdar,Finance,Auditor,54,85.36,85.29,3.4,72.18,45,3.4,15,No,74.45,MEDIUM
295853,Mohanlal Raju,Finance,Auditor,84,90.42,78.14,4.3,89.12,48,3.5,6,No,82.61,HIGH
996507,Divyansh Dara,Finance,Financial Analyst,73,84.41,76.93,4.4,97.1,47,3.2,25,No,83.36,HIGH
787897,Myra Contractor,IT,Data Analyst,98,73.95,88.27,4.3,79.91,44,4.7,25,Yes,85.02,HIGH
956601,Divit Borra,Marketing,Marketing Executive,83,79.81,96.27,3.4,83.52,51,4.4,0,No,83.49,HIGH
867506,Mishti Ahluwalia,HR,Employee Relations,77,61.47,83.08,4.9,94.01,47,4.0,25,No,86.57,HIGH
781855,Hridaan Swamy,Marketing,Marketing Executive,86,84.41,89.07,3.3,94.66,42,4.1,7,Yes,84.25,HIGH
468292,Piya Basak,IT,Cybersecurity Specialist,78,60.03,91.52,4.7,70.44,45,4.9,12,No,83.84,HIGH
429690,Arnav Mander,IT,Cybersecurity Specialist,82,60.04,92.77,3.7,70.11,38,3.1,19,No,72.79,MEDIUM
836370,Mannat Rau,HR,Employee Relations,56,73.39,89.32,3.3,72.25,47,4.7,20,No,78.88,HIGH
677859,Jayesh Chaudhary,Finance,Financial Analyst,57,94.92,92.04,3.9,70.88,50,4.9,27,No,84.36,HIGH
654359,Yashvi Halder,HR,Recruitment Specialist,81,70.12,88.37,4.7,82.35,53,3.1,25,No,80.59,HIGH
594994,Divit Lalla,Finance,Auditor,72,71.32,79.13,4.0,85.26,47,3.1,9,No,76.94,HIGH
976678,Vihaan Edwin,Sales,Business Development,79,92.37,78.42,4.5,76.7,48,4.0,1,No,81.93,HIGH
407888,Alia Sahota,Sales,Account Manager,67,92.37,88.76,3.9,83.31,40,4.1,27,No,83.98,HIGH
424053,Adah Sahni,HR,Employee Relations,97,82.8,92.76,4.6,74.1,53,3.2,10,No,80.26,HIGH
449851,Ela Jhaveri,Finance,Accountant,81,79.44,92.31,3.5,73.02,38,3.9,17,No,77.91,HIGH
198245,Arnav Dube,IT,Cybersecurity Specialist,98,92.86,97.4,3.2,99.81,52,4.2,11,Yes,88.31,HIGH
821313,Piya Rajagopalan,Sales,Account Manager,60,73.59,75.88,3.8,84.18,52,3.1,29,No,75.39,HIGH
292023,Zoya Kakar,IT,Data Analyst,100,92.95,100.0,5.0,85.49,42,3.4,24,No,88.54,HIGH
532857,Purab Ghosh,Sales,Sales Executive,74,91.63,87.17,4.8,77.06,41,5.0,19,No,88.92,HIGH
726946,Aarna Varughese,IT,Software Engineer,51,94.03,83.66,4.4,91.3,53,3.8,26,No,86.33,HIGH
863894,Jayan Sheth,Finance,Financial Analyst,51,89.74,77.21,4.5,85.24,36,4.5,22,No,85.99,HIGH
491437,Azad Dhar,HR,Employee Relations,61,79.87,93.27,3.1,85.16,41,3.9,4,No,80.19,HIGH
961385,Prerak Tandon,Marketing,Marketing Executive,71,79.77,76.24,4.1,81.66,42,3.9,9,No,79.72,HIGH
204833,Onkar Kashyap,Sales,Account Manager,89,84.79,97.43,4.7,94.53,53,4.5,30,Yes,93.12,HIGH
118155,Aarav Trivedi,Finance,Accountant,56,74.37,86.09,4.5,71.19,42,4.0,23,No,80.01,HIGH
727315,Sahil Andra,Marketing,Marketing Executive,92,68.88,98.38,4.1,75.09,35,4.9,21,Yes,85.09,HIGH
291860,Faiyaz Talwar,Finance,Accountant,82,92.72,76.57,3.8,89.72,35,3.2,6,No,79.5,HIGH
620525,Aniruddh Sodhi,Sales,Sales Executive,56,79.61,88.52,5.0,80.67,48,3.7,27,No,84.67,HIGH
623591,Gatik Baral,Sales,Business Development,59,73.54,93.75,4.4,90.82,52,4.0,4,No,86.95,HIGH
364903,Ira Choudhary,HR,Employee Relations,99,84.81,89.71,4.4,96.82,47,4.7,7,Yes,91.87,HIGH
897973,Arnav Krishna,Sales,Account Manager,81,85.31,86.32,3.3,93.21,47,3.3,22,No,80.16,HIGH
829635,Yuvraj  Sampath,IT,Cybersecurity Specialist,55,72.0,75.26,4.0,73.36,44,4.2,20,No,77.06,HIGH
518905,Heer Dewan,IT,Data Analyst,92,94.48,84.25,3.1,80.06,38,3.3,26,No,75.92,HIGH
432623,Raunak Badal,IT,Cybersecurity Specialist,89,77.08,77.2,4.3,71.52,39,4.3,18,Yes,79.0,HIGH
827816,Hazel Saini,IT,Data Analyst,87,78.72,92.17,4.1,73.92,45,4.5,8,Yes,82.88,HIGH
823527,Khushi Ram,Sales,Sales Executive,53,94.3,77.63,4.5,90.05,41,4.2,3,No,86.77,HIGH
605736,Lavanya Korpal,IT,Data Analyst,91,88.02,96.72,5.0,76.74,39,4.6,10,Yes,89.57,HIGH
515717,Yuvaan Buch,Sales,Business Development,97,72.54,89.8,3.6,94.16,36,3.8,26,No,83.06,HIGH
920993,Zaina Manne,Sales,Sales Executive,61,65.92,86.44,4.1,99.97,35,3.1,27,No,82.67,HIGH
675147,Diya Dhillon,Sales,Business Development,100,81.86,94.44,4.1,88.02,53,3.3,26,No,83.08,HIGH
698709,Raghav Tandon,Finance,Accountant,65,77.49,77.71,3.7,98.13,54,4.4,16,No,85.13,HIGH
264232,Oorja Varma,Marketing,Content Strategist,61,86.86,97.26,3.4,82.64,45,4.7,5,No,85.33,HIGH
481783,Vedika Dewan,Marketing,Content Strategist,79,88.79,85.86,4.5,87.57,41,3.6,21,No,84.72,HIGH
998209,Eva Chowdhury,Sales,Account Manager,97,87.04,76.18,4.8,83.06,39,4.7,16,Yes,86.86,HIGH
321762,Dishani Buch,IT,Cybersecurity Specialist,85,89.08,85.01,3.7,77.74,49,3.5,14,No,78.03,HIGH
192763,Rasha Suri,Finance,Financial Analyst,57,81.58,78.07,3.8,72.89,48,3.7,26,No,75.64,HIGH
168703,Kabir Varghese,IT,Cybersecurity Specialist,72,93.39,79.8,3.7,76.11,41,3.0,6,No,74.93,MEDIUM
414096,Advik Hans,Finance,Accountant,89,78.03,94.57,3.1,78.56,52,3.3,14,No,75.88,HIGH
315200,Dhanuk Bal,Sales,Business Development,97,87.25,97.41,4.9,86.95,38,4.5,13,Yes,91.89,HIGH
725495,Riya Bajwa,Sales,Business Development,56,92.58,83.63,4.6,91.13,46,3.4,17,No,85.32,HIGH
285907,Jivin Kashyap,HR,Employee Relations,99,87.81,86.88,4.3,79.34,49,4.6,14,Yes,85.56,HIGH
836144,Misha Krishna,Sales,Account Manager,74,70.64,85.65,4.7,77.0,46,4.3,23,No,83.29,HIGH
643444,Navya Tailor,HR,Recruitment Specialist,75,93.0,84.74,3.7,77.25,44,4.8,18,No,83.42,HIGH
149271,Azad Dhingra,Finance,Auditor,72,69.01,93.56,3.1,82.55,35,3.6,11,No,77.18,HIGH
268051,Kiaan Agate,IT,Cybersecurity Specialist,80,62.48,75.58,4.8,87.32,52,4.6,11,No,85.16,HIGH
323889,Adira Kumar,Finance,Accountant,91,75.93,82.94,3.9,79.79,39,4.5,24,Yes,81.72,HIGH
396950,Kismat Bhandari,Marketing,SEO Specialist,68,82.01,79.38,4.1,90.33,53,4.5,8,No,85.58,HIGH
963676,Raghav Vala,IT,Data Analyst,98,89.0,79.08,3.2,85.19,48,3.1,10,No,75.47,HIGH
628051,Jivin Bhakta,IT,Cybersecurity Specialist,90,77.06,92.0,3.8,73.44,50,3.2,8,No,76.14,HIGH
974685,Dishani Dyal,Finance,Financial Analyst,50,76.5,91.04,3.9,76.45,50,3.1,17,No,76.79,HIGH
380906,Jayant Kale,HR,HR Manager,73,92.35,99.14,4.2,99.1,49,4.1,17,No,91.99,HIGH
354777,Yashvi Yohannan,Marketing,Marketing Executive,59,93.19,78.21,3.9,91.96,44,3.3,14,No,81.35,HIGH
760925,Tara Deo,HR,Employee Relations,59,71.94,80.85,4.9,84.83,52,4.7,8,No,87.21,HIGH
123983,Saanvi Sha,HR,Employee Relations,58,81.58,91.75,3.6,88.78,48,4.9,4,No,87.14,HIGH
920467,Shlok Keer,Sales,Sales Executive,60,91.26,90.62,3.3,74.21,55,4.2,24,No,79.51,HIGH
186309,Hiran Kata,Sales,Sales Executive,79,68.15,95.55,3.3,74.5,38,3.1,24,No,73.87,MEDIUM
616423,Madhav Dewan,Marketing,SEO Specialist,86,82.57,80.74,3.5,70.39,49,3.9,29,No,75.12,HIGH
902228,Aarna Sharaf,Sales,Business Development,58,89.35,89.66,4.1,88.93,46,3.8,28,No,85.15,HIGH
473464,Shanaya Rao,Sales,Sales Executive,80,77.38,85.83,3.7,81.38,35,3.7,19,No,78.92,HIGH
300481,Dhanush Garde,Marketing,Marketing Executive,96,93.77,96.37,3.2,94.01,40,3.9,9,No,85.25,HIGH
402921,Tejas Sarna,Sales,Sales Executive,71,81.93,87.68,4.5,90.82,50,3.6,26,No,85.38,HIGH
543100,Misha Jha,IT,Cybersecurity Specialist,68,67.18,88.42,3.9,91.87,38,4.4,23,No,85.16,HIGH
573152,Shamik Dixit,Finance,Auditor,56,82.32,75.75,3.0,89.44,50,4.9,29,No,81.81,HIGH
109407,Kartik Vala,Finance,Financial Analyst,94,82.1,88.56,4.8,95.93,44,3.2,25,No,86.7,HIGH
172146,Aaryahi Mahal,Finance,Accountant,69,83.33,89.68,4.4,91.19,43,4.1,2,No,87.63,HIGH
419950,Yashvi Varughese,IT,Cybersecurity Specialist,92,93.37,79.95,4.2,82.35,53,3.8,16,No,82.03,HIGH
343205,Dishani Andra,HR,Employee Relations,95,69.41,82.95,4.6,99.18,43,4.3,26,Yes,88.88,HIGH
224821,Emir Kumer,Marketing,SEO Specialist,52,82.59,91.5,4.8,91.25,36,4.8,15,No,92.33,HIGH
186740,Nishith Dhillon,Sales,Account Manager,50,64.1,78.61,3.5,82.71,45,4.8,23,No,80.14,HIGH
813867,Aayush Raman,IT,Cybersecurity Specialist,91,76.66,78.32,4.0,71.88,53,4.6,23,Yes,79.29,HIGH
281004,Saira Krishna,IT,Software Engineer,90,77.58,96.28,3.3,96.07,44,3.6,26,No,83.43,HIGH
677386,Nirvaan Chaudhry,Marketing,Marketing Executive,57,71.16,78.93,4.7,94.05,35,4.2,6,No,86.72,HIGH
645538,Manikya Raj,Sales,Business Development,62,66.32,98.08,3.7,78.54,50,3.7,7,No,79.41,HIGH
185852,Dharmajan Contractor,Finance,Financial Analyst,71,71.79,77.31,4.4,93.12,46,4.6,22,No,86.58,HIGH
938488,Advika Sachdeva,HR,Employee Relations,80,81.82,80.58,3.4,97.43,36,4.0,25,No,83.13,HIGH
698504,Heer Khosla,Marketing,Marketing Executive,78,79.43,93.68,4.0,92.07,47,4.4,27,No,87.9,HIGH
454605,Anya Bassi,HR,Employee Relations,99,83.77,90.8,3.1,93.11,44,3.2,6,No,79.67,HIGH
527711,Amira Kala,HR,HR Manager,52,70.08,92.49,4.8,77.79,50,3.9,3,No,83.64,HIGH
295187,Diya Sha,IT,Data Analyst,82,69.5,86.8,3.9,85.13,35,3.5,8,No,79.45,HIGH
532306,Uthkarsh Iyer,Marketing,SEO Specialist,89,92.24,96.18,4.4,95.23,35,3.4,10,No,88.23,HIGH
266915,Ishaan Sastry,Finance,Auditor,87,90.62,81.64,4.0,95.05,51,4.8,15,Yes,89.1,HIGH
802816,Riya Sekhon,Finance,Auditor,89,89.11,79.58,3.6,82.79,42,4.2,1,Yes,80.86,HIGH
519176,Anaya Dutt,Marketing,Marketing Executive,90,67.93,94.4,4.7,80.49,42,3.7,2,No,83.42,HIGH
313460,Gatik Kumer,Marketing,Content Strategist,77,78.9,87.35,3.2,99.0,40,3.7,3,No,82.66,HIGH
736217,Alia Uppal,HR,Employee Relations,88,85.85,76.69,3.1,87.92,48,3.3,10,No,75.9,HIGH
166316,Yuvraj  Borra,Sales,Business Development,71,84.55,91.57,5.0,74.49,51,3.4,28,No,82.72,HIGH
171279,Manikya Date,Marketing,Content Strategist,58,91.15,94.09,4.9,80.61,38,3.6,12,No,86.12,HIGH
961997,Yuvraj  Vora,IT,Data Analyst,85,66.55,91.94,4.3,75.11,50,3.5,17,No,78.78,HIGH
391668,Prisha Sen,Sales,Sales Executive,74,83.53,75.87,3.3,88.17,55,3.8,9,No,78.38,HIGH
821807,Himmat Balasubramanian,HR,HR Manager,75,89.91,93.46,4.3,87.59,42,4.6,20,No,89.56,HIGH
660347,Lagan Desai,Marketing,SEO Specialist,67,72.33,76.59,3.8,97.16,41,3.2,5,No,79.7,HIGH
142969,Tanya Sodhi,Sales,Sales Executive,88,65.25,89.95,3.2,92.22,38,3.8,22,No,80.18,HIGH
479925,Sara Lala,Sales,Business Development,65,92.66,82.98,3.0,76.69,48,3.5,14,No,74.87,MEDIUM
587669,Ahana  Hari,HR,Employee Relations,57,63.68,83.13,4.1,98.21,40,3.0,5,No,80.86,HIGH
138012,Jiya Arora,Marketing,Content Strategist,90,77.26,76.82,3.2,74.73,38,3.4,13,No,71.91,MEDIUM
720596,Piya Salvi,Marketing,SEO Specialist,70,61.58,78.07,4.0,77.59,36,4.0,15,No,77.05,HIGH
296089,Shalv Ratti,Sales,Sales Executive,96,83.51,84.51,4.6,77.87,44,3.9,27,No,82.61,HIGH
877306,Azad Ahluwalia,IT,Software Engineer,79,77.16,78.05,4.6,82.32,46,3.9,19,No,82.02,HIGH
251009,Eva Zacharia,IT,Data Analyst,92,92.01,81.12,5.0,75.14,37,3.5,0,No,81.97,HIGH
785523,Tara Chowdhury,HR,Recruitment Specialist,80,82.44,96.87,5.0,81.07,43,3.5,9,No,85.94,HIGH
801732,Fateh Dara,IT,Data Analyst,93,85.55,99.28,4.7,95.0,49,4.5,23,Yes,93.71,HIGH
696500,Anay Deshmukh,Sales,Account Manager,56,70.47,85.25,3.2,98.95,48,4.7,10,No,85.38,HIGH
529153,Nakul D’Alia,Marketing,SEO Specialist,96,92.37,81.84,4.7,95.31,51,4.3,5,Yes,90.2,HIGH
812887,Bhavin Subramaniam,HR,Employee Relations,85,61.91,90.22,3.6,81.09,52,3.3,30,No,76.16,HIGH
383358,Anahita Chawla,IT,Cybersecurity Specialist,75,68.32,76.3,4.2,70.17,35,4.9,15,No,79.54,HIGH
882546,Oorja Chanda,Sales,Business Development,51,83.35,92.84,3.5,95.3,37,3.1,4,No,81.89,HIGH
977312,Nitara Deep,HR,Recruitment Specialist,85,84.95,91.06,4.4,84.81,54,4.1,6,No,86.15,HIGH
724892,Vihaan Bahri,Finance,Auditor,78,85.46,85.77,4.3,76.44,48,4.3,11,No,83.03,HIGH
530706,Hunar Chaudhuri,Finance,Financial Analyst,64,83.07,95.8,4.5,86.83,50,4.5,11,No,89.52,HIGH
705580,Kartik Sangha,Marketing,Marketing Executive,90,60.64,97.84,4.3,93.21,49,4.5,18,Yes,88.79,HIGH
388918,Stuvan Wadhwa,IT,Software Engineer,82,78.52,81.42,4.4,82.41,42,4.4,8,No,84.06,HIGH
127287,Tara Dhingra,HR,Recruitment Specialist,81,67.58,81.02,4.5,95.47,47,3.3,5,No,82.8,HIGH
927818,Kismat Rout,IT,Cybersecurity Specialist,78,76.68,96.97,3.6,76.55,45,4.3,14,No,81.63,HIGH
430810,Nitara Kapur,IT,Data Analyst,59,88.35,95.22,4.2,81.84,42,4.2,29,No,86.03,HIGH
701419,Aarav Sekhon,Sales,Business Development,85,63.13,97.25,3.5,88.92,44,5.0,0,No,86.44,HIGH
902856,Tara Arya,IT,Data Analyst,95,61.55,93.97,4.2,74.25,54,3.8,0,No,79.22,HIGH
883123,Alisha Kannan,IT,Software Engineer,67,85.66,99.26,4.5,97.06,54,4.1,21,No,91.94,HIGH
979742,Azad Dara,HR,HR Manager,50,66.83,87.78,3.7,90.66,35,3.2,16,No,79.04,HIGH
149327,Vivaan Kaur,HR,Employee Relations,87,75.83,84.46,4.1,74.6,36,4.5,2,Yes,81.26,HIGH
513418,Renee Chawla,IT,Software Engineer,76,69.43,80.23,3.2,94.4,46,4.3,6,No,81.31,HIGH
526227,Nehmat Srivastava,Marketing,SEO Specialist,77,93.83,95.15,4.8,80.63,48,4.3,20,No,89.0,HIGH
260608,Eva Gade,Marketing,SEO Specialist,70,66.17,91.42,3.4,89.92,52,3.1,7,No,77.88,HIGH
984420,Gokul Vasa,Finance,Accountant,85,71.14,98.22,4.6,97.1,43,4.4,7,No,91.89,HIGH
817183,Vardaniya Dubey,HR,Employee Relations,87,92.07,76.62,3.3,77.34,41,3.2,10,No,73.73,MEDIUM
507252,Aarush Cherian,Marketing,Content Strategist,80,62.34,92.76,3.1,71.15,39,3.6,29,No,72.93,MEDIUM
794803,Myra Wadhwa,Finance,Auditor,77,78.68,83.01,3.9,96.85,46,3.3,15,No,82.32,HIGH
491565,Madhav Sawhney,IT,Cybersecurity Specialist,64,82.89,80.91,3.9,85.14,40,3.6,13,No,80.01,HIGH
658033,Bhamini Sankar,Sales,Account Manager,91,78.13,96.67,3.7,91.96,49,4.1,4,Yes,85.94,HIGH
570204,Madhup Bora,Finance,Accountant,61,67.07,98.99,3.1,96.38,51,4.0,27,No,83.82,HIGH
325961,Ahana  Sunder,Sales,Business Development,60,92.72,81.16,4.1,89.08,54,3.7,17,No,83.43,HIGH
613857,Nakul Bhalla,IT,Data Analyst,93,89.97,86.46,4.4,79.37,49,4.5,21,Yes,85.7,HIGH
654059,Baiju Shukla,HR,Recruitment Specialist,85,93.09,77.09,4.4,71.18,48,4.0,24,No,79.68,HIGH
809318,Nirvi Ramachandran,Finance,Financial Analyst,95,83.85,75.89,4.5,87.0,52,4.9,21,Yes,87.26,HIGH
868275,Neelofar Deep,HR,HR Manager,51,86.26,77.84,4.7,97.86,55,4.3,12,No,89.55,HIGH
185293,Kashvi Brar,Finance,Auditor,73,80.63,86.95,3.5,91.43,41,4.8,16,No,86.08,HIGH
453361,Indranil Chaudhuri,Marketing,Marketing Executive,58,61.54,96.52,3.1,71.29,50,3.5,1,No,73.24,MEDIUM
111448,Kiara Rao,HR,Employee Relations,52,70.23,88.56,3.2,99.91,51,4.5,27,No,85.51,HIGH
769057,Misha Doshi,HR,HR Manager,81,76.97,89.09,4.3,99.74,40,3.8,7,No,87.84,HIGH
432356,Taran Kaur,Marketing,Marketing Executive,58,60.34,83.79,3.9,89.58,47,4.5,26,No,83.27,HIGH
102861,Manjari Uppal,Finance,Auditor,81,71.67,83.62,3.8,74.52,54,4.5,17,No,79.45,HIGH
375081,Zaina Dave,Sales,Account Manager,79,69.75,96.63,3.4,87.56,50,3.4,17,No,79.77,HIGH
125896,Aarav Chad,HR,Recruitment Specialist,56,64.46,83.34,3.5,80.47,50,3.1,23,No,73.66,MEDIUM
176626,Prerak Balay,HR,Employee Relations,55,91.34,85.98,4.8,92.35,49,3.2,9,No,86.04,HIGH
181960,Jayan Raval,Finance,Accountant,95,67.59,85.75,4.3,92.71,36,4.9,8,Yes,88.52,HIGH
445495,Saanvi Mall,Sales,Sales Executive,94,86.83,99.74,4.3,74.07,37,4.0,11,No,84.05,HIGH
659816,Divyansh Krishna,Sales,Account Manager,51,81.93,81.49,4.8,88.85,39,4.7,30,No,89.15,HIGH
233858,Badal Sinha,IT,Cybersecurity Specialist,84,61.15,95.13,3.3,71.23,47,3.4,23,No,73.31,MEDIUM
531234,Vidur Shanker,Sales,Account Manager,78,94.52,96.88,3.4,97.91,45,4.3,26,No,89.0,HIGH
310262,Pihu Borra,HR,Recruitment Specialist,96,64.01,76.19,4.0,87.52,43,3.9,4,No,79.49,HIGH
751413,Aarush Chand,Marketing,SEO Specialist,53,83.32,80.02,3.6,78.36,40,3.4,1,No,75.84,HIGH
724782,Mamooty Kara,HR,HR Manager,92,64.6,91.91,3.6,79.79,44,4.0,19,No,79.18,HIGH
174133,Hiran Buch,Sales,Sales Executive,51,85.41,95.8,3.1,71.17,51,4.5,23,No,79.45,HIGH
631695,Drishya Sachdeva,HR,Employee Relations,87,70.82,75.7,4.2,79.26,48,3.9,19,No,78.4,HIGH
253805,Damini Chadha,Marketing,SEO Specialist,56,64.68,88.43,4.6,80.73,35,4.4,2,No,84.37,HIGH
540202,Mohanlal Dugal,HR,Recruitment Specialist,76,70.18,81.2,3.4,95.83,45,3.8,27,No,80.81,HIGH
239737,Raunak Shere,Finance,Auditor,83,83.23,88.26,4.2,86.1,49,3.3,14,No,81.81,HIGH
993873,Saksham Borah,Finance,Financial Analyst,97,70.02,80.6,3.3,93.01,43,3.1,10,No,76.62,HIGH
166202,Mahika Sami,IT,Cybersecurity Specialist,71,71.67,81.56,4.9,82.62,43,4.5,1,No,85.86,HIGH
248820,Amani Swamy,Marketing,Marketing Executive,95,77.16,77.72,3.7,88.57,53,4.4,26,Yes,82.23,HIGH
356052,Nakul Ramachandran,IT,Data Analyst,51,93.0,94.15,4.1,70.07,47,3.6,27,No,79.95,HIGH
981715,Dhanuk Iyer,IT,Data Analyst,72,71.82,89.42,4.9,88.81,45,4.9,2,No,90.91,HIGH
849892,Taran Kumer,Sales,Account Manager,60,69.35,90.05,3.4,84.58,47,4.0,25,No,79.92,HIGH
389359,Yuvaan Sehgal,Sales,Account Manager,79,80.36,96.75,4.1,80.98,54,4.4,27,No,85.68,HIGH
652128,Ojas Bhavsar,HR,Employee Relations,100,90.92,88.09,4.7,78.62,54,4.0,18,No,85.1,HIGH
192691,Umang Kapadia,Finance,Financial Analyst,56,94.09,98.89,3.1,95.34,51,3.1,30,No,82.59,HIGH
939860,Ranbir Borde,HR,Recruitment Specialist,79,79.6,98.26,4.5,75.11,54,3.5,1,No,82.14,HIGH
874068,Himmat Bawa,Finance,Accountant,73,91.45,94.84,3.5,86.36,52,3.4,28,No,81.62,HIGH
220546,Ayesha Shroff,HR,Employee Relations,81,70.84,83.96,5.0,88.23,46,4.1,22,No,86.74,HIGH
664068,Neelofar Kamdar,HR,Recruitment Specialist,60,64.1,84.81,3.2,75.03,55,3.8,15,No,73.88,MEDIUM
478792,Shaan Ray,Sales,Sales Executive,87,66.29,83.71,4.2,81.84,43,4.1,21,Yes,81.12,HIGH
748863,Nitara Vala,Marketing,SEO Specialist,85,74.55,77.93,4.1,72.22,37,3.1,26,No,73.51,MEDIUM
405642,Mamooty Dash,Sales,Account Manager,71,92.06,92.09,3.1,71.12,42,3.1,16,No,73.76,MEDIUM
449648,Anya Balakrishnan,Marketing,Content Strategist,75,78.14,88.38,3.5,74.32,43,4.1,2,No,78.19,HIGH
582709,Vritika Konda,IT,Cybersecurity Specialist,61,84.57,88.13,3.2,84.84,55,4.3,22,No,81.54,HIGH
907550,Ritvik Singh,Sales,Account Manager,57,60.88,97.09,3.5,93.8,49,4.4,9,No,85.25,HIGH
279221,Raunak Bakshi,Marketing,SEO Specialist,98,78.36,75.88,4.0,88.09,35,3.9,17,No,81.04,HIGH
603832,Pihu Srinivasan,Finance,Financial Analyst,62,67.98,86.35,4.1,78.75,39,4.7,8,No,82.89,HIGH
314593,Raunak Kakar,Finance,Accountant,51,61.38,80.06,4.1,80.73,39,4.3,2,No,79.97,HIGH
579449,Taimur Balakrishnan,Sales,Account Manager,79,86.05,82.48,3.2,97.11,36,3.0,18,No,79.03,HIGH
536596,Alia Bahl,Finance,Financial Analyst,57,86.63,80.57,4.3,87.25,48,4.4,3,No,85.75,HIGH
910867,Madhup Ramakrishnan,HR,HR Manager,64,94.46,79.32,4.3,91.72,49,4.7,24,No,88.83,HIGH
216324,Samiha Khurana,HR,Recruitment Specialist,91,83.56,94.5,3.9,85.1,43,4.0,25,No,84.39,HIGH
556883,Shayak Chaudhary,Marketing,Marketing Executive,79,60.9,78.38,4.6,80.76,40,4.7,10,No,83.19,HIGH
844738,Akarsh Chaudhry,Sales,Account Manager,94,79.98,78.17,4.3,90.37,42,4.8,10,Yes,87.14,HIGH
318631,Keya Majumdar,HR,HR Manager,92,79.24,80.02,3.9,96.94,47,4.0,5,No,84.61,HIGH
450136,Shlok Boase,Marketing,Content Strategist,65,81.53,92.7,4.5,97.03,51,4.3,8,No,91.0,HIGH
489191,Arnav Rama,IT,Cybersecurity Specialist,96,72.28,77.97,3.8,93.52,43,3.3,7,No,79.28,HIGH
236093,Tejas Goswami,Sales,Sales Executive,87,93.16,84.01,3.2,88.11,36,4.9,9,Yes,84.95,HIGH
591818,Jayesh Choudhary,Finance,Auditor,60,61.73,85.85,4.6,72.72,48,4.7,5,No,82.36,HIGH
950767,Drishya Char,HR,Employee Relations,59,62.63,98.45,3.5,95.05,55,3.5,22,No,82.47,HIGH
736562,Nitya Krishnan,Finance,Accountant,77,71.51,86.9,4.5,92.21,51,4.3,28,No,87.39,HIGH
871114,Bhamini Mahajan,IT,Data Analyst,56,85.99,94.84,4.6,84.01,38,3.8,19,No,86.37,HIGH
867564,Uthkarsh Sekhon,Finance,Financial Analyst,90,64.59,78.79,3.1,80.76,48,3.0,2,No,70.84,MEDIUM
110794,Divij Batra,IT,Software Engineer,81,75.81,94.47,3.2,99.88,50,3.5,19,No,83.24,HIGH
339073,Emir Walla,Finance,Auditor,84,70.09,86.56,3.5,74.09,42,3.0,0,No,72.55,MEDIUM
662811,Saanvi Chana,HR,HR Manager,78,81.8,89.38,4.3,76.55,41,4.1,22,No,82.62,HIGH
177667,Pari Sharma,IT,Cybersecurity Specialist,86,77.36,94.08,3.7,97.69,46,4.3,14,Yes,87.86,HIGH
277640,Trisha Tandon,Sales,Account Manager,80,73.72,75.19,4.2,93.68,36,4.7,14,No,86.11,HIGH
549301,Vivaan Edwin,Finance,Accountant,78,65.79,82.59,4.1,96.96,51,3.4,20,No,82.18,HIGH
281956,Mahika Kade,HR,Employee Relations,90,73.84,85.23,4.8,87.09,42,3.7,27,No,84.56,HIGH
924102,Mannat Bala,HR,Recruitment Specialist,83,74.87,98.4,3.3,90.01,39,3.7,2,No,82.17,HIGH
794815,Himmat Mangat,Sales,Sales Executive,54,61.89,86.69,4.6,91.94,48,3.5,13,No,83.51,HIGH
262841,Armaan Guha,Marketing,Content Strategist,98,90.7,99.54,4.7,72.13,44,4.6,24,Yes,87.82,HIGH
294251,Ivana Butala,Finance,Auditor,92,72.58,87.25,3.6,90.87,55,4.4,26,Yes,83.97,HIGH
493384,Eva Hayre,Marketing,Content Strategist,57,92.14,77.23,4.7,71.21,42,3.2,3,No,77.62,HIGH
409958,Vidur Sethi,IT,Cybersecurity Specialist,62,84.99,80.29,4.7,85.15,42,3.7,19,No,83.7,HIGH
863675,Eshani Grover,Sales,Account Manager,76,79.88,88.92,3.2,88.23,42,3.3,24,No,78.24,HIGH
365886,Vidur Swamy,Sales,Sales Executive,64,81.8,84.54,4.6,95.4,50,4.7,10,No,90.91,HIGH
533566,Ojas Kothari,IT,Cybersecurity Specialist,73,65.52,97.39,3.8,88.22,52,4.3,7,No,84.9,HIGH
911308,Devansh Mahal,Sales,Business Development,64,82.23,99.36,3.4,88.84,47,4.9,11,No,87.95,HIGH
423078,Ivana Sarkar,IT,Data Analyst,94,86.84,89.0,3.7,86.27,37,4.2,20,Yes,83.96,HIGH
934803,Zara Balasubramanian,Sales,Business Development,70,75.21,89.64,3.7,74.46,50,4.2,5,No,79.39,HIGH
950531,Eva Sarkar,IT,Cybersecurity Specialist,100,93.94,76.19,4.7,90.92,39,3.2,30,No,83.51,HIGH
757506,Yasmin Khurana,IT,Cybersecurity Specialist,97,87.1,91.73,4.4,90.33,43,4.2,16,Yes,88.56,HIGH
474256,Ishita Walla,Marketing,Content Strategist,66,67.19,93.75,4.7,98.47,50,4.5,25,No,91.81,HIGH
803323,Hridaan Shukla,Finance,Auditor,50,79.47,95.4,3.5,93.8,51,4.1,5,No,85.57,HIGH
591905,Ojas Karnik,Finance,Financial Analyst,97,74.36,93.55,5.0,81.61,53,4.7,26,Yes,89.43,HIGH
247430,Eva Khanna,IT,Data Analyst,64,64.33,96.91,4.9,81.56,44,4.4,22,No,87.48,HIGH
133001,Manjari Brar,Marketing,Content Strategist,73,79.6,81.53,4.3,82.52,51,4.8,14,No,85.42,HIGH
184728,Shlok Jhaveri,IT,Data Analyst,94,68.05,87.17,3.7,83.11,51,4.6,21,Yes,82.37,HIGH
397762,Jayant Walia,Finance,Financial Analyst,58,80.92,93.97,4.5,71.88,36,4.3,18,No,83.65,HIGH
722685,Suhana Maharaj,Finance,Financial Analyst,63,94.21,75.08,3.6,76.86,53,4.6,12,No,80.29,HIGH
860614,Aniruddh D’Alia,Sales,Account Manager,96,79.08,86.66,4.1,82.07,54,4.6,20,Yes,84.66,HIGH
695230,Reyansh Sampath,IT,Software Engineer,85,64.56,97.79,3.1,99.39,48,4.8,30,No,87.43,HIGH
602341,Aaryahi Bhasin,Finance,Accountant,77,83.8,94.02,3.1,74.16,48,4.3,14,No,79.03,HIGH
957767,Oorja Ganesh,Marketing,SEO Specialist,98,69.52,85.54,4.8,84.87,37,4.7,10,Yes,87.52,HIGH
509317,Kavya Sridhar,Finance,Financial Analyst,53,61.88,94.54,3.2,70.48,45,3.9,8,No,74.64,MEDIUM
824922,Jhanvi Wable,Marketing,Content Strategist,95,87.54,90.15,4.0,73.27,35,4.2,29,Yes,81.57,HIGH
305519,Pranay Borra,HR,HR Manager,89,85.78,85.55,4.0,92.58,43,4.3,13,Yes,86.66,HIGH
215876,Shlok Andra,Sales,Account Manager,68,74.76,87.61,3.4,96.73,39,3.4,7,No,81.22,HIGH
562317,Trisha Bajwa,Sales,Business Development,85,93.45,85.38,4.2,85.39,50,4.4,28,No,86.44,HIGH
202702,Darshit Devan,HR,HR Manager,62,62.27,80.68,3.7,74.54,52,4.3,1,No,76.73,HIGH
842855,Kartik Mahal,Marketing,Marketing Executive,92,70.94,83.62,3.7,79.3,37,4.3,6,Yes,79.61,HIGH
497330,Neysa Dara,IT,Cybersecurity Specialist,78,84.74,91.73,4.4,88.09,37,5.0,8,No,90.85,HIGH
375832,Yasmin Gupta,IT,Data Analyst,67,82.66,83.92,4.6,72.66,50,4.7,30,No,84.05,HIGH
777778,Sana Kumar,Finance,Financial Analyst,100,70.01,95.85,4.6,94.34,54,3.5,14,No,86.87,HIGH
208502,Nitya Raja,Sales,Business Development,53,67.74,96.47,3.4,89.67,51,4.8,25,No,85.77,HIGH
822543,Bhamini Shankar,IT,Software Engineer,76,72.5,76.88,4.6,72.69,51,3.6,6,No,77.23,HIGH
339123,Reyansh Sharma,Sales,Business Development,64,89.57,85.47,3.9,82.23,52,3.1,1,No,78.72,HIGH
606023,Nitara Setty,IT,Data Analyst,59,76.34,88.04,4.3,74.78,44,4.0,25,No,80.88,HIGH
621334,Misha Divan,IT,Software Engineer,52,81.36,88.2,3.6,89.73,39,4.2,22,No,83.9,HIGH
540806,Anaya Chaudhuri,IT,Data Analyst,55,83.17,99.82,4.8,73.41,51,4.6,17,No,87.9,HIGH
101069,Indrans Dara,IT,Data Analyst,61,80.83,98.39,3.3,83.53,35,3.8,12,No,81.22,HIGH
585417,Ivana Borde,Marketing,Content Strategist,76,75.28,79.91,4.2,71.33,52,4.3,24,No,78.91,HIGH
802371,Nirvaan Bajwa,IT,Software Engineer,61,71.32,90.11,4.9,96.95,42,3.7,14,No,88.64,HIGH
556231,Ehsaan Dyal,Sales,Account Manager,55,77.51,76.9,3.7,89.29,39,4.4,30,No,82.32,HIGH
981415,Kavya Gopal,Sales,Sales Executive,80,85.78,88.04,3.7,82.77,40,4.1,20,No,82.22,HIGH
402865,Nishith Ganguly,Sales,Business Development,77,88.11,83.31,3.3,90.13,40,4.4,11,No,83.31,HIGH
395631,Miraan Ranganathan,Finance,Financial Analyst,59,68.07,88.85,3.9,75.75,44,3.6,2,No,77.3,HIGH
129815,Vardaniya Buch,HR,Employee Relations,98,89.02,95.59,4.8,83.22,44,4.3,18,Yes,89.39,HIGH
655762,Kartik Gupta,Marketing,Marketing Executive,79,67.0,98.2,3.4,75.13,49,4.2,10,No,79.28,HIGH
124790,Saanvi Ben,IT,Software Engineer,56,74.0,93.49,4.5,97.81,53,4.4,10,No,91.04,HIGH
145559,Navya Srinivas,HR,Recruitment Specialist,71,64.03,96.4,3.4,76.63,53,3.1,1,No,74.67,MEDIUM
377949,Lavanya Bhavsar,Finance,Auditor,67,62.41,88.86,3.2,96.17,51,3.7,29,No,80.46,HIGH
344629,Sahil Dave,Marketing,SEO Specialist,61,62.98,83.45,3.9,70.81,40,5.0,23,No,79.83,HIGH
242841,Drishya Upadhyay,Marketing,Content Strategist,99,78.26,87.19,4.2,88.33,37,3.3,3,No,81.76,HIGH
557094,Hunar Konda,Sales,Business Development,59,83.65,91.38,3.1,71.81,49,3.3,6,No,73.78,MEDIUM
860492,Hansh Chopra,Marketing,Marketing Executive,96,86.84,83.84,4.9,71.59,49,3.3,5,No,79.73,HIGH
354639,Neelofar Sethi,HR,HR Manager,94,73.47,87.37,4.5,91.04,35,3.4,27,No,83.73,HIGH
989716,Shray Shukla,Sales,Account Manager,61,88.3,87.3,3.8,74.93,42,4.2,25,No,80.77,HIGH
628342,Dhanush Mann,Marketing,SEO Specialist,52,64.03,95.78,4.7,76.86,53,4.9,14,No,87.02,HIGH
947449,Anahita Varkey,Finance,Accountant,97,65.8,86.58,3.4,73.23,51,4.6,13,Yes,77.86,HIGH
120635,Reyansh Tripathi,IT,Data Analyst,69,62.95,77.21,4.8,91.98,43,4.5,12,No,86.53,HIGH
295342,Saanvi Borah,Marketing,SEO Specialist,96,68.08,77.53,3.1,74.3,35,3.5,12,No,71.0,MEDIUM
584079,Saanvi Sunder,Sales,Sales Executive,58,64.86,78.51,3.6,88.26,43,4.0,14,No,79.07,HIGH
827512,Hiran Iyer,Marketing,Marketing Executive,88,93.71,80.8,3.9,78.03,39,3.2,29,No,77.34,HIGH
584934,Saanvi Walia,HR,Recruitment Specialist,91,91.33,86.19,3.7,72.86,43,4.5,15,Yes,81.03,HIGH
224965,Neelofar Rajan,HR,Recruitment Specialist,100,86.07,83.42,3.3,95.71,52,4.7,22,Yes,86.0,HIGH
430080,Tara Kaur,Sales,Account Manager,84,65.47,96.75,4.7,82.72,50,3.2,3,No,82.31,HIGH
286756,Ryan Sethi,Marketing,Marketing Executive,91,63.7,75.74,4.5,85.15,55,4.9,13,Yes,84.66,HIGH
843748,Ivan Venkataraman,Finance,Financial Analyst,93,70.84,89.19,3.4,72.99,44,4.1,29,Yes,76.82,HIGH
744370,Priyansh Thaman,HR,Recruitment Specialist,92,63.2,81.54,4.2,93.45,44,4.2,10,Yes,84.26,HIGH
367828,Arnav Jhaveri,IT,Data Analyst,93,60.43,86.32,3.5,79.32,40,3.5,6,No,75.1,HIGH
561393,Mehul Kanda,HR,Recruitment Specialist,62,91.27,78.6,4.9,92.45,48,4.3,12,No,89.38,HIGH
873186,Kismat Ratti,Marketing,Content Strategist,63,88.2,92.19,4.1,83.57,47,4.9,21,No,88.33,HIGH
260701,Lakshit Kar,Finance,Accountant,70,61.98,97.63,3.4,73.18,36,3.4,10,No,74.88,MEDIUM
846053,Nitara Lata,IT,Software Engineer,78,72.94,77.72,3.2,77.67,44,4.3,10,No,76.14,HIGH
251222,Nirvaan Sani,HR,Employee Relations,72,79.41,82.24,4.4,75.22,52,3.9,7,No,80.16,HIGH
355954,Mishti Sinha,IT,Data Analyst,92,90.64,81.91,4.3,76.29,54,4.5,7,Yes,83.53,HIGH
182586,Ryan Tandon,Sales,Business Development,97,84.68,75.47,4.6,92.06,55,3.5,14,No,83.58,HIGH
993940,Urvi Dasgupta,IT,Cybersecurity Specialist,82,84.43,81.82,3.5,91.96,42,5.0,26,No,86.4,HIGH
912892,Jayesh Lad,HR,HR Manager,77,63.6,82.78,3.1,82.61,49,4.9,20,No,79.7,HIGH
409027,Shray Ganesh,IT,Software Engineer,59,84.55,83.94,3.2,84.99,52,3.2,29,No,76.34,HIGH
730338,Raghav Bose,Marketing,Content Strategist,55,89.03,91.67,3.3,91.65,40,4.7,13,No,86.73,HIGH
428565,Samar Doshi,IT,Cybersecurity Specialist,69,77.56,81.04,4.2,92.47,44,4.2,7,No,85.3,HIGH
920768,Myra Kothari,HR,Employee Relations,97,90.55,91.14,3.7,71.43,49,3.4,11,No,77.11,HIGH
117388,Zaina Bobal,Marketing,Marketing Executive,53,84.32,93.02,3.2,76.46,43,4.9,12,No,82.37,HIGH
964676,Aniruddh Jhaveri,Marketing,Content Strategist,100,70.34,82.41,4.1,83.09,35,4.1,14,Yes,81.24,HIGH
771837,Indrans Master,Sales,Business Development,86,75.72,98.58,4.9,85.21,53,3.0,24,No,84.45,HIGH
360357,Nitara Borra,IT,Cybersecurity Specialist,77,76.25,87.04,4.1,97.37,47,4.8,2,No,89.84,HIGH
956131,Ryan Dani,IT,Data Analyst,61,83.53,88.58,3.1,90.13,51,3.7,20,No,80.31,HIGH
953951,Farhan Dayal,HR,Employee Relations,72,88.86,93.77,4.2,86.46,52,5.0,20,No,90.38,HIGH
812708,Kavya Khalsa,Finance,Auditor,91,92.2,79.26,4.9,81.59,54,3.9,2,No,84.75,HIGH
513182,Madhav Ganesan,IT,Software Engineer,95,83.76,87.49,4.1,70.68,45,3.8,25,No,78.68,HIGH
171258,Hrishita Buch,Sales,Sales Executive,75,93.72,80.26,3.3,74.87,44,4.0,20,No,77.08,HIGH
658375,Rati Madan,HR,Employee Relations,51,82.81,80.85,4.3,88.05,43,4.8,0,No,87.27,HIGH
191503,Renee Mandal,HR,Employee Relations,82,86.59,86.26,3.4,91.86,36,4.8,4,No,86.27,HIGH
931412,Vritika Badal,Sales,Business Development,99,89.44,97.93,3.3,95.55,40,4.1,12,Yes,86.8,HIGH
962915,Tushar Dave,Marketing,SEO Specialist,68,91.36,98.82,4.5,86.53,52,4.2,0,No,89.66,HIGH
265214,Shaan Mandal,Finance,Financial Analyst,73,82.5,84.41,3.7,97.65,48,3.5,15,No,83.23,HIGH
809065,Shalv Aurora,Sales,Sales Executive,84,64.98,77.45,4.1,73.88,41,3.6,8,No,74.95,MEDIUM
467412,Gatik Salvi,IT,Data Analyst,82,87.33,87.85,3.2,86.82,49,3.6,0,No,79.55,HIGH
148829,Alisha Bedi,Sales,Account Manager,86,67.32,96.36,3.1,73.5,44,4.7,5,Yes,79.25,HIGH
485268,Riaan Majumdar,Sales,Account Manager,77,80.96,79.06,3.9,81.91,44,4.5,13,No,82.08,HIGH
892952,Myra Gopal,IT,Software Engineer,76,94.73,83.24,4.1,85.4,48,4.0,17,No,84.14,HIGH
587217,Suhana Mane,HR,Employee Relations,73,85.99,85.05,3.1,86.26,46,4.7,17,No,82.69,HIGH
505746,Aaryahi Kunda,Sales,Business Development,86,66.59,93.27,3.0,90.87,47,4.1,14,Yes,80.97,HIGH
627469,Kashvi Chhabra,Finance,Auditor,100,81.48,87.8,4.2,70.57,49,3.2,5,No,76.48,HIGH
154864,Priyansh Raju,Sales,Sales Executive,96,82.83,88.31,4.1,97.58,48,4.9,11,Yes,91.22,HIGH
401286,Ishaan Sinha,Sales,Sales Executive,96,94.73,77.68,3.1,80.78,41,4.3,15,Yes,78.84,HIGH
559285,Anahita Sanghvi,Marketing,Marketing Executive,94,89.84,89.76,4.0,91.3,41,4.2,26,Yes,87.13,HIGH
652674,Farhan Varghese,Marketing,SEO Specialist,59,87.23,75.08,4.8,75.23,45,5.0,18,No,85.51,HIGH
980096,Tarini Kulkarni,Marketing,SEO Specialist,74,89.6,82.81,3.0,99.47,38,3.1,21,No,79.76,HIGH
510681,Mehul Bhargava,HR,Employee Relations,59,70.23,98.26,4.9,80.52,49,4.6,12,No,88.83,HIGH
900733,Pari Balasubramanian,Sales,Account Manager,61,86.05,89.12,3.6,99.8,39,4.7,15,No,89.57,HIGH
832583,Zeeshan Ben,Sales,Account Manager,73,88.47,86.87,4.3,79.21,55,5.0,24,No,87.18,HIGH
725475,Arnav Gill,IT,Data Analyst,83,62.88,88.79,4.4,78.48,38,3.6,9,No,79.59,HIGH
626921,Aayush Rout,HR,Employee Relations,81,66.48,83.09,3.5,71.5,45,4.1,30,No,75.12,HIGH
417698,Purab Krishnan,Marketing,Marketing Executive,89,86.82,75.3,4.9,79.2,53,4.3,29,Yes,84.3,HIGH
794666,Vivaan Sahota,IT,Cybersecurity Specialist,58,87.52,83.08,3.5,76.31,54,4.4,10,No,79.86,HIGH
222441,Badal Mani,HR,Employee Relations,65,75.02,88.33,4.2,74.77,55,3.5,5,No,78.4,HIGH
598992,Myra Mangat,Sales,Account Manager,67,65.64,97.62,4.3,87.87,38,3.9,6,No,85.25,HIGH
704619,Yuvaan Thakkar,Marketing,SEO Specialist,92,81.83,76.56,4.6,93.72,39,3.7,7,No,84.81,HIGH
987966,Gokul Jayaraman,HR,Recruitment Specialist,63,83.49,85.09,3.5,82.34,52,3.2,22,No,76.87,HIGH
596168,Rhea Kara,IT,Cybersecurity Specialist,69,74.58,78.67,3.5,91.2,48,3.5,20,No,78.55,HIGH
714131,Vivaan Rana,Sales,Sales Executive,80,60.44,93.72,4.4,90.98,54,4.0,0,No,85.68,HIGH
786766,Riaan Tak,Finance,Accountant,63,89.24,81.29,3.4,89.9,46,4.5,10,No,83.75,HIGH
976104,Abram Sodhi,HR,HR Manager,92,90.83,99.0,4.9,83.29,49,3.4,28,No,87.07,HIGH
583461,Jhanvi Sura,Finance,Financial Analyst,55,66.31,85.17,3.4,72.94,52,3.4,10,No,72.75,MEDIUM
494793,Vritika Shankar,Sales,Business Development,56,88.83,85.9,4.6,74.61,46,4.5,0,No,84.85,HIGH
920241,Tushar Handa,Marketing,Content Strategist,71,80.3,82.43,3.8,75.73,51,3.9,23,No,78.04,HIGH
185073,Aarush Dey,HR,Recruitment Specialist,53,75.11,87.78,3.4,76.97,38,4.7,5,No,80.56,HIGH
425152,Zoya Sankar,Sales,Business Development,86,61.3,80.64,4.6,73.73,42,3.2,9,No,75.58,HIGH
412263,Zain Halder,HR,Recruitment Specialist,91,79.8,81.89,5.0,96.33,46,3.7,27,No,88.06,HIGH
295304,Uthkarsh Kapadia,IT,Cybersecurity Specialist,60,80.2,87.16,3.6,77.07,49,4.1,2,No,79.37,HIGH
812902,Misha Saran,Sales,Sales Executive,53,73.53,75.33,4.2,98.03,43,4.6,2,No,87.03,HIGH
386241,Lakshay Sankaran,HR,Recruitment Specialist,58,84.47,93.36,3.9,90.72,39,4.2,5,No,86.74,HIGH
837015,Hiran Kurian,Sales,Sales Executive,59,77.31,82.58,5.0,93.3,53,3.8,7,No,87.44,HIGH
506737,Mehul Sodhi,Finance,Auditor,54,86.73,95.82,3.8,92.42,47,3.5,3,No,84.76,HIGH
649034,Baiju Ganesan,Sales,Sales Executive,53,93.88,78.86,3.5,90.74,45,3.7,4,No,81.18,HIGH
535227,Shayak Kumar,Marketing,Content Strategist,86,80.13,82.6,3.2,71.14,37,4.9,28,Yes,78.28,HIGH
878473,Shlok Dhar,Sales,Sales Executive,99,86.25,87.88,4.3,88.78,38,3.9,11,No,85.64,HIGH
433973,Farhan Comar,HR,Employee Relations,96,86.25,78.91,3.9,82.26,37,4.5,9,Yes,82.68,HIGH
903269,Kimaya Behl,Finance,Auditor,77,87.18,81.69,3.7,77.22,49,4.3,18,No,80.22,HIGH
642012,Sana Barad,Marketing,Content Strategist,65,60.1,87.5,4.6,84.83,48,4.1,19,No,83.76,HIGH
982368,Onkar Ramanathan,Sales,Business Development,88,67.15,94.79,4.4,81.12,53,4.8,5,Yes,86.81,HIGH
620534,Shlok Sahota,Sales,Account Manager,82,78.15,77.93,3.6,75.88,42,3.2,3,No,73.36,MEDIUM
790512,Shayak Savant,Finance,Financial Analyst,58,82.19,75.04,3.8,90.38,49,4.5,23,No,83.54,HIGH
275234,Neelofar Savant,IT,Data Analyst,99,60.57,83.38,3.8,82.15,38,4.2,17,Yes,79.38,HIGH
459765,Adira Ravel,Finance,Auditor,92,94.78,78.94,3.3,78.3,54,3.5,30,No,75.96,HIGH
467569,Rati Seshadri,Marketing,Content Strategist,57,75.34,79.81,3.2,89.61,49,4.2,19,No,79.98,HIGH
452074,Nitara Sane,Sales,Sales Executive,64,90.92,99.26,3.9,76.61,42,3.5,5,No,81.53,HIGH
199854,Saira Dua,Marketing,Marketing Executive,75,76.23,94.44,3.3,99.05,51,5.0,0,No,89.43,HIGH
819626,Vedika Dani,IT,Cybersecurity Specialist,64,78.7,87.46,4.2,72.95,35,4.9,28,No,83.65,HIGH
557755,Samaira Bhakta,IT,Cybersecurity Specialist,59,66.61,92.93,3.5,84.79,39,3.8,11,No,79.88,HIGH
826224,Arhaan Singhal,Sales,Sales Executive,92,76.61,93.56,3.1,97.58,36,4.6,15,Yes,86.45,HIGH
983907,Anay Varkey,Marketing,Content Strategist,80,83.9,89.88,4.7,76.14,54,4.0,0,No,84.01,HIGH
947683,Amani Mall,HR,Recruitment Specialist,65,73.7,96.71,4.3,74.23,51,3.9,1,No,81.78,HIGH
649122,Emir Hans,IT,Data Analyst,65,74.74,83.8,3.1,79.66,49,4.5,13,No,78.53,HIGH
771230,Mohanlal Chopra,IT,Cybersecurity Specialist,89,73.73,99.75,3.2,73.96,44,4.1,5,Yes,78.71,HIGH
631678,Diya Sankaran,Marketing,Marketing Executive,98,82.11,86.88,3.2,72.9,46,4.7,15,Yes,79.06,HIGH
182624,Hazel Trivedi,IT,Software Engineer,73,68.81,89.3,3.3,98.86,54,4.0,2,No,83.6,HIGH
372406,Shray Goyal,Sales,Business Development,100,81.83,88.11,3.5,87.18,49,4.8,7,Yes,85.16,HIGH
560071,Samar Sibal,Finance,Financial Analyst,94,74.09,99.01,3.7,75.41,49,4.1,25,Yes,81.03,HIGH
458987,Divyansh Sachdeva,Sales,Account Manager,55,85.34,88.14,4.6,83.86,55,4.7,12,No,88.52,HIGH
731297,Kimaya Baral,HR,Employee Relations,82,72.39,94.22,3.1,73.59,42,3.0,1,No,72.56,MEDIUM
769605,Saira Rama,HR,HR Manager,54,78.15,91.96,3.5,86.42,48,4.6,14,No,84.53,HIGH
813679,Bhamini Kalla,Marketing,Marketing Executive,83,85.86,97.35,3.5,70.37,54,4.9,4,No,82.77,HIGH
564542,Aniruddh Kohli,IT,Software Engineer,86,74.98,77.6,4.3,91.57,54,3.3,5,No,80.89,HIGH
709235,Biju Keer,Marketing,Content Strategist,99,77.91,81.33,3.1,96.5,35,3.8,11,No,80.61,HIGH
309011,Jivika Sha,HR,Employee Relations,100,73.35,89.29,4.7,95.1,47,4.6,9,Yes,90.92,HIGH
708684,Ehsaan Saha,HR,HR Manager,61,94.17,76.49,3.9,96.83,50,3.3,13,No,82.56,HIGH
755029,Rhea Bedi,HR,HR Manager,54,89.57,88.57,4.7,74.88,48,4.3,10,No,85.14,HIGH
685795,Aradhya Dutta,IT,Cybersecurity Specialist,70,64.14,99.34,3.7,88.59,47,4.8,7,No,86.86,HIGH
932538,Azad Babu,Sales,Business Development,50,93.17,92.54,4.9,72.19,36,4.8,22,No,88.28,HIGH
394296,Misha Badami,Finance,Auditor,56,71.42,95.54,4.5,86.6,50,4.0,27,No,86.23,HIGH
233654,Ryan Vora,IT,Software Engineer,92,79.94,86.6,3.7,79.2,43,3.8,15,No,79.07,HIGH
291591,Hiran Chaudhari,IT,Cybersecurity Specialist,70,81.33,92.31,3.7,70.73,36,4.3,14,No,79.81,HIGH
884223,Dishani Warrior,Sales,Sales Executive,70,90.28,85.32,3.9,91.53,46,3.6,22,No,83.55,HIGH
472068,Zain Sandhu,IT,Cybersecurity Specialist,72,84.25,86.7,4.7,80.04,41,4.3,27,No,85.78,HIGH
975230,Mishti Wadhwa,Finance,Financial Analyst,64,63.35,88.59,3.4,85.86,37,3.7,13,No,78.21,HIGH
910846,Amira Atwal,Sales,Account Manager,90,76.36,80.34,4.9,85.53,50,4.6,18,Yes,87.36,HIGH
930676,Krish Dayal,Sales,Business Development,81,80.74,76.99,3.9,88.77,48,3.2,13,No,78.5,HIGH
982810,Ojas Bhasin,HR,Recruitment Specialist,81,69.0,76.6,4.8,73.61,38,3.8,20,No,78.7,HIGH
125170,Yakshit Krishna,IT,Cybersecurity Specialist,86,94.54,87.91,3.2,87.21,41,4.0,15,No,82.0,HIGH
686882,Renee Gole,Marketing,Content Strategist,60,66.94,75.42,4.2,90.11,43,4.7,1,No,84.41,HIGH
533611,Raunak Contractor,HR,HR Manager,81,88.35,92.41,3.2,93.38,51,3.1,12,No,80.53,HIGH
316421,Mahika Taneja,IT,Data Analyst,94,71.48,82.36,3.5,76.7,49,4.3,22,Yes,77.83,HIGH
463794,Rasha Kothari,Sales,Business Development,52,64.94,80.6,3.9,82.69,47,3.2,6,No,75.82,HIGH
412906,Krish Konda,Sales,Sales Executive,76,85.0,85.47,3.5,85.52,42,4.7,18,No,84.05,HIGH
555352,Mohanlal Ramesh,Sales,Account Manager,75,80.68,88.05,4.2,83.1,51,4.0,13,No,83.41,HIGH
685912,Shalv Mane,HR,HR Manager,94,76.14,86.49,3.2,92.73,44,3.7,8,No,80.33,HIGH
756803,Zain Sem,Sales,Sales Executive,89,85.26,89.0,4.5,83.88,48,3.3,8,No,82.69,HIGH
710022,Kimaya Tata,Marketing,Content Strategist,65,73.25,91.29,3.3,76.72,38,3.5,29,No,75.8,HIGH
354063,Akarsh Raj,Finance,Auditor,68,81.55,88.18,4.7,84.64,54,3.7,20,No,84.78,HIGH
555651,Zeeshan Deep,HR,Employee Relations,97,73.87,91.08,3.9,81.37,53,3.1,8,No,78.01,HIGH
950473,Lakshit Master,IT,Data Analyst,86,87.9,92.79,3.4,98.85,36,4.8,9,Yes,89.8,HIGH
702767,Dishani Badami,HR,HR Manager,92,82.09,90.14,3.8,95.75,44,3.5,13,No,84.16,HIGH
806233,Baiju Kanda,IT,Software Engineer,98,62.16,96.91,3.6,80.82,49,4.7,20,Yes,83.04,HIGH
893650,Ela Arya,Sales,Business Development,62,86.75,90.98,4.3,88.75,48,3.4,0,No,84.3,HIGH
526280,Ishita Biswas,IT,Data Analyst,56,76.69,85.41,3.2,70.44,48,3.5,23,No,72.68,MEDIUM
216769,Seher Bhalla,HR,HR Manager,65,94.39,84.59,4.7,74.58,46,4.6,1,No,85.93,HIGH
912187,Jayan Bala,Sales,Business Development,58,87.04,93.41,3.3,96.92,47,3.4,1,No,83.26,HIGH
381421,Ishita Tripathi,IT,Data Analyst,66,63.21,97.49,4.8,70.33,48,4.9,26,No,85.72,HIGH
189778,Faiyaz Bains,Sales,Sales Executive,99,84.22,99.82,4.0,80.45,52,3.5,29,No,82.52,HIGH
295929,Mamooty Sundaram,IT,Software Engineer,65,79.92,90.1,4.7,94.95,48,3.6,11,No,87.7,HIGH
716034,Samarth Mammen,Sales,Sales Executive,51,82.06,77.01,3.2,98.55,49,4.9,7,No,85.57,HIGH
968521,Yuvaan Srinivas,IT,Cybersecurity Specialist,76,71.68,77.75,3.8,81.83,35,4.3,14,No,79.67,HIGH
842724,Zoya Khare,IT,Cybersecurity Specialist,94,68.42,85.93,4.2,74.99,46,3.6,3,No,77.73,HIGH
486122,Vardaniya Choudhary,Sales,Sales Executive,72,86.57,78.15,3.1,86.76,46,3.5,10,No,76.71,HIGH
934241,Reyansh Dara,Finance,Accountant,89,92.42,96.5,3.6,93.17,41,4.8,1,Yes,90.09,HIGH
528942,Kismat Devan,HR,Recruitment Specialist,68,91.4,79.68,3.8,90.64,46,3.2,4,No,80.27,HIGH
835092,Samaira Dara,Marketing,SEO Specialist,76,82.71,92.83,3.6,90.41,46,3.7,16,No,83.16,HIGH
646920,Indranil Dewan,Finance,Auditor,83,83.16,76.66,3.6,77.17,47,3.5,9,No,75.2,HIGH
764085,Taimur Ben,Finance,Auditor,64,67.67,82.4,3.3,86.87,36,3.8,25,No,77.71,HIGH
891153,Nayantara Rajagopalan,IT,Data Analyst,60,66.56,88.77,3.3,85.4,36,3.9,12,No,78.83,HIGH
917623,Kismat Ramesh,Sales,Account Manager,77,61.33,94.99,3.7,91.92,43,4.7,20,No,86.31,HIGH
478328,Adah Kari,Marketing,Marketing Executive,72,91.65,76.35,3.0,79.75,36,3.9,21,No,75.96,HIGH
495214,Zeeshan Chaudhary,Sales,Sales Executive,75,64.77,98.18,4.6,74.14,40,4.2,11,No,83.56,HIGH
896289,Madhav Buch,Finance,Auditor,53,94.85,91.51,4.9,72.97,39,3.9,17,No,84.88,HIGH
521025,Pranay Dhar,IT,Software Engineer,61,65.26,96.71,3.3,91.99,50,4.6,20,No,85.06,HIGH
592572,Hrishita Vig,HR,Recruitment Specialist,85,73.07,95.77,3.4,75.71,55,3.7,1,No,77.57,HIGH
790331,Anika Bhat,Sales,Business Development,68,76.74,95.69,4.7,87.61,54,4.1,3,No,88.3,HIGH
625849,Rohan Grover,Sales,Business Development,78,81.86,84.28,3.0,82.0,42,3.7,13,No,76.44,HIGH
429167,Samar Bandi,IT,Software Engineer,96,68.69,76.52,4.0,78.91,38,3.0,3,No,73.85,MEDIUM
739353,Bhamini Wagle,HR,Recruitment Specialist,53,72.0,81.44,3.7,86.81,39,4.8,11,No,83.53,HIGH
941613,Pihu Chad,HR,Employee Relations,100,88.45,81.56,4.5,94.86,55,4.7,17,Yes,90.42,HIGH
607836,Samarth Som,Marketing,SEO Specialist,76,60.03,85.42,4.4,87.13,36,5.0,5,No,86.83,HIGH
505017,Divyansh Kulkarni,HR,Employee Relations,74,93.72,86.56,3.7,74.23,46,3.6,4,No,78.15,HIGH
334126,Bhamini De,Sales,Account Manager,63,78.18,80.67,3.1,85.34,40,3.2,10,No,74.75,MEDIUM
749978,Faiyaz Sangha,Finance,Financial Analyst,59,60.37,85.03,3.5,98.1,40,3.6,6,No,80.87,HIGH
207885,Umang Kalita,HR,Recruitment Specialist,61,86.09,99.07,3.9,78.17,48,3.0,7,No,79.47,HIGH
269172,Ritvik Amble,IT,Cybersecurity Specialist,94,80.86,94.77,4.8,86.31,45,4.0,7,No,88.13,HIGH
899019,Lavanya Bains,Finance,Financial Analyst,77,67.38,93.18,4.8,98.65,46,3.4,10,No,87.77,HIGH
482871,Yuvaan Bir,HR,HR Manager,79,61.34,88.91,3.3,97.39,36,3.4,20,No,79.93,HIGH
491256,Jivika Sheth,HR,Recruitment Specialist,79,71.67,86.18,4.5,80.68,35,4.0,26,No,82.61,HIGH
252870,Mishti Acharya,Finance,Accountant,75,64.74,85.48,3.8,98.38,37,3.6,9,No,82.68,HIGH
144723,Ryan Wason,Sales,Account Manager,50,69.88,82.11,4.2,85.84,48,4.7,9,No,84.76,HIGH
860222,Veer Ratta,IT,Software Engineer,79,74.82,87.64,4.6,76.59,40,3.6,12,No,80.79,HIGH
229431,Madhup Tiwari,Marketing,SEO Specialist,58,67.53,85.31,4.1,71.76,40,3.7,17,No,76.54,HIGH
471162,Vidur Vasa,Finance,Financial Analyst,62,88.41,88.28,4.9,91.79,42,3.6,26,No,88.03,HIGH
881395,Jayesh Ravel,Finance,Financial Analyst,80,92.22,87.76,4.2,71.09,40,3.3,22,No,78.1,HIGH
296520,Parinaaz Kamdar,IT,Data Analyst,75,63.71,77.0,3.6,87.8,47,4.9,11,No,82.11,HIGH
880399,Adah Iyer,Sales,Business Development,72,66.07,89.53,3.8,87.58,53,4.8,22,No,85.19,HIGH
691129,Ivan Wason,Marketing,SEO Specialist,66,65.05,86.34,3.9,98.19,49,3.8,24,No,84.03,HIGH
346676,Madhav Shan,IT,Data Analyst,61,76.93,85.04,4.1,80.95,39,4.6,6,No,83.79,HIGH
832077,Ojas Bawa,HR,HR Manager,65,83.15,86.26,3.6,98.43,45,3.2,15,No,82.3,HIGH
578704,Drishya Setty,Sales,Sales Executive,91,87.18,79.33,3.9,96.82,49,3.0,25,No,81.23,HIGH
508959,Mehul Dora,IT,Cybersecurity Specialist,66,82.94,88.51,3.4,82.78,49,4.5,30,No,82.43,HIGH
504938,Kiaan Wagle,Marketing,Content Strategist,79,82.5,85.26,4.0,99.85,37,3.3,18,No,84.46,HIGH
103022,Krish Gokhale,IT,Data Analyst,91,80.63,89.82,4.3,78.1,46,4.8,6,Yes,85.86,HIGH
331851,Seher Chad,Finance,Auditor,87,87.09,98.8,3.9,79.83,39,4.8,10,Yes,87.22,HIGH
135798,Rati Deshmukh,HR,Employee Relations,63,65.28,86.51,3.6,97.03,45,4.7,5,No,86.14,HIGH
974392,Veer Bhatti,HR,HR Manager,69,86.57,83.36,3.3,85.9,50,4.7,22,No,83.1,HIGH
888872,Shaan Kaul,Marketing,Marketing Executive,78,66.47,76.18,4.1,80.34,55,4.9,25,No,81.99,HIGH
152410,Advika Sengupta,Sales,Business Development,86,85.63,98.21,3.8,95.68,41,3.2,28,No,84.91,HIGH
461348,Ivana Edwin,IT,Data Analyst,91,78.49,89.0,3.9,96.82,54,3.8,25,No,85.5,HIGH
311245,Vritika Chaudhari,HR,Recruitment Specialist,77,76.5,75.21,3.3,70.21,46,3.1,23,No,69.35,MEDIUM
476084,Rasha Sarkar,Marketing,SEO Specialist,60,88.86,77.4,4.9,87.43,46,4.7,9,No,89.0,HIGH
906004,Ishaan Goyal,IT,Software Engineer,100,67.7,76.38,3.7,89.0,49,3.9,10,No,79.15,HIGH
296920,Pari Chatterjee,Finance,Auditor,99,63.95,81.67,3.8,72.22,39,4.8,20,Yes,78.8,HIGH
903534,Yashvi Toor,HR,Employee Relations,92,60.98,96.61,4.6,96.02,35,4.2,3,Yes,89.43,HIGH
735366,Tushar Sanghvi,Finance,Financial Analyst,84,73.01,80.04,4.3,83.7,43,4.9,29,No,85.22,HIGH
326562,Ela Bora,IT,Data Analyst,87,78.78,98.28,4.9,75.03,48,3.6,30,No,84.04,HIGH
503846,Vihaan Majumdar,Marketing,SEO Specialist,56,61.92,88.95,4.6,75.74,55,3.1,15,No,77.5,HIGH
236702,Tara Randhawa,Finance,Accountant,83,67.96,85.89,3.2,95.41,46,3.6,22,No,79.8,HIGH
174984,Shamik Dua,Finance,Accountant,56,82.4,88.65,4.8,99.53,50,4.8,17,No,94.23,HIGH
656968,Riaan Rau,Sales,Account Manager,58,86.75,84.02,3.6,88.02,48,4.9,28,No,85.88,HIGH
734970,Devansh Bhatia,Sales,Business Development,75,75.32,86.96,4.0,93.9,48,3.8,17,No,84.29,HIGH
992439,Raunak Goel,Sales,Business Development,80,64.9,76.93,4.8,77.32,40,5.0,28,No,84.27,HIGH
892742,Sana Batra,Marketing,SEO Specialist,95,81.71,97.27,3.9,87.98,38,4.9,26,Yes,89.22,HIGH
305331,Elakshi Dhar,Marketing,Marketing Executive,89,88.64,90.63,4.8,71.72,36,4.9,1,Yes,87.31,HIGH
433200,Samaira Goel,Marketing,SEO Specialist,100,60.72,99.66,3.9,82.21,48,3.4,1,No,79.87,HIGH
349019,Riya Mangal,Marketing,Content Strategist,58,76.67,93.78,4.9,92.56,44,4.3,10,No,90.99,HIGH
539075,Samiha Ratti,HR,HR Manager,79,90.2,84.13,4.2,80.71,40,4.5,21,No,84.86,HIGH
329541,Shamik Goda,Sales,Sales Executive,62,76.09,93.7,4.3,88.67,53,3.9,21,No,85.75,HIGH
540989,Manikya Garde,Finance,Auditor,62,60.62,77.14,3.5,89.54,48,5.0,21,No,82.35,HIGH
294096,Bhamini Brahmbhatt,Marketing,SEO Specialist,89,76.55,89.29,4.7,84.46,49,4.5,20,Yes,87.65,HIGH
271056,Yuvaan Rajagopalan,Sales,Account Manager,97,68.52,80.35,3.1,96.01,55,3.4,9,No,77.73,HIGH
209939,Baiju Tak,Sales,Sales Executive,65,60.82,98.43,4.0,79.84,38,5.0,20,No,85.72,HIGH
163488,Nirvaan Basu,Finance,Auditor,89,78.72,94.17,4.5,74.38,46,4.4,20,Yes,84.62,HIGH
139462,Uthkarsh Dara,Finance,Financial Analyst,60,66.55,90.95,3.7,77.39,36,4.3,18,No,80.06,HIGH
604075,Kanav Uppal,Marketing,Marketing Executive,56,87.39,75.16,4.6,94.9,45,4.2,25,No,87.44,HIGH
316519,Ehsaan Sant,HR,Recruitment Specialist,85,81.53,80.7,4.5,74.9,54,3.9,27,No,80.36,HIGH
987975,Navya D’Alia,Sales,Business Development,58,84.72,79.75,4.8,80.74,51,3.7,0,No,82.64,HIGH
476370,Vanya Tella,HR,Employee Relations,55,76.32,82.05,4.4,82.99,51,5.0,10,No,86.54,HIGH
207158,Manjari Chahal,Sales,Sales Executive,97,89.02,76.92,3.2,94.36,43,3.6,8,No,79.79,HIGH
339624,Miraya Salvi,HR,HR Manager,87,60.98,85.5,4.5,80.27,43,3.1,6,No,77.68,HIGH
858660,Sana Vig,Finance,Accountant,66,74.77,92.91,3.8,84.24,48,3.5,16,No,80.53,HIGH
650269,Shalv Mahal,Sales,Account Manager,51,77.29,99.46,4.9,99.72,46,4.0,16,No,93.14,HIGH
331877,Mahika Ganguly,Finance,Accountant,99,64.88,89.84,3.1,80.57,44,3.7,17,No,75.83,HIGH
263674,Rhea Bhavsar,Marketing,Content Strategist,97,73.04,90.86,3.2,89.25,43,3.4,27,No,78.65,HIGH
858826,Anahi Sur,Sales,Account Manager,51,74.49,81.19,3.0,98.43,55,4.4,24,No,82.82,HIGH
760608,Badal Trivedi,Sales,Sales Executive,96,80.68,89.76,4.9,78.4,35,4.9,18,Yes,88.74,HIGH
280988,Akarsh Khurana,IT,Software Engineer,89,68.39,82.77,4.3,81.2,55,4.8,3,Yes,84.15,HIGH
649564,Aayush Swaminathan,IT,Cybersecurity Specialist,77,75.55,79.87,4.4,75.6,36,3.1,8,No,76.21,HIGH
985721,Manikya Jha,HR,Employee Relations,82,93.74,81.65,4.6,90.32,42,3.8,12,No,86.4,HIGH
410234,Shaan Iyengar,Finance,Auditor,59,90.95,92.07,3.6,93.12,41,4.5,3,No,87.84,HIGH
219835,Azad Seth,Marketing,Marketing Executive,57,69.12,81.34,3.7,73.17,47,3.2,0,No,72.73,MEDIUM
165205,Shamik Hora,HR,Employee Relations,73,92.0,87.08,4.9,93.37,44,4.9,14,No,93.83,HIGH
825317,Ritvik Wali,Sales,Account Manager,91,86.9,78.17,4.8,97.13,37,3.4,12,No,86.26,HIGH
958787,Hridaan Hegde,Finance,Auditor,79,81.81,77.08,4.1,80.61,37,3.9,8,No,79.78,HIGH
600490,Bhavin Jha,Finance,Auditor,55,84.74,93.2,4.2,89.68,47,3.0,13,No,82.82,HIGH
791313,Kiaan Bali,Sales,Account Manager,50,76.78,95.76,4.3,99.55,37,4.7,29,No,92.7,HIGH
249463,Darshit Shah,IT,Data Analyst,52,73.79,75.16,4.5,72.0,42,5.0,14,No,82.01,HIGH
175348,Anvi Bahri,HR,Recruitment Specialist,69,80.4,81.97,4.0,94.12,54,4.2,11,No,85.47,HIGH
840063,Ivana Chanda,Sales,Sales Executive,77,90.59,85.19,3.7,78.72,46,4.2,6,No,81.31,HIGH
656576,Kaira Gill,HR,HR Manager,100,71.98,81.12,4.5,83.21,43,4.7,1,Yes,85.18,HIGH
853536,Anika Rana,HR,Recruitment Specialist,92,75.67,99.29,5.0,71.92,43,3.5,30,No,83.0,HIGH
954064,Pari Garg,HR,Employee Relations,95,60.52,78.48,4.4,71.88,46,3.4,3,No,74.51,MEDIUM
719379,Amani Saxena,Marketing,SEO Specialist,91,76.68,88.46,3.0,92.77,55,3.4,29,No,78.79,HIGH
581148,Charvi Kuruvilla,Finance,Financial Analyst,55,67.09,83.81,4.5,87.65,39,3.4,14,No,81.37,HIGH
111544,Nitara Sur,Marketing,SEO Specialist,74,90.12,84.91,3.0,82.75,46,4.3,17,No,80.02,HIGH
210159,Anvi Dua,HR,Employee Relations,88,68.13,83.87,4.5,76.38,40,3.4,25,No,78.1,HIGH
507310,Hiran Dugar,Finance,Financial Analyst,99,79.58,75.64,3.6,91.55,36,4.7,2,Yes,83.75,HIGH
994618,Faiyaz Sanghvi,Finance,Financial Analyst,66,73.84,87.93,3.7,75.91,42,4.0,16,No,78.54,HIGH
142405,Aarav Dutta,HR,Employee Relations,86,69.58,91.71,4.1,82.33,39,3.7,17,No,81.2,HIGH
170269,Ranbir Gopal,HR,Employee Relations,88,83.3,90.08,4.9,72.55,52,4.8,23,Yes,86.91,HIGH
389401,Shaan Acharya,Marketing,SEO Specialist,57,90.51,95.51,4.2,99.33,46,4.0,11,No,90.75,HIGH
123940,Vardaniya Solanki,HR,Recruitment Specialist,100,68.27,88.5,4.3,88.1,37,3.1,21,No,80.56,HIGH
662858,Anay Salvi,IT,Cybersecurity Specialist,74,94.61,87.85,4.7,86.58,45,4.4,10,No,89.4,HIGH
209712,Nehmat Din,IT,Cybersecurity Specialist,100,71.54,98.83,3.6,77.86,40,4.4,28,Yes,82.28,HIGH
101467,Zain Viswanathan,HR,Recruitment Specialist,82,62.04,93.77,4.9,83.93,39,3.1,25,No,82.14,HIGH
699588,Yasmin Majumdar,Marketing,Marketing Executive,68,79.38,77.5,4.5,77.61,36,3.2,4,No,77.52,HIGH
721537,Samarth Gera,Marketing,Content Strategist,63,70.4,92.66,3.5,78.84,45,3.3,22,No,76.42,HIGH
152413,Riya Chaudhry,Marketing,Content Strategist,55,88.86,83.89,4.4,97.93,52,5.0,17,No,92.64,HIGH
700543,Baiju Sahota,Finance,Accountant,99,65.61,92.58,3.5,70.93,54,3.0,1,No,72.36,MEDIUM
587804,Ivana Ravel,Sales,Account Manager,51,67.89,86.24,3.6,71.49,45,4.7,20,No,78.68,HIGH
787645,Tushar Dada,HR,Employee Relations,95,76.44,98.55,4.0,80.08,42,3.2,4,No,80.18,HIGH
943710,Bhavin Mallick,Finance,Auditor,59,93.36,79.24,4.0,83.31,44,3.5,12,No,80.18,HIGH
386626,Jivin Manne,IT,Data Analyst,98,76.19,90.06,4.3,89.49,51,3.9,5,No,85.28,HIGH
506570,Riaan Sankar,HR,Employee Relations,82,61.91,79.77,4.7,77.77,43,4.7,26,No,83.08,HIGH
713562,Yuvaan Ramanathan,HR,Employee Relations,62,77.62,91.31,4.4,80.23,46,3.8,15,No,82.89,HIGH
914388,Kiaan Deo,IT,Cybersecurity Specialist,98,82.49,89.37,3.3,73.89,50,4.5,6,Yes,79.49,HIGH
610139,Shanaya Ben,IT,Software Engineer,81,80.11,89.98,3.7,86.36,53,5.0,5,No,86.71,HIGH
525234,Nakul Khosla,Finance,Financial Analyst,85,86.03,78.79,4.8,72.53,50,4.8,9,No,84.52,HIGH
625933,Samaira Sarin,Finance,Accountant,95,79.64,93.97,4.7,84.23,47,3.1,15,No,83.23,HIGH
239865,Mehul Ganguly,Marketing,SEO Specialist,61,79.87,88.41,4.6,85.05,47,4.3,10,No,86.78,HIGH
778084,Stuvan Krishna,Marketing,SEO Specialist,58,65.41,87.03,4.2,86.74,38,3.8,22,No,81.97,HIGH
241428,Kismat Rattan,Sales,Business Development,75,84.08,79.33,4.5,76.44,45,3.6,20,No,79.61,HIGH
652225,Lakshay Sarraf,Sales,Sales Executive,100,63.34,93.28,4.1,74.27,45,3.8,14,No,78.87,HIGH
933510,Jivin Mall,Marketing,Content Strategist,57,82.58,82.96,4.9,74.91,53,4.9,21,No,86.52,HIGH
363746,Himmat Deol,Finance,Financial Analyst,72,64.48,76.83,3.8,85.17,52,4.3,7,No,79.77,HIGH
581667,Riaan Karan,HR,Employee Relations,89,73.47,97.02,3.5,95.81,42,4.2,6,Yes,86.29,HIGH
743798,Prerak Dada,HR,HR Manager,93,82.8,78.18,3.4,77.08,47,4.3,15,Yes,77.84,HIGH
469954,Ehsaan Bakshi,HR,Recruitment Specialist,79,84.33,82.27,3.8,80.35,45,4.6,22,No,82.59,HIGH
817516,Tejas Gupta,IT,Data Analyst,85,62.0,93.11,4.1,80.56,44,4.1,30,No,81.79,HIGH
799579,Farhan Wagle,IT,Software Engineer,56,93.3,92.75,3.1,99.48,41,4.7,3,No,88.92,HIGH
206369,Samar Sabharwal,Marketing,SEO Specialist,67,80.92,94.16,3.4,97.32,51,4.2,19,No,86.52,HIGH
808258,Alisha Balay,Sales,Business Development,91,75.52,94.39,3.8,72.12,44,4.4,8,Yes,80.87,HIGH
273286,Emir Amble,HR,HR Manager,58,78.96,90.35,3.5,86.77,38,4.5,28,No,84.0,HIGH
731862,Faiyaz Vohra,Finance,Auditor,59,75.32,78.06,3.3,76.89,37,3.2,26,No,72.21,MEDIUM
673345,Renee Sundaram,Finance,Financial Analyst,88,85.33,82.38,4.5,75.86,55,4.4,25,Yes,83.37,HIGH
148578,Anika Badal,Finance,Accountant,93,81.73,76.66,3.1,92.1,50,4.3,28,Yes,80.74,HIGH
344541,Hansh Barad,IT,Data Analyst,91,72.78,84.35,4.1,92.74,41,3.7,4,No,83.17,HIGH
573521,Lakshit Chada,Finance,Accountant,70,64.49,96.09,3.3,89.07,41,3.2,29,No,78.39,HIGH
406444,Miraya Korpal,Marketing,SEO Specialist,72,80.37,75.79,3.2,78.94,53,3.0,12,No,71.68,MEDIUM
488077,Prerak Doshi,IT,Data Analyst,92,71.91,92.19,3.9,84.5,50,3.4,28,No,80.18,HIGH
873410,Indrans Wali,HR,Recruitment Specialist,75,73.83,96.11,4.2,79.99,35,4.7,25,No,86.2,HIGH
993839,Nitya Kota,Finance,Accountant,75,61.82,83.65,4.2,79.28,55,4.5,0,No,81.5,HIGH
149390,Dishani Kara,HR,Employee Relations,51,62.64,83.2,3.4,73.5,36,3.8,27,No,73.75,MEDIUM
791130,Navya Char,Finance,Accountant,64,84.6,93.63,3.5,77.34,55,4.4,5,No,81.99,HIGH
606623,Indrajit Handa,HR,Employee Relations,77,76.5,82.01,4.0,98.39,44,4.4,28,No,87.17,HIGH
619755,Ranbir Hari,IT,Data Analyst,68,84.19,76.44,3.4,91.81,40,3.8,6,No,80.05,HIGH
941949,Bhavin Sidhu,Sales,Sales Executive,63,65.85,88.35,3.4,99.09,35,4.0,9,No,83.58,HIGH
242372,Navya Tara,Marketing,SEO Specialist,74,93.72,75.7,4.7,98.43,40,3.5,25,No,86.84,HIGH
753460,Jayan Karpe,Sales,Account Manager,73,69.71,89.98,4.5,76.6,40,3.4,23,No,79.55,HIGH
828969,Yasmin Master,HR,HR Manager,79,71.1,95.48,4.5,71.77,53,5.0,26,No,85.74,HIGH
609145,Dhruv Yohannan,IT,Software Engineer,84,72.64,96.89,4.5,82.19,46,4.6,0,No,87.7,HIGH
395001,Shlok Magar,IT,Cybersecurity Specialist,70,75.66,98.78,4.6,93.64,47,4.6,14,No,92.21,HIGH
647978,Ahana  Agate,Finance,Accountant,91,70.34,89.6,5.0,93.5,48,3.5,3,No,87.0,HIGH
172683,Ira Shere,Sales,Account Manager,94,64.24,88.93,4.2,73.54,53,4.8,19,Yes,82.27,HIGH
893995,Siya Grover,Sales,Sales Executive,54,86.9,75.83,4.7,79.56,36,3.2,1,No,79.32,HIGH
792276,Ela Sibal,Finance,Auditor,57,87.04,96.19,4.0,81.83,35,3.3,27,No,81.69,HIGH
672171,Rhea Mane,Finance,Accountant,98,71.79,75.93,3.0,95.35,43,4.5,5,Yes,80.97,HIGH
771822,Gokul Sarin,Sales,Business Development,81,69.71,76.26,4.8,73.45,46,4.5,27,No,81.46,HIGH
922972,Divit Ramaswamy,IT,Software Engineer,90,80.8,75.43,4.1,77.33,38,4.2,14,Yes,79.57,HIGH
705108,Urvi Anand,Finance,Financial Analyst,68,66.3,85.86,4.8,93.57,44,3.7,16,No,85.87,HIGH
441034,Shaan Sundaram,IT,Software Engineer,64,70.18,89.04,3.4,83.56,38,3.8,8,No,78.69,HIGH
973522,Anaya Kant,HR,Employee Relations,64,65.5,86.63,3.9,97.57,39,5.0,6,No,88.75,HIGH
478193,Damini Saran,HR,Recruitment Specialist,63,91.14,87.09,4.8,90.23,50,4.3,25,No,90.0,HIGH
122865,Jhanvi Tailor,Finance,Financial Analyst,66,63.95,76.61,4.3,82.6,50,4.9,5,No,83.3,HIGH
129858,Rasha Manne,IT,Cybersecurity Specialist,62,71.39,80.86,4.1,84.58,51,3.2,20,No,77.88,HIGH
994100,Eva Ranganathan,Marketing,Content Strategist,73,85.99,95.14,3.7,89.84,55,4.4,22,No,86.98,HIGH
434743,Piya Viswanathan,Marketing,Content Strategist,87,77.05,84.64,3.3,78.46,38,4.7,28,Yes,80.17,HIGH
924746,Nitara Ghose,Sales,Business Development,84,85.33,89.72,4.0,94.56,52,4.1,29,No,87.24,HIGH
825486,Aarush Sheth,IT,Data Analyst,95,82.29,99.86,4.7,75.93,39,4.4,15,Yes,87.38,HIGH
867358,Stuvan Chawla,IT,Cybersecurity Specialist,91,61.17,97.33,4.7,82.78,36,3.5,20,No,83.22,HIGH
803122,Armaan Sood,HR,HR Manager,55,87.98,97.5,4.9,76.46,55,3.7,0,No,85.64,HIGH
993291,Jayesh Ravel,IT,Software Engineer,71,61.09,88.0,4.9,82.73,41,3.1,26,No,80.53,HIGH
270481,Rasha Bose,Marketing,Marketing Executive,63,79.49,76.49,4.9,80.2,52,4.0,23,No,82.91,HIGH
615326,Ritvik Chaudhari,Sales,Account Manager,55,70.3,84.07,3.2,87.37,36,4.6,9,No,81.26,HIGH
359938,Nishith Basu,Sales,Business Development,54,91.14,97.11,3.4,79.31,48,4.9,12,No,85.53,HIGH
715046,Shaan Sethi,Finance,Financial Analyst,74,78.25,88.11,3.5,74.09,50,4.0,10,No,77.67,HIGH
830400,Zain Thakur,Sales,Sales Executive,57,92.25,98.11,4.1,86.76,38,4.7,11,No,90.08,HIGH
694248,Mohanlal Sawhney,Sales,Account Manager,100,76.09,98.42,3.3,98.39,52,3.3,1,No,83.21,HIGH
595983,Mannat Sodhi,Sales,Account Manager,51,64.37,81.31,3.5,74.78,52,4.8,7,No,78.33,HIGH
759350,Khushi Anne,Finance,Auditor,65,78.62,95.49,3.9,72.04,40,3.7,4,No,78.97,HIGH
286418,Jayant Kara,HR,Recruitment Specialist,99,86.56,96.39,3.5,99.19,45,3.2,0,No,84.49,HIGH
863654,Mishti Master,Marketing,Content Strategist,54,82.41,88.76,4.0,73.33,44,4.8,13,No,83.19,HIGH
523906,Navya Rajan,Finance,Accountant,95,73.0,90.76,4.8,91.26,37,4.2,0,Yes,88.83,HIGH
977349,Tushar Rau,IT,Cybersecurity Specialist,97,65.45,96.7,3.3,75.28,50,4.1,20,Yes,78.07,HIGH
851226,Rati D’Alia,Finance,Accountant,50,84.51,87.68,3.6,92.7,47,3.7,19,No,83.0,HIGH
968218,Vivaan Chaudhary,IT,Software Engineer,64,65.13,79.73,5.0,72.24,48,3.8,3,No,79.33,HIGH
419253,Ivana Upadhyay,HR,Recruitment Specialist,86,65.48,86.25,3.4,71.48,45,4.9,3,Yes,78.44,HIGH
296917,Vardaniya Kota,IT,Data Analyst,91,91.2,79.13,3.4,98.34,53,4.8,1,Yes,87.25,HIGH
428829,Advik Srinivas,IT,Software Engineer,51,81.95,84.67,4.9,93.41,44,4.6,6,No,91.15,HIGH
375139,Jiya Mallick,IT,Data Analyst,60,87.0,97.91,4.8,83.29,49,4.9,8,No,92.07,HIGH
742163,Miraya Dash,Finance,Financial Analyst,76,94.32,82.77,4.5,80.88,37,3.9,11,No,83.85,HIGH
894506,Aarush Kuruvilla,Marketing,Marketing Executive,69,90.94,85.85,4.4,85.06,42,3.3,5,No,82.58,HIGH
279724,Suhana Verma,Finance,Auditor,79,80.31,91.91,4.4,85.53,47,4.7,22,No,88.47,HIGH
646858,Riaan Arora,Sales,Business Development,65,91.35,85.0,4.2,71.63,53,4.0,26,No,80.42,HIGH
875903,Pranay Sachdev,Finance,Financial Analyst,96,80.75,78.32,4.7,87.47,41,4.6,19,Yes,87.18,HIGH
315945,Samiha Rastogi,Finance,Accountant,72,70.93,91.11,4.1,91.95,35,3.9,1,No,84.9,HIGH
392685,Kismat Ray,Marketing,Marketing Executive,73,83.11,95.42,4.6,77.85,49,3.6,13,No,83.55,HIGH
520370,Nakul Banik,HR,HR Manager,93,92.17,92.82,3.8,88.88,35,5.0,11,Yes,89.64,HIGH
490018,Anvi Gola,HR,HR Manager,99,78.95,92.45,4.9,71.02,40,3.4,26,No,80.89,HIGH
869133,Rhea Bava,Marketing,SEO Specialist,81,63.81,92.99,4.4,92.69,43,3.8,1,No,85.59,HIGH
124448,Damini Jhaveri,Marketing,Content Strategist,63,79.37,77.39,3.6,79.33,50,4.6,18,No,80.01,HIGH
514867,Heer Kapoor,Sales,Business Development,90,79.85,82.44,3.5,82.03,46,3.4,14,No,76.68,HIGH
515284,Priyansh Desai,IT,Cybersecurity Specialist,82,89.74,75.75,3.0,91.77,41,4.0,14,No,79.66,HIGH
635345,Biju Virk,Marketing,Marketing Executive,61,83.1,86.58,4.5,76.36,35,3.7,2,No,81.33,HIGH
956179,Kiara Agarwal,Finance,Auditor,78,75.52,77.78,4.4,97.45,53,4.2,18,No,86.74,HIGH
671698,Advika Bora,HR,Recruitment Specialist,97,63.35,83.93,3.1,78.2,37,4.6,10,Yes,77.38,HIGH
803317,Aaryahi Sagar,Sales,Business Development,66,65.49,83.59,3.7,74.61,39,3.3,24,No,73.65,MEDIUM
563173,Siya Chana,IT,Data Analyst,98,66.74,85.45,3.0,76.58,35,4.4,22,Yes,76.34,HIGH
210622,Aaina Krishnan,HR,HR Manager,54,92.62,75.04,3.6,81.34,46,4.7,24,No,81.87,HIGH
285614,Anay Chokshi,Marketing,Marketing Executive,80,69.88,82.94,5.0,91.56,51,4.2,2,No,87.84,HIGH
269372,Bhavin Taneja,HR,Employee Relations,98,63.29,87.95,3.5,80.81,54,4.4,14,Yes,79.76,HIGH
831417,Vihaan Jaggi,Sales,Account Manager,96,73.84,87.66,3.9,75.75,55,3.6,25,No,77.64,HIGH
150433,Aayush Vaidya,IT,Data Analyst,80,78.19,91.06,3.1,91.66,47,3.8,26,No,81.13,HIGH
389434,Oorja Boase,Marketing,Marketing Executive,71,88.16,76.6,3.8,94.44,41,4.5,23,No,85.67,HIGH
668245,Anahi Dash,HR,Employee Relations,50,73.39,79.07,3.0,94.06,52,4.3,21,No,80.57,HIGH
682568,Jayesh Chahal,Finance,Accountant,50,74.9,97.77,4.3,77.22,40,4.4,4,No,85.01,HIGH
186547,Sumer Vohra,Marketing,Marketing Executive,84,66.13,96.42,3.3,98.94,46,3.2,29,No,81.58,HIGH
678872,Taimur Balay,IT,Cybersecurity Specialist,87,65.57,99.02,3.8,79.03,39,3.4,27,No,78.87,HIGH
643748,Romil Khare,Finance,Financial Analyst,90,83.58,86.93,4.3,78.87,40,3.3,15,No,79.81,HIGH
788487,Darshit Ranganathan,HR,HR Manager,82,84.76,87.1,4.5,76.65,37,3.7,10,No,81.69,HIGH
184465,Lagan Bhavsar,IT,Cybersecurity Specialist,97,89.85,85.36,4.6,72.6,36,3.8,26,No,81.44,HIGH
133670,Akarsh Jayaraman,Finance,Auditor,80,87.41,81.33,4.9,88.41,37,3.3,21,No,84.33,HIGH
492913,Vivaan Bera,HR,Employee Relations,74,64.61,93.35,3.7,90.48,43,3.2,21,No,79.88,HIGH
885920,Arhaan Barman,Finance,Auditor,91,62.78,94.96,5.0,71.74,55,4.9,25,Yes,86.39,HIGH
435928,Zara Sankaran,Marketing,Content Strategist,100,83.69,78.28,4.2,97.94,49,4.8,7,Yes,89.41,HIGH
660697,Hazel Ganguly,Marketing,Content Strategist,86,93.13,84.55,3.2,80.38,53,4.9,1,Yes,82.74,HIGH
339677,Aniruddh Verma,HR,Employee Relations,70,75.84,75.2,3.4,90.26,45,4.7,8,No,82.1,HIGH
386845,Jiya Ghosh,IT,Software Engineer,60,69.97,80.71,4.7,87.43,51,4.3,11,No,85.37,HIGH
851201,Pihu Aurora,IT,Data Analyst,54,85.69,86.17,3.6,99.64,47,4.7,4,No,88.9,HIGH
573538,Biju Bhatia,Finance,Accountant,60,79.62,91.72,3.5,75.63,53,4.7,9,No,81.8,HIGH
839249,Shaan Din,HR,HR Manager,51,79.55,90.25,3.2,95.2,53,4.9,21,No,86.96,HIGH
756739,Ahana  Seth,Sales,Account Manager,67,68.03,98.53,4.1,77.15,47,3.2,7,No,78.85,HIGH
866490,Rohan Kalita,IT,Data Analyst,60,71.94,76.11,4.7,76.05,41,3.8,6,No,79.23,HIGH
378536,Samarth Kannan,IT,Data Analyst,71,62.91,86.41,4.9,89.53,37,3.2,14,No,82.83,HIGH
939466,Ojas Sunder,IT,Cybersecurity Specialist,99,63.61,88.52,4.2,98.98,42,4.9,30,Yes,90.16,HIGH
145682,Anika Chaudry,Finance,Financial Analyst,99,86.03,81.95,4.8,98.96,52,3.3,10,No,87.08,HIGH
383760,Dishani Varty,Finance,Auditor,57,77.79,95.66,4.2,81.57,35,3.4,24,No,81.78,HIGH
581454,Ehsaan Bakshi,HR,Recruitment Specialist,91,84.97,92.11,4.0,77.87,38,4.0,4,No,82.28,HIGH
535051,Taran Dubey,Finance,Accountant,100,86.73,99.03,3.1,93.0,48,3.7,3,No,83.58,HIGH
226681,Uthkarsh Grewal,IT,Software Engineer,96,88.49,85.74,3.2,86.2,52,3.4,1,No,78.26,HIGH
887500,Anya Rout,Marketing,SEO Specialist,61,82.74,87.44,4.7,99.71,36,4.0,15,No,90.48,HIGH
561566,Tushar Date,Sales,Business Development,68,69.22,88.03,5.0,81.67,37,3.5,1,No,83.03,HIGH
782808,Amani Rau,Sales,Business Development,62,91.83,95.42,5.0,72.57,44,3.6,17,No,84.44,HIGH
589224,Krish Contractor,Finance,Accountant,95,74.07,98.27,4.3,72.7,35,3.3,17,No,79.27,HIGH
102836,Ojas Thaman,Marketing,Content Strategist,57,79.86,80.94,3.9,97.45,48,4.4,6,No,86.61,HIGH
812606,Hazel Thakkar,Marketing,Content Strategist,79,60.45,97.67,3.2,74.87,51,4.1,24,No,77.24,HIGH
903645,Azad Mahajan,Finance,Auditor,72,67.61,76.76,4.7,85.23,50,3.0,2,No,78.48,HIGH
111256,Oorja Bhatnagar,Marketing,Marketing Executive,98,73.69,99.98,3.1,74.41,37,4.4,20,Yes,79.69,HIGH
204580,Vanya Samra,IT,Data Analyst,62,72.51,78.53,4.1,81.46,39,4.2,16,No,80.6,HIGH
857085,Taran Venkatesh,Marketing,Content Strategist,62,70.21,78.07,4.7,81.33,52,4.8,21,No,85.03,HIGH
519117,Charvi Chandra,Sales,Business Development,85,63.82,91.11,3.3,75.25,50,4.1,20,No,76.78,HIGH
174200,Madhup Tella,IT,Software Engineer,86,76.31,81.6,4.0,87.25,51,4.8,16,Yes,85.33,HIGH
471062,Inaaya  Viswanathan,IT,Cybersecurity Specialist,52,90.08,94.47,3.3,86.25,51,4.7,16,No,85.78,HIGH
647667,Yuvaan Bumb,Sales,Sales Executive,57,76.84,81.03,4.9,82.69,37,3.1,14,No,80.7,HIGH
151516,Lagan Bail,Sales,Sales Executive,77,74.15,89.18,3.7,93.36,40,4.6,26,No,86.46,HIGH
652936,Dhanush Barman,Marketing,Marketing Executive,75,87.11,76.94,4.1,75.09,49,4.1,10,No,79.43,HIGH
161681,Damini Saraf,Sales,Sales Executive,66,92.72,92.59,3.8,88.51,38,3.7,30,No,84.34,HIGH
418503,Ranbir Choudhury,IT,Software Engineer,60,73.92,95.61,3.0,92.14,42,4.8,3,No,85.36,HIGH
649093,Abram Bhatti,Sales,Business Development,77,76.49,83.48,3.7,96.79,47,4.9,0,No,87.78,HIGH
702060,Dhanush Halder,Marketing,SEO Specialist,74,86.56,86.46,4.3,94.58,46,3.5,7,No,85.52,HIGH
180828,Fateh Balakrishnan,Marketing,SEO Specialist,93,76.16,77.88,5.0,91.63,44,3.6,21,No,85.08,HIGH
921137,Ivan Sami,Sales,Business Development,62,86.24,95.87,3.5,86.28,50,4.9,5,No,87.28,HIGH
242190,Yuvraj  Aggarwal,HR,HR Manager,60,87.62,94.05,3.9,70.43,52,4.4,0,No,81.9,HIGH
389737,Biju Dara,Marketing,SEO Specialist,75,92.3,83.12,3.0,90.29,50,4.3,5,No,82.14,HIGH
115931,Biju Sane,Marketing,SEO Specialist,70,74.26,93.81,3.1,98.25,51,4.5,10,No,86.06,HIGH
413486,Aayush Dhillon,Finance,Financial Analyst,71,79.88,99.53,3.2,85.6,37,4.1,16,No,82.77,HIGH
327109,Arhaan Bali,Sales,Sales Executive,72,75.09,89.78,3.6,89.61,45,3.7,26,No,81.55,HIGH
883403,Abram Kant,IT,Cybersecurity Specialist,73,85.99,87.14,4.2,92.83,55,5.0,15,No,90.68,HIGH
229750,Saksham Ramesh,IT,Cybersecurity Specialist,92,75.33,90.47,3.5,81.41,46,5.0,1,Yes,84.05,HIGH
667357,Kashvi Saran,Sales,Sales Executive,55,94.5,96.9,4.3,74.75,50,3.6,18,No,82.86,HIGH
385226,Amani Lanka,HR,Recruitment Specialist,78,93.4,90.92,3.9,76.38,36,3.2,17,No,78.84,HIGH
686098,Suhana Balasubramanian,Finance,Auditor,89,81.93,87.85,4.7,91.96,55,3.3,6,No,85.35,HIGH
880431,Shalv Shanker,HR,HR Manager,66,62.28,77.6,4.0,85.93,36,3.2,25,No,76.33,HIGH
441444,Fateh Kumar,Sales,Account Manager,69,73.79,85.5,4.3,99.82,53,3.5,16,No,85.62,HIGH
428591,Hazel Savant,Finance,Auditor,89,82.96,96.06,4.3,99.59,36,3.8,29,No,89.78,HIGH
374772,Reyansh Chhabra,Sales,Sales Executive,97,85.74,94.29,3.4,78.41,35,4.3,15,Yes,81.76,HIGH
697977,Hunar Barman,Sales,Sales Executive,94,78.07,93.61,3.3,99.65,49,3.6,15,No,84.02,HIGH
920844,Yasmin Brar,Finance,Auditor,66,92.06,98.77,4.1,70.44,41,3.3,8,No,79.69,HIGH
722832,Shray Lala,HR,HR Manager,81,76.55,89.51,3.1,99.92,41,4.3,17,No,85.13,HIGH
269236,Lavanya Samra,IT,Data Analyst,75,70.26,87.5,3.9,93.91,44,3.5,21,No,82.3,HIGH
515459,Sara Wagle,Sales,Business Development,83,77.12,99.62,4.5,70.93,55,3.4,9,No,80.52,HIGH
896142,Nishith Bobal,HR,Recruitment Specialist,91,70.97,83.18,4.1,97.2,40,4.8,6,Yes,88.49,HIGH
471920,Neelofar Mangal,HR,HR Manager,62,93.92,75.78,4.9,76.27,46,4.1,3,No,83.43,HIGH
499740,Neelofar Raja,Finance,Auditor,56,63.84,78.42,4.3,73.56,43,3.4,11,No,74.94,MEDIUM
793880,Uthkarsh Loyal,IT,Cybersecurity Specialist,78,82.24,98.34,4.0,88.77,47,3.2,29,No,83.32,HIGH
776746,Ivan Som,Sales,Account Manager,84,69.11,91.81,4.7,92.77,35,3.7,12,No,86.7,HIGH
425637,Parinaaz Bawa,Marketing,Content Strategist,56,74.43,92.28,3.8,73.06,39,4.9,5,No,82.62,HIGH
467028,Anika Hegde,IT,Data Analyst,53,87.9,88.66,4.3,94.5,35,3.9,29,No,87.67,HIGH
608043,Nishith Gour,Finance,Accountant,69,68.79,99.7,4.0,78.2,55,4.2,18,No,83.08,HIGH
261701,Samarth Bansal,HR,HR Manager,82,71.39,93.33,4.0,91.69,49,4.3,12,No,86.51,HIGH
329309,Samarth Srinivas,Marketing,Content Strategist,55,71.47,76.26,3.2,99.28,37,3.6,1,No,79.38,HIGH
967163,Parinaaz Choudhry,Marketing,SEO Specialist,50,81.88,84.99,3.6,95.7,45,4.7,27,No,87.1,HIGH
761246,Hridaan Sahota,IT,Cybersecurity Specialist,84,68.9,99.12,4.9,94.21,36,3.1,13,No,86.98,HIGH
770628,Zain Deep,Marketing,Marketing Executive,56,64.75,84.95,4.3,96.68,44,4.9,30,No,89.27,HIGH
417829,Alia Mahal,IT,Software Engineer,83,81.62,82.34,4.8,98.26,44,3.9,16,No,88.91,HIGH
994709,Nitara Deol,HR,HR Manager,71,76.1,94.55,3.4,83.66,42,3.5,20,No,79.22,HIGH
566242,Shalv Sura,Sales,Account Manager,76,82.64,98.51,3.8,93.28,43,4.3,12,No,88.35,HIGH
255161,Saanvi Borra,Sales,Business Development,66,83.42,88.02,5.0,70.12,47,4.9,4,No,86.58,HIGH
582440,Devansh Kale,Finance,Financial Analyst,81,85.53,98.37,3.6,95.89,48,3.9,29,No,86.99,HIGH
845674,Madhav Sabharwal,Sales,Account Manager,96,80.56,90.38,3.1,75.18,40,4.7,10,Yes,79.89,HIGH
343759,Aayush Apte,Sales,Sales Executive,52,81.03,85.57,4.4,71.23,44,4.5,22,No,82.19,HIGH
670589,Alia Din,HR,HR Manager,59,72.14,86.93,3.4,99.04,44,3.6,4,No,82.31,HIGH
365916,Akarsh Bhatnagar,IT,Cybersecurity Specialist,84,67.79,86.61,4.2,70.96,45,3.8,18,No,77.39,HIGH
655703,Purab Sachar,Marketing,Marketing Executive,98,76.49,98.07,3.9,82.93,49,4.2,18,Yes,84.54,HIGH
457226,Umang Hans,Finance,Financial Analyst,54,80.43,91.28,4.2,73.67,44,3.7,14,No,80.0,HIGH
984853,Faiyaz Apte,HR,HR Manager,58,72.29,81.99,3.2,98.86,53,3.2,7,No,78.88,HIGH
672554,Mehul Ramakrishnan,Sales,Account Manager,83,77.93,97.49,4.6,77.05,45,3.4,2,No,82.41,HIGH
819727,Aayush Balan,Marketing,Marketing Executive,89,65.01,89.08,4.5,78.71,35,3.3,15,No,79.13,HIGH
271893,Shray Sunder,Sales,Account Manager,85,61.58,79.88,4.1,83.81,36,4.6,4,No,82.08,HIGH
876830,Shlok Hari,Marketing,SEO Specialist,68,72.15,88.47,3.8,74.19,38,4.3,17,No,79.57,HIGH
169764,Inaaya  Borra,IT,Data Analyst,65,89.11,76.07,3.7,89.67,49,3.7,0,No,80.63,HIGH
932627,Darshit Boase,Finance,Financial Analyst,52,93.0,81.79,4.4,97.89,49,4.1,2,No,89.02,HIGH
122708,Dharmajan Apte,HR,Employee Relations,69,84.74,83.58,3.2,75.53,41,3.4,15,No,74.25,MEDIUM
197333,Amani Kohli,IT,Software Engineer,71,86.54,95.57,3.4,85.04,45,3.7,5,No,81.68,HIGH
331821,Hansh Joshi,Sales,Sales Executive,87,85.42,82.71,4.9,89.76,36,3.7,21,No,86.41,HIGH
589902,Indranil Sachdev,Sales,Business Development,55,78.49,79.49,3.8,72.19,37,4.3,24,No,77.8,HIGH
282132,Himmat Bhatnagar,HR,Recruitment Specialist,66,92.35,95.65,4.5,85.26,46,3.1,3,No,84.34,HIGH
844914,Urvi Sodhi,Marketing,SEO Specialist,57,84.43,84.93,3.0,91.72,42,4.9,22,No,84.54,HIGH
415369,Yuvraj  Dewan,Finance,Financial Analyst,79,75.4,84.35,3.5,70.36,50,4.6,10,No,77.92,HIGH
453419,Purab Tripathi,Sales,Sales Executive,75,61.68,95.9,4.4,79.17,40,3.9,9,No,82.3,HIGH
833667,Urvi Kohli,Finance,Accountant,77,88.55,78.72,4.5,75.87,55,3.1,27,No,77.76,HIGH
272269,Yakshit Bhardwaj,HR,Employee Relations,67,74.57,82.8,3.2,75.85,40,4.9,29,No,79.17,HIGH
679064,Amira Shah,HR,Recruitment Specialist,81,71.0,84.44,4.0,75.07,52,3.8,18,No,77.71,HIGH
499544,Anvi Butala,Sales,Account Manager,57,68.19,89.46,4.1,74.17,40,4.5,23,No,81.36,HIGH
330766,Navya Sant,Finance,Financial Analyst,100,88.8,91.37,3.1,91.07,43,3.0,19,No,78.88,HIGH
558287,Siya Wadhwa,Sales,Account Manager,94,79.82,92.1,4.6,75.01,45,3.3,2,No,80.51,HIGH
618556,Rati Bir,Sales,Sales Executive,54,67.08,78.23,4.5,81.2,37,5.0,25,No,84.71,HIGH
892191,Sahil Ranganathan,Finance,Accountant,59,76.35,94.41,4.1,85.61,41,3.4,3,No,82.2,HIGH
992829,Nayantara Badami,Marketing,Content Strategist,78,81.63,84.16,3.7,95.73,53,4.5,6,No,86.51,HIGH
933322,Manikya Lala,HR,Recruitment Specialist,72,83.66,97.97,4.7,94.2,53,3.5,23,No,89.02,HIGH
197938,Vardaniya Saini,Sales,Account Manager,99,66.27,86.79,3.4,99.22,45,3.3,26,No,80.55,HIGH
577031,Siya Wason,Finance,Accountant,91,64.0,75.04,3.6,72.37,51,3.4,29,No,71.12,MEDIUM
681092,Samar Deshpande,Marketing,Content Strategist,88,60.13,95.92,4.8,81.69,48,3.8,12,No,84.1,HIGH
241844,Aarush Anand,HR,Employee Relations,90,65.36,82.44,3.7,95.54,53,3.4,10,No,80.09,HIGH
246470,Riya Dash,HR,Employee Relations,67,62.21,98.71,4.0,87.38,46,4.7,20,No,86.98,HIGH
616652,Zaina Bhavsar,Finance,Auditor,95,65.52,78.55,3.6,81.16,37,3.7,19,No,75.81,HIGH
653355,Ela D’Alia,Sales,Sales Executive,55,94.08,90.09,4.9,96.42,36,3.3,13,No,89.15,HIGH
434717,Miraan Seshadri,IT,Data Analyst,71,67.27,99.13,4.2,71.87,49,3.1,3,No,77.31,HIGH
591325,Lakshit Banerjee,IT,Data Analyst,50,94.98,88.3,4.5,70.88,43,3.9,3,No,82.02,HIGH
110370,Kavya Joshi,Sales,Business Development,51,90.44,99.88,4.1,89.17,50,4.6,17,No,90.57,HIGH
102004,Tiya Doshi,IT,Data Analyst,78,86.84,92.39,3.3,87.05,37,4.2,20,No,83.28,HIGH
382404,Zara Borah,Finance,Accountant,79,70.94,80.52,4.3,97.75,46,3.3,7,No,82.92,HIGH
411592,Kabir Rajan,HR,HR Manager,76,75.33,82.59,4.4,85.34,46,3.9,13,No,82.85,HIGH
564424,Himmat Apte,Marketing,Marketing Executive,71,68.87,84.24,3.7,82.45,53,4.3,12,No,80.47,HIGH
506722,Tushar Ganesh,Finance,Financial Analyst,54,76.18,96.49,3.9,90.65,45,4.6,19,No,88.11,HIGH
314720,Divit Kapur,Sales,Account Manager,55,79.33,95.0,4.3,80.45,48,3.4,23,No,81.87,HIGH
746048,Sana Toor,Marketing,Marketing Executive,53,62.73,75.98,3.1,91.11,41,4.9,6,No,80.8,HIGH
486826,Darshit Saha,IT,Software Engineer,71,85.57,83.69,4.7,86.91,41,4.1,11,No,86.57,HIGH
207236,Ahana  Mane,Sales,Business Development,55,81.84,97.85,4.6,89.37,38,3.3,22,No,86.16,HIGH
684505,Manikya D’Alia,Finance,Auditor,76,67.53,90.51,3.7,85.38,47,3.7,8,No,80.07,HIGH
738017,Kaira Grover,HR,HR Manager,84,87.53,91.67,3.6,85.6,46,3.1,2,No,79.57,HIGH
260624,Samar Bhatnagar,Finance,Financial Analyst,75,92.76,83.76,4.7,73.44,50,5.0,23,No,86.86,HIGH
423442,Onkar Sha,IT,Cybersecurity Specialist,54,74.6,86.92,4.3,76.44,42,3.1,28,No,77.38,HIGH
511897,Anya Raman,Finance,Accountant,51,76.63,88.95,4.1,96.74,37,4.7,0,No,89.68,HIGH
238458,Farhan Chandran,Finance,Financial Analyst,60,69.57,79.61,3.8,86.68,36,3.9,2,No,79.68,HIGH
400150,Renee Sant,Finance,Financial Analyst,88,68.9,94.72,4.9,93.28,54,4.0,25,No,89.42,HIGH
641882,Kavya Desai,Finance,Accountant,57,84.28,89.75,4.2,96.56,51,3.6,16,No,86.55,HIGH
816666,Ela Chaudry,Sales,Sales Executive,77,64.3,92.03,4.2,98.39,35,4.8,18,No,90.35,HIGH
801023,Taimur Kar,Marketing,Content Strategist,55,88.27,79.05,3.1,75.58,42,4.5,20,No,77.71,HIGH
299648,Hazel Dugar,IT,Data Analyst,73,81.41,99.0,3.6,99.69,42,3.4,27,No,85.85,HIGH
421407,Vaibhav Sekhon,Sales,Sales Executive,67,81.51,82.49,4.7,83.78,53,3.5,8,No,82.58,HIGH
712303,Ahana  Chowdhury,Marketing,Content Strategist,53,73.55,93.91,3.8,96.69,54,3.7,7,No,85.14,HIGH
890908,Nehmat Krishnan,Finance,Auditor,60,78.56,83.71,4.2,84.07,52,4.7,1,No,85.42,HIGH
331236,Shanaya Keer,Finance,Accountant,86,76.91,90.05,3.5,85.31,42,4.8,13,Yes,84.49,HIGH
663581,Siya Bora,Marketing,Marketing Executive,93,66.16,96.87,3.1,90.85,51,3.8,30,No,80.84,HIGH
226849,Kavya Yadav,Finance,Financial Analyst,51,76.49,76.33,3.5,98.13,38,4.6,7,No,84.75,HIGH
315163,Mahika Upadhyay,Sales,Sales Executive,99,79.0,75.66,4.3,81.53,47,3.2,12,No,77.49,HIGH
184662,Baiju Guha,Sales,Business Development,62,75.26,77.59,4.3,90.19,45,4.4,4,No,84.9,HIGH
114390,Saksham Tandon,IT,Software Engineer,64,91.63,86.55,3.0,82.98,40,4.6,12,No,81.77,HIGH
415417,Pihu Behl,IT,Software Engineer,97,72.41,97.63,4.4,81.28,38,3.3,4,No,81.95,HIGH
619849,Navya Barad,Sales,Sales Executive,65,91.81,77.99,3.5,78.09,35,4.8,26,No,81.41,HIGH
314472,Suhana Hans,Finance,Accountant,72,77.95,79.33,4.0,91.85,35,5.0,8,No,87.22,HIGH
982874,Yuvraj  Chauhan,Finance,Financial Analyst,68,75.02,90.27,3.4,75.58,38,4.3,15,No,79.03,HIGH
257706,Sana Chaudhari,HR,HR Manager,52,88.75,81.52,3.5,97.35,49,5.0,23,No,88.38,HIGH
675227,Amani Walia,Finance,Accountant,51,61.18,80.95,4.2,97.5,53,3.7,30,No,83.16,HIGH
405565,Krish Sehgal,IT,Software Engineer,58,84.83,75.55,4.2,98.17,39,4.0,11,No,85.84,HIGH
845621,Navya Kar,HR,Employee Relations,84,85.09,78.46,3.1,79.7,53,3.0,0,No,72.51,MEDIUM
633964,Jayan Sawhney,Finance,Financial Analyst,80,73.73,82.65,4.4,79.64,52,5.0,28,No,85.4,HIGH
161961,Arhaan Chaudhari,Finance,Auditor,66,79.46,96.0,4.4,88.65,48,3.5,1,No,85.34,HIGH
573316,Taran Karnik,IT,Software Engineer,82,72.03,86.55,3.7,93.19,42,4.5,21,No,85.27,HIGH
616877,Anahita Tripathi,IT,Software Engineer,55,84.68,90.22,4.2,95.62,46,4.7,2,No,90.8,HIGH
811762,Renee Mannan,Sales,Account Manager,73,64.94,85.36,4.6,73.06,39,4.1,24,No,80.28,HIGH
186662,Sumer Master,HR,Employee Relations,56,92.59,99.99,4.9,93.97,36,4.7,25,No,95.85,HIGH
985305,Nakul Kapoor,Sales,Account Manager,95,70.46,92.47,3.5,80.24,54,4.0,30,No,79.61,HIGH
533315,Azad Tiwari,Sales,Account Manager,85,88.45,84.48,3.9,88.46,46,3.4,25,No,81.48,HIGH
723420,Dhanuk Jain,Marketing,Marketing Executive,83,60.93,94.03,4.9,77.45,38,3.7,27,No,82.53,HIGH
667843,Advik Gala,Sales,Sales Executive,75,77.41,80.85,3.9,76.83,39,3.4,4,No,76.16,HIGH
472796,Sahil Sunder,Marketing,Marketing Executive,94,64.77,76.19,3.9,90.59,35,4.1,22,Yes,80.89,HIGH
959539,Arnav Dixit,IT,Software Engineer,58,77.94,87.9,3.3,82.79,36,4.9,17,No,83.01,HIGH
130745,Manjari Agrawal,IT,Cybersecurity Specialist,99,86.4,89.54,3.2,85.66,52,3.3,24,No,78.25,HIGH
228663,Indrans Mall,Finance,Accountant,90,88.89,89.48,3.9,81.52,38,4.0,4,No,82.84,HIGH
271632,Samaira Kashyap,Sales,Sales Executive,54,70.85,87.23,4.8,90.04,44,3.3,22,No,83.94,HIGH
571695,Gatik Raj,Marketing,SEO Specialist,57,76.97,94.5,4.3,77.41,47,4.6,9,No,85.42,HIGH
964277,Rhea Dara,Finance,Accountant,93,90.78,82.06,4.2,90.52,35,4.1,18,Yes,85.85,HIGH
243975,Tejas Chandran,Marketing,Marketing Executive,57,81.42,78.67,3.3,75.53,54,3.4,25,No,73.33,MEDIUM
450629,Zaina Rau,IT,Data Analyst,86,62.69,89.06,4.5,99.93,45,4.5,4,Yes,90.06,HIGH
680706,Siya Sura,Finance,Financial Analyst,93,63.82,80.58,4.4,81.8,54,3.2,17,No,77.44,HIGH
345340,Ehsaan Gara,Sales,Account Manager,73,92.07,91.58,4.3,82.73,45,4.4,20,No,87.14,HIGH
785165,Nayantara Reddy,Sales,Account Manager,61,85.01,80.6,4.8,72.42,41,3.1,14,No,77.95,HIGH
335553,Ishaan Ravel,IT,Software Engineer,58,87.52,95.73,3.8,87.79,52,3.6,12,No,83.84,HIGH
627046,Jiya Krishna,IT,Cybersecurity Specialist,72,77.14,87.91,3.7,81.63,38,4.3,30,No,81.78,HIGH
482010,Adah Tandon,Finance,Accountant,54,65.69,96.56,3.5,98.3,35,3.1,10,No,81.77,HIGH
850939,Tara Ramachandran,Sales,Business Development,56,70.9,86.6,3.4,83.26,51,3.2,18,No,75.79,HIGH
932001,Hrishita Chawla,Finance,Auditor,55,80.49,89.74,4.0,94.97,37,4.1,8,No,86.89,HIGH
173989,Siya Manne,IT,Cybersecurity Specialist,96,61.5,98.13,4.0,85.17,39,3.7,17,No,82.13,HIGH
340732,Divij Lal,Marketing,SEO Specialist,59,74.05,76.52,3.9,76.26,49,4.7,15,No,79.99,HIGH
800277,Dhruv Bains,Finance,Accountant,99,77.66,80.18,4.8,87.85,54,4.3,13,Yes,86.56,HIGH
436324,Aaina Sahota,HR,Employee Relations,100,76.96,77.9,4.5,83.25,50,3.5,15,No,80.25,HIGH
929892,Pihu Mannan,Marketing,Content Strategist,58,67.92,90.54,4.2,96.22,55,3.1,25,No,82.97,HIGH
889952,Yuvaan Walia,HR,Recruitment Specialist,80,86.33,80.76,4.3,80.88,38,4.1,0,No,82.65,HIGH
556253,Azad Bhatia,HR,Employee Relations,80,77.85,87.13,4.8,76.93,47,4.4,22,No,85.09,HIGH
598176,Jiya Hegde,Finance,Auditor,83,79.9,84.04,3.1,92.57,41,3.4,8,No,78.57,HIGH
214260,Ritvik Suri,IT,Cybersecurity Specialist,82,79.61,88.07,3.2,88.06,49,4.3,15,No,81.99,HIGH
472565,Ahana  Bains,HR,HR Manager,81,85.26,82.08,4.7,92.66,48,4.5,28,No,89.54,HIGH
357116,Stuvan Gour,Sales,Account Manager,75,79.76,84.97,4.4,84.33,44,3.1,13,No,80.27,HIGH
146234,Dharmajan Deshpande,Finance,Accountant,81,81.86,97.73,3.4,77.74,46,3.1,27,No,77.05,HIGH
344684,Miraya Bala,IT,Data Analyst,55,77.3,76.0,3.6,71.76,35,3.7,3,No,73.66,MEDIUM
993445,Yuvaan Ramachandran,Marketing,Marketing Executive,66,66.74,89.24,4.7,82.18,50,4.3,0,No,85.18,HIGH
524782,Umang Ramaswamy,IT,Data Analyst,74,84.66,75.96,3.6,98.97,41,3.2,17,No,80.55,HIGH
115040,Sana Venkatesh,HR,Employee Relations,86,87.64,88.71,3.7,83.11,52,3.4,14,No,79.84,HIGH
737658,Anika Sundaram,Sales,Business Development,51,83.31,96.8,3.1,99.43,52,3.6,1,No,84.32,HIGH
606498,Elakshi Wason,Marketing,Marketing Executive,81,60.23,98.26,3.1,90.2,52,3.9,23,No,80.74,HIGH
894280,Dharmajan Ahluwalia,IT,Software Engineer,68,70.38,88.67,3.9,84.7,54,4.5,29,No,83.78,HIGH
214698,Samiha Varghese,Finance,Financial Analyst,60,90.21,86.4,4.1,88.94,47,3.6,14,No,83.78,HIGH
262682,Saira Kurian,IT,Software Engineer,50,73.11,85.58,4.6,91.35,49,5.0,1,No,90.23,HIGH
868872,Purab Yohannan,Finance,Auditor,60,64.64,91.15,3.9,84.49,44,4.9,7,No,85.24,HIGH
316427,Renee Mahal,HR,Recruitment Specialist,85,60.21,90.29,4.7,98.98,49,4.5,13,No,90.57,HIGH
831117,Vardaniya Chaudhari,Finance,Financial Analyst,74,68.83,88.26,4.1,88.09,55,4.0,20,No,83.36,HIGH
449942,Gatik Ratta,IT,Cybersecurity Specialist,62,80.37,88.22,3.8,95.63,36,3.5,1,No,83.57,HIGH
191554,Mehul Jayaraman,IT,Software Engineer,51,86.05,84.58,3.4,99.28,43,4.8,12,No,88.1,HIGH
544255,Advika Kannan,Sales,Sales Executive,50,83.85,96.19,4.1,92.16,50,4.4,14,No,89.27,HIGH
562922,Dhanush Kohli,Finance,Auditor,92,61.14,84.56,4.0,95.61,50,4.2,2,Yes,84.51,HIGH
858934,Samiha Wadhwa,Marketing,Marketing Executive,54,83.06,85.72,4.6,79.66,41,4.4,16,No,85.35,HIGH
314014,Neelofar Chakraborty,Sales,Account Manager,72,79.72,92.35,3.2,71.89,40,5.0,24,No,80.81,HIGH
481431,Oorja Dar,Sales,Sales Executive,68,79.06,80.2,3.8,74.49,46,3.6,4,No,75.89,HIGH
296027,Piya Gole,HR,HR Manager,73,68.13,89.76,5.0,95.12,41,4.2,29,No,90.1,HIGH
925720,Dhanush Rau,HR,Employee Relations,99,75.01,78.57,3.6,71.17,48,4.2,29,Yes,75.77,HIGH
224768,Azad Sarin,HR,HR Manager,96,81.53,85.43,4.9,96.44,45,4.3,1,Yes,90.97,HIGH
283315,Hridaan Sangha,Sales,Sales Executive,76,64.61,94.34,4.2,79.93,50,3.8,9,No,81.31,HIGH
350772,Emir Bobal,IT,Data Analyst,65,81.02,93.52,4.6,85.66,51,4.9,15,No,90.5,HIGH
721302,Nehmat Thakkar,HR,HR Manager,64,72.58,86.33,3.1,97.7,50,4.0,29,No,82.23,HIGH
420355,Sahil Warrior,Finance,Financial Analyst,88,61.75,78.58,3.5,79.5,37,3.3,29,No,72.94,MEDIUM
680880,Azad Kashyap,Sales,Sales Executive,68,70.13,91.92,4.4,96.52,37,4.4,4,No,89.55,HIGH
736673,Drishya Lala,HR,HR Manager,66,85.89,89.31,3.3,88.83,45,3.1,14,No,78.7,HIGH
420188,Divit Bajaj,Sales,Business Development,66,64.29,98.0,3.3,70.61,45,3.8,14,No,75.61,HIGH
610097,Nayantara Sabharwal,Marketing,Marketing Executive,76,91.68,89.27,4.2,95.96,53,3.5,8,No,86.61,HIGH
471042,Yashvi D’Alia,Marketing,Marketing Executive,96,80.18,82.92,4.1,96.08,48,4.8,17,Yes,89.03,HIGH
327132,Aradhya Virk,Sales,Sales Executive,93,92.51,82.54,3.2,95.19,55,3.3,3,No,80.32,HIGH
704161,Darshit Saran,Marketing,Content Strategist,93,85.53,93.61,3.8,89.12,52,4.1,3,Yes,85.61,HIGH
692903,Vihaan Chakrabarti,Finance,Accountant,56,79.79,85.73,3.5,81.3,40,3.2,14,No,76.32,HIGH
532049,Ehsaan Upadhyay,HR,Employee Relations,71,63.72,97.88,4.4,83.92,42,3.6,23,No,83.12,HIGH
880641,Lavanya Sidhu,IT,Data Analyst,60,92.71,80.45,4.7,77.35,38,4.4,11,No,84.97,HIGH
636931,Akarsh Madan,IT,Cybersecurity Specialist,91,79.12,97.42,3.3,79.64,50,4.3,4,Yes,81.69,HIGH
182318,Alia Rout,Sales,Sales Executive,80,64.11,91.63,4.3,90.41,51,3.2,15,No,81.86,HIGH
669867,Hridaan Chhabra,Finance,Financial Analyst,63,74.54,80.18,3.4,99.61,38,4.0,13,No,82.97,HIGH
581080,Yakshit Kade,HR,Recruitment Specialist,84,60.04,94.97,4.5,72.76,53,3.8,29,No,80.03,HIGH
637688,Arhaan Aurora,Sales,Account Manager,83,88.77,86.05,4.2,70.45,39,4.6,8,No,82.42,HIGH
306594,Nishith Venkatesh,IT,Cybersecurity Specialist,82,70.89,82.57,4.6,92.68,52,3.3,18,No,83.01,HIGH
452579,Taimur Sandal,Finance,Financial Analyst,69,61.39,91.16,4.9,95.6,50,3.3,5,No,85.85,HIGH
732997,Madhav Samra,Finance,Auditor,53,67.78,91.33,4.6,96.66,40,3.1,1,No,84.84,HIGH
586583,Seher Chaudry,HR,Recruitment Specialist,53,91.99,85.72,4.2,91.29,37,4.9,2,No,90.13,HIGH
807421,Arnav Bassi,Finance,Accountant,70,71.03,95.65,4.5,92.86,48,4.1,30,No,88.49,HIGH
628378,Faiyaz Raja,HR,Employee Relations,67,86.73,97.73,4.9,85.52,49,3.9,10,No,89.08,HIGH
752945,Jivin Agate,Finance,Accountant,95,70.3,94.48,4.2,82.99,43,3.3,1,No,80.82,HIGH
119080,Alisha Kalita,Marketing,Marketing Executive,100,67.43,87.72,4.5,82.02,40,4.6,5,Yes,85.29,HIGH
490265,Anaya Dyal,IT,Software Engineer,64,63.32,86.0,3.6,73.79,35,3.7,17,No,74.87,MEDIUM
124188,Tiya Bhatnagar,IT,Data Analyst,92,77.23,86.99,4.2,76.4,41,4.6,29,Yes,83.24,HIGH
563352,Yuvraj  Ghosh,IT,Cybersecurity Specialist,80,91.3,85.07,4.3,74.12,47,3.2,16,No,78.38,HIGH
737168,Piya Sharma,HR,Employee Relations,96,75.99,91.79,3.4,95.84,36,4.2,26,Yes,85.11,HIGH
708706,Ishaan Buch,Finance,Auditor,96,91.91,98.8,4.5,78.27,38,3.4,5,No,84.03,HIGH
658558,Chirag Upadhyay,HR,HR Manager,61,76.35,86.95,3.8,94.81,35,4.6,19,No,87.07,HIGH
664475,Shayak Sibal,IT,Cybersecurity Specialist,65,93.19,79.86,4.1,99.77,41,4.1,1,No,88.02,HIGH
698276,Ryan Bassi,Sales,Business Development,91,87.02,88.08,4.6,79.76,37,4.5,30,Yes,86.65,HIGH
205046,Advika Aurora,Sales,Sales Executive,74,75.49,80.76,4.2,80.52,35,4.2,28,No,81.46,HIGH
102988,Hansh Kakar,Sales,Sales Executive,91,71.64,93.84,3.3,83.87,41,3.1,1,No,76.69,HIGH
219699,Saksham Mahal,Finance,Auditor,63,84.47,91.01,4.7,90.65,41,5.0,1,No,92.64,HIGH
589664,Piya Wadhwa,Marketing,SEO Specialist,69,83.1,77.79,5.0,85.89,47,4.7,0,No,88.44,HIGH
536049,Krish Chatterjee,Finance,Financial Analyst,98,61.78,77.14,4.8,80.96,43,3.5,22,No,79.09,HIGH
817248,Indranil Srinivasan,Marketing,SEO Specialist,96,79.93,75.04,4.3,78.99,38,4.2,24,Yes,80.7,HIGH
815629,Ranbir Sandal,IT,Data Analyst,57,62.32,84.92,3.8,79.96,35,4.9,23,No,82.0,HIGH
936216,Ayesha Doshi,Marketing,Content Strategist,51,82.49,94.2,4.3,87.31,35,3.2,12,No,83.28,HIGH
466622,Vedika Lall,Marketing,Marketing Executive,82,71.91,91.49,3.3,71.39,38,4.3,18,No,77.31,HIGH
935629,Damini Karan,HR,Recruitment Specialist,54,73.16,97.07,3.7,99.33,41,3.6,11,No,85.73,HIGH
349070,Elakshi Raj,IT,Data Analyst,79,92.75,98.57,4.6,99.75,55,4.4,15,No,94.91,HIGH
383339,Tejas Sankaran,Marketing,Content Strategist,91,76.89,81.92,3.0,75.18,38,5.0,2,Yes,78.63,HIGH
400391,Anahita Dutta,Sales,Sales Executive,84,92.51,75.23,3.4,84.25,39,4.8,0,No,82.37,HIGH
243690,Vritika Sibal,Marketing,Marketing Executive,70,89.02,80.42,3.0,81.72,53,4.9,6,No,81.1,HIGH
457483,Vihaan Manne,Sales,Sales Executive,65,74.98,87.52,4.8,86.01,52,3.4,24,No,83.6,HIGH
208148,Aarav Sengupta,HR,Recruitment Specialist,81,91.34,83.42,4.9,78.38,43,3.6,10,No,83.33,HIGH
808742,Jiya Iyengar,Marketing,Marketing Executive,54,93.6,99.96,3.4,86.99,45,4.8,17,No,88.25,HIGH
696581,Armaan Salvi,Marketing,Marketing Executive,61,87.7,75.8,3.3,89.79,55,4.2,11,No,80.87,HIGH
640400,Myra Trivedi,IT,Cybersecurity Specialist,98,84.83,95.31,4.8,91.1,46,3.2,29,No,86.88,HIGH
716141,Vritika Dube,IT,Data Analyst,72,71.12,96.16,3.3,89.83,49,4.7,11,No,85.29,HIGH
818099,Onkar Dugar,IT,Software Engineer,65,79.42,94.87,4.2,70.48,38,4.5,9,No,82.86,HIGH
362484,Alisha Kannan,Finance,Auditor,62,90.4,80.9,3.6,92.32,52,5.0,23,No,87.32,HIGH
347937,Onkar Balakrishnan,HR,Employee Relations,86,94.42,75.99,4.8,93.68,53,3.8,18,No,87.14,HIGH
298334,Samarth Thaman,IT,Cybersecurity Specialist,66,62.65,76.56,4.5,73.18,39,4.9,8,No,81.13,HIGH
627137,Zaina Banerjee,IT,Cybersecurity Specialist,60,78.45,96.8,4.0,90.35,54,3.9,13,No,85.91,HIGH
393803,Parinaaz Raj,HR,Employee Relations,69,78.96,93.15,4.7,75.24,48,4.2,29,No,84.7,HIGH
364851,Krish Sama,HR,Recruitment Specialist,51,64.07,82.6,3.6,73.63,43,4.8,8,No,78.62,HIGH
266354,Prerak Kara,Sales,Sales Executive,95,70.74,94.74,4.2,82.77,49,4.6,21,Yes,86.05,HIGH
615377,Vihaan Hegde,Marketing,Content Strategist,94,79.89,80.97,4.6,92.13,44,4.7,3,Yes,89.02,HIGH
770107,Riya Soni,Finance,Auditor,64,69.83,82.21,4.6,71.01,50,4.4,26,No,80.73,HIGH
575847,Yuvraj  Bhat,Sales,Business Development,50,92.6,95.73,3.3,92.89,36,4.2,23,No,86.27,HIGH
604572,Rasha Lala,Sales,Sales Executive,81,88.21,79.32,4.4,73.46,39,4.6,24,No,82.72,HIGH
729190,Devansh Behl,Marketing,Content Strategist,77,90.79,75.54,4.3,75.73,49,3.5,26,No,78.11,HIGH
722835,Kartik Vaidya,Marketing,Marketing Executive,86,81.2,76.39,4.7,88.85,38,3.3,2,No,82.05,HIGH
901257,Nakul Sane,Finance,Financial Analyst,53,73.52,82.66,4.3,78.23,41,3.9,29,No,80.15,HIGH
779481,Rasha Sundaram,Finance,Auditor,84,93.56,77.92,3.7,98.9,47,3.2,13,No,82.21,HIGH
647097,Aarna Aggarwal,HR,HR Manager,75,75.35,82.22,4.1,97.3,44,4.2,28,No,86.37,HIGH
498714,Kavya Chaudhuri,Sales,Business Development,61,67.24,81.29,5.0,74.2,53,3.6,23,No,79.64,HIGH
697184,Jiya Bhattacharyya,HR,HR Manager,77,79.26,83.83,3.1,73.0,48,4.3,0,No,76.19,HIGH
879133,Nishith Luthra,Marketing,Content Strategist,51,85.35,75.26,4.8,85.73,46,3.3,28,No,81.71,HIGH
101319,Rasha Taneja,Marketing,Content Strategist,94,94.56,81.58,4.2,78.81,36,4.1,0,Yes,82.62,HIGH
383680,Bhavin Gandhi,HR,Employee Relations,100,72.57,92.73,3.0,81.93,37,3.2,3,No,75.18,HIGH
532562,Tushar Gala,IT,Software Engineer,63,86.47,97.51,3.5,99.46,50,5.0,8,No,91.99,HIGH
544561,Saanvi Raju,Finance,Auditor,72,68.55,86.23,4.4,90.71,40,3.7,26,No,83.71,HIGH
600619,Lagan Vaidya,Finance,Financial Analyst,54,77.8,91.49,3.8,93.43,35,3.3,19,No,82.51,HIGH
406414,Saanvi Jha,Finance,Financial Analyst,98,61.89,83.01,3.7,78.55,51,3.2,11,No,73.96,MEDIUM
465158,Indrans Sehgal,Finance,Auditor,74,66.15,83.3,4.8,91.83,42,3.7,28,No,84.82,HIGH
998180,Kimaya Khurana,HR,HR Manager,96,88.57,87.29,4.4,79.0,39,4.5,14,Yes,85.62,HIGH
521118,Jayant Korpal,IT,Data Analyst,78,66.35,96.82,4.3,77.96,55,3.1,21,No,78.99,HIGH
146964,Kavya Choudhury,IT,Data Analyst,65,77.53,98.66,3.2,79.54,36,3.1,10,No,76.55,HIGH
959628,Lavanya Mangat,Marketing,Marketing Executive,77,83.45,84.07,4.8,97.62,50,3.2,7,No,86.44,HIGH
720368,Gokul Deep,HR,Recruitment Specialist,57,65.32,82.5,4.0,80.94,42,3.4,1,No,76.91,HIGH
893936,Diya Babu,HR,HR Manager,62,61.17,89.53,3.4,92.35,38,3.1,25,No,77.73,HIGH
440512,Vidur Bera,Marketing,Content Strategist,100,80.26,86.94,4.5,75.26,54,3.5,28,No,79.99,HIGH
425069,Myra Kar,HR,HR Manager,92,70.24,94.15,3.7,88.58,52,4.0,27,No,83.23,HIGH
120682,Devansh Badami,Sales,Business Development,93,79.27,85.2,4.4,75.63,35,4.7,30,Yes,84.06,HIGH
753155,Yashvi Mangal,Sales,Sales Executive,57,88.55,83.91,4.0,91.33,52,3.7,6,No,83.84,HIGH
399105,Samarth Sathe,Sales,Business Development,53,85.91,97.66,3.4,77.5,37,3.7,0,No,79.77,HIGH
800901,Tarini Deol,IT,Data Analyst,53,89.75,84.37,3.8,81.34,55,3.5,19,No,79.45,HIGH
245924,Dhanush Rastogi,Sales,Sales Executive,90,61.29,91.74,3.5,76.8,50,4.1,4,Yes,77.92,HIGH
577958,Jayan Sani,Finance,Financial Analyst,60,64.18,79.58,4.6,80.33,44,3.8,18,No,80.03,HIGH
697287,Tara Rao,HR,HR Manager,55,76.87,75.93,4.4,75.87,43,3.0,29,No,75.23,HIGH
472083,Saanvi Bora,IT,Software Engineer,63,67.15,92.23,4.7,74.41,47,3.6,20,No,80.68,HIGH
190712,Yasmin Sundaram,Finance,Auditor,75,85.85,85.17,4.1,86.1,45,3.9,22,No,83.45,HIGH
657379,Saira Bhatnagar,Sales,Sales Executive,66,79.74,80.07,4.5,72.74,55,4.0,15,No,79.81,HIGH
139338,Reyansh Date,Finance,Financial Analyst,98,61.08,99.13,3.8,94.38,36,4.3,8,Yes,86.65,HIGH
822519,Drishya Loke,Finance,Accountant,86,86.8,90.67,3.4,73.37,38,3.0,16,No,74.43,MEDIUM
693816,Miraan Kara,IT,Data Analyst,71,70.4,80.44,4.6,80.31,37,3.2,24,No,78.42,HIGH
528008,Vihaan Borah,Sales,Account Manager,82,65.01,97.83,4.4,77.85,45,4.0,9,No,83.02,HIGH
726992,Himmat Manne,Sales,Sales Executive,64,89.79,93.7,4.6,87.56,46,4.2,20,No,89.19,HIGH
919129,Ehsaan Bains,HR,HR Manager,85,67.21,80.28,3.4,76.55,50,3.3,30,No,72.54,MEDIUM
288216,Ela Agrawal,Sales,Account Manager,57,66.1,77.03,3.3,86.11,41,4.5,15,No,79.05,HIGH
829382,Eva Lad,Finance,Accountant,86,64.63,84.0,3.4,96.29,36,4.7,13,Yes,84.55,HIGH
411201,Devansh De,Marketing,SEO Specialist,78,84.04,83.51,4.0,70.1,44,4.8,12,No,81.34,HIGH
232350,Mishti Sinha,HR,Recruitment Specialist,86,67.16,85.52,3.4,71.14,52,3.3,29,No,71.96,MEDIUM
757436,Taimur Bhatia,Sales,Business Development,66,77.43,91.8,4.4,93.28,35,3.3,16,No,84.89,HIGH
215298,Aniruddh Manda,HR,Employee Relations,100,84.18,88.02,3.2,90.71,41,3.2,13,No,78.83,HIGH
407191,Diya Sidhu,Sales,Business Development,93,67.74,83.89,4.6,70.31,41,3.1,16,No,75.45,HIGH
655164,Aayush Dasgupta,Finance,Accountant,66,69.8,89.37,4.6,70.97,55,4.3,28,No,81.75,HIGH
461843,Shlok Bhasin,IT,Data Analyst,78,67.49,89.69,5.0,76.3,47,4.5,1,No,85.58,HIGH
127172,Himmat Chandran,HR,Employee Relations,57,61.57,96.12,4.3,75.49,37,4.4,17,No,82.83,HIGH
297565,Elakshi Sane,IT,Data Analyst,76,87.73,100.0,4.7,88.21,55,3.7,17,No,88.84,HIGH
729491,Shlok Saran,HR,Employee Relations,51,61.67,94.06,3.9,77.12,47,4.9,22,No,83.32,HIGH
728091,Reyansh Rout,IT,Cybersecurity Specialist,85,69.34,98.24,4.0,92.63,47,3.7,6,No,85.17,HIGH
377988,Ojas Sood,Sales,Account Manager,83,67.63,80.69,3.0,96.14,39,3.1,9,No,76.14,HIGH
856933,Kiaan Shenoy,Sales,Business Development,97,85.91,96.27,4.6,96.49,47,4.9,22,Yes,94.79,HIGH
952873,Ahana  Raju,IT,Data Analyst,87,89.39,89.47,3.4,82.71,42,3.7,3,No,80.05,HIGH
666026,Pihu Balan,Finance,Financial Analyst,92,72.21,90.75,4.2,94.67,49,4.3,7,Yes,87.77,HIGH
953160,Jiya De,Sales,Sales Executive,57,64.03,93.75,3.1,98.61,50,4.9,13,No,86.74,HIGH
494930,Diya Lalla,HR,Recruitment Specialist,88,88.81,90.4,3.7,75.9,53,4.5,10,Yes,82.53,HIGH
758984,Anaya Chandran,Sales,Business Development,61,79.1,97.92,4.2,72.49,52,3.6,19,No,80.44,HIGH
723744,Pari Rege,Sales,Account Manager,51,94.08,97.63,4.2,73.26,35,3.8,22,No,82.91,HIGH
848235,Aayush Bir,Marketing,Content Strategist,72,75.76,81.02,3.8,81.35,42,3.5,22,No,77.38,HIGH
344633,Zoya Agate,Finance,Accountant,80,93.18,98.53,4.4,91.59,52,5.0,5,No,94.1,HIGH
458013,Saira Verma,Sales,Account Manager,71,78.43,96.34,3.1,83.12,40,4.3,14,No,81.65,HIGH
796792,Jayan Lalla,HR,Employee Relations,79,75.44,79.22,3.9,91.84,55,4.4,25,No,84.14,HIGH
656962,Nishith Srivastava,Finance,Financial Analyst,88,61.21,75.16,3.1,78.05,52,4.8,27,Yes,76.17,HIGH
949278,Arhaan Chahal,IT,Software Engineer,72,77.58,97.26,4.4,84.75,48,4.0,4,No,86.24,HIGH
948826,Pranay Kalita,IT,Cybersecurity Specialist,95,72.69,87.88,3.3,76.52,46,3.5,7,No,75.0,MEDIUM
278563,Heer Atwal,HR,Recruitment Specialist,69,78.55,76.49,4.8,78.97,48,4.3,5,No,83.24,HIGH
193666,Myra Mall,Finance,Accountant,61,92.19,81.33,3.5,84.17,41,4.2,13,No,81.54,HIGH
467771,Mahika Hayre,IT,Cybersecurity Specialist,56,92.37,78.06,4.5,82.87,49,3.9,13,No,83.31,HIGH
305281,Biju Mane,Marketing,Content Strategist,80,65.2,93.17,3.9,74.66,49,3.3,29,No,76.35,HIGH
771970,Samarth Acharya,HR,HR Manager,59,71.0,97.59,3.7,86.87,52,4.9,4,No,87.08,HIGH
209083,Damini Malhotra,HR,HR Manager,99,79.53,96.02,4.6,88.53,52,3.8,0,No,87.32,HIGH
641990,Vritika Tara,Finance,Accountant,74,74.03,84.32,3.5,96.06,40,4.1,5,No,83.49,HIGH
838087,Damini Raju,Finance,Auditor,58,93.77,97.75,3.5,91.59,52,3.3,19,No,83.6,HIGH
245396,Jiya Wali,IT,Data Analyst,72,60.52,77.69,4.3,89.2,36,3.1,11,No,77.95,HIGH
935669,Vihaan Sura,Sales,Business Development,95,60.86,77.66,3.3,75.23,39,3.9,21,No,72.99,MEDIUM
716173,Saanvi Subramanian,HR,Employee Relations,91,65.44,81.12,3.5,79.83,53,4.0,23,No,76.72,HIGH
742750,Vivaan Saini,HR,Employee Relations,61,83.38,84.54,4.7,97.28,50,4.3,11,No,90.43,HIGH
187560,Aarav Karan,Marketing,Marketing Executive,54,85.46,81.0,4.8,84.77,51,4.6,27,No,87.78,HIGH
430854,Inaaya  Shan,IT,Data Analyst,81,86.11,98.13,4.2,70.43,50,4.1,14,No,82.57,HIGH
757424,Anahita Mallick,Finance,Accountant,95,60.26,83.93,4.0,78.23,41,3.9,20,No,77.88,HIGH
954259,Anya Ratta,IT,Cybersecurity Specialist,51,94.4,75.91,4.2,71.35,37,3.7,18,No,77.63,HIGH
733338,Nitara Shenoy,Finance,Financial Analyst,93,75.34,93.93,4.4,76.02,37,3.3,20,No,79.93,HIGH
907038,Gokul Lalla,HR,Recruitment Specialist,61,71.96,99.78,3.5,89.26,41,4.6,9,No,86.33,HIGH
767444,Diya Sandhu,Finance,Auditor,77,90.63,91.38,4.1,87.69,50,4.3,24,No,87.25,HIGH
213126,Seher Bali,IT,Data Analyst,88,67.52,83.44,3.5,72.34,36,3.1,13,No,71.54,MEDIUM
640097,Vivaan Krishna,IT,Software Engineer,72,71.06,94.43,3.3,76.05,35,4.5,7,No,80.01,HIGH
883472,Veer Sur,Marketing,Marketing Executive,63,64.1,76.82,4.2,83.88,49,3.3,11,No,76.94,HIGH
429927,Yasmin Som,Sales,Business Development,90,79.96,98.31,4.9,93.19,52,3.9,10,No,90.82,HIGH
920466,Oorja Kala,Sales,Sales Executive,65,92.01,87.05,3.9,72.35,37,3.2,5,No,76.72,HIGH
618938,Misha Shenoy,HR,Employee Relations,98,88.2,84.25,4.1,94.91,41,3.0,23,No,82.54,HIGH
591046,Dhruv Seth,IT,Data Analyst,62,65.39,85.45,4.1,88.91,55,3.3,5,No,79.9,HIGH
903328,Diya Bath,Finance,Auditor,59,80.49,92.58,3.1,97.33,37,4.4,7,No,85.76,HIGH
117607,Heer Kade,Finance,Auditor,78,93.92,95.98,4.7,88.35,47,4.3,17,No,91.09,HIGH
785923,Darshit Sastry,Sales,Account Manager,72,64.02,97.02,4.9,97.09,42,4.0,11,No,90.53,HIGH
196285,Tanya Raja,IT,Data Analyst,66,77.6,82.98,3.5,95.52,50,3.3,8,No,80.21,HIGH
307074,Renee Chatterjee,IT,Software Engineer,67,87.56,86.43,3.7,87.75,55,4.0,29,No,83.17,HIGH
863944,Suhana Amble,Marketing,Marketing Executive,62,85.49,76.63,3.8,88.57,52,4.2,27,No,82.45,HIGH
107974,Tarini Korpal,Sales,Business Development,73,63.71,94.52,3.2,78.06,53,3.5,24,No,75.49,HIGH
963103,Anay Gole,IT,Cybersecurity Specialist,65,92.11,78.49,3.2,81.68,48,4.0,15,No,78.21,HIGH
640424,Reyansh Toor,Marketing,Marketing Executive,60,65.98,99.44,3.0,80.47,35,3.6,8,No,77.03,HIGH
193366,Hansh Sunder,Marketing,Marketing Executive,69,74.15,97.11,4.6,99.02,53,3.9,21,No,90.54,HIGH
821885,Ivana Sur,HR,HR Manager,61,75.16,80.48,3.4,71.74,47,3.1,14,No,71.13,MEDIUM
621461,Rati Krishnamurthy,HR,Recruitment Specialist,58,64.03,94.45,3.4,82.85,47,4.9,26,No,83.35,HIGH
508654,Gatik Karnik,HR,HR Manager,80,93.07,83.14,4.7,92.2,48,3.7,2,No,87.2,HIGH
426921,Zaina Kothari,HR,Recruitment Specialist,95,90.35,92.19,5.0,83.62,42,4.7,9,Yes,91.36,HIGH
221469,Arhaan Lalla,Sales,Account Manager,63,89.02,88.28,3.0,73.79,49,4.9,11,No,80.3,HIGH
956549,Ojas Mahal,Marketing,Marketing Executive,86,83.01,91.94,4.9,76.76,45,4.9,25,Yes,88.92,HIGH
982401,Jivin Kaul,Finance,Financial Analyst,76,65.03,88.72,3.9,76.43,43,4.8,18,No,81.98,HIGH
486505,Aarna Arora,IT,Data Analyst,87,77.58,87.22,4.5,82.74,50,3.9,14,No,83.62,HIGH
331329,Aarush Luthra,IT,Data Analyst,68,86.24,87.27,4.6,71.09,52,4.4,17,No,83.41,HIGH
239159,Nirvi Sengupta,Sales,Account Manager,57,78.92,79.94,4.1,71.16,49,4.3,14,No,78.83,HIGH
990528,Riya Dixit,Sales,Account Manager,84,70.41,84.45,3.1,79.68,41,5.0,28,No,80.23,HIGH
921351,Tarini Sachdev,Sales,Sales Executive,87,61.93,77.4,3.3,94.91,41,3.4,30,No,76.95,HIGH
524971,Heer Barman,Sales,Account Manager,99,87.81,98.86,3.9,88.14,48,3.4,1,No,84.2,HIGH
129789,Aarav Srivastava,IT,Data Analyst,51,79.83,77.73,3.3,89.0,44,3.1,25,No,75.83,HIGH
556785,Damini Bhakta,Sales,Sales Executive,53,78.41,95.85,4.3,89.66,42,4.3,10,No,88.31,HIGH
823424,Aarav Chaudhuri,Finance,Financial Analyst,85,61.34,86.07,4.6,71.96,35,4.3,12,No,80.54,HIGH
697225,Nehmat Sastry,IT,Cybersecurity Specialist,99,89.21,95.33,3.8,92.04,47,3.4,27,No,84.4,HIGH
164753,Manjari Yohannan,HR,HR Manager,64,80.87,99.86,3.1,75.99,50,4.1,11,No,79.66,HIGH
793996,Stuvan Dada,Finance,Auditor,94,84.76,84.33,3.3,89.65,46,3.2,30,No,78.24,HIGH
738308,Taran Verma,Finance,Auditor,86,90.24,89.68,4.5,85.8,51,4.4,21,Yes,88.3,HIGH
256422,Adira Chandran,Finance,Auditor,96,89.98,85.72,3.3,75.48,53,3.4,22,No,75.59,HIGH
522247,Devansh Buch,IT,Cybersecurity Specialist,70,76.66,89.69,3.2,88.89,37,3.5,29,No,79.07,HIGH
158074,Taimur Gulati,IT,Cybersecurity Specialist,62,90.92,90.04,3.4,95.32,52,4.4,9,No,86.9,HIGH
605041,Piya Dhingra,IT,Data Analyst,58,88.36,78.53,4.1,75.44,50,4.5,9,No,81.57,HIGH
680481,Neelofar Karnik,Sales,Sales Executive,69,82.17,87.38,4.8,71.44,49,3.7,7,No,81.12,HIGH
290472,Prisha Sandhu,Sales,Account Manager,68,92.41,81.86,4.8,85.45,35,4.8,8,No,89.65,HIGH
463295,Himmat Ramachandran,Marketing,Marketing Executive,93,61.75,85.35,3.8,79.34,42,4.4,18,Yes,79.85,HIGH
792704,Zara Tara,IT,Software Engineer,92,70.64,88.16,4.3,79.03,35,3.5,27,No,79.6,HIGH
367786,Nitara Tella,Sales,Sales Executive,53,87.44,75.8,4.7,95.67,49,4.1,23,No,87.8,HIGH
431693,Jivika Balay,Sales,Account Manager,53,90.39,86.66,3.3,94.16,40,3.0,1,No,79.82,HIGH
775143,Mehul Kara,Finance,Accountant,60,63.15,85.11,4.8,89.78,46,3.2,17,No,82.27,HIGH
546758,Alia Handa,HR,Recruitment Specialist,91,70.79,81.13,4.6,75.09,53,4.8,30,Yes,83.43,HIGH
570393,Ira Sen,Sales,Account Manager,55,76.41,84.18,4.8,93.31,52,3.4,28,No,85.27,HIGH
499627,Shray Badami,Sales,Sales Executive,96,60.74,79.25,4.6,70.39,52,3.8,27,No,76.64,HIGH
490730,Krish Kata,Finance,Auditor,59,90.91,79.19,4.4,97.0,53,4.1,4,No,88.03,HIGH
511585,Dhanush Arora,Marketing,SEO Specialist,58,61.46,84.78,4.8,80.35,35,4.1,2,No,82.81,HIGH
132252,Darshit Shere,IT,Cybersecurity Specialist,65,70.79,97.93,3.5,95.62,44,4.9,14,No,88.95,HIGH
291381,Tarini Karpe,IT,Data Analyst,73,91.48,94.22,3.8,93.93,48,3.6,8,No,85.77,HIGH
258946,Amani Sundaram,HR,Employee Relations,60,62.31,75.3,3.3,82.57,42,4.7,3,No,78.06,HIGH
782846,Oorja Thaman,Finance,Auditor,71,66.46,76.52,3.6,80.55,45,4.8,23,No,79.72,HIGH
489260,Piya Kale,IT,Cybersecurity Specialist,67,67.68,80.94,3.8,83.57,44,4.8,5,No,82.43,HIGH
982937,Aradhya Deo,HR,HR Manager,93,61.21,79.9,4.2,99.3,49,3.0,14,No,80.69,HIGH
577270,Vardaniya Dayal,Finance,Financial Analyst,72,84.36,84.32,4.5,81.06,53,4.8,24,No,86.82,HIGH
912975,Piya Bora,Sales,Business Development,57,62.31,80.67,4.6,90.79,48,4.9,2,No,87.6,HIGH
652581,Yuvaan Sengupta,HR,Employee Relations,74,82.89,77.99,4.9,82.3,44,3.9,10,No,83.78,HIGH
734862,Biju Chaudhuri,Marketing,SEO Specialist,53,83.41,99.4,3.8,87.67,44,4.0,13,No,85.72,HIGH
949635,Prerak Mannan,IT,Cybersecurity Specialist,61,65.37,95.69,3.5,73.94,54,4.2,25,No,78.66,HIGH
211458,Priyansh Dalal,Finance,Auditor,85,63.87,91.91,3.1,93.82,50,3.4,28,No,78.91,HIGH
575964,Kaira Sule,HR,Employee Relations,54,90.75,79.33,4.2,82.03,52,3.7,14,No,81.15,HIGH
182544,Damini Sethi,Finance,Accountant,93,65.43,75.96,3.4,76.71,43,4.3,19,Yes,75.55,HIGH
382185,Kashvi Sandal,HR,Recruitment Specialist,90,90.28,88.19,3.6,85.18,40,3.4,1,No,80.22,HIGH
392413,Mamooty Doshi,HR,Employee Relations,78,70.64,92.94,3.3,70.66,45,4.9,10,No,79.65,HIGH
838326,Ishita Sethi,HR,Recruitment Specialist,87,89.9,84.85,4.0,80.55,42,4.5,8,Yes,84.12,HIGH
967016,Faiyaz Kamdar,Marketing,Marketing Executive,75,82.62,82.25,3.5,74.0,50,3.7,1,No,75.71,HIGH
266926,Miraya Kapadia,HR,Employee Relations,99,92.86,96.75,4.8,81.98,39,3.3,23,No,85.63,HIGH
581595,Diya Lalla,Finance,Financial Analyst,84,81.8,77.79,4.8,86.76,50,3.7,17,No,83.77,HIGH
221365,Hunar Sehgal,Finance,Auditor,74,91.69,86.0,3.9,97.03,38,3.7,26,No,85.88,HIGH
525539,Kismat Biswas,Sales,Sales Executive,99,86.5,78.69,3.8,80.89,38,3.3,29,No,77.06,HIGH
102907,Inaaya  Randhawa,Finance,Auditor,60,73.47,79.31,3.8,92.24,52,4.0,28,No,82.08,HIGH
498083,Lakshay Kota,Finance,Accountant,75,67.1,89.08,4.8,72.98,53,4.9,24,No,85.22,HIGH
292640,Advik Saraf,IT,Data Analyst,56,70.76,78.0,3.4,94.74,47,4.2,19,No,81.5,HIGH
255426,Yashvi Handa,IT,Software Engineer,70,83.42,83.81,4.3,98.07,46,4.5,16,No,89.72,HIGH
509587,Tushar Gola,Finance,Auditor,90,84.37,76.52,4.8,72.26,49,3.1,12,No,77.02,HIGH
648618,Yashvi Loyal,HR,Employee Relations,66,70.95,88.77,3.8,83.94,53,3.6,20,No,79.63,HIGH
237189,Ehsaan Mallick,IT,Data Analyst,76,62.75,79.52,3.5,73.24,42,4.6,4,No,76.55,HIGH
199050,Vidur Chandran,Marketing,Content Strategist,100,87.52,94.86,4.7,92.66,48,4.2,24,Yes,91.12,HIGH
112977,Jivika Goda,IT,Software Engineer,87,94.5,84.76,3.0,91.5,53,4.6,7,Yes,84.25,HIGH
425234,Lakshay Iyer,Marketing,Content Strategist,60,75.49,89.37,3.3,87.99,52,4.3,13,No,82.22,HIGH
481877,Azad Sarma,IT,Cybersecurity Specialist,57,66.56,89.68,4.6,86.03,43,3.1,18,No,81.2,HIGH
624685,Hrishita Bhandari,IT,Cybersecurity Specialist,96,60.16,96.41,4.9,77.69,54,3.9,19,No,83.81,HIGH
874584,Alia Lata,Sales,Sales Executive,87,75.16,75.96,4.8,71.65,43,4.6,14,Yes,81.8,HIGH
545145,Neelofar Cherian,Marketing,Content Strategist,61,80.25,85.36,3.9,88.09,45,4.9,1,No,86.72,HIGH
578775,Indranil Varughese,HR,Employee Relations,74,75.02,98.23,4.4,76.45,47,3.6,17,No,82.08,HIGH
924070,Lavanya Gaba,Finance,Auditor,85,85.87,98.46,3.2,97.77,53,3.2,17,No,83.21,HIGH
588338,Saira Deol,IT,Cybersecurity Specialist,65,90.17,89.04,3.5,77.9,55,3.4,7,No,77.8,HIGH
626281,Gatik Choudhry,Marketing,Content Strategist,57,93.55,82.82,4.0,78.75,46,4.2,4,No,82.34,HIGH
364502,Prerak Lalla,Finance,Financial Analyst,100,82.31,80.55,4.9,72.66,39,4.6,30,Yes,84.14,HIGH
353340,Anika Gole,Sales,Business Development,98,67.51,85.89,4.2,86.55,44,3.5,11,No,80.69,HIGH
416627,Drishya Kulkarni,Marketing,Marketing Executive,57,81.76,96.55,4.7,78.85,43,3.2,2,No,82.74,HIGH
727647,Anahita Bail,Sales,Account Manager,84,79.12,92.02,4.5,71.6,46,3.4,3,No,79.4,HIGH
254394,Lagan Balan,IT,Cybersecurity Specialist,59,61.37,98.07,3.9,79.96,53,3.2,25,No,78.14,HIGH
542857,Arnav Randhawa,HR,HR Manager,54,92.67,98.55,4.7,95.78,51,4.4,30,No,94.11,HIGH
570523,Aayush Raj,HR,Employee Relations,74,69.1,94.93,4.5,95.45,52,3.5,25,No,86.53,HIGH
999233,Samar Kota,Sales,Sales Executive,56,68.91,79.22,4.8,99.16,39,3.2,13,No,84.48,HIGH
787247,Vidur Sundaram,IT,Software Engineer,60,74.43,76.07,4.0,77.09,42,3.3,2,No,74.98,MEDIUM
434108,Jiya Biswas,Finance,Auditor,88,82.34,93.46,4.2,82.04,38,4.2,16,Yes,85.14,HIGH
687398,Nakul Ganguly,IT,Cybersecurity Specialist,60,82.75,77.74,4.0,75.35,44,3.0,4,No,74.43,MEDIUM
761608,Urvi Sundaram,Marketing,Marketing Executive,53,63.66,90.37,3.6,75.02,35,3.1,21,No,73.75,MEDIUM
702859,Badal Krish,Marketing,SEO Specialist,53,80.78,79.33,4.3,99.71,37,3.2,1,No,83.86,HIGH
539556,Ryan Chakrabarti,IT,Data Analyst,51,64.81,78.16,4.8,75.9,45,3.3,16,No,77.28,HIGH
517159,Damini Bhat,Sales,Business Development,91,72.9,83.96,3.4,74.28,48,3.2,14,No,72.77,MEDIUM
394783,Nishith Ram,HR,HR Manager,91,73.79,82.77,3.8,89.45,42,4.5,29,Yes,83.97,HIGH
457913,Ela Bail,Finance,Auditor,67,71.01,80.6,3.7,75.71,46,4.6,6,No,79.13,HIGH
923149,Purab Bali,Sales,Account Manager,87,80.93,89.38,3.4,79.38,36,4.1,3,Yes,79.78,HIGH
870520,Nayantara Hora,IT,Cybersecurity Specialist,92,75.28,80.19,4.8,97.72,37,4.2,17,Yes,88.88,HIGH
363725,Kiara Kaur,Finance,Auditor,50,82.41,76.62,4.1,76.59,44,3.4,21,No,76.54,HIGH
962884,Sumer Chatterjee,Marketing,SEO Specialist,91,73.46,90.72,4.4,70.87,43,4.3,21,Yes,81.55,HIGH
487489,Aayush Vohra,Sales,Sales Executive,78,94.94,92.93,4.5,73.59,51,4.6,2,No,86.56,HIGH
746654,Saksham Hora,IT,Software Engineer,97,61.64,79.53,3.1,93.32,48,4.6,7,Yes,80.87,HIGH
634540,Neelofar Grover,Sales,Sales Executive,97,73.92,94.15,3.2,80.69,47,4.8,1,Yes,82.43,HIGH
193844,Saanvi Dalal,HR,Recruitment Specialist,90,82.17,84.54,3.9,71.6,55,5.0,5,Yes,82.2,HIGH
578669,Samaira Dar,IT,Cybersecurity Specialist,87,75.08,84.72,4.7,96.37,54,3.0,26,No,84.16,HIGH
168402,Kavya Lall,Marketing,SEO Specialist,94,88.68,86.73,4.6,77.65,53,3.8,30,No,83.11,HIGH
406818,Kimaya Bir,IT,Software Engineer,77,74.39,86.59,3.9,75.11,36,4.6,15,No,81.29,HIGH
952345,Ojas Garde,HR,Recruitment Specialist,94,90.82,82.73,3.4,77.37,40,3.6,15,No,76.84,HIGH
749087,Divit Thaker,Sales,Sales Executive,74,67.07,80.85,4.1,97.31,36,3.4,1,No,82.07,HIGH
472501,Ishaan Deshmukh,Sales,Business Development,60,77.36,82.59,4.6,79.86,44,3.6,18,No,81.01,HIGH
532997,Aayush Kothari,Sales,Sales Executive,64,71.91,96.67,3.2,70.42,38,3.8,0,No,75.65,HIGH
508507,Reyansh Gopal,IT,Software Engineer,75,74.41,95.13,4.7,97.24,35,5.0,10,No,94.44,HIGH
202970,Tiya Ganesh,HR,Employee Relations,76,84.54,76.2,3.9,98.0,35,4.1,17,No,85.09,HIGH
446077,Kartik Mahajan,Sales,Account Manager,60,80.09,92.11,3.2,74.56,42,4.6,0,No,80.0,HIGH
132560,Alia Wason,Sales,Sales Executive,86,72.12,81.53,4.0,94.85,53,4.5,18,Yes,85.97,HIGH
227717,Ishita Dyal,HR,Employee Relations,83,68.99,77.92,4.8,87.23,38,3.5,27,No,81.85,HIGH
968677,Kavya Deshpande,Marketing,Marketing Executive,82,93.54,99.46,3.0,86.67,54,3.5,22,No,81.25,HIGH
263461,Rasha Dada,Finance,Auditor,82,73.21,97.3,3.4,97.96,48,4.6,0,No,88.17,HIGH
955805,Shalv Dhar,Finance,Auditor,98,71.67,79.74,4.5,94.05,38,4.6,22,Yes,87.73,HIGH
299262,Amira Borde,IT,Software Engineer,60,73.17,85.78,3.1,95.75,37,4.9,25,No,85.2,HIGH
784449,Pranay Krish,HR,Recruitment Specialist,97,74.68,92.8,3.5,94.36,38,5.0,4,Yes,88.34,HIGH
137873,Urvi Grewal,HR,HR Manager,70,66.81,93.41,3.2,92.65,35,3.5,11,No,79.96,HIGH
197005,Baiju Chhabra,IT,Software Engineer,75,80.28,76.01,4.0,87.89,53,4.0,8,No,81.6,HIGH
582656,Purab Chawla,Finance,Accountant,69,71.5,77.26,3.3,78.01,49,3.5,15,No,73.21,MEDIUM
467053,Anay Sankaran,Sales,Account Manager,83,94.71,76.2,4.7,85.05,42,3.8,5,No,84.23,HIGH
171718,Ira Subramaniam,Marketing,Marketing Executive,85,62.55,89.32,3.8,97.8,43,4.3,26,No,85.86,HIGH
988504,Adah Mallick,Marketing,Content Strategist,78,89.7,76.39,4.1,70.85,45,3.2,11,No,74.7,MEDIUM
421442,Gatik Tata,HR,Recruitment Specialist,64,93.21,80.08,3.7,70.36,47,4.2,26,No,78.05,HIGH
288779,Umang Dugal,IT,Cybersecurity Specialist,79,68.82,82.52,4.0,79.59,53,3.8,18,No,78.46,HIGH
965378,Trisha Setty,Marketing,Marketing Executive,52,65.5,75.8,3.1,95.27,35,3.4,2,No,76.29,HIGH
297108,Jayan Chowdhury,Marketing,SEO Specialist,68,77.02,77.65,3.6,96.53,37,3.4,28,No,80.19,HIGH
282785,Tushar Virk,Sales,Sales Executive,95,77.29,92.25,4.9,76.8,35,3.2,1,No,81.62,HIGH
727262,Stuvan Walia,HR,HR Manager,60,78.42,94.64,4.2,87.5,41,3.2,19,No,82.62,HIGH
904616,Rhea Goda,Finance,Accountant,79,70.24,92.55,4.8,83.61,41,4.3,13,No,87.02,HIGH
273465,Amira Karnik,IT,Data Analyst,95,69.72,80.85,3.9,77.5,41,4.8,30,Yes,81.19,HIGH
615504,Ivan Sibal,HR,HR Manager,68,63.89,79.22,5.0,99.09,36,4.8,12,No,91.16,HIGH
560911,Saanvi Rege,HR,Recruitment Specialist,79,79.22,97.84,3.4,71.81,50,4.5,20,No,80.63,HIGH
851424,Sumer Srinivasan,IT,Cybersecurity Specialist,74,90.28,92.71,3.2,96.98,41,3.6,4,No,83.86,HIGH
149969,Trisha Batra,Finance,Auditor,51,76.1,99.47,4.7,73.64,45,4.2,8,No,85.2,HIGH
488295,Raunak Sami,HR,Employee Relations,58,77.91,94.36,3.5,77.43,52,4.9,26,No,83.49,HIGH
194337,Kimaya Lad,HR,Recruitment Specialist,64,85.9,81.74,5.0,76.85,51,4.8,20,No,87.19,HIGH
635897,Samarth Ahuja,HR,Recruitment Specialist,68,86.59,97.46,3.9,92.14,52,4.3,4,No,88.59,HIGH
701494,Dharmajan Deo,IT,Software Engineer,67,80.87,90.21,3.2,80.09,53,3.4,6,No,76.56,HIGH
925115,Anay Ramesh,Finance,Accountant,67,94.95,87.87,4.4,79.99,46,4.6,7,No,87.07,HIGH
388904,Charvi Kata,HR,HR Manager,87,60.93,75.01,4.8,89.51,40,4.9,4,Yes,86.75,HIGH
515369,Anya Dora,Marketing,SEO Specialist,52,93.35,85.15,4.9,74.66,45,3.9,15,No,83.96,HIGH
895486,Indranil Jha,Sales,Account Manager,95,70.49,92.39,4.7,95.81,39,3.2,5,No,85.87,HIGH
506999,Divij Cheema,HR,Recruitment Specialist,97,84.17,77.64,5.0,71.46,50,4.6,12,Yes,83.78,HIGH
433033,Purab Dhingra,IT,Software Engineer,90,94.62,89.12,4.4,75.86,42,4.9,13,Yes,87.24,HIGH
978453,Ranbir Konda,Marketing,SEO Specialist,94,62.89,82.21,4.8,99.28,44,4.2,15,Yes,88.52,HIGH
467489,Biju Iyengar,HR,HR Manager,56,73.09,76.03,3.9,95.55,55,4.4,28,No,84.38,HIGH
232329,Reyansh Yohannan,HR,HR Manager,71,83.06,82.28,4.0,94.59,42,4.0,25,No,85.14,HIGH
984958,Yuvraj  Brahmbhatt,HR,Recruitment Specialist,80,86.85,75.94,4.3,85.56,41,4.6,24,No,85.14,HIGH
767033,Keya Bala,IT,Software Engineer,55,86.16,90.81,3.6,86.7,38,3.0,26,No,79.19,HIGH
247250,Alisha Kadakia,IT,Cybersecurity Specialist,62,85.92,77.89,3.8,89.45,50,3.2,5,No,79.01,HIGH
111008,Akarsh Bath,Sales,Account Manager,69,70.9,98.7,4.9,74.98,40,3.7,12,No,83.72,HIGH
929537,Indrajit Kadakia,Sales,Sales Executive,53,89.61,95.97,3.7,85.62,36,3.6,10,No,83.04,HIGH
336270,Jivika Sule,IT,Cybersecurity Specialist,66,82.44,98.96,4.9,94.69,42,3.3,22,No,89.24,HIGH
879559,Raghav Ganguly,Finance,Accountant,75,68.88,86.44,3.9,88.88,51,4.3,29,No,83.64,HIGH
506522,Divij Vaidya,HR,Employee Relations,80,66.5,91.28,4.6,89.6,54,4.5,21,No,88.19,HIGH
469514,Ela Setty,Sales,Account Manager,73,62.54,82.89,4.5,81.61,43,4.0,7,No,81.32,HIGH
476049,Neysa Thakur,Sales,Account Manager,69,67.74,78.55,4.9,70.14,41,4.2,5,No,79.93,HIGH
783567,Romil Dani,Finance,Financial Analyst,74,74.63,91.33,4.8,89.45,47,4.7,22,No,90.56,HIGH
844540,Suhana Sood,Finance,Accountant,81,83.12,79.82,4.3,74.26,36,4.9,9,No,83.35,HIGH
844024,Oorja Thaker,Marketing,Content Strategist,98,87.92,79.82,4.8,71.08,46,3.3,23,No,78.48,HIGH
866516,Shalv Loke,Sales,Sales Executive,76,72.7,78.96,4.6,77.29,37,3.2,14,No,77.45,HIGH
900343,Ranbir Cherian,HR,Employee Relations,95,70.13,79.4,4.0,80.98,40,4.9,9,Yes,82.79,HIGH
676712,Anahi Bail,Marketing,Marketing Executive,58,93.99,78.49,3.5,84.59,47,4.6,10,No,82.87,HIGH
855681,Kashvi Kakar,Sales,Account Manager,82,80.74,85.64,5.0,87.52,40,4.3,6,No,88.66,HIGH
681499,Fateh Wagle,IT,Cybersecurity Specialist,61,77.85,81.36,4.0,87.13,36,4.9,28,No,85.8,HIGH
659423,Urvi Deshpande,Finance,Accountant,81,81.71,87.12,4.6,88.94,46,4.7,13,No,89.48,HIGH
622318,Yashvi Thaman,Sales,Business Development,71,84.26,86.16,4.8,90.65,54,3.9,8,No,87.65,HIGH
424372,Riya Kapur,Finance,Financial Analyst,96,67.26,83.61,4.9,80.97,43,4.3,24,Yes,84.54,HIGH
441486,Saira Salvi,Sales,Sales Executive,50,92.26,76.24,4.5,87.38,40,3.5,11,No,82.69,HIGH
533267,Alia Loke,Sales,Sales Executive,83,78.39,82.24,4.6,99.59,42,3.3,15,No,85.76,HIGH
958959,Yakshit Baral,Finance,Financial Analyst,94,86.68,87.95,4.2,87.79,46,4.5,14,Yes,87.4,HIGH
826662,Rania Ramachandran,Marketing,Marketing Executive,89,74.23,78.96,4.4,74.76,36,3.7,10,No,78.04,HIGH
496946,Kanav Sarkar,Marketing,SEO Specialist,73,86.08,84.38,4.6,94.44,37,3.2,9,No,85.02,HIGH
856499,Oorja Dixit,Sales,Business Development,91,82.91,96.78,3.1,93.76,40,4.1,16,Yes,84.58,HIGH
301758,Gatik Deshmukh,Sales,Account Manager,64,61.59,93.66,4.6,76.02,39,3.2,1,No,78.9,HIGH
416468,Miraan Dalal,HR,Employee Relations,83,74.43,78.15,4.3,76.19,46,3.6,16,No,77.53,HIGH
982476,Devansh Wadhwa,IT,Software Engineer,85,65.46,81.59,4.3,73.48,50,3.3,12,No,75.31,HIGH
596377,Kiara Mallick,Marketing,Marketing Executive,75,65.65,87.19,4.2,93.67,54,4.9,12,No,88.5,HIGH
868521,Divit Subramaniam,Finance,Auditor,72,69.69,98.29,4.6,75.24,36,3.9,20,No,83.2,HIGH
462417,Hiran Mahajan,IT,Software Engineer,79,82.87,87.95,3.4,83.64,37,3.1,22,No,76.97,HIGH
735129,Farhan Sethi,HR,Recruitment Specialist,61,77.58,87.4,4.4,88.46,52,3.6,12,No,83.78,HIGH
601399,Amani Amble,Sales,Account Manager,62,83.09,77.44,4.8,84.47,39,3.0,12,No,80.34,HIGH
697289,Jayan Babu,HR,HR Manager,55,90.03,85.84,4.1,79.25,52,4.0,13,No,82.35,HIGH
146352,Zeeshan Suresh,HR,Employee Relations,69,91.93,99.32,4.6,85.51,40,3.6,8,No,87.51,HIGH
603933,Armaan Chaudhuri,Marketing,SEO Specialist,90,72.89,78.98,4.9,72.04,38,3.6,13,No,78.7,HIGH
706958,Renee Bail,Finance,Accountant,50,92.32,87.05,3.4,97.55,45,3.5,23,No,83.51,HIGH
295742,Neysa Johal,Sales,Sales Executive,59,94.71,84.36,4.6,93.8,43,3.2,25,No,85.68,HIGH
966300,Yuvaan Krish,Sales,Account Manager,93,77.83,95.11,3.7,73.35,50,4.2,20,Yes,80.41,HIGH
682682,Kimaya Varghese,Marketing,Content Strategist,52,69.89,93.18,3.2,74.17,45,3.8,4,No,75.88,HIGH
490054,Rohan Saran,IT,Software Engineer,87,84.17,85.88,3.4,75.3,43,4.5,26,Yes,79.78,HIGH
615419,Vidur Mannan,Marketing,Content Strategist,81,67.64,78.92,3.8,75.55,36,4.9,7,No,80.01,HIGH
256154,Amira Rajan,Sales,Business Development,67,89.55,81.99,3.1,83.72,55,3.5,6,No,76.87,HIGH
904766,Sana Handa,Sales,Business Development,85,74.6,83.63,3.4,78.72,48,4.0,16,No,77.4,HIGH
219194,Madhav Subramaniam,HR,Employee Relations,86,83.17,79.41,3.0,81.22,49,4.1,28,Yes,76.96,HIGH
264382,Rasha Dugar,Finance,Auditor,50,60.59,92.5,4.0,90.33,37,3.1,29,No,80.06,HIGH
882220,Akarsh Dua,Marketing,Content Strategist,91,65.01,79.08,3.9,86.13,45,4.3,5,Yes,80.96,HIGH
369520,Anika Yogi,Marketing,Content Strategist,59,74.4,76.95,4.2,94.85,37,4.5,24,No,86.08,HIGH
965575,Zara Lanka,Marketing,Marketing Executive,64,73.76,86.83,3.7,73.04,46,3.5,26,No,75.45,HIGH
976037,Samaira Mahal,Finance,Financial Analyst,63,66.54,90.24,4.3,79.33,47,5.0,28,No,85.7,HIGH
534344,Bhamini Cherian,IT,Cybersecurity Specialist,71,61.08,95.97,3.6,99.61,46,4.2,24,No,86.38,HIGH
988379,Charvi Gera,Finance,Accountant,59,65.67,76.99,3.2,85.54,51,3.1,6,No,72.83,MEDIUM
193674,Jiya Sarin,IT,Software Engineer,81,89.72,92.95,4.8,72.4,44,3.8,1,No,83.68,HIGH
337917,Yasmin Yohannan,Marketing,Marketing Executive,56,85.64,95.84,4.3,93.05,49,3.2,30,No,85.65,HIGH
188263,Nirvi Jain,Finance,Financial Analyst,53,83.03,99.44,3.9,80.25,47,4.7,12,No,86.67,HIGH
353599,Shaan Balakrishnan,IT,Data Analyst,89,68.33,86.93,4.9,74.82,51,4.1,13,Yes,82.66,HIGH
891878,Samar Venkataraman,IT,Software Engineer,86,62.75,79.93,4.6,86.93,48,3.9,12,No,82.34,HIGH
146417,Prerak Trivedi,IT,Data Analyst,59,86.06,82.15,4.9,89.37,43,3.7,1,No,86.25,HIGH
177999,Neelofar Maharaj,Marketing,SEO Specialist,96,88.32,96.97,4.9,77.47,35,4.7,28,Yes,89.87,HIGH
438498,Divit Apte,Finance,Auditor,64,84.18,81.72,3.9,89.05,35,3.0,4,No,79.08,HIGH
810728,Aarav Sarkar,HR,Employee Relations,96,92.71,94.65,3.3,93.46,43,4.2,24,Yes,86.24,HIGH
191671,Nehmat Saraf,Marketing,Content Strategist,85,79.2,90.64,4.8,97.31,50,4.2,15,No,91.24,HIGH
719213,Seher Saini,Finance,Accountant,88,64.84,78.77,3.4,82.68,46,3.1,29,No,73.04,MEDIUM
271309,Diya Gopal,HR,Employee Relations,90,79.55,88.99,3.1,87.47,39,3.8,10,No,79.59,HIGH
239972,Samaira Ramanathan,IT,Cybersecurity Specialist,86,76.67,92.19,4.8,95.36,48,5.0,24,Yes,93.91,HIGH
209419,Kiara Bumb,Marketing,Marketing Executive,93,71.48,97.23,4.1,93.63,48,4.6,5,Yes,89.48,HIGH
544954,Divij Kakar,Sales,Business Development,53,90.99,94.88,3.1,80.0,52,3.7,27,No,79.28,HIGH
224870,Mishti Handa,IT,Cybersecurity Specialist,92,88.19,88.72,3.5,98.24,42,3.9,28,No,85.64,HIGH
322135,Ivan Ravel,Marketing,Content Strategist,60,62.98,79.51,4.0,82.4,46,3.9,18,No,78.52,HIGH
746114,Samarth Ramanathan,Finance,Accountant,95,73.78,76.93,3.1,87.28,45,3.2,29,No,74.15,MEDIUM
923123,Mamooty Soni,Finance,Auditor,67,81.78,76.94,4.0,72.21,52,3.6,2,No,75.63,HIGH
626952,Biju Bir,IT,Software Engineer,89,78.17,79.19,3.3,91.22,40,4.0,21,No,80.22,HIGH
213797,Romil Samra,Finance,Auditor,67,71.14,75.84,3.5,77.74,41,4.5,9,No,77.6,HIGH
735209,Kismat Banerjee,Sales,Business Development,92,67.35,90.57,4.8,80.6,45,4.7,14,Yes,87.03,HIGH
911301,Baiju Arya,IT,Software Engineer,85,94.63,84.56,4.6,89.7,47,4.4,6,No,89.29,HIGH
188515,Manikya Roy,IT,Cybersecurity Specialist,51,82.24,96.98,3.8,92.29,49,4.4,25,No,88.11,HIGH
734572,Krish Jayaraman,Sales,Sales Executive,90,82.89,95.16,4.8,88.53,50,4.2,1,Yes,89.88,HIGH
850478,Rati Thakkar,Finance,Financial Analyst,71,76.49,77.16,3.2,93.29,49,4.7,27,No,82.67,HIGH
587474,Hiran Singhal,Sales,Sales Executive,82,86.14,86.72,3.6,83.69,38,5.0,14,No,85.46,HIGH
849392,Shamik Bora,HR,HR Manager,59,68.19,81.37,3.0,77.13,51,3.4,23,No,71.83,MEDIUM
548834,Lakshay Bose,IT,Software Engineer,53,90.56,85.75,3.1,76.23,35,3.0,6,No,73.48,MEDIUM
255458,Bhamini Chand,Marketing,Content Strategist,67,79.33,92.67,3.3,71.99,35,3.8,1,No,76.46,HIGH
422372,Yashvi Gill,IT,Data Analyst,95,62.51,90.86,4.9,85.27,36,4.4,9,Yes,87.2,HIGH
981762,Zain Vig,IT,Data Analyst,100,70.71,80.71,3.5,73.73,54,3.2,18,No,72.13,MEDIUM
563230,Nayantara Kunda,HR,Recruitment Specialist,53,65.81,90.92,4.3,96.11,46,4.4,27,No,88.4,HIGH
935870,Damini Chanda,Finance,Accountant,100,63.24,76.09,3.7,93.44,47,4.2,18,Yes,81.17,HIGH
416198,Mehul Sarkar,Marketing,SEO Specialist,51,63.68,88.36,4.4,85.48,37,4.3,9,No,84.48,HIGH
209199,Krish Comar,IT,Cybersecurity Specialist,59,62.69,77.75,3.7,79.79,40,4.9,16,No,80.16,HIGH
670062,Shlok Hayer,HR,HR Manager,95,64.61,99.8,3.6,98.39,41,3.8,28,No,85.54,HIGH
791583,Baiju Bhatia,Sales,Account Manager,74,73.85,92.39,3.8,83.17,45,5.0,14,No,86.01,HIGH
318172,Gatik Luthra,IT,Cybersecurity Specialist,90,87.65,76.69,4.1,78.63,54,4.6,10,Yes,82.49,HIGH
537761,Anya Majumdar,Marketing,Content Strategist,90,85.54,82.31,4.6,87.19,54,4.0,28,No,85.57,HIGH
880954,Reyansh Sem,Sales,Business Development,97,62.75,76.04,3.3,86.49,36,4.3,25,Yes,77.83,HIGH
590418,Aarav Jha,IT,Software Engineer,73,65.55,99.97,3.0,75.64,49,4.2,6,No,78.04,HIGH
542908,Jhanvi Raman,Marketing,SEO Specialist,59,86.95,84.18,3.3,90.51,44,4.1,11,No,82.28,HIGH
295750,Eva Shukla,Marketing,SEO Specialist,71,69.03,98.59,4.3,74.02,55,4.0,11,No,82.03,HIGH
784411,Trisha Mallick,Marketing,SEO Specialist,94,65.15,96.93,3.1,71.39,46,4.2,10,Yes,76.52,HIGH
515923,Aarav Kashyap,Finance,Financial Analyst,63,71.45,86.39,4.5,70.87,48,4.9,12,No,83.28,HIGH
481395,Renee Sachar,Finance,Accountant,94,94.65,95.9,3.8,75.27,39,4.8,0,Yes,85.63,HIGH
488935,Faiyaz Mahal,Sales,Sales Executive,51,82.92,97.6,4.1,81.16,48,4.1,23,No,84.96,HIGH
500842,Madhav Kashyap,Marketing,Content Strategist,63,86.44,96.49,3.7,73.86,45,4.9,6,No,84.5,HIGH
829717,Jayant Bhagat,HR,Recruitment Specialist,68,94.96,77.1,4.4,91.99,46,3.3,15,No,83.31,HIGH
301292,Saira Kaur,Sales,Business Development,57,80.18,95.19,3.6,72.19,39,3.4,30,No,76.71,HIGH
332292,Ryan Karnik,IT,Cybersecurity Specialist,73,60.4,81.44,3.8,78.91,49,4.7,7,No,80.0,HIGH
391184,Trisha Bose,IT,Cybersecurity Specialist,71,67.45,86.81,3.1,76.3,48,3.3,29,No,72.6,MEDIUM
102928,Veer Sagar,HR,Recruitment Specialist,60,70.81,88.3,3.5,98.5,52,3.8,25,No,83.49,HIGH
238037,Shaan Shetty,Marketing,Marketing Executive,71,65.13,92.64,4.3,80.41,39,4.5,4,No,84.36,HIGH
530999,Ayesha Garde,HR,HR Manager,92,76.8,94.92,4.4,73.65,48,3.6,8,No,80.76,HIGH
620611,Akarsh Andra,HR,Recruitment Specialist,90,75.41,99.58,4.2,86.53,54,4.6,16,Yes,88.62,HIGH
199145,Sana Jhaveri,Marketing,Marketing Executive,94,90.65,79.51,4.4,87.33,36,4.5,17,Yes,86.77,HIGH
349090,Inaaya  Doctor,Finance,Auditor,57,71.97,95.56,4.0,76.86,50,3.7,28,No,80.17,HIGH
906820,Onkar Basak,HR,Employee Relations,84,84.78,82.27,3.3,99.07,49,3.2,7,No,80.65,HIGH
590869,Parinaaz Kumar,IT,Cybersecurity Specialist,97,64.23,87.67,4.8,95.33,50,3.0,25,No,83.76,HIGH
860960,Armaan Badami,Sales,Business Development,84,77.86,98.82,4.6,87.66,39,3.2,2,No,85.05,HIGH
137127,Saksham Chandra,HR,Recruitment Specialist,53,70.65,82.16,3.7,82.14,38,4.1,29,No,79.34,HIGH
737753,Miraan Dani,HR,Employee Relations,69,85.73,94.36,4.5,82.75,48,4.6,0,No,88.67,HIGH
424195,Ranbir Sabharwal,HR,Recruitment Specialist,63,61.64,87.21,4.5,77.43,42,3.9,15,No,80.44,HIGH
794019,Adah Deep,Marketing,Marketing Executive,80,66.9,99.13,4.2,92.0,40,4.7,10,No,89.72,HIGH
593427,Prerak Sundaram,Marketing,Marketing Executive,98,83.67,90.74,4.7,77.22,50,3.4,16,No,82.08,HIGH
659869,Mehul Doctor,Sales,Sales Executive,88,86.04,83.78,4.2,81.39,45,4.5,10,Yes,84.58,HIGH
482829,Yuvraj  Dewan,HR,Recruitment Specialist,94,92.66,95.2,4.3,97.21,37,4.6,10,Yes,93.07,HIGH
493092,Piya Virk,Finance,Financial Analyst,61,94.95,96.8,4.7,98.22,38,3.8,3,No,92.32,HIGH
570104,Ryan Sachar,IT,Cybersecurity Specialist,83,77.34,82.14,4.6,78.74,42,3.6,15,No,80.58,HIGH
324427,Divij Randhawa,Finance,Financial Analyst,67,78.58,79.93,4.1,85.18,47,4.5,3,No,83.8,HIGH
339528,Fateh Sharma,IT,Software Engineer,61,87.4,93.93,3.2,99.69,39,4.3,27,No,87.43,HIGH
946960,Alisha Chand,Finance,Financial Analyst,83,60.68,77.49,3.3,94.09,44,4.0,8,No,78.99,HIGH
731424,Pihu Dutt,Finance,Auditor,72,68.14,97.15,4.5,75.78,37,3.2,23,No,79.78,HIGH
842692,Saanvi Madan,HR,HR Manager,93,91.14,78.8,3.1,75.56,53,4.6,11,Yes,78.34,HIGH
278306,Nakul Rout,Finance,Accountant,75,92.35,87.09,3.6,94.69,45,4.8,22,No,88.66,HIGH
609399,Vritika Hora,Marketing,Marketing Executive,75,61.44,94.92,4.0,83.31,46,4.1,28,No,82.52,HIGH
132841,Ryan Madan,Sales,Account Manager,100,79.22,99.63,3.5,77.49,47,4.3,28,Yes,82.3,HIGH
729250,Miraya Uppal,IT,Software Engineer,95,91.46,98.52,4.0,90.64,42,4.5,28,Yes,90.04,HIGH
129892,Kaira Virk,Finance,Financial Analyst,73,75.92,87.69,3.8,86.08,41,3.8,27,No,81.35,HIGH
267795,Rhea Ghose,Finance,Accountant,60,90.44,99.56,4.2,81.57,55,3.7,17,No,85.03,HIGH
525528,Rhea Dalal,Finance,Accountant,53,78.94,84.4,4.3,85.32,50,4.2,13,No,84.37,HIGH
848046,Suhana Malhotra,Sales,Business Development,81,92.57,92.3,3.7,88.46,52,4.9,19,No,88.66,HIGH
752362,Ela Ray,IT,Software Engineer,92,61.26,81.01,3.2,91.86,52,4.5,16,Yes,80.69,HIGH
916452,Rati Anne,Sales,Business Development,99,65.78,77.93,4.2,91.07,52,3.4,21,No,79.89,HIGH
186110,Anaya Vora,HR,Recruitment Specialist,82,73.68,81.21,3.5,84.06,54,4.5,11,No,80.83,HIGH
125052,Saanvi Venkatesh,Finance,Auditor,65,68.7,98.18,3.4,98.38,50,4.0,1,No,85.62,HIGH
362851,Dishani Mahal,Sales,Business Development,78,69.53,84.89,4.2,83.53,41,3.3,17,No,78.99,HIGH
946388,Prisha Divan,Finance,Financial Analyst,76,88.07,82.34,3.5,88.57,50,4.2,21,No,82.65,HIGH
872665,Eshani Sathe,Marketing,Marketing Executive,77,79.96,94.51,4.1,76.06,44,3.6,29,No,80.52,HIGH
977935,Sara Bava,Finance,Accountant,80,87.17,94.67,3.0,88.38,38,3.0,25,No,78.17,HIGH
646736,Vidur Choudhury,IT,Software Engineer,73,61.56,98.33,4.2,92.2,39,4.6,30,No,88.68,HIGH
474625,Kismat Reddy,HR,Employee Relations,93,90.5,88.67,3.8,92.91,52,3.2,2,No,82.66,HIGH
223790,Badal Tara,HR,Employee Relations,83,86.19,75.04,3.7,95.45,46,3.3,30,No,80.26,HIGH
938700,Siya Bahri,Sales,Business Development,53,91.39,76.19,5.0,72.25,36,3.2,8,No,78.85,HIGH
671927,Anahita Chandra,Sales,Account Manager,68,92.65,86.03,3.1,87.55,45,3.1,7,No,77.54,HIGH
685345,Tiya Magar,HR,Employee Relations,78,84.1,97.37,3.9,80.39,40,4.3,6,No,84.8,HIGH
473298,Vritika Vasa,Finance,Accountant,62,64.95,94.85,4.1,79.49,51,3.8,4,No,80.91,HIGH
737360,Shlok Sibal,Sales,Account Manager,87,71.48,85.8,4.7,75.83,45,3.4,10,No,79.46,HIGH
145730,Advik Ranganathan,Finance,Accountant,55,84.08,85.84,3.9,81.72,49,4.6,3,No,84.09,HIGH
912978,Divit Doshi,HR,Employee Relations,69,62.4,89.2,4.6,89.33,50,4.2,14,No,86.08,HIGH
850624,Trisha Bakshi,Marketing,Marketing Executive,85,60.19,75.84,4.8,72.33,50,3.3,22,No,75.29,HIGH
171937,Hansh Koshy,Marketing,Content Strategist,61,89.86,94.42,3.7,99.46,46,4.5,5,No,90.51,HIGH
884429,Anvi Bhavsar,Sales,Sales Executive,64,86.44,91.05,3.7,90.62,48,4.7,8,No,87.64,HIGH
728424,Dhruv Acharya,HR,HR Manager,99,69.49,97.13,3.6,83.33,41,4.8,24,Yes,84.97,HIGH
880296,Ivan Mand,HR,Recruitment Specialist,93,81.43,76.47,3.5,93.14,42,3.4,6,No,78.98,HIGH
761061,Mehul Lad,Sales,Account Manager,79,84.98,92.59,4.5,80.53,52,4.5,21,No,87.18,HIGH
156156,Hansh Karnik,IT,Data Analyst,59,73.17,93.95,3.4,95.76,50,4.4,14,No,86.04,HIGH
691406,Uthkarsh Vala,Finance,Accountant,69,71.88,92.52,3.5,96.32,45,4.9,2,No,88.19,HIGH
632730,Kashvi Buch,Sales,Business Development,91,60.91,97.96,3.2,71.13,40,4.0,0,No,75.82,HIGH
286824,Riya Madan,Finance,Financial Analyst,81,85.97,82.46,5.0,75.67,44,3.7,18,No,82.59,HIGH
995749,Oorja Bobal,Sales,Account Manager,66,81.2,98.89,3.0,90.1,47,5.0,12,No,86.93,HIGH
439866,Shlok Saini,Finance,Auditor,65,88.18,89.76,4.3,82.39,44,3.1,20,No,81.09,HIGH
425648,Anika Sengupta,HR,Recruitment Specialist,100,73.83,90.15,4.2,92.6,54,4.7,4,Yes,88.79,HIGH
551207,Lakshay Saxena,HR,Employee Relations,97,93.27,91.54,3.8,90.42,49,4.5,16,Yes,87.96,HIGH
895289,Indrans Wason,HR,Employee Relations,85,94.51,85.68,3.9,72.04,43,3.9,4,No,79.4,HIGH
740139,Parinaaz Swaminathan,IT,Software Engineer,71,89.24,79.08,3.8,90.59,51,4.6,30,No,85.52,HIGH
250239,Zara Roy,Finance,Accountant,59,73.51,84.79,4.5,79.77,37,3.2,25,No,79.04,HIGH
311211,Yuvraj  Swaminathan,Marketing,Content Strategist,94,81.59,87.33,4.5,88.48,47,3.3,5,No,83.37,HIGH
940441,Ojas Chada,HR,HR Manager,86,88.88,88.4,4.0,98.15,52,4.0,18,No,88.01,HIGH
318048,Ira Thakkar,IT,Cybersecurity Specialist,99,65.41,89.81,4.8,80.61,48,4.9,1,Yes,87.49,HIGH
917471,Pihu Ghose,HR,HR Manager,72,65.69,76.26,4.9,98.66,48,4.0,10,No,87.02,HIGH
705706,Samiha Thaman,Finance,Auditor,90,78.08,97.23,4.6,75.87,47,4.5,16,Yes,86.42,HIGH
551820,Ivana Rattan,Marketing,Content Strategist,83,71.74,98.71,4.8,74.26,40,3.2,12,No,81.19,HIGH
221582,Jiya Cheema,Marketing,Marketing Executive,51,78.2,90.55,4.3,79.56,35,3.8,22,No,82.2,HIGH
441547,Faiyaz Raval,HR,Recruitment Specialist,76,80.44,80.18,3.2,96.76,39,3.3,19,No,79.11,HIGH
795310,Raunak Konda,IT,Data Analyst,65,77.51,90.49,4.6,97.47,37,3.3,9,No,86.69,HIGH
578635,Myra Ranganathan,IT,Software Engineer,59,60.07,79.14,3.5,97.36,53,4.4,14,No,82.64,HIGH
346443,Rania Garg,IT,Software Engineer,82,65.15,78.79,3.6,73.62,37,4.5,6,No,76.76,HIGH
832149,Adah Goswami,Marketing,Content Strategist,68,82.07,88.23,4.9,71.28,35,3.3,16,No,80.04,HIGH
925126,Mahika Bora,Sales,Account Manager,100,72.07,87.59,3.0,87.41,49,4.7,2,Yes,81.75,HIGH
560397,Shanaya Bali,HR,Employee Relations,81,65.94,95.39,3.7,78.72,51,3.1,7,No,76.49,HIGH
350626,Kanav Lanka,Finance,Accountant,66,84.19,92.13,4.9,72.51,44,4.2,7,No,85.0,HIGH
335208,Mishti Ganguly,HR,Recruitment Specialist,82,76.59,77.06,4.6,97.82,36,3.5,2,No,84.82,HIGH
860980,Kimaya Aggarwal,Finance,Auditor,100,94.94,94.95,3.5,79.71,38,3.1,20,No,78.8,HIGH
349858,Prisha Chanda,Sales,Account Manager,94,68.02,78.48,4.4,72.7,38,3.6,20,No,76.31,HIGH
965221,Chirag Lalla,Sales,Account Manager,56,68.01,83.8,4.0,97.63,44,4.0,27,No,84.85,HIGH
680014,Abram Seth,HR,Recruitment Specialist,68,78.8,96.19,3.3,73.78,52,4.1,3,No,78.85,HIGH
770909,Jayan Kohli,IT,Cybersecurity Specialist,65,75.1,91.08,4.4,98.27,52,4.3,15,No,90.01,HIGH
232269,Riaan Chacko,HR,Employee Relations,86,61.79,89.29,3.7,96.62,38,3.0,19,No,79.82,HIGH
418960,Sana Hans,Finance,Auditor,71,74.92,88.65,4.8,83.68,41,3.9,29,No,85.13,HIGH
755582,Prerak Datta,Sales,Sales Executive,59,93.72,92.52,4.9,78.65,54,4.6,24,No,89.47,HIGH
913107,Anahita Hans,Finance,Accountant,93,70.94,90.73,3.3,95.54,48,4.8,29,Yes,86.3,HIGH
219532,Hrishita Koshy,HR,HR Manager,56,86.7,89.53,4.7,87.21,37,3.2,13,No,84.34,HIGH
516332,Kartik Lalla,HR,Recruitment Specialist,97,91.01,82.26,4.4,89.22,44,4.3,3,Yes,87.12,HIGH
445720,Amani Bhat,Finance,Auditor,73,79.8,92.43,3.6,93.3,49,4.5,28,No,86.86,HIGH
201647,Elakshi Char,HR,Recruitment Specialist,98,93.46,78.15,3.4,77.0,43,4.4,20,Yes,79.28,HIGH
125397,Vivaan Kakar,Marketing,Content Strategist,86,63.2,99.73,3.7,99.31,44,3.1,11,No,83.26,HIGH
338231,Pranay Sen,IT,Software Engineer,62,81.92,86.65,3.7,79.04,45,3.3,5,No,77.23,HIGH
283018,Hunar Sura,IT,Software Engineer,95,81.08,75.74,4.4,71.13,51,3.3,19,No,75.4,HIGH
375092,Elakshi Borde,HR,Employee Relations,85,78.08,86.72,3.7,72.73,35,4.6,22,No,80.17,HIGH
948704,Nishith Bains,Finance,Financial Analyst,92,88.52,83.88,4.3,91.61,48,3.8,30,No,85.51,HIGH
501435,Madhav Dhar,Marketing,Content Strategist,73,94.83,90.82,4.3,94.63,52,4.7,26,No,92.04,HIGH
427518,Neysa Magar,Marketing,SEO Specialist,81,68.76,84.05,4.5,71.37,54,4.0,8,No,79.1,HIGH
830311,Samiha Dugar,IT,Cybersecurity Specialist,67,67.02,85.26,3.0,75.97,41,3.0,24,No,70.54,MEDIUM
938143,Rohan Mann,Marketing,Marketing Executive,100,85.73,97.11,3.1,70.88,38,3.5,19,No,75.66,HIGH
189294,Indranil Saran,Sales,Business Development,83,91.08,81.83,4.9,75.77,55,3.1,16,No,80.21,HIGH
582678,Kiaan Doshi,IT,Software Engineer,57,71.91,75.44,3.7,94.54,40,3.9,28,No,81.04,HIGH
322714,Tejas Sangha,Finance,Financial Analyst,94,65.6,76.56,4.4,84.26,42,3.7,22,No,79.55,HIGH
700739,Kavya Kuruvilla,Marketing,SEO Specialist,52,79.9,94.94,3.6,79.66,44,4.8,27,No,84.48,HIGH
697715,Yuvaan Subramaniam,Sales,Account Manager,80,90.5,95.4,3.6,91.61,41,4.6,10,No,88.41,HIGH
423076,Zoya Hora,Marketing,SEO Specialist,85,67.04,94.72,4.7,92.5,35,3.4,17,No,85.8,HIGH
956232,Anahita Goswami,IT,Data Analyst,77,83.28,84.59,4.2,82.74,44,3.3,4,No,80.07,HIGH
481589,Hridaan Bumb,Sales,Business Development,96,75.19,84.09,3.7,94.34,52,4.9,5,Yes,87.04,HIGH
640250,Rania Karan,Sales,Business Development,68,67.94,83.82,3.8,87.3,37,3.9,2,No,80.55,HIGH
284205,Bhamini Madan,Finance,Accountant,89,92.23,77.88,3.4,80.68,38,3.6,14,No,77.0,HIGH
657968,Khushi Jaggi,HR,HR Manager,74,74.03,95.83,3.7,88.46,51,4.2,12,No,84.71,HIGH
920286,Manjari Chowdhury,HR,HR Manager,75,78.37,88.3,3.5,92.42,38,3.5,20,No,81.22,HIGH
997513,Armaan Lala,Finance,Accountant,55,93.93,92.74,4.5,97.83,48,3.1,9,No,87.69,HIGH
521197,Manjari Uppal,HR,Employee Relations,80,93.97,94.56,4.8,86.47,46,3.1,25,No,85.85,HIGH
682614,Taran Chadha,Marketing,Marketing Executive,72,69.48,87.28,4.5,86.45,54,5.0,26,No,88.34,HIGH
491320,Kavya Sachdev,HR,Employee Relations,61,63.98,86.22,3.4,85.82,42,3.2,25,No,75.79,HIGH
212943,Zoya Balasubramanian,Marketing,Marketing Executive,59,75.35,85.99,4.2,92.12,45,3.7,27,No,83.97,HIGH
603571,Kartik Chacko,Marketing,SEO Specialist,79,65.02,87.37,4.1,80.06,47,3.6,8,No,78.79,HIGH
960911,Ritvik Chhabra,HR,HR Manager,91,77.97,75.64,4.4,70.16,44,4.5,12,Yes,79.57,HIGH
542816,Drishya Khurana,Marketing,SEO Specialist,50,87.09,78.62,3.9,73.1,42,3.3,15,No,75.16,HIGH
799701,Bhavin Gulati,HR,HR Manager,92,84.06,87.75,3.1,81.67,36,4.7,0,Yes,81.66,HIGH
386385,Anika Chaudhari,HR,HR Manager,99,74.83,96.5,3.9,85.18,40,4.2,17,Yes,84.74,HIGH
467268,Suhana Varughese,Marketing,SEO Specialist,96,74.62,81.03,4.5,79.33,48,4.6,20,Yes,83.87,HIGH
440183,Saira Choudhury,Marketing,Content Strategist,55,60.23,97.86,4.8,92.78,38,3.4,16,No,86.23,HIGH
799671,Sara Chad,IT,Software Engineer,61,80.03,89.88,4.5,94.51,37,4.5,9,No,90.33,HIGH
846174,Riya Manda,HR,Employee Relations,94,72.06,88.35,3.2,71.87,37,4.1,1,Yes,75.64,HIGH
107658,Aaryahi Borah,Sales,Account Manager,95,90.51,86.6,4.0,76.39,41,4.0,7,No,81.29,HIGH
668817,Anika Manne,Marketing,SEO Specialist,91,62.57,87.18,4.0,76.81,41,3.8,21,No,77.94,HIGH
354554,Baiju Reddy,Sales,Sales Executive,59,71.06,94.46,4.7,94.24,50,3.1,8,No,85.47,HIGH
289677,Tejas D’Alia,IT,Software Engineer,98,80.13,85.5,3.5,85.25,47,3.1,7,No,77.09,HIGH
239763,Zeeshan Goda,Finance,Financial Analyst,76,77.25,88.4,3.6,76.07,48,4.3,22,No,79.83,HIGH
187647,Kabir Ratta,Sales,Sales Executive,63,63.47,80.87,3.8,78.85,46,3.2,7,No,74.18,MEDIUM
804964,Shanaya Wali,Sales,Sales Executive,83,74.92,78.41,4.2,74.18,41,3.1,4,No,74.63,MEDIUM
414839,Ranbir Dass,HR,Recruitment Specialist,54,78.24,78.69,4.0,93.18,47,3.8,24,No,82.72,HIGH
237379,Kaira Bala,Finance,Accountant,67,75.97,99.26,3.9,90.85,41,3.9,29,No,85.9,HIGH
574652,Taimur Zacharia,Sales,Business Development,65,68.71,80.6,3.1,91.88,51,4.0,9,No,78.96,HIGH
461876,Parinaaz Dutta,IT,Data Analyst,61,91.46,99.61,3.3,83.09,49,4.0,24,No,83.2,HIGH
871801,Jayant Kaul,Finance,Accountant,76,83.13,95.98,4.7,88.69,39,3.3,5,No,86.12,HIGH
242466,Pari Sane,IT,Cybersecurity Specialist,91,78.74,78.89,3.0,71.28,36,4.8,17,Yes,76.24,HIGH
276778,Yasmin Zachariah,Sales,Sales Executive,81,68.31,76.61,3.4,84.65,40,3.8,30,No,76.35,HIGH
462162,Nakul Lalla,Finance,Accountant,72,87.75,79.65,3.9,95.24,40,4.1,7,No,85.28,HIGH
218020,Kiara Sen,HR,HR Manager,65,84.47,83.22,4.0,97.87,53,4.4,3,No,88.05,HIGH
315371,Abram Sankar,IT,Software Engineer,52,73.63,92.83,4.7,79.92,44,4.9,19,No,88.3,HIGH
831689,Siya Sethi,Sales,Account Manager,59,74.02,85.51,3.1,96.09,41,3.7,30,No,80.53,HIGH
636317,Jivin Savant,IT,Cybersecurity Specialist,51,62.02,84.22,3.7,85.1,46,3.8,3,No,78.58,HIGH
128755,Ojas Sama,IT,Software Engineer,68,70.39,79.58,3.1,76.43,47,4.2,5,No,75.08,HIGH
268753,Jayesh Comar,HR,Employee Relations,80,93.43,77.49,3.5,74.23,47,4.4,4,No,78.71,HIGH
959736,Aarush Tak,Marketing,Marketing Executive,98,67.91,81.61,3.8,79.71,40,4.9,6,Yes,81.83,HIGH
970279,Ranbir Viswanathan,Marketing,SEO Specialist,54,65.2,85.51,4.0,90.12,41,4.1,18,No,83.06,HIGH
304464,Suhana Ramaswamy,HR,Recruitment Specialist,96,66.04,85.92,3.9,90.03,55,3.3,1,No,79.6,HIGH
633692,Biju Sule,Marketing,Marketing Executive,73,79.44,84.51,4.8,88.49,45,4.6,17,No,88.99,HIGH
172159,Anika Roy,Sales,Business Development,82,72.22,88.51,3.0,88.46,54,4.1,8,No,79.86,HIGH
997052,Urvi Seth,Finance,Auditor,76,85.41,99.34,3.5,97.47,42,3.7,26,No,86.45,HIGH
836049,Saanvi Mane,HR,HR Manager,73,66.6,80.95,4.7,73.06,44,3.5,10,No,77.57,HIGH
385650,Samar Rana,Finance,Financial Analyst,84,61.03,87.65,3.5,75.87,52,4.7,8,No,79.19,HIGH
863727,Tiya Upadhyay,Sales,Business Development,71,77.94,97.57,4.4,72.45,42,4.5,21,No,84.64,HIGH
330405,Fateh Ganesh,HR,Recruitment Specialist,71,69.64,92.88,4.3,98.62,48,3.4,2,No,85.93,HIGH
762512,Kismat Chad,Sales,Sales Executive,78,82.27,93.94,4.1,84.13,45,3.0,19,No,80.65,HIGH
676115,Tejas Mallick,Sales,Business Development,63,65.02,84.82,4.5,91.09,52,4.2,30,No,85.59,HIGH
999653,Riaan Rajan,IT,Cybersecurity Specialist,83,81.09,97.73,3.2,99.39,36,3.9,8,No,85.87,HIGH
622482,Aaina Comar,Marketing,Content Strategist,52,75.11,97.47,4.7,81.0,45,4.2,15,No,86.9,HIGH
271054,Divij Rao,Marketing,SEO Specialist,75,62.3,93.71,4.9,88.79,50,4.2,16,No,88.01,HIGH
316433,Hunar Sarkar,IT,Data Analyst,81,81.23,79.16,4.4,97.52,46,3.8,16,No,86.01,HIGH
914673,Tarini Sidhu,IT,Data Analyst,85,70.89,85.47,4.6,85.75,54,3.8,23,No,83.51,HIGH
655954,Shamik Virk,Finance,Financial Analyst,54,71.32,75.9,4.8,85.46,40,4.8,17,No,86.35,HIGH
833486,Armaan Verma,HR,HR Manager,50,88.66,98.3,4.8,89.34,36,3.7,26,No,89.33,HIGH
387598,Vanya Golla,IT,Software Engineer,69,91.14,85.96,3.0,84.68,48,3.8,28,No,78.91,HIGH
729513,Mishti Chada,IT,Data Analyst,93,81.52,83.97,3.9,82.73,53,3.0,9,No,77.36,HIGH
207324,Navya Ganesh,Finance,Auditor,60,73.68,98.01,3.4,71.57,45,4.4,13,No,79.64,HIGH
351873,Prisha Borra,Sales,Account Manager,94,63.86,77.09,4.8,97.28,54,4.1,3,Yes,86.59,HIGH
900614,Diya Kata,Marketing,SEO Specialist,88,90.03,82.68,3.4,82.89,53,3.4,25,No,77.61,HIGH
855906,Kiara Salvi,IT,Data Analyst,59,78.72,98.12,4.4,71.28,41,4.6,17,No,84.88,HIGH
840994,Dishani Tandon,Marketing,Marketing Executive,70,88.94,82.27,4.7,72.51,40,4.6,25,No,84.3,HIGH
220836,Neelofar Vig,Marketing,SEO Specialist,91,62.64,88.93,3.2,77.07,45,4.5,6,Yes,77.97,HIGH
141021,Lavanya Ravi,HR,Employee Relations,73,83.5,79.67,4.4,74.47,45,4.9,1,No,83.82,HIGH
984998,Kiaan Korpal,Finance,Accountant,52,91.48,86.43,4.3,75.76,54,4.7,19,No,85.16,HIGH
475371,Jhanvi Goswami,Finance,Auditor,86,72.24,78.18,3.1,75.83,44,3.1,17,No,70.41,MEDIUM
529264,Miraya Golla,Marketing,Content Strategist,58,92.81,93.95,4.2,99.76,46,3.7,17,No,89.6,HIGH
391476,Kartik Dalal,Marketing,Content Strategist,69,82.98,92.26,4.3,96.45,52,3.9,6,No,88.49,HIGH
967124,Hansh Bora,HR,Recruitment Specialist,94,93.8,78.78,4.8,94.74,53,4.2,4,Yes,89.56,HIGH
883298,Ivana Barad,Marketing,Marketing Executive,100,70.39,95.72,4.9,98.08,45,4.5,27,Yes,93.21,HIGH
312337,Samaira Iyengar,HR,Recruitment Specialist,74,75.69,93.85,3.7,76.84,38,3.8,17,No,79.39,HIGH
711065,Dhruv Swamy,IT,Software Engineer,71,82.91,86.82,3.5,79.45,49,4.1,22,No,79.89,HIGH
713918,Parinaaz Goel,HR,Recruitment Specialist,95,91.67,77.48,4.5,72.12,55,4.9,8,Yes,83.9,HIGH
568508,Lakshit Toor,HR,Recruitment Specialist,83,91.4,94.16,4.8,76.62,51,4.4,1,No,87.76,HIGH
299441,Ahana  Arya,Finance,Financial Analyst,78,79.19,91.96,4.9,76.57,45,4.1,14,No,85.28,HIGH
933785,Khushi Uppal,Sales,Sales Executive,64,68.55,96.18,3.5,95.93,48,4.2,1,No,85.67,HIGH
858842,Nirvi Magar,HR,Employee Relations,54,76.1,86.32,3.7,78.73,53,5.0,1,No,83.29,HIGH
581350,Zain Malhotra,HR,Employee Relations,62,93.08,87.28,4.2,94.8,48,3.7,9,No,86.8,HIGH
761136,Kimaya Tailor,Marketing,SEO Specialist,75,67.04,83.74,3.6,81.02,48,3.7,3,No,76.96,HIGH
323181,Zain Raja,Marketing,SEO Specialist,68,89.21,90.24,4.8,87.53,47,4.3,0,No,89.63,HIGH
292276,Rhea Sagar,HR,Recruitment Specialist,76,66.81,95.81,4.8,84.34,35,3.8,5,No,85.54,HIGH
557502,Shalv Kibe,Marketing,Marketing Executive,66,82.37,98.04,3.5,98.77,48,3.8,19,No,86.68,HIGH
619911,Shray Chatterjee,HR,HR Manager,69,85.95,99.68,4.5,95.92,42,4.8,14,No,94.51,HIGH
959460,Farhan Baria,HR,Employee Relations,79,86.0,78.05,3.6,96.96,48,3.4,8,No,81.3,HIGH
117814,Kabir Kapadia,Sales,Business Development,86,74.21,97.09,3.8,93.24,46,4.0,10,No,86.01,HIGH
162225,Kaira Krishnamurthy,HR,Employee Relations,73,85.83,84.63,3.5,97.6,47,4.5,30,No,86.79,HIGH
517826,Tejas Ramachandran,Marketing,SEO Specialist,74,87.29,93.45,3.5,81.68,55,4.4,16,No,83.52,HIGH
984800,Ritvik Balasubramanian,Finance,Accountant,66,76.46,93.15,4.2,71.0,43,4.7,20,No,83.18,HIGH
836255,Raghav Sridhar,Marketing,Marketing Executive,67,65.75,94.44,4.7,98.89,38,3.9,5,No,89.53,HIGH
786966,Hazel Amble,IT,Data Analyst,58,88.26,81.93,3.9,75.64,40,4.6,18,No,81.9,HIGH
295585,Piya Zacharia,IT,Data Analyst,56,87.11,86.05,3.3,82.28,53,4.8,26,No,83.01,HIGH
840289,Riya Chowdhury,IT,Software Engineer,75,75.01,91.92,4.7,88.46,53,4.5,6,No,89.22,HIGH
879607,Umang Sarma,HR,Recruitment Specialist,54,67.42,75.98,4.6,90.4,55,3.9,7,No,83.06,HIGH
640494,Jayan Deshmukh,Finance,Accountant,69,66.55,75.67,4.8,78.59,36,3.3,24,No,77.77,HIGH
296395,Seher Khatri,Marketing,Marketing Executive,70,70.23,82.21,3.9,82.11,47,4.0,20,No,79.7,HIGH
125546,Jiya Keer,Sales,Sales Executive,57,90.05,94.64,3.4,79.61,50,3.7,19,No,80.22,HIGH
747944,Dhanuk Chandran,Sales,Account Manager,72,64.97,84.91,3.4,97.1,53,4.6,23,No,84.61,HIGH
168343,Dishani Kala,IT,Data Analyst,73,63.52,81.62,3.6,74.84,50,4.8,3,No,78.73,HIGH
759331,Sana Kohli,Finance,Accountant,56,94.4,98.22,3.2,78.74,48,3.4,25,No,79.11,HIGH
469127,Advik Mangal,HR,HR Manager,63,83.7,94.04,4.1,79.25,37,3.3,10,No,80.55,HIGH
485924,Sana Kapur,IT,Software Engineer,82,71.91,86.34,4.9,97.41,53,4.1,10,No,89.68,HIGH
326079,Advik Comar,Sales,Account Manager,62,68.38,97.75,3.3,87.21,53,4.7,28,No,84.55,HIGH
586460,Shamik Bal,Finance,Accountant,59,85.01,96.3,3.2,90.77,42,4.1,27,No,84.19,HIGH
551937,Himmat Sur,Marketing,SEO Specialist,63,80.41,91.07,4.8,80.46,45,4.7,1,No,88.39,HIGH
599103,Nitya Gera,Sales,Business Development,61,62.02,77.71,3.3,85.65,45,4.9,18,No,80.24,HIGH
523812,Indrajit Rastogi,HR,HR Manager,89,71.38,82.83,4.7,72.5,43,4.6,0,Yes,82.65,HIGH
479099,Yuvaan Sankar,Finance,Auditor,97,66.62,96.11,4.9,71.33,50,3.8,14,No,82.08,HIGH
681342,Rasha Srinivas,Sales,Account Manager,51,60.46,97.08,3.5,79.89,40,4.6,28,No,81.83,HIGH
753777,Ojas Lanka,Finance,Auditor,91,67.48,86.15,5.0,78.39,53,3.1,1,No,79.9,HIGH
191289,Kartik Kashyap,Sales,Business Development,66,78.8,77.03,3.4,70.47,49,3.9,9,No,73.63,MEDIUM
194973,Dhanush Sha,HR,Employee Relations,87,67.22,85.33,4.5,90.02,50,4.2,18,Yes,85.59,HIGH
146035,Vanya Golla,Finance,Accountant,99,65.16,82.79,4.4,98.88,35,3.4,30,No,83.94,HIGH
689963,Kiara Gara,Marketing,Content Strategist,79,82.72,95.6,3.4,83.6,55,4.6,0,No,84.47,HIGH
621545,Keya Chaudhari,IT,Data Analyst,94,89.11,83.97,4.3,71.43,35,4.2,7,Yes,81.13,HIGH
559156,Aayush Dyal,Finance,Auditor,67,89.01,83.9,3.2,87.01,44,4.8,8,No,83.78,HIGH
215858,Ehsaan Kadakia,Sales,Account Manager,61,65.96,88.06,3.8,85.14,49,3.9,4,No,80.55,HIGH
519213,Vanya Sha,Marketing,Content Strategist,72,60.36,93.2,4.1,87.5,40,3.0,8,No,79.33,HIGH
937313,Amani Kakar,Sales,Business Development,91,69.85,87.97,3.1,93.95,46,3.4,29,No,78.76,HIGH
386351,Hiran Sawhney,IT,Cybersecurity Specialist,99,88.75,91.68,3.7,90.49,38,4.5,25,Yes,87.16,HIGH
125258,Heer Deol,Finance,Financial Analyst,71,81.49,96.56,4.4,84.84,54,4.1,13,No,86.91,HIGH
717288,Mahika Jain,HR,Recruitment Specialist,70,73.93,90.94,4.3,89.23,52,4.9,4,No,89.15,HIGH
641425,Khushi Dey,IT,Data Analyst,63,67.69,75.63,3.4,98.97,53,3.3,3,No,78.39,HIGH
361788,Taimur Venkataraman,HR,Recruitment Specialist,68,90.99,89.84,4.6,77.19,50,4.7,11,No,87.42,HIGH
522252,Vidur Dewan,IT,Software Engineer,82,62.23,83.75,4.5,93.62,48,3.1,30,No,81.46,HIGH
781175,Nehmat Chaudhari,Sales,Business Development,84,93.13,78.87,3.5,86.05,45,4.9,12,No,84.5,HIGH
573799,Dhanuk De,HR,Employee Relations,68,65.75,87.07,4.0,75.33,41,4.2,26,No,79.39,HIGH
439427,Vivaan Bajwa,HR,Employee Relations,76,76.42,97.21,4.8,89.27,36,3.4,7,No,86.66,HIGH
442344,Aarna Sandhu,HR,Recruitment Specialist,56,64.74,92.21,3.1,87.58,38,4.5,7,No,81.59,HIGH
116231,Dhanuk Bala,Sales,Sales Executive,68,87.03,81.48,3.0,96.01,53,5.0,5,No,85.8,HIGH
918072,Taimur Bhavsar,Finance,Auditor,88,72.98,84.72,3.5,92.03,45,3.9,10,No,81.45,HIGH
416998,Baiju Uppal,Finance,Accountant,63,85.43,94.13,3.3,89.68,38,3.8,20,No,82.67,HIGH
351523,Mehul Dyal,IT,Cybersecurity Specialist,61,68.78,92.7,3.2,87.73,41,4.1,29,No,80.94,HIGH
476552,Trisha Hari,Marketing,SEO Specialist,60,89.74,82.11,4.8,86.53,53,4.4,23,No,88.16,HIGH
141361,Navya Ramesh,Sales,Sales Executive,91,82.37,88.18,4.3,82.44,41,3.8,9,No,83.0,HIGH
123083,Aarush Gaba,Sales,Sales Executive,79,65.19,76.8,3.6,92.54,50,4.0,5,No,80.04,HIGH
479628,Ira Mander,Finance,Auditor,83,72.92,93.69,3.0,93.01,36,3.8,5,No,81.13,HIGH
184752,Keya Sathe,Marketing,SEO Specialist,56,62.43,97.84,4.1,87.72,42,4.7,28,No,87.33,HIGH
586305,Vedika Sridhar,Marketing,Marketing Executive,68,69.94,81.83,4.5,96.73,35,3.9,21,No,85.98,HIGH
666949,Rhea Deol,IT,Software Engineer,55,66.63,95.81,5.0,85.26,38,4.6,29,No,89.8,HIGH
273389,Jayant Kaul,Sales,Business Development,93,72.72,89.26,4.9,88.62,43,4.8,25,Yes,90.51,HIGH
199571,Prerak Doctor,IT,Data Analyst,51,76.37,80.04,3.3,95.04,36,4.6,3,No,83.76,HIGH
369972,Aniruddh Wable,Finance,Financial Analyst,51,75.49,91.89,4.9,90.12,35,3.7,14,No,87.36,HIGH
839585,Ivana Ghosh,Finance,Accountant,100,88.89,85.45,3.3,99.4,47,4.4,20,Yes,86.6,HIGH
612060,Mishti Deep,Marketing,SEO Specialist,50,67.89,97.14,4.2,99.08,52,3.3,14,No,85.94,HIGH
809374,Kiaan Sem,IT,Software Engineer,66,93.58,77.88,3.2,95.27,35,3.6,5,No,80.72,HIGH
283201,Ojas Mahal,IT,Cybersecurity Specialist,65,73.47,94.22,4.7,71.54,50,4.3,4,No,83.65,HIGH
138624,Rohan Brahmbhatt,Finance,Accountant,66,67.85,95.38,3.4,73.02,38,4.6,15,No,79.77,HIGH
195831,Renee Rajagopalan,HR,Employee Relations,98,75.54,82.06,3.7,81.24,42,4.3,4,Yes,80.34,HIGH
104582,Riya Kumar,Marketing,Marketing Executive,75,82.25,95.93,3.0,84.29,42,3.9,0,No,80.3,HIGH
937943,Saira Balakrishnan,Finance,Accountant,85,94.81,77.23,3.5,80.86,51,4.0,8,No,79.18,HIGH
502412,Aaina Baria,HR,Employee Relations,99,80.64,79.87,3.7,96.8,35,3.3,27,No,81.08,HIGH
217874,Yakshit Kurian,HR,Recruitment Specialist,71,86.33,75.42,4.5,99.8,42,4.2,27,No,88.46,HIGH
805164,Nirvi Bose,HR,HR Manager,85,63.32,91.86,3.5,84.87,49,3.9,20,No,79.76,HIGH
100956,Adira Swamy,HR,HR Manager,86,83.63,76.36,4.7,79.8,52,4.6,18,Yes,84.78,HIGH
728807,Vritika Bumb,IT,Data Analyst,92,89.49,93.73,4.8,76.13,50,4.7,26,Yes,88.53,HIGH
583085,Stuvan Ramanathan,Finance,Auditor,57,65.5,95.71,4.2,77.24,38,3.1,8,No,78.06,HIGH
679308,Taimur Dube,IT,Data Analyst,72,77.03,92.57,3.8,80.24,43,3.3,10,No,78.69,HIGH
548013,Zaina Gara,Sales,Business Development,90,72.96,81.83,3.0,83.54,40,4.3,20,Yes,77.92,HIGH
991157,Dharmajan Lala,Marketing,Content Strategist,95,94.75,95.13,4.3,89.76,40,4.3,22,Yes,89.83,HIGH
657666,Ritvik Roy,Marketing,Content Strategist,96,92.03,87.89,4.9,77.33,53,4.3,13,Yes,86.78,HIGH
167374,Ishaan Venkataraman,IT,Data Analyst,59,65.83,77.03,4.4,78.44,55,4.1,23,No,79.52,HIGH
470545,Jayesh Lala,IT,Cybersecurity Specialist,56,66.15,85.64,3.0,95.19,48,3.6,12,No,78.7,HIGH
115614,Anaya Lad,HR,HR Manager,97,70.43,84.76,3.7,85.73,39,4.3,24,Yes,81.71,HIGH
958930,Shamik Sule,HR,Employee Relations,94,82.97,83.06,3.8,70.24,50,3.4,20,No,74.78,MEDIUM
295743,Mohanlal Khare,Marketing,Content Strategist,60,94.85,88.79,3.4,80.92,49,4.9,4,No,84.72,HIGH
858462,Anahi Saran,Marketing,Marketing Executive,57,88.28,78.52,3.9,86.78,55,3.5,4,No,80.17,HIGH
543096,Ishaan Samra,HR,HR Manager,71,79.16,91.87,4.1,70.54,49,3.4,19,No,77.45,HIGH
559184,Sumer Sagar,IT,Data Analyst,87,84.12,95.85,3.5,95.41,51,4.3,14,Yes,87.4,HIGH
548768,Fateh Bahri,Sales,Sales Executive,54,78.33,90.94,3.8,87.34,44,3.4,8,No,81.02,HIGH
377404,Ehsaan Chaudhry,IT,Software Engineer,54,81.92,80.95,4.4,92.72,48,3.9,2,No,85.4,HIGH
781744,Pranay Sandal,IT,Software Engineer,65,78.59,93.45,3.0,90.45,52,3.5,7,No,79.68,HIGH
115601,Yuvraj  Sagar,Sales,Sales Executive,72,67.67,91.21,3.2,71.07,37,4.4,9,No,76.73,HIGH
948808,Eva Sundaram,Sales,Sales Executive,63,87.36,87.35,4.1,83.9,46,4.5,22,No,85.78,HIGH
421529,Armaan Wali,Marketing,Content Strategist,55,81.7,90.15,4.3,74.26,45,4.5,2,No,83.68,HIGH
649735,Ahana  Chauhan,HR,Employee Relations,93,69.48,92.02,4.9,97.19,50,3.7,27,No,88.91,HIGH
535748,Mahika Chatterjee,HR,Recruitment Specialist,85,73.76,95.04,3.8,95.63,43,4.9,22,No,89.87,HIGH
166477,Kartik Mannan,Sales,Account Manager,87,88.88,78.68,3.3,88.23,55,3.3,26,No,77.49,HIGH
315430,Tushar Bath,Marketing,Marketing Executive,62,83.61,99.06,3.3,96.42,43,3.0,26,No,82.3,HIGH
151009,Pranay Ramaswamy,Finance,Accountant,94,64.41,98.39,4.0,86.3,41,5.0,19,Yes,88.01,HIGH
362145,Vaibhav Bath,Sales,Account Manager,67,86.8,86.47,3.4,73.73,55,4.2,1,No,78.49,HIGH
575441,Krish Tara,IT,Software Engineer,69,93.15,78.94,4.3,82.51,53,3.7,13,No,81.86,HIGH
148684,Lakshit Yadav,Sales,Sales Executive,83,75.77,99.68,4.0,92.78,38,3.6,17,No,85.75,HIGH
344708,Ryan Rastogi,Finance,Financial Analyst,92,85.85,91.36,3.6,97.59,52,4.5,3,Yes,88.53,HIGH
607716,Shaan Sachdeva,IT,Data Analyst,97,72.78,99.6,3.9,91.96,41,4.1,29,Yes,86.79,HIGH
406281,Hiran Chanda,Finance,Financial Analyst,73,85.51,90.45,4.9,70.49,49,3.1,25,No,79.79,HIGH
672760,Hansh Chaudhry,IT,Software Engineer,56,75.38,95.88,4.8,77.41,52,4.3,10,No,86.34,HIGH
225584,Shalv Krishnamurthy,Finance,Auditor,81,80.27,90.8,4.1,84.0,44,4.0,30,No,83.79,HIGH
781813,Dharmajan Bhatti,Finance,Financial Analyst,77,73.65,89.37,4.6,76.21,37,4.2,15,No,83.3,HIGH
264862,Aayush Swaminathan,IT,Cybersecurity Specialist,67,84.81,91.71,4.6,79.04,53,4.2,24,No,85.74,HIGH
827183,Hrishita Mangal,IT,Data Analyst,95,79.96,97.71,4.1,72.6,50,4.2,25,Yes,82.52,HIGH
229264,Dhanush Kari,Finance,Financial Analyst,97,81.83,75.32,3.5,92.42,47,4.9,4,Yes,84.57,HIGH
236512,Dhanush Tiwari,Sales,Business Development,78,67.12,91.25,4.5,79.27,41,3.5,0,No,80.74,HIGH
558641,Yuvraj  Ramakrishnan,Sales,Sales Executive,85,93.51,91.99,4.5,89.63,46,4.5,20,No,90.64,HIGH
194410,Zaina Chanda,Finance,Auditor,90,76.83,79.1,3.7,85.09,50,3.0,9,No,75.83,HIGH
826217,Aarav Gade,Sales,Sales Executive,90,62.05,95.9,4.0,85.14,39,4.4,1,Yes,84.53,HIGH
568883,Riya Krishnamurthy,Marketing,Content Strategist,100,66.45,75.8,4.0,84.34,49,4.4,7,Yes,80.71,HIGH
526548,Divyansh Kamdar,Marketing,SEO Specialist,64,71.25,98.42,4.4,70.2,44,4.6,3,No,83.87,HIGH
277979,Ryan Dara,Marketing,Marketing Executive,64,90.72,89.94,3.4,84.83,43,4.7,2,No,84.91,HIGH
113981,Vivaan Roy,Finance,Financial Analyst,96,84.95,86.81,4.4,75.49,46,3.3,24,No,79.3,HIGH
868091,Kanav Chaudhry,IT,Data Analyst,80,62.46,79.85,3.6,80.65,40,4.3,5,No,78.01,HIGH
342334,Manjari Shankar,Finance,Financial Analyst,93,76.02,88.0,4.0,83.19,51,3.3,23,No,79.36,HIGH
748706,Zeeshan Bhat,Marketing,SEO Specialist,82,61.68,78.97,4.6,80.04,37,4.8,18,No,83.57,HIGH
331689,Vaibhav Deshmukh,HR,HR Manager,85,71.11,80.71,4.1,91.89,45,4.4,18,No,84.82,HIGH
488568,Urvi Lata,Finance,Accountant,84,67.46,91.62,4.9,70.86,35,3.3,5,No,79.13,HIGH
754604,Ivana Badal,Marketing,Marketing Executive,87,84.85,97.31,4.0,80.18,41,4.4,24,Yes,85.6,HIGH
321003,Nitara Buch,Sales,Sales Executive,56,72.01,82.52,3.7,81.84,55,4.6,19,No,81.46,HIGH
319256,Taimur Balasubramanian,Sales,Business Development,62,78.89,81.41,4.4,85.48,51,4.1,7,No,83.82,HIGH
425125,Tushar Amble,Finance,Accountant,70,88.26,80.54,4.6,90.09,40,4.1,14,No,86.76,HIGH
455358,Aarush Dixit,IT,Cybersecurity Specialist,84,74.63,79.84,3.1,99.34,53,3.9,10,No,81.23,HIGH
806159,Vihaan Mangal,Sales,Account Manager,50,78.47,88.37,3.6,70.8,41,3.5,0,No,75.16,HIGH
891483,Darshit Kant,Marketing,Content Strategist,69,77.79,90.35,3.3,84.53,50,4.5,22,No,82.41,HIGH
895947,Dhanush Arya,Sales,Sales Executive,75,62.73,85.95,3.3,90.65,36,4.1,15,No,80.26,HIGH
688873,Madhup Tank,HR,Employee Relations,96,89.93,79.67,3.7,73.58,53,5.0,24,Yes,81.8,HIGH
713690,Ivan Batra,Finance,Accountant,97,81.01,92.4,4.2,83.24,55,3.2,22,No,81.15,HIGH
290108,Heer Saxena,IT,Software Engineer,77,87.01,83.62,4.7,97.25,51,4.0,17,No,89.4,HIGH
716295,Gatik Koshy,Finance,Accountant,79,84.0,87.07,3.8,70.26,44,3.0,2,No,74.09,MEDIUM
636691,Dhruv Loke,IT,Cybersecurity Specialist,80,84.9,98.86,3.9,75.31,43,3.9,12,No,82.06,HIGH
299828,Zoya Bumb,IT,Data Analyst,72,60.45,94.51,4.5,73.18,35,4.8,16,No,84.1,HIGH
804227,Samarth Edwin,HR,Recruitment Specialist,96,82.65,81.87,4.8,73.51,51,3.7,14,No,80.69,HIGH
386743,Ritvik Kant,Finance,Financial Analyst,76,94.77,86.11,3.9,94.45,46,3.1,27,No,83.03,HIGH
537776,Himmat Mander,IT,Cybersecurity Specialist,60,89.29,94.94,4.1,96.0,39,3.6,6,No,87.52,HIGH
336301,Neelofar Choudhury,Marketing,SEO Specialist,58,74.84,82.81,3.9,93.56,45,3.3,16,No,80.91,HIGH
427191,Vanya Dasgupta,Finance,Accountant,96,76.62,97.95,3.6,82.37,49,4.6,13,Yes,84.76,HIGH
747036,Gokul Chander,Marketing,Marketing Executive,93,76.03,82.26,3.4,84.48,36,4.7,17,Yes,81.8,HIGH
802885,Hansh Dhar,Sales,Sales Executive,88,89.35,80.24,4.6,76.4,40,4.1,24,Yes,82.7,HIGH
981134,Nayantara Divan,IT,Data Analyst,94,89.58,81.7,4.7,82.19,37,3.4,3,No,82.35,HIGH
735800,Saira Bhattacharyya,Sales,Sales Executive,92,85.03,88.24,4.6,88.52,55,4.5,27,Yes,89.11,HIGH
118134,Renee Kakar,Sales,Account Manager,71,80.25,98.93,4.1,91.09,38,4.9,11,No,91.14,HIGH
729578,Myra Mall,IT,Cybersecurity Specialist,55,67.33,95.46,4.6,77.64,37,4.6,7,No,85.92,HIGH
526493,Dhanush Bhalla,Sales,Sales Executive,95,88.89,92.25,3.8,86.44,53,4.1,27,Yes,84.87,HIGH
548883,Kabir Bera,Marketing,Marketing Executive,95,82.79,91.75,4.4,92.8,49,4.2,30,Yes,88.87,HIGH
595985,Vaibhav Dani,Marketing,SEO Specialist,77,86.6,99.89,4.5,92.63,43,4.3,26,No,91.63,HIGH
536307,Charvi Chand,Marketing,Marketing Executive,73,80.61,82.4,5.0,96.19,53,4.4,3,No,91.0,HIGH
194552,Ivan Keer,HR,HR Manager,93,76.26,75.94,4.1,82.13,49,3.9,15,No,79.45,HIGH
409547,Divit Mane,Marketing,Content Strategist,58,93.88,91.54,4.5,74.47,38,4.6,2,No,86.44,HIGH
996196,Anika Kapoor,Finance,Auditor,69,70.83,78.72,3.8,83.19,55,3.1,14,No,75.38,HIGH
542666,Prisha Sampath,IT,Cybersecurity Specialist,55,87.15,99.05,3.7,81.83,42,3.6,29,No,82.27,HIGH
194466,Kaira Aggarwal,Sales,Sales Executive,85,84.94,79.03,4.1,71.62,37,4.8,4,No,81.39,HIGH
759516,Kavya Bedi,Sales,Account Manager,73,76.26,87.76,3.2,90.92,52,3.7,21,No,80.05,HIGH
767334,Aarush Sathe,HR,Recruitment Specialist,68,67.23,98.76,3.1,95.83,37,3.4,7,No,81.22,HIGH
840653,Hiran Kunda,HR,Recruitment Specialist,89,93.78,96.14,3.1,81.79,52,4.1,21,Yes,81.94,HIGH
985091,Fateh Bhattacharyya,HR,HR Manager,73,75.81,84.27,3.8,75.3,44,3.9,13,No,77.82,HIGH
356650,Siya Chaudhuri,Marketing,Marketing Executive,85,88.71,89.56,4.7,83.03,37,3.0,1,No,82.49,HIGH
398438,Taimur Majumdar,Finance,Auditor,64,87.28,88.08,4.4,71.04,52,4.5,30,No,83.26,HIGH
974765,Misha Sen,HR,Employee Relations,87,84.69,75.11,3.2,88.96,40,3.6,26,No,77.38,HIGH
125463,Mishti D’Alia,Finance,Auditor,57,71.09,92.81,5.0,86.25,39,3.7,15,No,86.35,HIGH
424410,Parinaaz Sarkar,Marketing,Marketing Executive,87,73.18,77.49,4.0,96.4,45,3.3,18,No,80.94,HIGH
603104,Misha Sunder,Marketing,SEO Specialist,52,83.68,92.91,3.4,72.97,48,3.5,19,No,76.44,HIGH
329092,Priyansh Mangal,IT,Cybersecurity Specialist,77,77.96,85.51,3.8,91.72,43,3.6,22,No,82.01,HIGH
388649,Jayant Buch,IT,Data Analyst,98,65.71,79.64,3.5,99.94,50,4.5,24,Yes,84.48,HIGH
495587,Anvi Yogi,IT,Cybersecurity Specialist,77,83.54,98.82,3.0,97.27,43,4.4,2,No,86.9,HIGH
385088,Pihu Kannan,IT,Software Engineer,85,72.42,85.38,4.3,90.6,49,4.3,11,No,85.9,HIGH
268419,Ayesha Wali,Sales,Sales Executive,57,76.13,84.23,3.5,79.12,46,3.3,28,No,75.4,HIGH
918417,Kavya Bhatia,IT,Data Analyst,50,84.77,89.58,4.8,74.15,50,3.0,0,No,79.84,HIGH
997134,Amira Venkataraman,IT,Cybersecurity Specialist,70,66.21,95.98,3.6,80.3,51,3.8,12,No,79.51,HIGH
594129,Kanav Koshy,Marketing,Content Strategist,69,80.38,98.55,4.6,96.32,53,4.7,5,No,93.84,HIGH
269255,Pari Sastry,IT,Data Analyst,89,73.66,95.32,4.7,72.4,52,3.0,29,No,78.95,HIGH
773640,Seher Bassi,Sales,Business Development,51,75.09,99.64,3.3,95.33,38,4.0,6,No,85.24,HIGH
442984,Ishaan Dave,IT,Cybersecurity Specialist,53,62.28,95.56,4.5,98.98,54,4.5,15,No,91.03,HIGH
560213,Yashvi Rana,Sales,Account Manager,68,74.43,78.64,3.7,87.75,38,3.2,6,No,77.1,HIGH
972003,Divyansh Lall,Sales,Sales Executive,56,81.28,79.32,4.3,97.07,41,3.8,0,No,85.51,HIGH
899590,Rati Baral,Marketing,Content Strategist,54,79.7,93.55,3.3,81.4,40,4.0,9,No,80.3,HIGH
192403,Chirag Sidhu,IT,Data Analyst,85,86.29,84.55,4.5,70.16,41,3.7,3,No,79.39,HIGH
151905,Baiju Sen,Marketing,Content Strategist,84,67.39,90.91,3.2,74.72,38,3.1,7,No,72.54,MEDIUM
323227,Kiaan Goyal,Finance,Financial Analyst,99,63.84,79.92,4.6,95.95,43,3.9,20,No,85.15,HIGH
122712,Ivana Soni,Finance,Financial Analyst,80,69.96,91.88,3.6,70.51,53,3.1,9,No,73.32,MEDIUM
114320,Inaaya  Dayal,Marketing,Marketing Executive,64,75.87,95.09,3.9,85.18,42,3.3,24,No,80.96,HIGH
700540,Hiran Tank,Sales,Sales Executive,94,61.36,76.72,3.6,95.89,37,3.6,5,No,79.05,HIGH
170802,Lakshay Choudhury,Sales,Sales Executive,81,62.89,95.95,3.9,93.29,55,3.5,2,No,83.07,HIGH
522677,Miraya Baria,IT,Software Engineer,74,85.86,87.74,3.2,83.12,36,4.5,6,No,81.87,HIGH
542032,Badal Ravi,IT,Cybersecurity Specialist,77,69.5,86.34,4.8,75.13,45,3.0,1,No,77.96,HIGH
784897,Nitara Dave,HR,HR Manager,54,69.81,76.66,3.6,70.57,37,4.0,17,No,73.88,MEDIUM
548757,Lavanya Borah,IT,Software Engineer,61,81.27,93.02,4.0,85.8,48,4.8,3,No,87.67,HIGH
737611,Sahil Sandal,Marketing,SEO Specialist,55,72.37,75.36,4.9,88.88,47,3.8,27,No,83.77,HIGH
962477,Vivaan Chakrabarti,IT,Data Analyst,100,67.15,92.67,3.8,89.41,35,3.4,8,No,80.87,HIGH
235704,Zain Gill,HR,Employee Relations,86,88.47,82.22,3.4,94.07,40,3.6,27,No,81.51,HIGH
266424,Tiya Dugar,Sales,Sales Executive,67,60.39,87.47,4.9,73.32,42,4.4,19,No,82.73,HIGH
900336,Kiaan Garde,Sales,Business Development,53,61.74,89.43,4.9,70.2,51,4.4,26,No,82.32,HIGH
549980,Suhana Raval,HR,Recruitment Specialist,81,69.28,90.86,3.5,79.51,41,3.0,2,No,74.95,MEDIUM
280372,Arhaan Yadav,HR,Recruitment Specialist,75,76.11,97.09,3.5,82.43,53,4.9,21,No,85.36,HIGH
985142,Alisha Bose,Finance,Accountant,100,94.76,83.48,3.7,86.37,42,3.6,27,No,81.28,HIGH
383508,Ira Kumar,IT,Cybersecurity Specialist,83,67.54,83.14,4.2,76.24,43,4.8,1,No,82.25,HIGH
136215,Alisha Rao,IT,Cybersecurity Specialist,81,69.0,90.02,4.9,70.65,52,3.1,5,No,78.1,HIGH
780641,Elakshi Lanka,HR,Employee Relations,91,86.05,95.96,3.6,91.34,52,3.1,10,No,82.0,HIGH
158576,Oorja Shah,Marketing,SEO Specialist,94,68.35,89.52,3.9,99.63,52,3.3,19,No,83.43,HIGH
734661,Kimaya Dubey,Sales,Account Manager,89,61.72,81.71,4.9,76.25,49,4.8,24,Yes,84.19,HIGH
960376,Neelofar Hayer,Marketing,Marketing Executive,61,69.24,92.92,4.2,79.93,47,3.5,25,No,80.29,HIGH
298732,Misha Banik,IT,Software Engineer,81,91.09,78.46,4.0,82.79,42,3.8,8,No,80.84,HIGH
266688,Riya Mand,Sales,Account Manager,51,83.58,87.32,3.3,70.63,50,3.0,9,No,72.21,MEDIUM
568326,Adira Ghose,IT,Software Engineer,72,85.67,75.62,3.6,81.62,55,4.8,10,No,81.78,HIGH
649567,Ahana  Bhatnagar,HR,Employee Relations,70,73.69,88.97,3.3,91.13,44,3.6,5,No,80.1,HIGH
183931,Ojas Banik,Marketing,Marketing Executive,56,73.43,79.03,4.3,77.53,53,3.3,25,No,76.81,HIGH
827749,Vaibhav Saxena,Sales,Business Development,70,75.93,79.42,3.1,91.68,55,3.0,17,No,75.38,HIGH
177855,Shanaya Bhagat,Marketing,Content Strategist,74,72.4,86.31,3.7,95.0,53,4.8,27,No,87.0,HIGH
906712,Ivan Basu,IT,Software Engineer,64,66.38,80.95,4.5,99.39,40,3.0,16,No,82.65,HIGH
996132,Ishita Konda,IT,Software Engineer,67,70.4,89.69,3.1,81.08,35,4.1,3,No,78.1,HIGH
965184,Kimaya Gokhale,Marketing,SEO Specialist,78,64.41,86.02,3.3,81.7,43,3.4,30,No,74.96,MEDIUM
212289,Shalv Dora,HR,Recruitment Specialist,72,74.95,89.03,4.2,92.41,44,3.5,9,No,83.82,HIGH
164176,Azad Sahni,HR,HR Manager,77,87.73,80.76,4.5,92.4,50,3.5,29,No,84.64,HIGH
929912,Ojas Chad,Finance,Auditor,98,78.77,75.8,4.2,84.23,55,3.6,3,No,79.51,HIGH
360784,Uthkarsh Sharma,HR,Employee Relations,51,78.23,98.49,3.5,96.99,55,3.0,0,No,82.62,HIGH
483507,Amira Sharaf,Sales,Business Development,94,94.95,83.06,4.9,92.64,37,3.3,30,No,86.7,HIGH
926833,Hridaan Sanghvi,Finance,Auditor,63,71.0,80.86,3.0,92.1,53,3.5,20,No,76.9,HIGH
902761,Gokul Sani,IT,Software Engineer,69,65.69,90.72,3.8,83.65,52,4.4,10,No,82.61,HIGH
343258,Saksham Khalsa,IT,Cybersecurity Specialist,64,89.81,82.38,3.7,78.86,38,4.3,16,No,81.11,HIGH
600021,Shlok Verma,IT,Cybersecurity Specialist,64,93.67,96.67,3.4,81.57,49,4.4,28,No,84.37,HIGH
415592,Jayan Jani,Finance,Financial Analyst,70,87.63,97.24,4.6,88.96,43,3.1,5,No,85.7,HIGH
844040,Jayant Ramanathan,Marketing,Marketing Executive,67,65.95,95.87,4.6,86.33,49,4.2,24,No,86.87,HIGH
980593,Yashvi Srinivas,Finance,Financial Analyst,62,86.01,76.31,3.7,94.73,36,4.5,26,No,85.08,HIGH
814478,Lakshay Anand,IT,Software Engineer,72,67.89,90.63,3.6,87.01,43,4.6,20,No,83.82,HIGH
591577,Anay Savant,Marketing,Content Strategist,71,80.54,97.31,3.8,93.84,36,4.2,24,No,87.67,HIGH
864247,Jhanvi Kalita,HR,HR Manager,56,72.81,95.86,3.1,84.98,35,4.2,0,No,81.15,HIGH
167393,Mohanlal Ahluwalia,Finance,Auditor,100,92.33,95.24,3.5,70.53,47,3.5,5,No,77.44,HIGH
998341,Elakshi Deshpande,Finance,Auditor,59,88.79,96.3,3.6,80.31,54,3.6,21,No,81.03,HIGH
659886,Purab Vyas,Marketing,Content Strategist,84,73.91,80.01,4.4,96.54,53,3.2,25,No,82.76,HIGH
485369,Zaina Shroff,HR,Recruitment Specialist,94,93.37,80.99,4.6,82.78,47,3.6,16,No,83.17,HIGH
765312,Nitya Balasubramanian,Marketing,Content Strategist,57,73.6,82.8,4.9,80.3,35,4.2,7,No,84.41,HIGH
817294,Sana Srivastava,Sales,Business Development,54,64.04,87.84,3.7,96.12,37,3.9,24,No,83.21,HIGH
684286,Tara Tiwari,Marketing,SEO Specialist,59,87.95,82.07,3.4,99.24,39,4.3,12,No,85.78,HIGH
724397,Jhanvi Raman,Finance,Auditor,58,74.07,97.06,3.5,80.55,38,3.7,7,No,79.78,HIGH
877799,Khushi Guha,HR,HR Manager,74,92.94,75.94,3.7,79.85,36,4.9,8,No,82.84,HIGH
662243,Jayesh Varma,Finance,Financial Analyst,77,77.74,94.19,3.3,71.51,53,3.5,3,No,75.26,HIGH
986309,Emir Seshadri,IT,Software Engineer,75,92.69,94.28,5.0,77.94,45,3.7,12,No,86.31,HIGH
946003,Seher Bala,HR,HR Manager,93,62.49,96.86,3.4,94.53,40,3.6,14,No,81.98,HIGH
877911,Gokul Mall,IT,Cybersecurity Specialist,88,94.99,83.35,3.4,93.96,53,3.2,3,No,80.76,HIGH
635982,Yashvi Andra,Finance,Auditor,97,65.07,75.25,4.5,79.32,46,4.1,10,Yes,79.75,HIGH
331070,Manikya Kalla,Sales,Account Manager,80,87.27,82.08,3.6,97.88,35,4.8,0,No,88.11,HIGH
519962,Neelofar Varma,Marketing,Content Strategist,88,60.39,96.07,3.5,89.93,46,4.0,20,No,82.23,HIGH
242915,Tanya Sane,Marketing,Marketing Executive,78,66.79,99.16,3.4,91.98,40,4.0,14,No,83.71,HIGH
407228,Yashvi Chauhan,HR,HR Manager,78,90.12,77.25,3.0,70.45,50,3.1,9,No,70.0,MEDIUM
955008,Adah Shroff,Marketing,Content Strategist,51,90.89,86.77,3.8,83.9,36,3.6,16,No,81.21,HIGH
700164,Kiara Basu,Sales,Business Development,56,66.39,79.87,3.9,78.8,47,4.6,17,No,80.25,HIGH
771416,Adah Apte,Finance,Accountant,86,91.86,93.64,4.9,96.14,42,3.5,15,No,90.36,HIGH
635899,Purab Sarna,HR,Recruitment Specialist,90,74.42,92.57,4.7,89.32,46,3.4,30,No,85.15,HIGH
699005,Taimur Srinivas,Sales,Sales Executive,82,63.43,88.45,4.4,81.03,36,3.5,3,No,79.94,HIGH
863056,Indranil Sagar,Marketing,SEO Specialist,84,61.17,76.37,4.6,78.08,39,3.2,3,No,76.02,HIGH
354103,Yuvraj  Sani,IT,Software Engineer,63,71.41,85.76,3.6,82.18,39,4.5,25,No,81.35,HIGH
683562,Pihu Gola,Marketing,SEO Specialist,82,83.82,95.46,3.6,80.14,42,3.0,0,No,77.92,HIGH
574076,Aarav Kapadia,Finance,Accountant,73,77.13,89.87,4.1,99.19,35,3.9,24,No,87.44,HIGH
860484,Navya Basu,HR,Employee Relations,50,75.67,76.71,4.8,90.08,38,3.7,3,No,83.93,HIGH
314437,Ishita Brahmbhatt,IT,Cybersecurity Specialist,71,80.82,83.26,4.1,93.98,36,5.0,14,No,89.33,HIGH
382052,Faiyaz Jain,Finance,Financial Analyst,83,82.13,89.22,4.3,77.62,55,3.9,14,No,82.14,HIGH
105085,Rohan Hans,Marketing,SEO Specialist,60,65.15,76.82,3.7,98.04,53,3.6,4,No,80.49,HIGH
651144,Nirvi Johal,Marketing,Marketing Executive,73,83.26,94.23,4.2,75.35,48,4.1,29,No,82.98,HIGH
488366,Abram Bhalla,Sales,Business Development,88,78.7,97.04,4.4,78.28,47,3.7,8,No,83.16,HIGH
863371,Elakshi Tak,Sales,Business Development,67,88.53,97.12,4.2,87.07,54,4.4,11,No,88.8,HIGH
130655,Madhav Seth,HR,Recruitment Specialist,88,83.27,93.06,3.1,96.57,36,3.7,28,No,83.11,HIGH
179761,Yuvaan Raju,IT,Software Engineer,58,78.51,97.34,3.2,93.72,49,3.7,24,No,83.04,HIGH
392065,Suhana Gandhi,Marketing,SEO Specialist,60,75.38,84.17,3.0,79.99,41,3.9,5,No,75.97,HIGH
578576,Tanya Sangha,IT,Cybersecurity Specialist,68,89.15,76.37,3.7,92.37,45,3.7,13,No,81.5,HIGH
308039,Rasha Tripathi,Finance,Auditor,89,70.23,89.39,4.0,94.3,50,3.5,5,No,83.19,HIGH
609161,Chirag Babu,IT,Cybersecurity Specialist,61,93.19,81.36,4.3,80.5,52,3.9,29,No,82.54,HIGH
953670,Yashvi Dewan,IT,Cybersecurity Specialist,68,69.32,97.75,4.3,87.27,36,3.8,11,No,85.06,HIGH
320211,Yuvraj  Keer,HR,Recruitment Specialist,50,92.1,98.1,4.4,88.28,41,3.5,25,No,86.91,HIGH
386939,Parinaaz Banik,IT,Cybersecurity Specialist,61,86.38,100.0,4.5,84.27,35,3.0,20,No,83.92,HIGH
212229,Yuvaan Dalal,Sales,Account Manager,69,85.9,98.43,4.2,70.62,45,3.7,15,No,81.06,HIGH
280261,Vaibhav Wadhwa,Marketing,Content Strategist,67,87.24,87.24,3.8,85.97,40,3.4,25,No,80.76,HIGH
884323,Priyansh Varghese,IT,Cybersecurity Specialist,90,85.42,89.12,4.4,76.01,52,3.7,11,No,81.57,HIGH
964752,Mehul Sankaran,HR,Recruitment Specialist,72,64.48,94.26,3.3,93.41,40,3.3,21,No,79.72,HIGH
858696,Aarna Bhatnagar,Finance,Auditor,67,63.5,84.14,3.3,87.65,48,4.0,26,No,78.67,HIGH
968079,Seher Bhatia,IT,Cybersecurity Specialist,73,92.77,92.41,3.2,81.61,42,4.7,26,No,83.84,HIGH
121835,Abram Chandran,Finance,Financial Analyst,86,92.5,86.31,4.4,75.14,39,3.8,15,No,81.85,HIGH
907976,Eva De,IT,Software Engineer,58,93.96,91.83,4.3,84.36,37,4.0,26,No,86.27,HIGH
236930,Arnav Sarma,HR,Employee Relations,73,86.17,90.05,3.6,72.13,35,3.0,1,No,74.67,MEDIUM
454457,Ivan Batta,Sales,Business Development,92,70.67,86.54,4.8,96.28,46,4.2,18,Yes,89.26,HIGH
472977,Jhanvi Hayre,Sales,Sales Executive,62,65.65,88.36,4.2,94.05,42,3.5,2,No,83.25,HIGH
529145,Damini Suri,Sales,Account Manager,74,63.41,98.23,3.1,90.38,38,3.6,8,No,79.9,HIGH
590221,Rhea Comar,HR,Recruitment Specialist,81,64.79,93.69,3.8,84.19,54,3.4,14,No,79.27,HIGH
808571,Advika Jain,IT,Software Engineer,70,71.82,76.14,4.3,92.91,38,4.1,10,No,83.88,HIGH
920075,Priyansh Seth,Sales,Account Manager,79,85.45,86.68,4.7,73.18,49,4.1,26,No,83.04,HIGH
847538,Umang Grewal,Sales,Business Development,85,79.83,96.62,3.8,75.29,39,4.7,18,No,83.89,HIGH
511783,Miraan Batra,IT,Data Analyst,53,61.1,85.92,3.6,73.29,48,3.5,17,No,73.68,MEDIUM
375423,Anaya Garde,HR,Recruitment Specialist,91,72.24,90.93,4.7,97.64,49,3.8,12,No,88.7,HIGH
488317,Khushi Maharaj,Sales,Business Development,89,68.78,98.07,4.5,81.4,55,3.0,20,No,80.91,HIGH
617975,Miraya Saha,Sales,Account Manager,77,75.41,96.16,4.0,87.76,38,4.4,11,No,86.7,HIGH
917472,Ehsaan Shankar,Marketing,Content Strategist,55,74.32,81.42,5.0,97.99,53,3.9,21,No,88.71,HIGH
177733,Dhanuk Sahni,Sales,Account Manager,92,62.44,83.38,3.0,97.66,50,3.1,13,No,76.62,HIGH
571266,Aarush Loke,Marketing,Content Strategist,66,61.82,80.21,3.8,80.44,46,4.1,7,No,77.96,HIGH
698684,Siya Basak,IT,Data Analyst,69,90.47,93.9,3.2,79.85,51,3.8,16,No,79.78,HIGH
482410,Hansh Rattan,Marketing,SEO Specialist,99,67.09,95.64,4.1,73.27,38,4.7,11,Yes,83.02,HIGH
797291,Yashvi Cherian,IT,Cybersecurity Specialist,55,66.82,81.48,3.1,76.41,55,4.1,14,No,74.7,MEDIUM
691825,Arnav Sankar,Finance,Accountant,58,81.55,91.14,4.1,78.04,54,4.0,13,No,82.2,HIGH
553714,Samar Sarna,IT,Cybersecurity Specialist,86,65.8,100.0,4.9,92.19,41,4.7,22,Yes,92.64,HIGH
975746,Amani Raman,IT,Cybersecurity Specialist,59,66.02,90.62,3.4,91.69,39,4.1,29,No,82.23,HIGH
568153,Parinaaz Buch,Finance,Accountant,84,81.34,84.53,3.8,89.88,46,4.6,19,No,85.6,HIGH
562750,Kiaan Batta,Finance,Financial Analyst,81,81.66,89.59,4.9,99.12,51,4.0,25,No,91.42,HIGH
749706,Stuvan Wagle,IT,Software Engineer,89,90.24,75.69,3.5,80.11,36,3.0,19,No,74.19,MEDIUM
876103,Fateh Mani,HR,HR Manager,100,65.01,98.68,3.3,91.58,42,3.6,2,No,81.31,HIGH
107370,Lakshit Goyal,HR,HR Manager,85,70.18,84.24,4.5,88.2,43,3.6,0,No,82.73,HIGH
755767,Anika Raja,IT,Cybersecurity Specialist,61,72.34,92.65,3.9,87.9,52,4.9,24,No,87.33,HIGH
854075,Eshani Krishnamurthy,Finance,Accountant,100,70.15,76.79,4.1,72.74,52,4.6,5,Yes,79.0,HIGH
528238,Ira Chokshi,HR,HR Manager,83,91.95,85.48,4.9,71.62,42,4.3,20,No,84.58,HIGH
894847,Mannat Suresh,Marketing,Marketing Executive,85,87.34,95.52,3.4,82.66,39,4.5,21,No,84.24,HIGH
243622,Eva Talwar,HR,Recruitment Specialist,75,92.46,93.87,3.6,75.46,41,4.9,17,No,84.66,HIGH
981092,Lakshay Bhalla,Sales,Business Development,55,76.72,82.83,4.8,91.1,46,3.6,8,No,85.17,HIGH
835317,Ahana  Vyas,IT,Software Engineer,81,91.33,85.16,4.8,85.83,45,4.0,25,No,87.11,HIGH
197367,Shayak Divan,HR,Employee Relations,61,60.99,85.63,3.8,90.4,46,4.3,0,No,82.74,HIGH
375241,Akarsh Shankar,Finance,Financial Analyst,84,68.5,75.12,4.0,96.16,43,4.1,11,No,83.12,HIGH
115774,Amira Chatterjee,Sales,Business Development,50,84.21,87.95,3.8,87.98,55,3.1,17,No,80.0,HIGH
722222,Hansh Kadakia,Marketing,Marketing Executive,92,77.66,90.6,4.6,96.58,52,3.6,17,No,87.66,HIGH
449776,Heer Lala,Finance,Accountant,66,65.45,96.77,3.6,76.32,44,4.3,12,No,80.4,HIGH
962012,Seher Brahmbhatt,Sales,Account Manager,95,84.27,80.06,3.3,73.92,36,3.8,27,No,75.01,HIGH
816016,Tanya Kara,IT,Software Engineer,53,88.67,94.49,3.2,87.72,40,4.3,8,No,84.08,HIGH
201487,Nishith Dar,IT,Cybersecurity Specialist,71,82.48,88.46,3.4,92.86,48,3.6,11,No,81.8,HIGH
988491,Kabir Lata,HR,Recruitment Specialist,93,75.27,79.08,3.8,78.46,37,4.3,9,Yes,79.28,HIGH
182457,Krish Ramanathan,Finance,Accountant,90,70.31,99.42,3.8,87.43,54,4.6,25,Yes,86.74,HIGH
525132,Bhamini Chakrabarti,Sales,Business Development,82,68.63,91.57,3.1,90.86,50,4.2,25,No,81.64,HIGH
911052,Kaira Acharya,Sales,Sales Executive,98,60.44,78.23,4.3,85.57,53,3.6,23,No,78.96,HIGH
527733,Saira Chad,Finance,Accountant,75,66.59,77.32,4.0,81.55,51,3.7,22,No,77.39,HIGH
678411,Elakshi Zachariah,HR,HR Manager,76,90.14,94.69,4.2,78.86,53,4.4,2,No,86.01,HIGH
867485,Divyansh Sampath,Marketing,Content Strategist,69,83.16,84.9,5.0,88.81,38,3.8,7,No,87.14,HIGH
951931,Saira Chaudhary,IT,Data Analyst,72,93.71,91.38,3.8,76.03,49,4.0,28,No,81.66,HIGH
566589,Piya Dua,HR,Employee Relations,98,82.24,97.18,4.3,76.04,36,4.9,4,Yes,87.27,HIGH
786330,Indrans Sane,HR,Recruitment Specialist,72,63.61,81.78,4.9,98.12,55,3.2,11,No,84.55,HIGH
409074,Dharmajan Jayaraman,Marketing,SEO Specialist,85,88.68,75.46,3.4,91.61,37,3.1,22,No,77.44,HIGH
886658,Rhea Soni,IT,Software Engineer,87,80.19,94.95,3.1,71.7,43,4.2,15,Yes,77.72,HIGH
900454,Ira Wali,Sales,Sales Executive,96,78.95,95.47,4.7,84.93,55,4.4,29,Yes,88.87,HIGH
177018,Zoya Bera,HR,Recruitment Specialist,81,83.61,78.95,4.6,90.45,49,3.7,25,No,84.49,HIGH
354340,Shalv Dhar,Marketing,SEO Specialist,62,87.65,75.54,3.1,82.62,37,4.1,1,No,77.46,HIGH
391299,Anahita Kalla,HR,HR Manager,68,79.51,88.49,3.9,86.81,47,4.2,19,No,84.09,HIGH
979295,Oorja Gole,Sales,Sales Executive,58,71.73,82.17,3.9,79.82,43,3.9,5,No,78.75,HIGH
805688,Anahita Khatri,Finance,Auditor,51,92.93,77.18,4.9,77.71,37,4.4,14,No,85.24,HIGH
981576,Keya Babu,HR,HR Manager,83,65.65,94.34,3.0,90.9,42,4.2,19,No,81.5,HIGH
784715,Shaan Dugar,Marketing,SEO Specialist,68,74.42,80.68,4.7,90.69,42,4.5,9,No,87.58,HIGH
656516,Dharmajan Sahni,HR,Employee Relations,76,83.64,77.29,3.1,87.31,45,4.6,4,No,80.82,HIGH
211543,Ishaan Bail,Finance,Auditor,99,76.53,91.63,3.8,71.01,46,3.5,18,No,76.48,HIGH
676114,Indrajit Kara,Finance,Auditor,62,63.07,98.38,3.8,74.35,55,4.6,8,No,81.89,HIGH
832952,Renee Yadav,Finance,Auditor,70,90.08,76.81,4.4,86.12,35,4.2,17,No,84.61,HIGH
950626,Umang Dara,IT,Cybersecurity Specialist,55,80.6,99.12,4.2,89.75,48,3.4,11,No,85.21,HIGH
700424,Ranbir Gour,Finance,Auditor,70,86.31,82.57,4.8,97.04,43,3.3,8,No,86.66,HIGH
852861,Ivana Sami,Sales,Account Manager,96,79.69,76.4,4.8,80.28,40,4.7,15,Yes,85.33,HIGH
718981,Purab Jaggi,Marketing,SEO Specialist,52,88.2,94.82,3.2,87.68,42,3.7,0,No,81.69,HIGH
583287,Shamik Kala,IT,Software Engineer,50,86.73,95.6,4.7,77.56,51,4.0,5,No,85.86,HIGH
760756,Sana Talwar,IT,Cybersecurity Specialist,70,65.8,83.82,5.0,85.35,52,3.4,7,No,82.55,HIGH
731607,Vidur Dalal,Finance,Auditor,62,64.13,76.36,4.3,89.86,40,4.4,7,No,83.44,HIGH
411085,Suhana Sankaran,Marketing,Content Strategist,87,76.93,87.36,4.7,73.05,51,3.8,28,No,81.08,HIGH
483233,Taran Sangha,Marketing,Content Strategist,89,81.59,88.94,3.1,86.97,54,3.9,28,No,80.04,HIGH
439966,Abram Madan,IT,Data Analyst,95,71.24,81.15,3.5,94.74,42,4.5,10,Yes,83.78,HIGH
118283,Fateh Gopal,Marketing,SEO Specialist,60,93.17,86.68,3.1,95.74,53,4.3,29,No,84.98,HIGH
534865,Adira Singh,Sales,Account Manager,97,68.27,83.95,3.7,88.9,46,4.6,17,Yes,83.49,HIGH
731428,Tanya Bhattacharyya,IT,Data Analyst,96,80.04,75.29,3.6,89.88,35,4.6,11,Yes,82.83,HIGH
412242,Badal Koshy,Finance,Auditor,86,92.23,99.06,3.2,79.78,37,3.7,5,No,80.57,HIGH
912388,Nakul Jani,Sales,Account Manager,73,83.99,99.64,3.1,95.8,45,3.7,17,No,84.27,HIGH
185897,Samaira Anand,HR,Recruitment Specialist,70,72.65,85.22,3.6,70.15,43,3.8,8,No,74.95,MEDIUM
865164,Akarsh Boase,Finance,Financial Analyst,81,72.49,97.96,4.3,80.89,38,3.4,17,No,81.91,HIGH
805133,Arnav Soman,Sales,Sales Executive,76,82.55,86.9,4.3,92.05,37,3.7,8,No,85.25,HIGH
151131,Ivana Subramaniam,Finance,Financial Analyst,100,79.1,81.97,4.0,99.28,51,4.4,26,Yes,87.69,HIGH
341915,Umang Jha,Finance,Financial Analyst,84,87.19,91.77,3.2,92.23,54,3.1,25,No,79.94,HIGH
989043,Amani Balan,HR,Recruitment Specialist,87,70.97,88.28,4.1,91.52,37,4.2,3,Yes,85.41,HIGH
127312,Madhup Rama,HR,HR Manager,94,71.65,79.16,5.0,88.82,51,3.5,20,No,83.64,HIGH
161065,Jayant Karnik,HR,Employee Relations,61,60.16,77.32,3.5,92.98,38,3.8,25,No,78.57,HIGH
484878,Shamik Dhawan,IT,Data Analyst,75,72.38,93.65,3.8,74.71,54,4.6,7,No,81.98,HIGH
665848,Seher Banerjee,Sales,Sales Executive,72,77.17,80.41,3.3,90.35,50,3.9,20,No,79.7,HIGH
541507,Kavya Roy,Finance,Accountant,82,92.44,98.13,3.3,71.31,37,3.3,12,No,76.66,HIGH
215160,Tushar Mandal,Finance,Accountant,95,73.28,82.98,5.0,81.29,53,3.1,4,No,80.71,HIGH
942165,Shlok Madan,Sales,Account Manager,83,66.09,84.68,4.6,88.53,44,5.0,4,No,88.5,HIGH
116414,Alisha Varty,Sales,Account Manager,85,92.91,98.91,3.9,79.44,37,4.0,4,No,84.5,HIGH
197547,Jivin Chopra,IT,Cybersecurity Specialist,66,81.6,80.18,3.9,72.12,35,3.8,7,No,76.63,HIGH
588063,Emir Brahmbhatt,Marketing,SEO Specialist,65,77.34,95.82,4.2,78.04,44,3.7,8,No,81.91,HIGH
384652,Advik Khanna,Marketing,SEO Specialist,87,75.36,95.86,3.9,74.23,37,3.7,16,No,79.38,HIGH
306124,Uthkarsh Atwal,HR,Recruitment Specialist,96,75.04,83.71,4.0,93.94,46,3.4,9,No,82.03,HIGH
416013,Riaan Subramaniam,IT,Cybersecurity Specialist,84,62.44,83.07,3.4,77.16,46,3.3,2,No,72.81,MEDIUM
696739,Faiyaz Sinha,IT,Cybersecurity Specialist,89,91.8,83.64,3.1,75.74,39,3.3,8,No,74.23,MEDIUM
523109,Tara Krishnan,Finance,Auditor,60,63.26,79.64,3.7,71.86,49,3.7,11,No,73.41,MEDIUM
426900,Nehmat Sem,HR,Recruitment Specialist,81,78.03,80.79,3.7,86.06,35,4.3,17,No,81.78,HIGH
674298,Sumer Chaudhry,IT,Cybersecurity Specialist,54,60.71,79.91,3.1,82.59,47,4.4,12,No,76.83,HIGH
981163,Kabir Bir,Sales,Business Development,75,89.01,82.24,4.4,86.74,37,5.0,15,No,88.97,HIGH
676810,Inaaya  Bhat,Sales,Business Development,94,65.45,91.22,3.4,85.12,35,4.3,4,Yes,81.12,HIGH
764058,Zaina Halder,Finance,Financial Analyst,57,80.25,90.37,4.0,98.84,50,4.6,17,No,90.15,HIGH
613693,Umang Rajan,HR,HR Manager,83,94.88,81.39,4.7,84.7,39,4.5,23,No,87.98,HIGH
466224,Mehul Boase,Finance,Financial Analyst,60,64.26,95.16,3.6,72.66,44,3.3,27,No,74.86,MEDIUM
375013,Azad Bhargava,Sales,Sales Executive,53,80.09,78.55,4.5,87.98,46,3.4,7,No,81.71,HIGH
716562,Bhamini Iyengar,IT,Cybersecurity Specialist,89,92.97,91.92,4.6,98.03,54,4.3,2,Yes,92.69,HIGH
610031,Jivika Badami,Sales,Account Manager,78,94.15,83.36,4.3,79.03,39,3.0,5,No,79.0,HIGH
569945,Ishaan Uppal,HR,HR Manager,78,82.4,95.68,4.5,79.99,40,3.1,22,No,81.77,HIGH
946214,Gokul Rana,IT,Data Analyst,98,78.86,91.36,4.7,91.89,43,4.2,24,Yes,89.32,HIGH
873481,Taran Tata,Sales,Sales Executive,58,83.37,83.98,4.9,100.0,53,4.1,26,No,91.13,HIGH
576546,Miraan Bedi,HR,Recruitment Specialist,56,69.6,92.43,4.1,91.94,45,4.8,6,No,88.63,HIGH
795970,Aayush Samra,IT,Cybersecurity Specialist,91,70.08,94.07,4.5,73.09,49,4.9,15,Yes,85.35,HIGH
541132,Ayesha Batta,IT,Cybersecurity Specialist,88,67.11,82.5,3.7,75.87,39,3.2,7,No,73.57,MEDIUM
836217,Aarav Rajagopal,Marketing,Marketing Executive,51,68.75,83.39,3.2,82.53,39,4.1,12,No,77.51,HIGH
297348,Azad Kannan,HR,HR Manager,85,75.43,75.17,3.7,92.09,51,3.2,19,No,77.8,HIGH
507057,Heer Thakur,Finance,Accountant,54,94.64,90.43,3.7,91.58,52,4.4,27,No,87.42,HIGH
727325,Ritvik Sastry,Sales,Sales Executive,58,78.43,92.26,3.8,94.56,46,4.9,26,No,89.46,HIGH
791732,Gokul Kumer,Marketing,Marketing Executive,53,65.21,77.1,3.5,92.32,40,4.9,22,No,83.24,HIGH
794003,Hiran Soman,Sales,Sales Executive,56,65.43,84.44,4.4,95.81,49,4.7,13,No,88.57,HIGH
628173,Adah Divan,IT,Cybersecurity Specialist,77,74.3,94.3,3.2,78.57,50,3.8,21,No,77.86,HIGH
390162,Neysa Srinivas,Sales,Account Manager,87,62.07,85.36,3.7,72.38,42,4.6,7,Yes,78.19,HIGH
845142,Shayak Kaur,Marketing,Marketing Executive,73,87.29,85.22,4.5,84.46,38,3.3,22,No,82.31,HIGH
588643,Dishani Bhatnagar,HR,HR Manager,72,94.4,96.02,3.1,85.88,49,4.0,23,No,82.81,HIGH
212140,Yuvraj  Kadakia,Finance,Financial Analyst,95,77.49,94.55,3.6,71.48,35,3.5,13,No,76.5,HIGH
606063,Eshani Ravi,Finance,Financial Analyst,82,76.97,88.16,4.3,88.52,53,4.0,21,No,85.08,HIGH
928871,Alia Borah,IT,Data Analyst,98,70.98,77.28,3.5,99.98,36,3.1,7,No,78.95,HIGH
596293,Yakshit Joshi,HR,Recruitment Specialist,82,66.72,82.16,3.6,85.8,49,3.2,29,No,76.04,HIGH
315288,Hansh Kapoor,Sales,Business Development,52,66.79,82.13,3.4,72.29,51,3.7,2,No,73.19,MEDIUM
314597,Divij Sagar,Sales,Sales Executive,70,87.37,95.05,3.2,72.04,35,3.3,15,No,75.36,HIGH
398497,Krish Mani,Finance,Auditor,81,88.23,75.13,4.5,75.14,45,3.2,20,No,77.19,HIGH
570184,Neelofar Chaudhuri,Sales,Business Development,64,67.98,90.7,3.8,83.11,46,3.1,17,No,77.47,HIGH
876222,Hrishita Swamy,Sales,Account Manager,69,92.48,75.23,4.0,94.92,49,4.3,2,No,85.97,HIGH
734480,Ehsaan Subramaniam,HR,Recruitment Specialist,67,79.51,75.3,4.6,92.79,35,3.2,6,No,82.05,HIGH
950805,Rhea Kamdar,Sales,Business Development,86,62.45,89.04,4.5,71.65,44,3.4,22,No,77.15,HIGH
451710,Miraan Halder,Finance,Auditor,94,75.67,93.22,4.4,95.43,47,3.2,0,No,85.24,HIGH
240501,Nishith Chander,HR,HR Manager,52,72.3,92.9,4.4,92.45,51,3.4,19,No,84.75,HIGH
209733,Samar Ratti,Marketing,Marketing Executive,99,63.84,89.65,3.6,99.6,35,4.6,6,Yes,86.99,HIGH
602244,Aarna Dhaliwal,Finance,Auditor,60,73.42,85.95,3.4,87.92,40,4.2,13,No,81.31,HIGH
884118,Ehsaan Borra,IT,Data Analyst,76,66.9,87.35,3.2,79.61,41,3.1,20,No,73.24,MEDIUM
327292,Bhavin Roy,IT,Data Analyst,56,84.36,78.73,3.9,92.12,44,3.8,6,No,82.62,HIGH
640682,Yakshit Dasgupta,IT,Data Analyst,82,60.92,88.56,3.6,98.36,46,4.3,17,No,84.91,HIGH
900208,Kanav Brar,IT,Data Analyst,79,82.88,89.6,3.9,85.69,51,4.9,26,No,87.12,HIGH
470652,Ahana  Loyal,HR,HR Manager,81,63.26,82.82,3.9,84.45,36,3.1,5,No,76.22,HIGH
502321,Faiyaz Khanna,Sales,Business Development,100,85.2,91.62,4.8,74.78,48,4.6,5,Yes,86.88,HIGH
268455,Elakshi Chandra,Finance,Financial Analyst,55,91.05,84.25,3.7,85.41,40,3.8,29,No,81.58,HIGH
911814,Manjari Manne,IT,Software Engineer,77,85.33,89.57,3.3,94.58,50,4.4,8,No,85.62,HIGH
108555,Hazel Chahal,Marketing,Content Strategist,78,85.23,77.02,3.7,78.17,37,4.6,22,No,80.58,HIGH
513731,Neysa Seth,Sales,Business Development,64,90.73,93.26,3.4,95.29,55,4.0,24,No,85.91,HIGH
795499,Vritika Bhalla,IT,Software Engineer,85,80.56,77.4,3.5,77.96,47,4.1,8,No,77.32,HIGH
156488,Manikya Gole,IT,Cybersecurity Specialist,53,75.53,88.53,4.4,98.88,46,3.1,18,No,84.92,HIGH
356902,Miraan Ganesh,Finance,Auditor,76,76.15,81.09,3.3,82.07,50,4.6,25,No,80.05,HIGH
765633,Ivana Bawa,Marketing,Content Strategist,94,75.95,85.75,3.6,84.81,36,3.7,0,No,79.39,HIGH
181776,Charvi D’Alia,IT,Data Analyst,73,62.65,96.99,3.7,72.14,36,3.9,4,No,77.7,HIGH
245504,Kanav Sachar,IT,Data Analyst,82,67.35,98.88,3.7,74.44,39,4.4,7,No,81.24,HIGH
491648,Aarush Chakraborty,Marketing,SEO Specialist,85,87.12,95.63,3.2,86.0,50,4.8,19,No,85.64,HIGH
880538,Reyansh Rajagopal,IT,Cybersecurity Specialist,59,62.12,98.56,3.5,80.85,36,4.7,0,No,82.98,HIGH
328602,Lakshit Kant,Marketing,Content Strategist,92,83.41,92.76,3.4,97.07,49,4.1,19,Yes,86.01,HIGH
464246,Armaan Ahuja,Sales,Sales Executive,56,64.87,83.28,3.5,72.64,41,3.2,9,No,71.74,MEDIUM
135772,Eshani Yadav,Sales,Account Manager,64,84.61,95.72,4.6,96.71,52,3.2,6,No,87.82,HIGH
576875,Zaina Kashyap,Marketing,Content Strategist,99,64.91,85.2,3.9,95.1,49,3.0,1,No,79.66,HIGH
671166,Sana Swaminathan,Marketing,SEO Specialist,76,85.56,95.25,3.5,98.84,46,4.0,3,No,87.26,HIGH
334087,Gokul Bhatt,Sales,Business Development,87,85.36,91.8,4.8,77.22,44,4.3,23,Yes,86.46,HIGH
533996,Faiyaz Ghosh,HR,HR Manager,68,83.5,77.25,3.9,86.41,36,4.9,2,No,84.92,HIGH
285608,Ryan Tandon,Marketing,Content Strategist,73,69.1,93.78,3.1,98.64,42,4.8,24,No,86.86,HIGH
480186,Aarna Chana,Finance,Financial Analyst,90,60.32,97.34,3.7,86.35,36,3.2,21,No,79.0,HIGH
545876,Sara Dara,IT,Software Engineer,72,65.16,81.29,4.9,92.53,43,3.5,7,No,84.13,HIGH
897088,Divyansh Krish,Finance,Financial Analyst,69,81.37,80.59,4.7,99.9,54,3.5,30,No,87.02,HIGH
863995,Umang Mandal,Marketing,Marketing Executive,100,65.19,84.88,3.8,76.5,46,4.1,20,Yes,78.05,HIGH
139511,Lavanya Krishna,HR,Recruitment Specialist,78,69.38,92.15,3.4,90.64,54,3.8,30,No,81.36,HIGH
988230,Hazel Buch,HR,HR Manager,62,60.57,86.12,4.2,92.92,49,3.6,24,No,82.36,HIGH
326266,Madhup Shankar,HR,Recruitment Specialist,92,80.18,96.4,3.7,76.96,54,4.2,16,Yes,81.99,HIGH
549581,Ayesha Bawa,HR,Employee Relations,89,71.72,81.63,4.0,77.35,49,3.1,21,No,75.1,HIGH
702120,Neysa Boase,HR,Recruitment Specialist,54,80.01,89.54,4.9,82.26,37,3.5,27,No,84.19,HIGH
525923,Vidur Kibe,Marketing,Marketing Executive,86,69.24,91.62,3.8,80.09,43,3.9,22,No,80.08,HIGH
450295,Yashvi Mani,IT,Software Engineer,94,89.78,77.3,3.8,77.98,43,3.4,17,No,76.63,HIGH
275335,Anahi Suri,Sales,Business Development,88,85.71,87.29,4.3,76.58,36,3.6,2,No,80.6,HIGH
427388,Krish Bobal,HR,Recruitment Specialist,73,87.66,82.34,3.5,84.5,48,4.9,15,No,84.18,HIGH
328197,Veer Rau,HR,Recruitment Specialist,81,69.03,95.15,3.7,90.65,38,4.1,8,No,84.33,HIGH
841660,Mishti Raval,Sales,Sales Executive,82,62.03,83.63,4.5,93.47,53,4.9,8,No,88.57,HIGH
759428,Chirag Dhingra,IT,Data Analyst,58,65.1,83.67,5.0,76.83,43,3.9,1,No,81.89,HIGH
596739,Neysa Sridhar,Marketing,SEO Specialist,74,76.57,90.64,3.6,82.24,48,3.1,26,No,77.26,HIGH
176249,Mamooty Vasa,Finance,Auditor,73,76.49,85.45,3.2,74.2,48,4.9,1,No,79.4,HIGH
752175,Vihaan Yohannan,HR,Recruitment Specialist,80,60.64,79.96,4.1,82.73,51,3.3,16,No,76.47,HIGH
641259,Alia Ratta,Marketing,SEO Specialist,53,74.78,96.91,4.5,92.52,38,4.5,25,No,90.62,HIGH
154551,Ayesha Issac,HR,Recruitment Specialist,86,74.79,99.34,4.4,89.6,36,4.7,15,Yes,90.63,HIGH
195044,Shayak Dewan,Finance,Accountant,100,62.86,87.94,3.9,72.23,50,4.4,30,Yes,78.74,HIGH
291654,Nehmat Bhattacharyya,Marketing,Content Strategist,85,62.39,83.49,3.6,84.26,42,5.0,21,No,82.62,HIGH
318895,Nirvaan Badal,HR,HR Manager,100,89.62,87.94,4.1,95.99,49,3.1,2,No,84.15,HIGH
106454,Aayush Lala,Sales,Sales Executive,87,87.4,89.68,3.2,80.31,46,4.6,24,Yes,81.97,HIGH
499787,Hridaan Balasubramanian,Sales,Account Manager,89,60.44,87.22,3.3,77.67,53,3.7,13,No,74.79,MEDIUM
961325,Ira Ganguly,Marketing,SEO Specialist,91,91.43,87.94,3.7,82.18,35,3.4,12,No,79.78,HIGH
213802,Nakul Chakraborty,Finance,Financial Analyst,58,68.46,98.1,4.2,95.14,44,4.2,12,No,88.61,HIGH
428759,Rati Chandra,IT,Software Engineer,60,60.12,88.2,3.4,87.38,37,3.5,21,No,77.47,HIGH
914694,Vanya Sethi,Sales,Business Development,60,63.32,99.75,4.4,91.22,39,3.6,2,No,85.65,HIGH
579854,Aaryahi Savant,Marketing,Marketing Executive,91,81.48,93.27,4.8,81.52,40,4.5,12,Yes,88.46,HIGH
191707,Mamooty Ganguly,Marketing,Content Strategist,50,74.97,90.02,3.6,83.48,37,3.7,30,No,79.74,HIGH
669969,Nirvaan Sengupta,HR,Recruitment Specialist,61,94.09,76.68,3.7,70.87,36,3.8,26,No,76.01,HIGH
985391,Hrishita Goel,HR,Employee Relations,53,72.66,99.66,3.4,88.88,40,3.1,21,No,79.86,HIGH
942008,Nitara Rastogi,Sales,Account Manager,71,94.26,86.44,3.2,72.06,37,3.5,21,No,75.13,HIGH
145367,Jayesh Shan,Sales,Account Manager,70,81.08,79.57,3.6,86.26,49,3.5,22,No,78.3,HIGH
720164,Shayak Saran,Finance,Auditor,78,90.03,84.02,3.2,73.48,45,3.9,10,No,76.25,HIGH
817854,Zoya Sarna,Sales,Business Development,83,87.99,82.84,4.2,70.86,43,3.9,13,No,79.03,HIGH
969681,Mishti Walia,Marketing,Marketing Executive,52,82.67,75.51,3.4,99.37,49,3.5,10,No,80.78,HIGH
221196,Hansh Desai,IT,Software Engineer,79,67.84,76.46,4.6,73.89,53,3.4,3,No,76.24,HIGH
226687,Vritika Tandon,HR,Recruitment Specialist,55,88.92,79.68,4.9,75.67,49,4.4,21,No,84.73,HIGH
322253,Pranay Mander,Finance,Accountant,94,85.74,81.62,4.9,94.62,51,4.1,16,Yes,89.28,HIGH
743719,Kavya Dhar,Finance,Accountant,100,80.41,89.81,4.6,84.4,52,3.8,18,No,84.92,HIGH
558991,Adah Bains,HR,Recruitment Specialist,96,78.65,94.92,4.4,76.55,48,3.8,22,No,82.61,HIGH
462834,Hazel Bera,HR,Employee Relations,64,87.46,93.62,4.1,98.29,39,5.0,23,No,93.36,HIGH
518589,Adira Jha,IT,Software Engineer,96,80.6,95.02,3.8,79.46,36,4.7,24,Yes,84.9,HIGH
490489,Inaaya  Kala,Finance,Accountant,89,68.34,75.26,4.2,97.09,50,3.6,27,No,82.21,HIGH
412669,Samarth Mall,IT,Software Engineer,87,64.81,94.59,4.9,76.26,47,3.4,4,No,81.48,HIGH
628162,Ira Choudhary,HR,HR Manager,87,84.12,82.35,3.6,88.76,46,4.1,19,Yes,82.31,HIGH
333194,Chirag Vohra,Sales,Business Development,77,89.45,96.14,3.3,94.55,41,3.4,27,No,83.34,HIGH
941251,Nitya Kakar,Finance,Auditor,68,88.73,92.53,3.2,82.9,54,4.0,14,No,81.05,HIGH
406259,Ela Basak,Sales,Account Manager,56,75.89,90.15,4.8,75.58,39,3.9,3,No,83.09,HIGH
512273,Shanaya Sane,HR,HR Manager,50,87.92,95.93,4.3,70.15,37,4.8,23,No,85.42,HIGH
996601,Indrans Bumb,Sales,Account Manager,52,65.48,83.06,3.9,87.59,39,4.1,12,No,81.44,HIGH
962077,Oorja Deol,IT,Software Engineer,56,78.94,78.27,4.5,94.04,53,4.3,19,No,86.96,HIGH
579942,Biju Contractor,HR,Recruitment Specialist,52,90.01,95.25,3.0,81.63,42,3.9,3,No,80.14,HIGH
227125,Kanav Sharaf,Sales,Business Development,62,82.64,80.15,4.8,73.35,40,4.3,14,No,82.7,HIGH
902324,Ishita Bassi,Sales,Sales Executive,99,72.06,89.4,3.1,99.98,40,4.8,26,Yes,86.68,HIGH
584998,Adira Chad,Sales,Sales Executive,100,70.88,96.22,3.6,70.23,41,4.4,4,Yes,79.4,HIGH
501563,Pari Sood,HR,HR Manager,96,78.63,93.03,4.3,91.18,38,3.2,13,No,83.82,HIGH
218716,Veer Wason,IT,Cybersecurity Specialist,68,86.39,87.07,4.9,79.92,47,3.9,8,No,85.23,HIGH
653767,Dishani Shah,Finance,Accountant,72,80.76,89.03,3.7,82.66,52,3.0,26,No,77.48,HIGH
604645,Azad Sachar,Marketing,Marketing Executive,84,65.76,96.88,4.1,73.35,38,4.5,10,No,82.36,HIGH
436452,Dhanush Vohra,Marketing,SEO Specialist,97,65.53,99.85,3.2,82.43,46,4.2,23,Yes,80.85,HIGH
886663,Charvi Bail,HR,Employee Relations,89,62.27,91.82,3.6,82.23,45,4.5,28,Yes,81.66,HIGH
720286,Nirvaan Solanki,Finance,Accountant,87,68.49,83.2,3.9,96.01,46,4.5,12,Yes,85.89,HIGH
107784,Lakshit Dave,HR,Recruitment Specialist,60,75.58,94.21,4.6,76.98,40,3.9,11,No,83.49,HIGH
528593,Nirvi Ahuja,IT,Cybersecurity Specialist,88,89.54,77.66,3.6,78.02,37,3.3,24,No,75.49,HIGH
219508,Nirvaan Chanda,Sales,Account Manager,55,71.4,77.67,3.8,75.78,37,3.8,26,No,75.81,HIGH
948962,Vaibhav Yohannan,HR,Employee Relations,57,71.52,80.56,3.8,93.86,44,3.4,16,No,80.22,HIGH
530664,Keya Bhattacharyya,HR,HR Manager,97,81.76,93.69,4.8,79.06,47,4.5,15,Yes,87.83,HIGH
108938,Badal Bhagat,IT,Cybersecurity Specialist,78,70.26,93.28,3.2,70.97,41,3.8,8,No,74.97,MEDIUM
373142,Anvi Sidhu,HR,Recruitment Specialist,79,86.49,95.82,4.5,92.14,55,3.8,30,No,88.66,HIGH
186492,Tara Mani,Sales,Account Manager,53,91.16,91.58,4.1,98.15,51,4.5,20,No,91.28,HIGH
756883,Divit Banerjee,Sales,Account Manager,71,62.21,96.39,4.6,70.21,47,3.1,7,No,77.36,HIGH
429731,Aarav Desai,Marketing,SEO Specialist,55,93.33,93.62,3.1,71.94,49,3.3,0,No,75.24,HIGH
967616,Kiaan Kala,Finance,Financial Analyst,50,63.25,87.39,4.5,95.48,54,4.4,29,No,88.05,HIGH
576078,Jayesh Chacko,Sales,Sales Executive,59,65.08,81.86,4.3,71.64,55,4.0,25,No,77.57,HIGH
894790,Mishti Chauhan,Marketing,Marketing Executive,83,61.61,75.29,4.0,84.2,54,4.3,13,No,79.68,HIGH
527948,Anahi Choudhary,Finance,Financial Analyst,77,86.29,97.79,3.4,91.54,50,3.4,19,No,82.85,HIGH
937871,Anaya Andra,Marketing,Marketing Executive,76,74.05,94.54,4.7,75.05,47,4.2,18,No,84.43,HIGH
927942,Gokul Sekhon,Marketing,SEO Specialist,50,67.22,98.84,4.9,74.18,37,4.8,30,No,87.54,HIGH
577525,Devansh Divan,HR,HR Manager,94,70.5,85.31,4.2,78.06,44,3.6,5,No,78.73,HIGH
286853,Chirag Shenoy,Marketing,Content Strategist,77,82.6,92.21,4.0,98.71,44,4.4,24,No,89.92,HIGH
148562,Alisha Agate,IT,Cybersecurity Specialist,57,89.75,83.88,3.6,94.44,43,3.4,0,No,82.08,HIGH
464576,Seher Kala,Finance,Auditor,87,75.19,81.98,4.1,77.51,40,3.5,21,No,77.57,HIGH
557679,Rohan Karnik,IT,Software Engineer,87,91.27,95.35,3.0,70.95,52,4.0,12,No,77.48,HIGH
844757,Myra Badal,IT,Data Analyst,67,63.36,84.64,4.6,76.71,42,4.6,19,No,83.08,HIGH
406502,Anaya Basak,Sales,Sales Executive,70,68.94,94.89,3.4,83.52,36,4.1,23,No,80.93,HIGH
881260,Nishith Ramanathan,HR,Recruitment Specialist,73,94.86,93.05,4.6,73.01,47,3.8,16,No,83.6,HIGH
682690,Aayush Sen,Marketing,Content Strategist,84,82.09,94.0,4.5,96.97,45,3.9,7,No,89.7,HIGH
383544,Tiya Sen,Sales,Business Development,98,84.86,78.64,4.2,80.51,43,4.5,8,Yes,83.17,HIGH
748539,Taimur Kumer,Finance,Accountant,88,79.17,91.14,4.2,90.7,42,4.2,29,Yes,86.96,HIGH
204652,Saanvi Hora,HR,HR Manager,82,92.2,85.59,4.3,87.0,42,4.4,11,No,87.24,HIGH
899741,Heer Tata,Finance,Financial Analyst,86,64.37,90.79,3.1,83.48,44,4.2,19,Yes,78.84,HIGH
152499,Hazel Grover,IT,Software Engineer,79,83.19,78.99,4.2,92.35,46,3.7,13,No,83.42,HIGH
331293,Saanvi Loke,HR,Employee Relations,91,82.59,82.68,4.2,77.07,46,3.7,28,No,79.52,HIGH
325278,Tanya Hegde,Sales,Account Manager,61,78.67,87.9,4.9,71.91,37,3.6,24,No,81.02,HIGH
637147,Shanaya Bandi,Marketing,Content Strategist,90,77.6,81.7,4.7,84.96,43,4.9,16,Yes,87.99,HIGH
956604,Siya Hora,Finance,Auditor,87,72.63,80.18,3.7,99.23,43,3.2,11,No,80.67,HIGH
416603,Shaan Bajwa,Marketing,Content Strategist,67,62.98,96.42,3.8,88.89,43,3.9,0,No,83.05,HIGH
400462,Vanya Uppal,IT,Software Engineer,78,92.93,98.42,4.2,95.62,45,3.7,20,No,89.26,HIGH
599066,Jayan Barad,Marketing,Content Strategist,91,82.05,98.19,3.1,74.46,41,3.3,2,No,75.78,HIGH
283075,Suhana Mammen,Marketing,Marketing Executive,100,63.54,81.28,3.3,79.81,37,3.8,29,No,74.95,MEDIUM
183564,Vardaniya Dass,Finance,Financial Analyst,65,63.66,90.9,4.6,85.23,49,4.0,18,No,84.52,HIGH
102862,Onkar Walla,Marketing,Marketing Executive,68,78.33,97.17,4.7,94.07,53,4.0,13,No,90.29,HIGH
770518,Himmat Vyas,Marketing,Marketing Executive,57,64.77,84.82,4.0,83.67,44,3.5,14,No,78.54,HIGH
399177,Hrishita Mandal,Finance,Auditor,79,84.03,89.5,4.2,93.79,52,3.6,26,No,85.64,HIGH
106444,Tejas Bajaj,Marketing,SEO Specialist,84,92.62,94.17,3.4,84.54,46,4.4,21,No,84.66,HIGH
296808,Nayantara Sengupta,IT,Software Engineer,63,61.91,86.23,3.2,77.69,41,4.4,16,No,77.14,HIGH
183732,Aradhya Bajwa,Finance,Accountant,50,61.01,78.49,4.2,85.4,47,4.7,7,No,83.02,HIGH
756845,Kimaya Ganesh,Sales,Sales Executive,94,73.12,98.52,4.6,97.35,53,3.1,18,No,87.02,HIGH
332355,Ivan Dara,HR,HR Manager,53,89.65,78.05,3.6,96.77,48,4.1,0,No,84.41,HIGH
510762,Zaina Ramanathan,Marketing,SEO Specialist,57,68.58,96.78,3.5,97.36,36,3.8,5,No,84.62,HIGH
947367,Aarna Dhingra,Finance,Auditor,97,69.9,97.05,5.0,72.27,39,4.0,20,No,84.08,HIGH
658187,Umang Ramanathan,Marketing,Marketing Executive,64,82.69,92.25,3.3,72.88,36,4.6,25,No,80.18,HIGH
642194,Emir Sachdev,HR,Employee Relations,81,69.72,86.4,4.3,72.53,54,4.8,3,No,82.41,HIGH
104435,Manikya Sanghvi,Sales,Business Development,86,62.35,99.73,4.4,95.67,42,3.9,11,No,88.08,HIGH
891391,Misha Bandi,Marketing,SEO Specialist,86,86.85,78.73,4.8,87.57,39,3.9,24,No,85.5,HIGH
828698,Alisha Desai,IT,Data Analyst,66,93.5,94.06,4.4,92.95,35,3.7,21,No,88.45,HIGH
271037,Lakshit Sabharwal,Marketing,Content Strategist,64,88.06,84.14,3.1,77.08,51,4.8,10,No,80.36,HIGH
623135,Tushar Dugar,Finance,Accountant,100,93.32,75.44,3.6,88.56,50,4.5,17,Yes,83.39,HIGH
319347,Shayak Chanda,IT,Software Engineer,88,89.51,84.66,4.0,76.63,49,3.3,24,No,78.07,HIGH
873920,Anika Walla,IT,Cybersecurity Specialist,90,60.56,90.08,3.4,91.65,40,3.4,12,No,78.77,HIGH
895625,Jayan Deo,Finance,Accountant,93,86.15,92.82,3.9,86.41,37,4.1,15,Yes,85.1,HIGH
723884,Jivin Chakraborty,HR,Employee Relations,82,71.21,90.82,3.2,93.76,45,4.8,20,No,85.41,HIGH
203128,Charvi Vasa,IT,Cybersecurity Specialist,98,82.78,79.59,3.2,77.94,39,3.7,7,No,75.18,HIGH
268088,Mohanlal Sheth,IT,Cybersecurity Specialist,57,76.92,96.59,4.5,85.15,47,4.9,1,No,90.16,HIGH
607322,Yuvraj  Raja,HR,Recruitment Specialist,99,86.6,90.41,4.6,98.09,36,3.2,24,No,87.37,HIGH
431797,Anahita Chauhan,IT,Cybersecurity Specialist,80,86.7,88.66,4.5,99.16,49,3.1,30,No,86.55,HIGH
597093,Emir Thakkar,Finance,Financial Analyst,88,86.71,94.77,3.8,87.11,35,4.4,4,Yes,86.56,HIGH
122174,Nehmat Toor,IT,Cybersecurity Specialist,63,89.13,95.44,3.6,93.56,39,4.5,27,No,88.47,HIGH
925752,Vritika Upadhyay,Sales,Sales Executive,82,65.48,85.1,4.6,87.59,46,3.3,22,No,81.45,HIGH
992652,Tara Bhardwaj,Finance,Accountant,64,66.66,80.49,4.2,86.11,46,4.3,16,No,82.6,HIGH
557318,Trisha Bora,Sales,Sales Executive,85,61.41,94.38,4.7,82.46,40,3.0,9,No,80.56,HIGH
976107,Lagan Gill,HR,Recruitment Specialist,81,60.77,80.22,3.1,78.67,35,3.3,21,No,71.32,MEDIUM
618500,Riya Sandhu,HR,HR Manager,91,65.9,96.25,4.7,94.77,50,3.4,24,No,86.67,HIGH
631677,Shayak Dani,Finance,Financial Analyst,81,91.96,82.27,3.6,76.72,42,3.8,2,No,78.27,HIGH
979110,Kismat Datta,IT,Cybersecurity Specialist,56,76.2,84.86,5.0,72.18,41,4.8,8,No,85.45,HIGH
339127,Oorja Kamdar,HR,Employee Relations,71,72.28,99.02,3.6,93.98,54,3.4,6,No,83.23,HIGH
886475,Advik Mangal,Sales,Account Manager,67,81.5,91.06,4.2,80.56,51,3.2,11,No,80.13,HIGH
264228,Aarav Kapur,IT,Cybersecurity Specialist,72,65.55,89.84,4.2,83.1,37,3.9,11,No,81.85,HIGH
761495,Anahi Kibe,Marketing,Content Strategist,59,81.25,91.83,4.3,88.54,44,4.5,20,No,88.25,HIGH
211923,Kabir Sarna,IT,Data Analyst,73,65.35,99.38,3.0,91.81,40,3.8,24,No,81.15,HIGH
548251,Manikya Bora,Sales,Account Manager,72,87.63,81.04,3.3,75.9,51,4.8,5,No,80.14,HIGH
743505,Shaan Dave,IT,Software Engineer,54,71.06,90.19,3.0,70.42,52,3.5,26,No,72.27,MEDIUM
526659,Piya Sodhi,Sales,Sales Executive,91,88.74,92.49,3.1,88.16,49,3.8,5,No,81.42,HIGH
957814,Riya Ray,HR,Employee Relations,80,77.45,80.05,3.7,71.39,43,3.2,12,No,72.77,MEDIUM
104091,Madhup Bhasin,HR,Employee Relations,60,81.18,84.87,3.3,96.7,49,3.4,24,No,80.9,HIGH
964329,Taimur Balasubramanian,HR,HR Manager,60,83.29,89.01,3.1,89.09,50,4.5,2,No,83.26,HIGH
932536,Uthkarsh Cherian,HR,Recruitment Specialist,73,63.89,88.52,3.4,93.46,44,4.0,19,No,81.73,HIGH
988488,Pari Dua,Finance,Auditor,54,81.52,98.83,3.0,72.19,52,3.9,20,No,77.18,HIGH
156878,Heer Lad,Finance,Auditor,60,82.13,95.13,4.6,90.45,50,4.6,26,No,91.17,HIGH
566305,Tejas Chokshi,HR,HR Manager,100,79.27,91.02,3.8,79.22,48,4.0,3,No,81.1,HIGH
971085,Nakul Choudhry,HR,Recruitment Specialist,75,71.45,85.91,3.9,83.86,36,4.6,20,No,83.48,HIGH
964598,Lagan Chaudhari,Finance,Auditor,62,60.46,85.73,4.8,88.35,42,3.7,9,No,83.7,HIGH
362707,Advika Bumb,Finance,Accountant,71,76.3,88.66,3.4,88.02,43,3.8,12,No,80.57,HIGH
864277,Kanav Choudhary,HR,HR Manager,51,87.52,84.39,3.7,99.87,37,4.5,12,No,88.39,HIGH
998672,Divij Dasgupta,Marketing,Marketing Executive,52,66.23,81.87,4.3,93.33,49,3.5,8,No,82.2,HIGH
421986,Saira Saha,Sales,Sales Executive,94,82.33,99.47,4.9,85.87,41,4.0,20,No,89.49,HIGH
702741,Rohan Iyer,Sales,Sales Executive,59,66.15,94.41,4.7,80.5,37,3.2,15,No,81.25,HIGH
396415,Siya Talwar,HR,HR Manager,72,69.4,75.08,4.9,84.91,39,3.6,5,No,81.43,HIGH
836703,Jayan Ram,Finance,Accountant,55,79.65,84.19,3.4,91.1,35,3.6,28,No,80.13,HIGH
814171,Hansh Baria,HR,HR Manager,52,71.42,88.79,3.8,72.66,39,3.3,23,No,75.1,HIGH
606965,Hansh Ganguly,Finance,Accountant,85,89.45,93.09,3.9,91.81,40,4.4,18,No,88.31,HIGH
273080,Mohanlal Sundaram,Marketing,SEO Specialist,69,77.31,99.1,4.4,96.93,48,3.4,7,No,87.83,HIGH
767338,Akarsh Banerjee,Finance,Auditor,86,88.23,80.2,3.5,70.15,50,4.6,15,Yes,78.31,HIGH
257807,Abram Din,Marketing,Marketing Executive,94,80.38,85.82,4.4,88.39,41,3.9,4,No,84.92,HIGH
603784,Alia Vaidya,Sales,Business Development,86,68.97,94.87,4.0,76.29,52,3.9,9,No,80.36,HIGH
163103,Oorja Luthra,Finance,Financial Analyst,87,89.97,87.71,4.2,70.87,51,4.6,11,Yes,83.0,HIGH
159931,Anay Bains,Marketing,SEO Specialist,89,88.7,96.22,4.8,73.84,35,3.1,30,No,81.87,HIGH
134326,Dharmajan Ramanathan,Finance,Accountant,55,93.21,99.62,3.7,90.43,41,3.3,30,No,84.37,HIGH
564163,Alisha Dar,Marketing,Content Strategist,89,91.21,84.33,3.5,82.64,45,5.0,28,Yes,84.78,HIGH
974107,Rania Johal,HR,HR Manager,96,67.23,86.2,3.8,98.34,37,4.6,9,Yes,87.07,HIGH
437784,Hridaan Bajwa,Finance,Accountant,92,78.71,95.96,4.7,79.88,35,3.5,17,No,83.83,HIGH
711089,Divyansh Sridhar,Sales,Business Development,87,73.55,92.2,3.8,87.51,39,4.7,18,Yes,86.05,HIGH
845797,Sana Sodhi,IT,Data Analyst,79,65.37,97.98,4.5,78.03,37,4.1,11,No,83.94,HIGH
285256,Raghav Venkataraman,Marketing,Marketing Executive,70,66.02,92.69,4.4,96.66,37,3.6,3,No,86.14,HIGH
794243,Faiyaz Lanka,Marketing,SEO Specialist,81,63.32,91.81,3.8,73.45,52,4.2,26,No,78.73,HIGH
281822,Sumer Dyal,Finance,Accountant,64,61.12,79.36,4.3,99.25,40,4.7,19,No,87.76,HIGH
768173,Amani Kanda,Sales,Business Development,81,82.06,97.43,3.3,71.11,52,3.2,0,No,75.03,HIGH
632755,Onkar Kunda,IT,Software Engineer,61,80.98,89.02,3.8,73.71,49,3.7,17,No,78.02,HIGH
835815,Anika Banik,HR,Recruitment Specialist,65,70.15,86.28,4.3,71.61,46,4.9,23,No,82.55,HIGH
745103,Lagan Borah,IT,Data Analyst,65,93.68,88.19,4.0,91.06,47,3.7,9,No,85.12,HIGH
447271,Raghav Aurora,IT,Data Analyst,85,92.19,91.86,4.8,93.44,48,4.0,21,No,90.82,HIGH
198895,Tanya Mannan,Sales,Business Development,85,66.19,94.11,4.8,71.82,54,3.6,11,No,80.59,HIGH
941083,Jayant Chaudhry,IT,Data Analyst,83,94.61,83.74,3.3,74.97,48,4.9,6,No,81.5,HIGH
902328,Pihu Talwar,Marketing,Content Strategist,59,67.75,83.85,4.0,84.32,36,4.0,23,No,80.84,HIGH
382247,Kashvi Dhillon,HR,Employee Relations,54,73.7,75.61,4.0,85.29,39,4.4,18,No,81.68,HIGH
116319,Gatik Banik,IT,Cybersecurity Specialist,51,67.76,86.34,4.5,88.19,41,3.2,8,No,81.3,HIGH
433459,Ishaan Dhar,Marketing,Content Strategist,66,82.9,75.66,3.0,87.82,45,3.4,28,No,75.37,HIGH
637113,Chirag Dhawan,HR,Employee Relations,89,82.85,78.79,3.1,95.87,43,3.3,28,No,78.4,HIGH
657790,Nirvi Sarraf,IT,Cybersecurity Specialist,60,85.77,84.04,3.5,94.13,51,4.1,24,No,84.02,HIGH
154140,Lakshay Kari,IT,Software Engineer,97,61.32,97.3,4.2,99.24,55,4.0,19,No,88.16,HIGH
392648,Shalv Ramachandran,Finance,Accountant,59,71.07,93.24,4.2,83.46,49,3.3,2,No,80.79,HIGH
326824,Arnav Dhaliwal,Marketing,Content Strategist,97,67.95,95.91,4.9,70.21,48,4.5,15,Yes,84.64,HIGH
233714,Drishya Aurora,Sales,Sales Executive,54,67.2,90.32,4.8,79.42,40,3.7,22,No,82.61,HIGH
234781,Sana Chakrabarti,Marketing,Marketing Executive,67,70.37,97.33,3.8,93.98,51,3.7,18,No,84.7,HIGH
984132,Anvi Kadakia,Finance,Accountant,73,60.74,93.7,3.1,91.21,41,3.5,10,No,78.58,HIGH
658424,Lavanya Subramaniam,Finance,Auditor,80,82.66,98.63,3.6,90.21,49,4.2,18,No,86.26,HIGH
919751,Jayesh Walla,HR,Employee Relations,63,86.31,79.49,4.8,85.8,40,4.1,7,No,85.87,HIGH
753799,Romil Lad,Finance,Financial Analyst,72,91.82,86.17,3.9,78.85,37,4.2,4,No,82.47,HIGH
569196,Shray Kala,Sales,Sales Executive,77,70.69,98.55,3.3,76.83,55,4.2,2,No,79.83,HIGH
871767,Tanya Kade,IT,Data Analyst,64,63.86,90.68,4.4,73.61,35,3.0,17,No,76.2,HIGH
950169,Zeeshan Doshi,Sales,Account Manager,69,75.96,76.19,4.2,74.56,53,4.0,3,No,78.0,HIGH
505383,Dishani Chatterjee,IT,Cybersecurity Specialist,82,89.13,93.85,3.1,95.68,37,3.5,5,No,82.79,HIGH
343833,Drishya Dubey,IT,Software Engineer,56,70.68,86.09,3.4,96.57,52,4.9,0,No,86.46,HIGH
954618,Ishita Date,HR,HR Manager,94,89.84,87.4,3.6,97.48,46,3.7,8,No,84.91,HIGH
435695,Alia Sangha,IT,Cybersecurity Specialist,50,64.68,79.76,3.8,79.9,43,3.4,5,No,75.19,HIGH
369372,Rhea Borde,Finance,Financial Analyst,95,80.36,80.63,3.0,81.05,45,3.5,27,No,74.48,MEDIUM
833493,Kanav Rajagopal,Marketing,Content Strategist,73,81.31,78.46,3.9,95.24,40,4.1,26,No,84.4,HIGH
688556,Eshani Sunder,IT,Data Analyst,85,60.9,76.41,4.3,74.51,53,3.9,8,No,76.53,HIGH
250973,Aradhya Ganguly,IT,Cybersecurity Specialist,87,74.04,84.27,4.1,99.92,43,4.2,16,Yes,87.43,HIGH
634833,Kimaya Majumdar,IT,Cybersecurity Specialist,97,76.67,81.09,3.5,88.31,36,3.6,12,No,78.78,HIGH
482185,Aaina Krishnamurthy,HR,HR Manager,95,69.09,78.02,4.5,98.36,42,3.6,11,No,84.42,HIGH
346681,Romil Tak,IT,Cybersecurity Specialist,61,94.09,97.16,5.0,87.92,55,4.4,24,No,92.82,HIGH
910847,Kiara Devi,IT,Cybersecurity Specialist,85,72.05,76.52,5.0,89.16,43,3.3,19,No,82.46,HIGH
907096,Ishaan Dube,Finance,Financial Analyst,73,88.79,94.49,4.8,76.65,47,3.2,20,No,82.77,HIGH
823513,Anahita Goswami,Sales,Business Development,95,63.27,94.9,4.2,85.36,39,4.8,8,Yes,86.92,HIGH
705336,Yakshit Dutt,Marketing,SEO Specialist,52,88.27,77.85,4.8,86.22,37,3.3,24,No,82.66,HIGH
811956,Rania Tank,Sales,Sales Executive,64,80.86,97.48,3.4,97.44,35,4.7,16,No,89.21,HIGH
583343,Vedika Bala,HR,Recruitment Specialist,89,93.41,82.35,3.2,84.4,47,4.1,23,Yes,80.33,HIGH
909845,Hridaan Keer,HR,Employee Relations,82,81.56,82.63,3.6,86.19,41,4.2,10,No,81.74,HIGH
809491,Manjari Varghese,IT,Cybersecurity Specialist,65,74.06,83.55,4.1,98.23,45,4.5,24,No,87.99,HIGH
688565,Neelofar Walia,Marketing,Content Strategist,89,78.08,84.34,4.7,70.51,46,4.4,17,Yes,82.23,HIGH
685287,Biju Rajagopalan,IT,Cybersecurity Specialist,82,80.79,89.45,3.4,91.02,48,4.4,29,No,84.48,HIGH
941936,Nishith Yadav,Sales,Sales Executive,56,78.83,98.77,4.5,91.81,37,4.3,6,No,90.38,HIGH
231534,Mahika Contractor,Sales,Business Development,97,64.36,79.57,4.6,94.62,41,4.8,2,Yes,88.34,HIGH
110767,Oorja Butala,Finance,Accountant,70,76.62,79.46,4.0,73.34,45,3.9,5,No,77.16,HIGH
163842,Jivin Tandon,IT,Software Engineer,96,72.6,90.01,4.9,87.51,36,4.1,26,Yes,87.52,HIGH
531739,Baiju Chakrabarti,Marketing,Content Strategist,79,92.35,76.89,4.5,99.93,53,3.3,14,No,85.79,HIGH
420742,Siya Mani,HR,Recruitment Specialist,50,65.27,89.19,3.3,73.85,42,4.9,21,No,79.32,HIGH
929792,Urvi Lata,Sales,Account Manager,87,70.97,96.6,4.1,84.7,47,3.2,30,No,81.03,HIGH
498049,Oorja Shan,Marketing,Content Strategist,84,63.8,89.61,4.6,83.08,55,3.1,22,No,80.03,HIGH
868171,Akarsh Rajagopal,Marketing,Marketing Executive,79,63.74,87.12,3.3,75.13,54,4.9,2,No,79.14,HIGH
267158,Dhruv Bhakta,Marketing,Marketing Executive,65,76.72,93.78,3.2,84.68,54,3.3,7,No,77.83,HIGH
578924,Veer Mander,IT,Software Engineer,69,92.81,92.44,4.6,87.53,49,3.7,19,No,87.23,HIGH
121979,Aarush Thakkar,IT,Cybersecurity Specialist,90,66.75,90.45,3.4,84.66,45,3.3,27,No,76.96,HIGH
787133,Shamik Chowdhury,Sales,Business Development,61,93.19,82.88,3.8,96.83,42,3.2,19,No,82.94,HIGH
196840,Tara Randhawa,HR,Employee Relations,68,64.46,79.18,3.6,83.99,36,4.6,2,No,80.28,HIGH
236487,Romil Choudhury,Marketing,Content Strategist,90,65.9,90.53,3.4,79.59,54,4.8,9,Yes,81.37,HIGH
653652,Kabir Date,IT,Software Engineer,89,89.16,87.16,3.4,76.72,54,3.3,14,No,76.16,HIGH
105672,Divyansh Bali,Finance,Accountant,66,70.57,77.25,4.1,72.03,41,3.3,21,No,73.72,MEDIUM
416052,Jivika Saxena,Finance,Accountant,97,94.37,94.56,4.6,84.48,37,3.1,24,No,84.49,HIGH
615742,Ranbir Bera,Finance,Accountant,59,69.21,79.57,4.7,72.13,38,4.7,29,No,82.07,HIGH
175813,Jayesh Bandi,IT,Cybersecurity Specialist,74,76.23,76.75,3.8,83.46,35,3.8,24,No,78.41,HIGH
763423,Parinaaz Mane,Finance,Financial Analyst,73,82.36,99.63,3.1,74.65,52,4.4,18,No,80.56,HIGH
879179,Vardaniya Tandon,IT,Software Engineer,66,83.58,93.05,3.8,84.84,52,3.6,22,No,82.02,HIGH
119419,Zara Bandi,HR,Recruitment Specialist,72,86.83,87.85,3.3,81.05,41,3.3,3,No,76.97,HIGH
635587,Riaan Som,HR,Employee Relations,61,93.2,76.7,5.0,95.3,54,4.1,15,No,89.65,HIGH
786623,Jivin Buch,Marketing,Marketing Executive,91,79.93,94.83,4.1,74.93,36,3.4,6,No,79.44,HIGH
516488,Aarna Chaudhary,IT,Data Analyst,68,93.7,89.93,3.7,77.8,42,3.3,17,No,78.7,HIGH
702662,Tushar Kunda,Marketing,Marketing Executive,87,81.01,84.03,4.4,86.6,38,3.4,30,No,82.09,HIGH
613227,Madhav Chawla,HR,Employee Relations,86,93.58,84.48,3.3,76.79,35,3.8,9,No,77.69,HIGH
444501,Madhup Ahluwalia,Finance,Auditor,70,60.87,82.35,3.8,96.95,45,3.2,1,No,79.64,HIGH
254257,Advika Thakkar,Sales,Business Development,71,82.4,83.99,3.9,89.48,54,4.2,5,No,84.28,HIGH
855084,Stuvan Edwin,Marketing,Marketing Executive,51,81.84,88.37,4.3,80.28,53,4.9,12,No,86.74,HIGH
559971,Eshani Mandal,HR,Employee Relations,62,83.15,84.08,3.2,93.6,37,3.5,25,No,80.01,HIGH
312287,Jayesh Sarma,Finance,Auditor,98,85.86,79.57,4.9,78.52,38,3.3,9,No,80.86,HIGH
810497,Lakshay Kant,Marketing,SEO Specialist,92,83.6,98.12,4.0,80.04,51,4.8,25,Yes,87.2,HIGH
593028,Miraya Loyal,IT,Cybersecurity Specialist,96,61.9,76.99,3.3,98.87,42,3.1,1,No,76.85,HIGH
785106,Arhaan Jhaveri,HR,Employee Relations,91,89.31,92.5,4.5,84.69,37,4.8,0,Yes,90.04,HIGH
516801,Aarna Kunda,Sales,Business Development,53,81.41,82.29,4.6,80.99,38,3.4,28,No,80.9,HIGH
456919,Prisha Lanka,Finance,Accountant,78,82.38,80.04,3.6,89.39,52,3.0,18,No,77.46,HIGH
608164,Hrishita Sharma,HR,HR Manager,70,93.67,75.82,4.2,76.15,52,4.8,6,No,83.38,HIGH
695493,Urvi Chakraborty,Sales,Business Development,80,94.98,83.21,4.3,70.68,44,3.9,0,No,80.14,HIGH
414210,Dharmajan Khurana,Marketing,Content Strategist,87,92.56,75.77,3.3,89.48,46,4.1,10,Yes,80.85,HIGH
268350,Zara Anand,Sales,Business Development,98,74.11,75.6,3.5,90.5,46,4.6,27,Yes,82.08,HIGH
208696,Kimaya Wagle,IT,Cybersecurity Specialist,83,87.12,91.58,4.0,81.13,41,3.3,28,No,80.57,HIGH
533294,Eshani Sahota,Marketing,Content Strategist,51,86.44,77.44,4.2,98.34,47,3.1,30,No,82.83,HIGH
559310,Miraya Sani,IT,Cybersecurity Specialist,88,91.08,97.39,3.7,77.28,49,4.8,19,Yes,85.77,HIGH
584510,Oorja Lall,Finance,Auditor,61,68.59,90.03,3.7,82.92,43,3.4,21,No,78.14,HIGH
646569,Anya Dutta,Finance,Accountant,62,78.77,87.53,4.0,75.45,48,4.2,20,No,80.82,HIGH
312218,Lavanya Sharaf,Finance,Accountant,53,79.31,87.84,4.4,77.44,46,4.1,29,No,82.73,HIGH
867379,Nakul Ganesh,HR,Employee Relations,65,80.86,81.13,4.1,70.66,42,3.7,26,No,76.71,HIGH
167716,Yakshit Korpal,IT,Data Analyst,87,73.03,96.14,4.3,82.24,44,4.2,25,Yes,85.2,HIGH
182875,Devansh Arya,HR,Recruitment Specialist,76,61.53,97.05,4.8,88.86,54,3.6,27,No,85.82,HIGH
113558,Pari Date,IT,Cybersecurity Specialist,62,79.41,83.79,4.5,75.0,48,3.5,30,No,79.2,HIGH
117853,Indrans Jhaveri,Sales,Account Manager,92,77.89,86.11,3.6,86.62,42,4.4,9,Yes,83.0,HIGH
461060,Anay Sethi,Marketing,Marketing Executive,91,63.69,94.9,4.5,74.32,53,3.7,10,No,80.44,HIGH
523370,Elakshi Sawhney,IT,Cybersecurity Specialist,51,70.02,75.68,4.3,94.09,49,3.2,24,No,80.36,HIGH
849267,Stuvan Sant,HR,Recruitment Specialist,68,82.47,89.07,3.5,80.35,47,4.6,23,No,82.57,HIGH
221231,Chirag Seshadri,HR,Recruitment Specialist,78,85.94,95.34,4.6,72.44,42,3.4,29,No,81.39,HIGH
170025,Indrans Basak,Sales,Business Development,91,88.35,76.86,3.1,91.47,55,3.5,12,No,78.05,HIGH
684786,Hrishita Sangha,HR,Employee Relations,83,60.01,82.93,3.3,95.59,52,4.6,17,No,82.86,HIGH
308136,Shayak Khare,HR,Employee Relations,56,93.61,79.7,4.6,80.53,37,4.5,28,No,85.86,HIGH
351552,Farhan Raj,Finance,Accountant,83,78.41,75.35,4.2,84.78,49,3.9,13,No,80.74,HIGH
881949,Lagan Sani,Sales,Account Manager,97,93.16,80.61,3.0,81.98,45,3.8,23,No,77.23,HIGH
179334,Vihaan Brahmbhatt,IT,Cybersecurity Specialist,92,81.02,83.89,4.6,70.99,50,4.0,16,No,80.58,HIGH
467161,Neelofar Bali,Finance,Auditor,63,60.1,91.64,3.9,91.88,47,3.3,20,No,80.7,HIGH
699245,Yuvraj  Kumar,HR,Recruitment Specialist,89,66.84,92.31,4.6,75.06,41,4.8,22,Yes,85.26,HIGH
766456,Lakshay Acharya,IT,Software Engineer,99,65.06,82.74,3.0,93.07,55,4.1,8,Yes,79.38,HIGH
692901,Amani Rana,Sales,Business Development,80,82.9,81.86,4.8,73.93,35,4.0,3,No,82.04,HIGH
963233,Vaibhav Bhattacharyya,Finance,Financial Analyst,96,93.24,82.1,3.9,86.34,46,4.3,11,Yes,84.45,HIGH
972714,Ryan Mall,Marketing,SEO Specialist,53,74.88,88.36,4.2,74.21,37,4.9,23,No,83.82,HIGH
679493,Nakul Uppal,Finance,Accountant,83,82.73,78.85,4.2,71.36,53,3.0,17,No,74.25,MEDIUM
938893,Nirvi Bhasin,IT,Cybersecurity Specialist,94,79.31,88.87,4.1,74.24,51,4.0,8,No,80.38,HIGH
385533,Madhup Butala,Sales,Account Manager,61,88.2,76.39,4.6,76.31,38,3.5,8,No,79.39,HIGH
957959,Elakshi Dyal,HR,Employee Relations,56,82.39,86.12,3.8,83.38,54,3.9,21,No,81.28,HIGH
785197,Urvi Dhar,Finance,Financial Analyst,87,67.44,86.35,3.8,78.59,44,5.0,20,Yes,82.79,HIGH
974553,Ivana Sachar,Finance,Financial Analyst,68,78.49,97.33,4.3,79.63,38,3.3,4,No,81.6,HIGH
654260,Damini Dugar,Marketing,Content Strategist,72,71.71,87.26,3.9,97.51,43,4.0,19,No,85.48,HIGH
303341,Advik Bassi,Marketing,SEO Specialist,94,72.07,80.94,3.1,83.57,51,4.4,7,Yes,78.47,HIGH
324244,Yuvraj  Sha,Marketing,Content Strategist,97,61.45,79.86,4.7,87.29,55,3.3,27,No,80.3,HIGH
441424,Uthkarsh Vig,Finance,Accountant,67,83.85,88.06,4.6,70.87,46,4.6,19,No,84.06,HIGH
378913,Khushi Lad,Sales,Business Development,67,80.65,99.28,4.2,76.26,43,3.7,23,No,82.4,HIGH
637523,Gatik Bajaj,Sales,Business Development,80,94.77,88.91,4.1,73.42,39,3.4,25,No,79.28,HIGH
776529,Gatik Mann,Sales,Sales Executive,64,61.79,75.39,4.4,81.21,43,4.2,6,No,80.02,HIGH
219261,Shray Mannan,IT,Cybersecurity Specialist,90,93.67,99.99,3.2,72.55,48,4.9,3,Yes,83.53,HIGH
708972,Aniruddh Maharaj,Marketing,SEO Specialist,78,62.2,77.69,3.2,92.6,39,3.4,6,No,75.94,HIGH
284767,Sahil Warrior,Sales,Sales Executive,96,68.15,94.59,3.9,73.49,40,4.1,21,Yes,79.78,HIGH
403237,Romil Dave,Marketing,Content Strategist,83,60.21,96.2,3.5,98.3,40,3.8,3,No,83.95,HIGH
917743,Chirag Chakraborty,IT,Cybersecurity Specialist,81,92.21,77.14,3.6,81.31,55,3.0,29,No,75.44,HIGH
127284,Ojas Choudhary,Marketing,SEO Specialist,57,61.24,94.95,3.2,70.38,47,3.3,27,No,72.23,MEDIUM
162369,Samar Kumar,Finance,Auditor,53,64.21,94.47,3.7,92.07,37,5.0,24,No,87.74,HIGH
151502,Navya Tailor,Marketing,Marketing Executive,55,76.15,78.0,4.3,77.0,51,4.6,27,No,81.92,HIGH
579328,Emir Ranganathan,HR,Recruitment Specialist,65,61.49,96.6,3.2,82.32,43,4.9,22,No,82.57,HIGH
911031,Uthkarsh Master,Sales,Account Manager,85,79.32,87.45,3.2,80.86,52,4.1,4,No,78.88,HIGH
826259,Misha Sama,Marketing,SEO Specialist,54,63.66,80.81,3.2,86.58,51,4.8,14,No,80.5,HIGH
760320,Gokul Aurora,HR,Employee Relations,57,89.0,98.34,3.2,88.8,46,3.1,13,No,80.41,HIGH
698407,Mahika Kamdar,Marketing,Marketing Executive,77,62.21,76.85,4.4,81.78,49,3.4,13,No,77.33,HIGH
652774,Purab Mangal,HR,Employee Relations,74,67.27,94.95,3.7,82.66,53,4.4,27,No,82.92,HIGH
156602,Ela Sant,HR,Employee Relations,88,68.27,83.88,3.7,79.17,44,4.4,29,Yes,79.75,HIGH
629644,Zaina Mand,HR,Employee Relations,80,75.54,97.65,4.0,70.6,40,3.9,10,No,79.86,HIGH
287695,Samarth Kata,IT,Software Engineer,85,71.31,78.57,3.1,95.29,39,4.6,0,No,82.23,HIGH
767113,Hiran Warrior,HR,Employee Relations,59,74.03,84.57,3.6,77.78,53,4.2,18,No,78.85,HIGH
306666,Uthkarsh Sodhi,Sales,Sales Executive,81,78.66,83.52,3.5,89.42,35,4.3,23,No,82.6,HIGH
900323,Lakshit Jaggi,Sales,Account Manager,84,83.37,83.76,4.8,76.05,37,4.5,13,No,85.1,HIGH
837755,Bhavin Rajagopalan,IT,Software Engineer,81,61.02,83.71,3.8,94.01,52,4.1,30,No,82.65,HIGH
481807,Myra Kaul,IT,Software Engineer,70,63.13,99.82,3.3,80.19,38,4.4,27,No,81.13,HIGH
581486,Dhruv Bali,HR,Recruitment Specialist,70,84.09,79.15,4.6,79.33,49,3.7,3,No,81.24,HIGH
526927,Heer Khosla,Finance,Accountant,97,78.6,79.38,3.9,88.85,42,3.1,0,No,78.39,HIGH
104468,Baiju Kibe,HR,HR Manager,50,76.99,76.0,3.7,98.61,45,3.9,21,No,82.88,HIGH
975343,Pihu Brar,IT,Software Engineer,72,87.98,75.76,3.0,84.62,48,3.8,14,No,76.54,HIGH
180560,Ishaan Ben,Finance,Auditor,56,94.39,84.92,4.4,73.93,47,3.4,27,No,79.8,HIGH
774164,Faiyaz Mahajan,Finance,Financial Analyst,88,62.79,93.5,3.7,87.19,41,4.1,7,Yes,82.34,HIGH
432784,Urvi Jayaraman,HR,Recruitment Specialist,84,90.92,83.5,4.0,75.14,43,3.2,8,No,77.13,HIGH
562710,Hiran Yadav,Finance,Financial Analyst,94,67.63,92.25,4.9,80.6,53,3.5,21,No,82.99,HIGH
738026,Charvi Khosla,Sales,Sales Executive,84,89.61,87.85,3.3,88.25,51,4.7,5,No,85.01,HIGH
422041,Inaaya  Sathe,Sales,Account Manager,86,80.68,83.94,4.1,70.08,50,3.8,14,No,77.48,HIGH
645875,Darshit Ramanathan,IT,Cybersecurity Specialist,61,74.52,95.56,4.5,87.13,45,4.9,27,No,90.3,HIGH
204792,Stuvan Brahmbhatt,IT,Data Analyst,100,86.74,94.94,3.9,85.94,53,4.5,22,Yes,87.04,HIGH
716823,Anay Thakkar,Marketing,Content Strategist,77,61.79,82.74,4.6,91.55,41,4.9,16,No,88.19,HIGH
775739,Oorja Kakar,HR,HR Manager,65,66.7,99.02,4.6,96.02,49,3.2,29,No,86.48,HIGH
368394,Raunak Kant,Sales,Account Manager,100,67.48,98.13,3.7,71.86,53,4.0,10,No,78.73,HIGH
661791,Dishani Bal,Finance,Financial Analyst,88,79.06,86.88,3.8,83.1,49,3.4,20,No,79.01,HIGH
314488,Kiara Yogi,IT,Cybersecurity Specialist,61,67.91,99.42,4.5,74.35,55,4.3,14,No,84.18,HIGH
807102,Arhaan Devan,Finance,Financial Analyst,56,69.56,92.42,3.3,91.39,40,3.3,13,No,79.26,HIGH
712648,Aarav Kala,Sales,Account Manager,89,67.43,77.97,3.4,87.57,54,3.7,27,No,77.01,HIGH
628319,Tiya Raj,IT,Software Engineer,64,72.87,76.92,4.8,90.5,51,3.8,3,No,84.22,HIGH
998806,Akarsh Shanker,Sales,Account Manager,53,84.31,84.8,4.8,71.01,37,4.2,14,No,82.69,HIGH
923001,Fateh Babu,Sales,Account Manager,81,79.96,98.67,3.7,83.42,45,4.3,9,No,84.76,HIGH
998971,Ayesha Devan,Sales,Business Development,83,91.51,92.26,5.0,78.25,38,3.5,7,No,85.08,HIGH
258563,Hazel Rao,Marketing,Marketing Executive,58,76.39,90.1,4.5,97.71,44,4.7,11,No,91.77,HIGH
512602,Myra Ranganathan,Sales,Account Manager,95,86.86,85.18,4.8,89.67,36,4.2,11,Yes,88.62,HIGH
584430,Adira Varty,Sales,Business Development,59,94.37,86.56,4.3,80.7,48,4.6,6,No,86.56,HIGH
710491,Ranbir Comar,IT,Software Engineer,63,90.9,80.03,3.7,83.4,36,4.9,2,No,84.52,HIGH
156467,Kanav Mangat,IT,Software Engineer,74,76.34,98.26,4.9,87.26,47,4.2,10,No,89.86,HIGH
692836,Taran Bhat,Marketing,SEO Specialist,73,61.98,98.11,4.8,78.6,38,3.6,9,No,83.0,HIGH
868106,Stuvan Khatri,HR,Employee Relations,55,70.04,83.26,4.9,82.94,54,3.3,9,No,81.34,HIGH
614028,Ritvik Biswas,HR,Recruitment Specialist,59,75.95,92.77,4.4,83.57,45,3.3,8,No,82.02,HIGH
918945,Damini Gara,HR,Recruitment Specialist,63,83.44,75.96,3.5,93.45,46,4.9,9,No,85.17,HIGH
607571,Tanya Dyal,HR,Recruitment Specialist,74,78.15,84.55,3.3,99.75,42,4.2,16,No,84.65,HIGH
934229,Ivana Chander,Marketing,Marketing Executive,70,62.78,75.12,3.5,98.91,40,3.8,29,No,80.18,HIGH
158185,Sana Sani,Marketing,SEO Specialist,91,81.11,85.73,3.2,71.0,42,4.9,12,Yes,78.96,HIGH
666897,Rati Bali,HR,HR Manager,96,74.76,96.96,3.8,79.02,40,4.9,2,Yes,85.37,HIGH
911788,Kiaan Chaudhuri,HR,HR Manager,90,89.11,78.8,5.0,79.2,55,3.4,27,No,82.03,HIGH
833934,Ishita Bhatia,Marketing,SEO Specialist,63,74.73,77.04,3.7,99.06,39,4.2,13,No,84.2,HIGH
836415,Dharmajan Dhillon,Marketing,Marketing Executive,100,74.0,80.18,5.0,73.38,51,3.4,3,No,79.05,HIGH
275762,Gokul Jhaveri,Finance,Accountant,84,84.81,99.77,3.5,99.33,37,4.6,13,No,90.63,HIGH
193019,Jivika D’Alia,HR,HR Manager,90,84.13,88.08,4.6,93.71,49,4.6,5,Yes,90.94,HIGH
343615,Manjari Chand,HR,Recruitment Specialist,98,68.76,77.71,4.6,78.17,55,4.9,28,Yes,83.87,HIGH
408486,Nakul Batta,HR,HR Manager,58,88.04,86.98,4.3,95.28,43,3.5,30,No,85.98,HIGH
956539,Pari Desai,Sales,Sales Executive,52,86.81,75.73,3.0,85.0,39,3.8,19,No,76.53,HIGH
103626,Tara Bhardwaj,Sales,Account Manager,56,75.32,92.8,4.6,75.33,41,4.2,0,No,83.89,HIGH
581220,Kiara Chaudhary,Marketing,Marketing Executive,67,94.23,92.03,4.9,79.39,43,4.4,24,No,88.85,HIGH
383822,Tara Sarma,IT,Software Engineer,54,87.1,78.01,4.3,76.98,50,4.7,26,No,83.41,HIGH
450922,Adira Ganesh,HR,HR Manager,92,81.05,99.53,4.4,79.8,38,3.2,22,No,82.35,HIGH
575013,Adira Mannan,Sales,Account Manager,89,85.02,77.78,4.9,96.6,47,4.5,10,Yes,90.64,HIGH
778350,Ivana Som,Marketing,SEO Specialist,69,60.95,80.48,3.2,91.48,36,3.3,8,No,75.64,HIGH
353047,Advika Venkatesh,Sales,Business Development,82,81.53,78.04,4.3,93.0,51,3.7,27,No,83.66,HIGH
554758,Nirvaan Sridhar,Finance,Auditor,70,75.27,82.87,3.2,70.12,50,4.8,29,No,77.14,HIGH
235762,Veer Shah,HR,HR Manager,71,87.27,90.85,3.3,97.94,51,4.5,27,No,87.48,HIGH
869003,Madhup Gill,Marketing,Content Strategist,97,87.39,76.32,4.2,85.87,43,4.9,24,Yes,86.16,HIGH
178442,Zara Dhingra,Finance,Accountant,84,86.83,75.36,3.5,91.73,38,4.3,7,No,82.47,HIGH
604786,Adira Arya,Marketing,Marketing Executive,74,67.03,81.05,3.7,97.14,53,4.5,11,No,84.86,HIGH
706992,Alisha Sabharwal,HR,HR Manager,77,65.95,89.42,3.8,95.03,45,4.0,26,No,84.19,HIGH
417279,Anvi Bhatti,IT,Software Engineer,79,94.13,94.73,3.0,96.09,43,4.0,30,No,85.19,HIGH
734226,Jivin Brahmbhatt,HR,HR Manager,58,78.71,83.32,4.6,94.97,37,4.8,11,No,90.63,HIGH
337652,Dhruv Kapur,Finance,Accountant,81,85.87,92.77,4.7,78.77,41,3.5,27,No,83.57,HIGH
347839,Lagan Jain,Finance,Auditor,65,72.52,75.97,3.6,96.73,40,4.1,3,No,82.26,HIGH
341374,Saira Dey,Finance,Auditor,73,84.55,92.21,4.8,78.8,39,4.1,17,No,86.14,HIGH
897160,Mehul Kant,IT,Data Analyst,61,65.25,82.48,4.9,87.7,47,3.8,28,No,84.13,HIGH
336606,Elakshi Bajwa,HR,Recruitment Specialist,86,65.21,79.79,4.7,95.34,49,3.4,15,No,83.48,HIGH
743421,Stuvan Goel,Sales,Account Manager,76,60.64,83.55,4.5,76.48,50,4.3,6,No,80.92,HIGH
868315,Stuvan Batta,Sales,Business Development,99,62.85,90.07,3.3,73.03,39,3.3,27,No,72.61,MEDIUM
454665,Divij Karpe,Sales,Account Manager,50,76.88,84.28,4.6,91.25,44,3.1,20,No,82.72,HIGH
624983,Yasmin Ramachandran,Finance,Auditor,80,93.29,94.59,3.0,86.11,55,4.2,0,No,82.88,HIGH
130180,Adira Arya,HR,Employee Relations,56,63.08,98.62,3.3,97.52,46,3.8,30,No,83.69,HIGH
144603,Sara Loke,Finance,Auditor,90,61.72,80.98,4.2,97.0,52,4.4,10,Yes,85.87,HIGH
528129,Hridaan Kapur,Finance,Accountant,100,63.8,82.57,3.2,78.13,40,4.1,11,Yes,75.53,HIGH
434481,Ivan Bhatt,Sales,Business Development,71,84.98,77.81,4.0,89.32,39,4.5,16,No,84.86,HIGH
525197,Romil Agrawal,Finance,Auditor,76,88.5,81.25,3.4,92.5,38,3.2,21,No,79.25,HIGH
124269,Miraya Atwal,Sales,Business Development,71,67.62,100.0,4.1,73.09,36,3.7,6,No,79.89,HIGH
130629,Anya Bains,Marketing,Content Strategist,70,67.05,87.97,3.1,81.57,39,3.7,13,No,75.97,HIGH
112883,Ahana  Ratti,IT,Cybersecurity Specialist,72,67.28,88.27,3.3,71.21,40,3.7,20,No,73.74,MEDIUM
824348,Hiran Rama,Finance,Auditor,72,73.51,79.21,4.2,99.95,50,3.8,8,No,85.18,HIGH
596928,Nakul Bansal,Sales,Account Manager,97,71.6,97.76,4.9,78.07,46,4.7,6,Yes,88.53,HIGH
916725,Aayush Agate,IT,Cybersecurity Specialist,60,60.54,86.84,4.6,81.09,36,4.1,16,No,82.55,HIGH
907675,Dharmajan Kaul,Marketing,Marketing Executive,56,67.96,79.29,4.5,86.47,35,3.1,26,No,79.0,HIGH
399624,Anika Bedi,Finance,Auditor,53,71.27,85.06,3.8,99.44,38,4.8,18,No,88.37,HIGH
330944,Kiara Kanda,Sales,Account Manager,58,68.09,77.62,3.4,73.64,45,4.4,21,No,75.62,HIGH
301263,Akarsh Chanda,HR,Employee Relations,80,84.24,92.81,3.7,94.42,54,3.1,3,No,82.51,HIGH
474721,Sara Dass,HR,Recruitment Specialist,56,78.0,80.45,3.3,73.46,40,5.0,19,No,79.13,HIGH
543620,Heer Subramanian,Sales,Account Manager,82,71.8,78.05,3.3,77.69,36,3.8,9,No,74.5,MEDIUM
329274,Mishti Sachdeva,HR,Employee Relations,80,90.75,98.87,3.9,78.44,36,4.7,30,No,86.78,HIGH
508920,Prisha Tank,Sales,Business Development,66,80.24,99.03,5.0,70.68,50,4.2,25,No,85.83,HIGH
168985,Rasha Lad,IT,Cybersecurity Specialist,98,70.42,79.34,3.7,72.49,43,3.6,30,No,73.86,MEDIUM
609201,Aniruddh Sachdeva,Marketing,Marketing Executive,76,70.49,81.75,4.9,80.37,42,4.0,11,No,83.11,HIGH
174556,Tara Keer,Marketing,SEO Specialist,66,79.16,78.63,3.2,78.81,55,4.3,0,No,77.28,HIGH
350327,Kismat Doshi,HR,HR Manager,83,78.44,80.88,3.0,97.51,41,3.0,18,No,77.27,HIGH
345269,Anay Bali,IT,Data Analyst,80,65.38,93.1,4.5,75.14,48,4.7,18,No,84.5,HIGH
322501,Dishani Tata,Finance,Financial Analyst,87,79.9,88.09,3.8,82.57,40,4.9,21,Yes,85.18,HIGH
117709,Shlok Gour,HR,Employee Relations,56,60.93,87.68,3.7,96.59,43,4.4,27,No,85.01,HIGH
963111,Adah Karnik,Finance,Accountant,72,69.55,97.83,4.8,79.03,37,3.3,1,No,82.63,HIGH
496470,Nirvaan Vyas,Finance,Accountant,82,67.76,78.6,3.8,99.86,35,4.5,21,No,85.65,HIGH
462961,Indrajit Ramanathan,Sales,Account Manager,99,81.9,81.84,4.6,94.71,51,4.7,13,Yes,90.17,HIGH
622030,Madhav Ramaswamy,HR,HR Manager,94,69.41,76.1,3.2,78.62,51,4.6,6,Yes,76.95,HIGH
621309,Prisha Solanki,IT,Software Engineer,83,62.81,85.79,3.5,80.62,50,3.8,27,No,76.82,HIGH
188974,Veer Chokshi,Marketing,SEO Specialist,79,69.06,94.21,3.7,90.48,49,3.8,17,No,82.89,HIGH
201578,Siya Khanna,Marketing,Content Strategist,55,69.72,98.28,4.4,83.59,42,4.2,23,No,86.1,HIGH
235296,Gatik Boase,IT,Software Engineer,57,69.22,81.68,3.6,86.58,39,4.9,2,No,83.23,HIGH
911448,Aniruddh Garg,IT,Cybersecurity Specialist,63,65.8,87.19,3.4,97.73,52,3.3,20,No,80.14,HIGH
144988,Sara Shetty,Marketing,SEO Specialist,84,94.0,86.39,4.6,90.08,55,4.8,13,No,91.3,HIGH
228392,Prisha Lal,Marketing,Marketing Executive,61,74.96,97.58,3.3,76.09,49,3.5,3,No,77.04,HIGH
440215,Himmat Ramachandran,Sales,Account Manager,57,77.6,99.36,3.1,90.56,48,3.0,9,No,79.2,HIGH
575830,Divij Borah,Finance,Financial Analyst,75,68.79,80.65,3.3,77.77,40,4.9,26,No,79.14,HIGH
778582,Shalv Swamy,Finance,Accountant,54,93.89,91.38,4.7,77.23,53,4.2,20,No,86.43,HIGH
192425,Kanav Goswami,Sales,Business Development,52,85.18,86.91,3.1,93.16,55,3.0,7,No,78.25,HIGH
154784,Lakshay Krish,HR,Recruitment Specialist,85,83.52,89.03,3.4,78.52,36,3.3,6,No,76.51,HIGH
620971,Priyansh Tella,Finance,Auditor,92,74.46,86.68,3.8,70.04,46,4.1,13,Yes,77.39,HIGH
534778,Raghav Karan,Marketing,Marketing Executive,91,65.04,86.84,3.5,77.1,55,4.4,10,Yes,78.6,HIGH
397463,Shray Sood,Finance,Accountant,88,60.47,77.63,5.0,98.23,47,4.3,26,Yes,88.24,HIGH
670110,Aarna Srinivasan,Sales,Account Manager,98,92.28,81.85,4.5,78.34,45,3.7,28,No,81.9,HIGH
622635,Veer Kannan,HR,Recruitment Specialist,54,67.71,87.36,4.9,97.05,48,4.8,1,No,92.16,HIGH
724139,Heer Rout,HR,Recruitment Specialist,94,85.29,78.74,4.5,88.03,38,3.6,9,No,83.09,HIGH
208283,Samaira Kaul,HR,Recruitment Specialist,86,81.68,79.97,3.7,96.96,42,4.3,9,Yes,85.25,HIGH
778899,Vivaan Wagle,Finance,Accountant,51,83.9,94.29,4.4,74.68,55,3.8,30,No,82.45,HIGH
740244,Vritika Grover,HR,HR Manager,71,64.4,87.59,4.1,88.96,44,4.0,29,No,83.05,HIGH
869661,Neelofar Varghese,HR,Employee Relations,74,93.43,77.61,4.9,86.77,40,4.2,25,No,87.3,HIGH
153656,Drishya Salvi,Marketing,SEO Specialist,96,94.45,81.57,3.8,91.74,39,4.6,13,Yes,86.88,HIGH
181641,Seher Chandran,Finance,Auditor,53,84.25,87.08,3.9,94.64,40,3.2,26,No,82.63,HIGH
319676,Ishita Bhatti,Sales,Sales Executive,88,68.5,97.24,4.9,93.35,41,3.4,14,No,87.5,HIGH
341103,Sara Sachar,HR,Recruitment Specialist,100,67.74,82.33,3.0,89.99,53,4.0,29,No,78.24,HIGH
453414,Dhruv Sankaran,Sales,Sales Executive,53,79.44,80.62,4.1,87.61,47,4.0,20,No,82.75,HIGH
248278,Kismat Grover,Marketing,Marketing Executive,73,94.01,90.64,4.7,74.39,50,3.8,20,No,83.85,HIGH
289795,Kartik Jaggi,Marketing,Content Strategist,92,78.46,85.88,4.3,73.16,52,4.3,15,Yes,81.37,HIGH
272304,Reyansh Karpe,Sales,Business Development,92,85.0,85.66,5.0,76.98,44,3.5,14,No,82.73,HIGH
942019,Sara Lata,Finance,Auditor,67,91.31,88.51,3.3,82.93,38,4.8,13,No,84.11,HIGH
549044,Neysa Din,HR,Employee Relations,67,84.86,80.1,3.1,70.97,44,3.8,15,No,73.4,MEDIUM
646979,Rania Kannan,Marketing,Content Strategist,96,76.01,76.12,4.0,94.26,41,3.2,5,No,79.9,HIGH
712534,Shalv Sidhu,HR,Employee Relations,51,81.42,75.28,4.0,97.37,45,3.2,13,No,81.21,HIGH
919417,Himmat Shah,HR,Recruitment Specialist,91,73.74,78.32,5.0,77.0,48,3.6,19,No,80.54,HIGH
640447,Saira Kala,Marketing,Marketing Executive,76,68.29,87.4,3.7,79.46,54,4.6,2,No,81.35,HIGH
811657,Kashvi Varughese,HR,Recruitment Specialist,99,68.8,75.21,3.1,76.9,49,4.2,20,Yes,74.19,MEDIUM
274173,Eva Mahajan,Marketing,Content Strategist,58,89.17,97.61,3.1,91.23,44,4.1,18,No,84.61,HIGH
466374,Raghav Chaudhari,Finance,Financial Analyst,67,91.64,77.28,4.0,77.85,50,3.7,13,No,78.78,HIGH
453674,Nirvi Ganguly,Sales,Account Manager,58,83.14,91.64,3.1,72.2,46,4.2,13,No,77.5,HIGH
323326,Nirvi Buch,Marketing,SEO Specialist,96,86.5,82.68,3.1,92.98,51,4.8,17,Yes,84.68,HIGH
539289,Gokul Chand,IT,Data Analyst,72,67.39,78.11,3.1,83.81,42,3.7,16,No,74.7,MEDIUM
912802,Damini Khosla,Marketing,Content Strategist,70,82.73,86.93,4.7,82.23,46,3.7,0,No,83.93,HIGH
194874,Nishith Soni,Sales,Account Manager,51,85.28,75.89,5.0,98.96,39,3.3,25,No,86.59,HIGH
746809,Khushi Wable,Sales,Account Manager,63,78.63,75.13,3.7,81.79,54,4.2,4,No,79.03,HIGH
836718,Mehul Chatterjee,HR,Employee Relations,81,83.61,75.42,3.8,96.6,48,3.0,26,No,79.63,HIGH
758214,Manjari Goda,Sales,Sales Executive,59,93.86,84.54,4.2,78.5,54,4.4,10,No,84.24,HIGH
456483,Aniruddh Agrawal,Marketing,Content Strategist,90,69.06,79.73,4.0,71.53,48,3.5,12,No,74.31,MEDIUM
873505,Taimur Ganguly,Marketing,Content Strategist,68,72.87,91.45,4.0,92.75,39,3.9,6,No,85.0,HIGH
251623,Kartik Venkataraman,Marketing,SEO Specialist,95,76.66,83.72,4.8,98.65,44,4.3,24,Yes,90.4,HIGH
459243,Sana Dugar,HR,Employee Relations,89,76.16,82.08,3.8,79.65,39,4.5,0,Yes,81.13,HIGH
435587,Veer Chander,Finance,Financial Analyst,59,72.61,83.29,3.2,72.19,37,4.5,10,No,76.38,HIGH
794350,Nehmat Karnik,Sales,Sales Executive,74,70.05,80.35,4.5,76.64,47,4.2,14,No,80.87,HIGH
904358,Hrishita Mane,HR,Employee Relations,76,87.95,84.01,3.4,77.57,45,4.5,7,No,80.47,HIGH
588175,Miraan Master,IT,Software Engineer,90,64.63,86.6,3.2,94.71,37,4.1,29,Yes,81.4,HIGH
551737,Kartik Chand,HR,HR Manager,58,62.38,83.96,4.3,97.39,37,3.3,16,No,82.65,HIGH
863646,Lagan Sridhar,Finance,Auditor,62,84.37,94.98,3.3,81.66,45,4.0,14,No,81.13,HIGH
939679,Ehsaan Kala,Marketing,SEO Specialist,85,90.15,93.46,3.2,98.03,36,3.7,4,No,84.72,HIGH
237549,Shalv Kunda,HR,HR Manager,83,85.61,82.62,3.2,81.13,37,4.1,1,No,78.62,HIGH
120455,Samaira Ramakrishnan,IT,Cybersecurity Specialist,61,67.08,78.39,4.9,80.34,52,3.4,27,No,79.69,HIGH
488107,Heer Keer,Sales,Account Manager,70,76.44,85.13,3.8,80.48,39,3.3,14,No,77.21,HIGH
164170,Ira Virk,Marketing,Content Strategist,60,90.71,95.63,3.3,83.34,35,3.1,29,No,78.8,HIGH
204062,Manikya Shanker,IT,Data Analyst,85,87.43,81.94,4.8,80.31,44,3.0,27,No,80.42,HIGH
967697,Dhanush Deol,IT,Data Analyst,95,81.51,91.23,4.7,97.57,44,3.1,14,No,86.87,HIGH
700615,Eshani Ahuja,Marketing,SEO Specialist,100,65.27,93.64,3.1,74.36,39,4.2,2,Yes,76.76,HIGH
610421,Baiju Bhagat,HR,Recruitment Specialist,91,67.51,89.87,3.4,70.48,53,4.3,9,Yes,76.67,HIGH
529533,Rati Hayer,HR,Employee Relations,61,65.7,77.61,4.6,95.12,54,4.9,24,No,88.63,HIGH
820451,Tara Wali,HR,HR Manager,59,81.56,84.44,3.2,94.02,40,4.6,4,No,84.45,HIGH
253148,Jayan Soman,HR,Employee Relations,95,60.32,78.73,4.6,77.55,44,3.9,5,No,79.04,HIGH
554153,Anya Sabharwal,IT,Data Analyst,57,75.41,92.51,4.2,81.65,37,3.6,10,No,81.74,HIGH
238211,Jayesh Krish,IT,Cybersecurity Specialist,64,64.96,89.36,4.2,78.91,42,4.9,22,No,84.44,HIGH
660256,Shalv Mander,Sales,Account Manager,67,91.98,75.53,3.0,70.16,47,3.2,26,No,70.15,MEDIUM
421112,Mahika Kata,IT,Data Analyst,66,67.31,99.99,3.2,77.42,39,3.8,8,No,77.96,HIGH
201415,Fateh Chokshi,IT,Cybersecurity Specialist,71,76.2,76.04,3.1,97.51,42,3.4,12,No,78.08,HIGH
181518,Farhan Konda,Sales,Business Development,85,78.48,76.61,4.1,95.79,53,3.3,27,No,81.51,HIGH
838689,Manjari Johal,Sales,Sales Executive,93,62.57,87.42,3.9,86.95,42,4.7,1,Yes,84.23,HIGH
121502,Vidur Thaker,Marketing,SEO Specialist,84,68.47,76.36,4.4,83.69,39,4.9,18,No,84.43,HIGH
119536,Lakshay Dani,Marketing,SEO Specialist,84,68.39,77.11,4.3,85.66,45,4.2,4,No,81.96,HIGH
131346,Kiaan Mangat,Finance,Financial Analyst,96,60.33,96.65,4.5,71.53,41,3.4,3,No,78.42,HIGH
968609,Nirvi Kumer,IT,Data Analyst,79,65.0,75.17,4.7,74.21,50,4.4,5,No,80.2,HIGH
582496,Saanvi Bumb,Marketing,Content Strategist,64,90.29,94.82,3.7,73.29,37,4.7,20,No,83.58,HIGH
534556,Baiju Loke,Marketing,Marketing Executive,80,76.17,90.31,3.5,81.52,52,4.9,13,No,83.74,HIGH
748618,Madhav Savant,IT,Data Analyst,98,94.2,88.9,4.6,84.96,41,3.9,1,No,86.69,HIGH
502550,Ivana Gupta,Sales,Business Development,61,82.86,75.51,3.4,73.56,36,4.7,7,No,77.86,HIGH
875160,Ehsaan Char,IT,Software Engineer,75,87.22,79.71,3.7,76.86,43,3.5,20,No,76.52,HIGH
854820,Anahi Hegde,IT,Software Engineer,71,84.01,82.37,4.1,94.28,45,4.6,23,No,87.96,HIGH
481326,Umang Sura,Finance,Auditor,65,75.39,84.36,3.1,89.77,40,4.9,23,No,83.34,HIGH
128104,Emir Ray,Marketing,SEO Specialist,90,63.82,99.35,3.2,74.63,44,4.7,29,Yes,80.24,HIGH
169384,Lakshit Sharma,Sales,Sales Executive,71,88.6,96.18,4.5,87.39,35,3.6,11,No,86.71,HIGH
913210,Riya Khanna,Sales,Account Manager,77,63.59,76.86,4.6,77.04,45,3.4,14,No,76.84,HIGH
434839,Zoya Din,IT,Data Analyst,52,85.03,76.51,4.2,89.67,51,4.1,3,No,83.91,HIGH
434004,Manjari Sarna,Finance,Auditor,91,71.09,93.11,3.9,76.97,44,4.5,18,Yes,82.42,HIGH
129593,Zoya Sidhu,HR,Employee Relations,82,91.07,86.25,4.6,83.37,47,4.3,3,No,86.97,HIGH
974327,Madhav Ravel,Sales,Account Manager,50,72.7,90.06,3.2,86.34,45,3.5,24,No,77.98,HIGH
307189,Farhan Mandal,HR,HR Manager,80,72.2,93.68,4.4,81.88,46,3.7,11,No,82.92,HIGH
887680,Mamooty Karpe,HR,Recruitment Specialist,58,81.91,95.62,3.7,81.08,51,3.6,3,No,80.84,HIGH
666391,Yuvraj  Krish,Sales,Business Development,93,80.38,81.86,4.4,71.29,36,4.4,17,Yes,81.0,HIGH
592890,Zaina Dhawan,HR,Recruitment Specialist,82,84.18,93.52,4.6,97.42,55,3.1,12,No,87.15,HIGH
478395,Indrajit Anne,HR,Recruitment Specialist,73,83.63,80.0,3.4,80.78,49,3.4,24,No,75.8,HIGH
830228,Mamooty Sarin,HR,Recruitment Specialist,86,84.28,82.49,4.4,98.58,46,4.2,0,Yes,88.9,HIGH
304834,Baiju Sarkar,IT,Software Engineer,61,63.9,84.23,3.0,77.32,48,4.6,23,No,76.83,HIGH
923529,Kabir Sankaran,Finance,Financial Analyst,78,93.98,89.39,3.2,88.77,40,4.4,2,No,84.31,HIGH
293210,Zoya Grewal,Sales,Business Development,77,67.18,83.71,4.5,82.63,44,4.2,19,No,83.05,HIGH
324323,Jiya Rama,Sales,Business Development,54,61.27,99.52,3.5,94.02,53,4.8,17,No,87.44,HIGH
441954,Jhanvi Chaudhari,Marketing,Content Strategist,56,83.66,82.4,5.0,78.27,54,4.0,3,No,84.33,HIGH
277131,Zain Viswanathan,Sales,Sales Executive,54,89.23,99.64,3.5,98.84,44,4.3,2,No,89.7,HIGH
652709,Armaan Kibe,HR,Employee Relations,94,92.26,89.82,3.7,80.99,51,3.2,27,No,79.09,HIGH
820728,Diya Korpal,HR,Recruitment Specialist,57,85.05,99.79,4.8,76.48,53,4.9,0,No,90.21,HIGH
181754,Kiara Doshi,HR,Employee Relations,95,88.64,93.79,4.5,80.6,52,3.2,22,No,82.6,HIGH
435297,Hiran Agate,Marketing,SEO Specialist,85,71.0,93.13,4.7,77.05,38,3.4,21,No,81.24,HIGH
787579,Gokul Sami,Finance,Auditor,84,93.67,84.87,3.1,80.75,36,4.2,29,No,79.77,HIGH
220450,Madhav Hayer,IT,Data Analyst,91,68.54,81.08,3.2,94.12,50,3.6,0,No,78.51,HIGH
958055,Shayak Sura,Sales,Business Development,57,91.11,88.04,4.7,91.34,43,4.0,25,No,88.92,HIGH
863212,Zain Deo,Sales,Account Manager,56,60.33,93.45,4.4,76.57,54,4.6,10,No,83.69,HIGH
757454,Tanya Bhatti,IT,Cybersecurity Specialist,74,91.55,93.14,4.9,79.05,43,4.5,16,No,89.1,HIGH
460968,Sahil Goel,Sales,Account Manager,83,83.84,92.81,4.1,93.86,45,4.4,29,No,89.1,HIGH
547113,Pihu Zacharia,HR,HR Manager,66,93.5,96.74,3.4,81.85,37,3.4,30,No,80.45,HIGH
631260,Zain Tella,Finance,Accountant,81,67.92,84.4,4.1,98.12,53,3.2,25,No,82.31,HIGH
700376,Pranay Garde,Finance,Auditor,99,84.13,82.39,4.1,95.26,44,3.6,0,No,84.27,HIGH
985546,Mohanlal Krishna,IT,Data Analyst,65,90.44,92.87,3.3,71.79,48,3.2,22,No,75.16,HIGH
507884,Dhanush Dixit,IT,Data Analyst,59,64.69,96.5,4.9,76.23,51,4.8,3,No,87.44,HIGH
702339,Kiaan Karnik,HR,Recruitment Specialist,79,64.53,97.94,4.5,71.05,52,3.1,21,No,77.76,HIGH
193478,Dhruv Chatterjee,Finance,Accountant,96,66.78,98.96,3.9,83.38,48,4.4,27,Yes,84.68,HIGH
466311,Rasha Sanghvi,HR,HR Manager,86,62.78,81.84,4.2,71.42,46,3.1,17,No,73.27,MEDIUM
532900,Anaya Thakur,Marketing,Marketing Executive,91,88.9,95.79,4.0,85.62,49,3.2,1,No,82.53,HIGH
377172,Tushar Rama,Marketing,Content Strategist,93,63.92,86.7,3.1,84.42,52,4.5,0,Yes,79.46,HIGH
569924,Yashvi Karpe,Finance,Accountant,99,60.8,89.28,3.4,75.29,50,3.1,16,No,72.52,MEDIUM
102178,Kimaya Gara,HR,HR Manager,81,81.72,97.81,4.7,79.52,45,4.5,30,No,88.39,HIGH
253416,Khushi Kurian,IT,Software Engineer,78,66.36,84.71,3.4,72.49,38,4.4,9,No,76.52,HIGH
136761,Nishith Srivastava,IT,Cybersecurity Specialist,80,83.38,80.33,3.1,93.9,39,4.6,12,No,83.37,HIGH
928931,Vritika Lal,Finance,Auditor,72,78.59,91.02,3.1,85.85,38,4.5,26,No,82.22,HIGH
411761,Neelofar Gera,Marketing,SEO Specialist,79,73.94,92.35,3.0,82.4,46,3.2,17,No,75.38,HIGH
468358,Nirvaan Sethi,HR,Recruitment Specialist,75,60.43,76.39,4.5,77.05,52,4.7,16,No,81.24,HIGH
508329,Ira Mand,Finance,Auditor,98,61.36,93.74,4.9,95.04,40,3.8,10,No,88.2,HIGH
934273,Nehmat Goel,Marketing,SEO Specialist,62,62.32,88.62,4.9,80.55,38,3.2,10,No,80.52,HIGH
962342,Kismat Chana,Marketing,Content Strategist,85,68.79,82.8,4.5,77.28,44,3.5,8,No,78.62,HIGH
869566,Alia Chand,HR,Employee Relations,56,93.17,81.4,4.6,91.37,38,4.4,16,No,89.01,HIGH
561927,Tarini Swaminathan,IT,Cybersecurity Specialist,70,77.39,90.37,3.7,70.97,47,4.2,24,No,78.7,HIGH
850758,Anahi Chokshi,Marketing,SEO Specialist,59,77.06,89.49,4.4,98.77,44,3.8,5,No,88.04,HIGH
657985,Reyansh Khatri,HR,Employee Relations,75,63.91,76.57,3.7,96.8,37,3.5,23,No,79.54,HIGH
268102,Navya Virk,IT,Cybersecurity Specialist,63,78.66,78.87,4.9,83.46,40,3.7,10,No,83.08,HIGH
640782,Devansh Kala,Marketing,Marketing Executive,65,63.11,90.02,4.4,94.7,45,4.4,25,No,87.93,HIGH
787328,Manjari Dyal,Sales,Business Development,93,67.82,92.94,3.1,87.31,53,3.7,18,No,78.76,HIGH
107797,Lagan Khosla,Sales,Account Manager,92,83.33,86.82,4.6,70.05,42,4.0,21,No,81.11,HIGH
178537,Tiya Khare,IT,Cybersecurity Specialist,60,86.19,97.49,4.3,78.9,36,3.1,29,No,81.39,HIGH
180317,Purab Shere,HR,HR Manager,87,94.15,90.73,3.9,89.84,46,3.4,1,No,83.71,HIGH
525844,Fateh Vig,HR,Recruitment Specialist,71,91.5,85.76,3.3,78.41,35,4.5,27,No,81.03,HIGH
924510,Neelofar Bera,HR,Employee Relations,98,82.22,95.77,3.4,99.31,36,4.9,25,Yes,90.37,HIGH
616142,Jivika Loyal,HR,HR Manager,91,88.32,81.47,3.8,72.6,47,4.7,7,Yes,80.91,HIGH
275463,Kiara Bajaj,Sales,Account Manager,100,60.59,75.12,4.5,88.61,44,4.5,9,Yes,83.67,HIGH
326270,Samiha Bhattacharyya,Marketing,Content Strategist,97,79.04,82.84,4.1,94.61,50,4.0,4,No,85.26,HIGH
756693,Krish Chada,Sales,Account Manager,74,74.85,79.26,4.0,95.81,45,3.9,0,No,83.68,HIGH
131180,Tara Vig,Finance,Financial Analyst,94,66.77,78.16,4.4,74.93,51,4.0,26,No,78.39,HIGH
635983,Kismat Kapur,Sales,Sales Executive,77,77.87,88.93,3.3,76.89,35,4.7,28,No,80.64,HIGH
680858,Bhamini Subramaniam,Sales,Business Development,50,70.03,98.94,4.5,84.19,38,3.5,4,No,84.05,HIGH
144240,Yashvi Shanker,HR,HR Manager,51,74.67,81.32,4.2,97.95,38,3.4,0,No,83.52,HIGH
428395,Vedika Das,Finance,Financial Analyst,53,81.59,79.11,4.6,86.31,41,3.1,13,No,80.67,HIGH
621395,Riya Kannan,Marketing,SEO Specialist,51,70.8,93.43,4.0,73.83,46,4.5,18,No,81.92,HIGH
660882,Vritika Sahni,Sales,Sales Executive,70,78.22,93.59,4.9,74.47,35,4.3,16,No,85.68,HIGH
625826,Tara Kalla,Marketing,Marketing Executive,74,64.49,91.91,3.9,94.04,46,3.4,4,No,82.24,HIGH
971066,Ivan Rao,Marketing,Content Strategist,64,67.0,77.32,3.9,98.79,41,4.0,25,No,83.4,HIGH
524420,Heer Sinha,HR,Recruitment Specialist,56,66.7,85.1,3.6,78.25,55,3.5,12,No,75.56,HIGH
405585,Zeeshan Master,Marketing,Marketing Executive,96,94.08,98.84,4.5,91.16,49,3.5,13,No,88.52,HIGH
571423,Kaira Talwar,HR,Recruitment Specialist,84,61.43,88.68,4.5,89.13,40,4.7,26,No,87.42,HIGH
384907,Veer Ghose,IT,Software Engineer,73,73.18,86.25,3.9,81.85,49,5.0,5,No,84.72,HIGH
325975,Aaina Dhaliwal,IT,Cybersecurity Specialist,73,71.64,87.73,4.7,87.26,53,3.8,29,No,84.89,HIGH
625271,Inaaya  Chana,Marketing,Content Strategist,84,63.37,81.15,4.9,81.87,49,4.8,0,No,85.93,HIGH
219132,Hansh Dar,Sales,Account Manager,78,64.0,80.11,3.7,98.5,52,4.2,24,No,83.57,HIGH
927183,Sara Dugar,Finance,Accountant,55,64.41,93.08,4.5,84.06,44,3.7,0,No,83.08,HIGH
468216,Zeeshan Shankar,Sales,Business Development,84,89.08,77.27,4.0,87.44,46,3.8,9,No,81.79,HIGH
199534,Stuvan Sibal,Sales,Business Development,58,75.34,79.92,3.2,85.49,52,4.3,21,No,79.17,HIGH
999753,Umang Sarkar,IT,Software Engineer,51,60.6,98.22,3.6,93.49,46,3.6,19,No,82.55,HIGH
687145,Sana Kata,IT,Data Analyst,89,93.82,86.64,3.3,91.44,42,4.0,27,No,83.34,HIGH
215348,Ivana Ravi,Marketing,SEO Specialist,85,60.76,94.03,4.3,85.25,41,3.1,2,No,80.06,HIGH
422016,Lagan Bakshi,Finance,Auditor,72,66.47,93.54,3.1,98.36,35,3.4,17,No,80.86,HIGH
440195,Drishya Handa,Finance,Auditor,78,84.37,83.5,3.3,89.78,54,3.8,9,No,80.47,HIGH
299323,Myra Balay,IT,Cybersecurity Specialist,84,64.95,97.71,3.1,98.37,37,3.1,14,No,80.35,HIGH
166968,Ivana Bhardwaj,Marketing,SEO Specialist,52,87.62,75.13,4.7,87.08,53,3.5,12,No,82.71,HIGH
631032,Jayesh Jaggi,Finance,Financial Analyst,85,79.54,95.03,3.9,90.89,43,3.1,8,No,82.23,HIGH
543497,Ishaan Rana,Finance,Accountant,50,80.86,77.85,3.5,85.73,51,3.9,30,No,78.98,HIGH
856785,Ahana  Balasubramanian,Finance,Accountant,80,91.99,89.31,5.0,84.03,53,3.7,12,No,87.07,HIGH
202194,Shaan Sachdev,IT,Software Engineer,50,64.3,91.42,3.3,81.51,39,3.6,11,No,76.77,HIGH
851998,Lavanya Halder,IT,Software Engineer,74,80.28,92.11,4.6,94.52,42,4.6,9,No,91.61,HIGH
198040,Kismat Mani,HR,HR Manager,62,91.17,84.42,3.7,96.33,53,3.5,4,No,83.7,HIGH
675162,Aarush Kar,Sales,Sales Executive,99,87.68,98.75,3.0,88.94,55,4.2,25,Yes,84.0,HIGH
538793,Saksham Jani,HR,Recruitment Specialist,53,89.71,87.88,3.2,75.49,37,3.4,9,No,75.59,HIGH
974358,Mehul Dewan,HR,Employee Relations,99,82.45,80.48,4.8,96.98,47,3.4,20,No,86.24,HIGH
573228,Kartik Mahajan,Marketing,Marketing Executive,80,77.95,88.64,4.1,76.19,49,4.6,22,No,83.18,HIGH
262728,Ayesha Kumar,Sales,Sales Executive,96,76.55,78.0,4.4,70.9,35,3.4,0,No,75.73,HIGH
466133,Zara Bumb,Finance,Accountant,87,64.72,99.18,4.4,96.0,39,4.6,5,Yes,91.11,HIGH
312634,Rati Hayer,Finance,Financial Analyst,74,67.85,82.57,4.5,94.35,48,4.8,5,No,88.8,HIGH
695812,Ritvik Choudhry,IT,Cybersecurity Specialist,95,82.06,96.25,3.5,95.89,48,3.7,9,No,85.02,HIGH
701830,Divit Sundaram,Sales,Account Manager,63,87.34,83.49,4.0,79.78,41,3.9,9,No,80.97,HIGH
331709,Anika Raj,IT,Cybersecurity Specialist,69,91.75,78.89,3.9,82.22,41,4.0,23,No,81.22,HIGH
675843,Azad Chatterjee,Finance,Financial Analyst,81,83.99,89.11,3.2,93.44,47,3.1,10,No,79.45,HIGH
240774,Keya Arora,HR,HR Manager,85,71.85,78.74,4.0,90.03,44,3.8,15,No,81.14,HIGH
219038,Mannat Sridhar,Finance,Accountant,90,81.14,93.97,3.8,83.86,52,3.8,11,No,82.47,HIGH
647450,Tiya Brar,HR,Employee Relations,52,80.81,80.45,3.7,71.89,45,3.6,23,No,74.94,MEDIUM
592616,Armaan Shah,IT,Software Engineer,100,89.39,97.74,4.4,91.01,35,4.9,5,Yes,92.99,HIGH
249029,Vardaniya Chada,Sales,Business Development,97,60.6,76.0,4.2,89.96,35,3.7,16,No,79.85,HIGH
713770,Vardaniya Garg,Marketing,Content Strategist,90,79.37,76.25,3.9,91.45,49,4.6,13,Yes,84.62,HIGH
719168,Shayak Keer,HR,HR Manager,80,78.86,97.45,4.3,87.94,55,4.0,25,No,86.96,HIGH
130564,Yuvraj  Kade,IT,Cybersecurity Specialist,63,65.72,83.68,4.8,75.7,42,3.8,16,No,80.42,HIGH
908879,Vihaan Dani,Finance,Auditor,75,64.76,85.81,4.3,89.61,53,3.0,6,No,79.72,HIGH
787047,Inaaya  Bawa,Finance,Financial Analyst,98,68.25,78.38,3.9,82.79,43,3.3,13,No,76.14,HIGH
965323,Ela Ravel,Marketing,Marketing Executive,54,92.56,77.31,4.1,79.08,39,3.2,19,No,77.64,HIGH
167220,Reyansh Kibe,Marketing,SEO Specialist,57,93.15,89.94,3.1,81.66,47,4.3,26,No,81.4,HIGH
515944,Prerak Dalal,Marketing,Marketing Executive,65,68.41,95.61,4.0,96.97,50,3.2,13,No,83.85,HIGH
825857,Tara Dora,Sales,Account Manager,71,78.88,96.01,3.1,92.94,52,4.7,28,No,86.17,HIGH
988108,Miraan Ganesh,Finance,Financial Analyst,88,63.4,93.39,3.2,85.01,39,3.8,25,No,78.52,HIGH
320541,Shray Reddy,HR,Employee Relations,55,94.04,77.87,4.6,98.55,50,4.4,6,No,90.54,HIGH
439325,Saanvi Bava,HR,Recruitment Specialist,99,74.53,95.53,3.9,80.54,43,4.3,22,Yes,83.52,HIGH
354936,Jivin Kade,Marketing,SEO Specialist,62,91.51,81.4,4.0,79.87,40,4.9,11,No,84.99,HIGH
786546,Miraan Thakkar,Sales,Account Manager,91,62.83,80.8,4.6,96.21,44,4.6,20,Yes,88.11,HIGH
959956,Hazel Bora,Sales,Account Manager,66,75.92,84.22,4.5,92.37,44,4.5,11,No,88.15,HIGH
895288,Nitya Mammen,Marketing,Marketing Executive,100,87.39,95.95,3.3,75.3,46,4.0,30,No,79.72,HIGH
898877,Pari Choudhary,Sales,Account Manager,73,93.25,90.37,4.1,70.89,38,3.9,27,No,80.67,HIGH
189560,Fateh Ravi,Finance,Accountant,72,83.01,93.01,4.3,88.18,55,4.5,4,No,88.56,HIGH
533419,Fateh Wagle,Marketing,Marketing Executive,50,61.44,96.34,4.5,90.47,43,3.0,8,No,82.55,HIGH
635347,Damini Ravel,IT,Data Analyst,93,76.25,78.93,3.1,98.36,47,3.5,4,No,79.32,HIGH
608762,Vritika Chowdhury,HR,HR Manager,83,70.7,76.36,4.9,78.4,50,3.2,18,No,78.26,HIGH
573766,Navya Sahni,Marketing,SEO Specialist,58,87.06,79.96,3.7,78.18,50,3.4,18,No,76.55,HIGH
520152,Eshani Gole,IT,Software Engineer,57,92.15,91.19,4.5,87.31,46,4.7,6,No,90.45,HIGH
537812,Divij Bahri,IT,Software Engineer,84,94.48,92.15,3.1,87.01,47,3.2,24,No,79.18,HIGH
734523,Drishya Kulkarni,IT,Data Analyst,81,83.37,87.77,4.3,89.18,40,4.0,12,No,85.84,HIGH
360582,Jivin Shetty,Marketing,SEO Specialist,99,79.5,95.63,4.0,83.82,54,4.5,6,Yes,86.22,HIGH
556372,Tanya Sachar,Marketing,Marketing Executive,72,69.76,83.71,3.8,77.78,54,4.4,26,No,79.85,HIGH
673534,Ojas Magar,Sales,Sales Executive,85,86.61,75.34,4.6,96.85,54,3.2,11,No,83.98,HIGH
494450,Advika Goyal,IT,Software Engineer,83,81.93,79.69,4.6,90.26,43,3.6,14,No,84.01,HIGH
720933,Advika Kuruvilla,IT,Software Engineer,66,90.63,80.75,4.6,73.66,48,3.5,13,No,79.71,HIGH
618065,Faiyaz Karnik,IT,Cybersecurity Specialist,55,67.75,75.51,3.0,79.69,54,3.0,10,No,69.78,MEDIUM
327931,Sara Agate,Marketing,SEO Specialist,96,82.6,79.51,3.0,91.5,36,4.9,6,Yes,83.21,HIGH
932396,Tara Mani,Sales,Sales Executive,59,60.47,77.27,4.5,77.83,41,4.5,12,No,80.85,HIGH
397281,Baiju Bhardwaj,Finance,Auditor,84,64.51,80.05,3.5,81.59,45,3.7,8,No,75.74,HIGH
834863,Mannat Rau,IT,Data Analyst,55,62.85,92.82,3.7,84.7,51,3.7,27,No,79.86,HIGH
426627,Khushi Kothari,Marketing,Content Strategist,92,87.72,83.08,4.8,85.42,35,4.1,11,Yes,86.61,HIGH
434511,Damini Sabharwal,HR,HR Manager,97,92.76,95.3,4.7,91.12,49,5.0,17,Yes,94.47,HIGH
301979,Myra Banerjee,Finance,Financial Analyst,52,83.27,96.06,3.6,98.17,47,4.4,19,No,88.99,HIGH
190440,Ivan Ganesh,Finance,Auditor,74,65.94,89.33,3.5,79.38,40,4.6,6,No,80.67,HIGH
982552,Zoya Jayaraman,Finance,Auditor,91,61.19,79.7,4.6,71.28,51,4.4,12,Yes,79.44,HIGH
506194,Ira Hari,HR,HR Manager,64,65.35,92.28,3.4,87.76,48,4.5,2,No,82.92,HIGH
670311,Prisha Raj,Finance,Financial Analyst,58,87.38,98.28,4.0,74.46,48,3.5,13,No,80.73,HIGH
306571,Darshit Dara,Marketing,Content Strategist,85,81.04,83.95,3.1,93.26,54,4.7,10,No,84.07,HIGH
269464,Eshani Bora,Finance,Financial Analyst,57,93.86,91.24,3.2,74.94,55,4.0,14,No,78.92,HIGH
249512,Saanvi Aggarwal,HR,HR Manager,76,83.42,99.41,4.6,94.68,48,4.7,12,No,93.83,HIGH
164384,Yasmin Luthra,HR,Recruitment Specialist,100,77.71,89.67,3.1,86.83,39,3.8,21,No,79.35,HIGH
295827,Jhanvi Bansal,Sales,Business Development,93,85.42,90.32,3.4,88.9,48,3.3,30,No,80.08,HIGH
280419,Sana Divan,Finance,Auditor,89,84.34,83.48,4.5,70.02,36,4.8,19,Yes,83.34,HIGH
967313,Sumer Sengupta,Sales,Account Manager,76,71.07,87.64,4.6,73.34,49,3.3,13,No,78.24,HIGH
964372,Lavanya Ram,Finance,Financial Analyst,58,85.36,92.23,4.4,77.56,43,4.0,29,No,83.85,HIGH
392045,Shanaya Dass,HR,Recruitment Specialist,83,94.86,95.13,4.2,78.72,53,3.9,14,No,84.53,HIGH
507537,Nishith Dixit,Sales,Account Manager,93,82.43,87.95,4.1,95.92,54,4.5,2,Yes,89.01,HIGH
817943,Indranil Vyas,Finance,Accountant,63,62.32,96.31,3.8,96.34,41,4.5,9,No,87.6,HIGH
927912,Renee Badami,HR,Employee Relations,55,88.46,98.27,3.2,92.02,40,4.1,7,No,85.31,HIGH
860264,Rasha Uppal,Sales,Business Development,54,76.78,97.56,4.3,86.73,37,4.7,11,No,89.21,HIGH
482056,Aarna Mani,IT,Cybersecurity Specialist,97,67.65,99.94,4.7,88.71,41,5.0,10,Yes,92.17,HIGH
815960,Samiha Sachdeva,Finance,Accountant,58,62.48,85.53,4.7,85.91,47,4.7,6,No,86.73,HIGH
220585,Baiju Dar,Sales,Business Development,76,86.31,87.69,4.3,90.88,53,3.2,28,No,83.43,HIGH
998631,Anahi Karpe,Marketing,SEO Specialist,63,69.93,98.81,4.4,89.47,36,3.3,3,No,84.4,HIGH
606036,Hansh Ahluwalia,Marketing,Content Strategist,96,94.65,82.47,4.7,87.5,37,3.3,24,No,84.21,HIGH
934797,Gokul Bahl,Marketing,Content Strategist,85,83.84,91.74,4.9,98.04,48,4.7,29,No,94.54,HIGH
506938,Heer Kaul,HR,HR Manager,96,75.63,76.02,4.2,97.53,51,4.0,30,No,84.83,HIGH
895058,Diya Aggarwal,IT,Software Engineer,65,76.66,89.11,4.1,94.95,51,4.4,22,No,87.97,HIGH
300330,Aarav Yadav,HR,HR Manager,55,84.62,81.21,3.5,98.68,42,3.2,4,No,81.11,HIGH
399693,Kaira Walla,Marketing,Content Strategist,86,72.93,85.34,4.8,97.75,38,4.7,15,Yes,91.69,HIGH
905514,Mamooty Randhawa,HR,Employee Relations,86,67.06,75.14,4.2,88.63,48,3.0,28,No,77.12,HIGH
779658,Reyansh Setty,Marketing,Content Strategist,70,67.64,92.74,4.7,75.31,44,3.4,22,No,80.3,HIGH
660057,Jivin Soman,Marketing,Marketing Executive,70,67.29,81.55,3.5,77.19,44,4.8,8,No,79.4,HIGH
390967,Piya Doshi,Sales,Sales Executive,64,86.21,93.96,4.9,83.65,53,4.7,11,No,90.91,HIGH
185669,Adira Khare,Marketing,Content Strategist,99,67.31,99.66,5.0,75.02,42,3.2,9,No,81.97,HIGH
138956,Pranay Kapur,Sales,Account Manager,87,83.65,78.9,3.2,92.45,35,4.3,14,Yes,81.88,HIGH
280912,Mahika Soman,HR,Recruitment Specialist,77,78.59,92.88,3.9,95.54,43,4.3,28,No,87.9,HIGH
348638,Divij Saha,Finance,Auditor,51,65.16,81.47,4.7,94.67,36,4.4,5,No,87.61,HIGH
518054,Anya Bahl,HR,HR Manager,82,72.34,90.41,3.1,80.86,47,4.4,11,No,79.57,HIGH
339906,Shanaya Tandon,Sales,Business Development,94,66.36,77.23,4.6,77.27,43,4.0,21,No,79.66,HIGH
797986,Ira Jayaraman,Finance,Auditor,84,93.03,80.6,4.3,77.79,40,3.4,29,No,79.56,HIGH
966173,Indrajit Thaman,HR,Recruitment Specialist,50,74.35,82.86,3.9,94.68,43,3.2,29,No,80.81,HIGH
121945,Vardaniya De,Sales,Sales Executive,99,79.8,76.08,3.2,98.19,36,4.3,13,Yes,82.65,HIGH
769867,Anika Ahuja,Finance,Accountant,94,90.79,95.54,4.5,93.32,47,4.4,22,Yes,91.78,HIGH
393972,Rhea Kothari,IT,Data Analyst,71,68.38,86.5,3.5,87.6,38,4.8,13,No,83.62,HIGH
494031,Ranbir Talwar,Finance,Financial Analyst,56,74.0,83.58,3.5,94.19,40,4.9,17,No,85.97,HIGH
310803,Inaaya  Yadav,Marketing,Marketing Executive,62,71.46,93.05,4.3,95.18,42,3.4,29,No,85.11,HIGH
104752,Dharmajan Desai,HR,HR Manager,91,87.03,85.37,4.5,94.09,55,4.2,27,Yes,88.8,HIGH
358706,Ranbir Tara,Sales,Business Development,82,61.13,96.09,3.9,76.51,54,3.3,30,No,77.08,HIGH
232946,Farhan Agate,Finance,Auditor,80,88.94,90.32,3.4,75.51,53,3.8,14,No,78.41,HIGH
780415,Dishani Manda,Sales,Sales Executive,59,89.08,98.89,4.5,77.71,44,3.1,12,No,82.4,HIGH
655430,Kimaya Thaker,Sales,Account Manager,60,67.55,75.08,4.6,92.28,37,3.5,8,No,81.86,HIGH
765554,Farhan Mannan,IT,Data Analyst,73,62.34,83.83,3.7,83.52,45,3.3,24,No,76.06,HIGH
514360,Hansh Kota,HR,Employee Relations,65,80.51,75.62,3.6,80.79,45,4.7,29,No,80.61,HIGH
344955,Saksham Bali,IT,Software Engineer,99,81.45,80.94,4.6,70.54,52,4.1,20,Yes,80.3,HIGH
141547,Kiaan Dutta,Finance,Accountant,83,75.59,92.76,4.7,99.16,36,3.1,20,No,87.06,HIGH
204435,Dhanuk Mand,Marketing,Marketing Executive,88,60.55,92.11,4.0,92.28,47,4.9,25,Yes,87.76,HIGH
481514,Kartik Soni,Marketing,Marketing Executive,72,76.35,99.35,4.9,76.39,38,4.3,3,No,87.22,HIGH
909747,Ela Kibe,Marketing,Content Strategist,52,75.18,98.65,4.4,83.25,47,4.0,23,No,85.82,HIGH
333263,Damini Taneja,Marketing,SEO Specialist,90,87.24,83.15,4.1,81.36,50,3.2,3,No,78.96,HIGH
877722,Saanvi Dora,Marketing,SEO Specialist,97,76.48,86.94,4.6,98.74,55,4.5,21,Yes,91.06,HIGH
494045,Sumer Sawhney,IT,Software Engineer,77,88.44,95.35,4.1,99.16,49,4.9,26,No,93.66,HIGH
724328,Saanvi Chowdhury,Finance,Accountant,100,73.81,78.19,4.7,87.06,39,3.5,5,No,81.94,HIGH
508224,Vritika Ratta,Sales,Sales Executive,89,81.78,80.58,4.5,93.08,52,3.2,2,No,83.02,HIGH
289083,Nitara Rajagopalan,HR,HR Manager,93,82.09,88.78,3.8,78.03,40,4.6,0,Yes,82.97,HIGH
585889,Shanaya Thakur,Sales,Business Development,82,92.54,98.58,3.5,75.14,40,4.2,16,No,82.31,HIGH
788693,Amani Dara,Marketing,Marketing Executive,61,77.62,89.97,4.1,74.79,48,4.7,14,No,83.39,HIGH
722272,Ivan Ramanathan,Sales,Sales Executive,63,69.72,91.99,3.8,90.73,52,3.7,2,No,82.59,HIGH
746865,Devansh Tak,Marketing,SEO Specialist,83,84.54,99.19,4.8,82.54,41,4.3,8,No,89.45,HIGH
250490,Alia Varty,Sales,Business Development,73,81.76,79.42,4.5,93.36,47,3.7,4,No,84.87,HIGH
503678,Amani Shankar,Finance,Financial Analyst,85,75.65,88.87,3.1,92.55,54,3.4,24,No,79.1,HIGH
729671,Indranil Sunder,IT,Data Analyst,65,81.81,90.32,3.1,76.69,53,3.4,18,No,75.25,HIGH
142732,Lagan Banerjee,Finance,Financial Analyst,63,88.02,99.33,3.4,73.01,36,3.0,18,No,76.17,HIGH
802022,Advika Saxena,Marketing,SEO Specialist,67,70.75,97.74,4.5,97.8,50,3.4,25,No,87.56,HIGH
311438,Riaan Krishnan,Marketing,Marketing Executive,77,72.07,95.31,3.2,89.53,36,3.9,23,No,81.53,HIGH
424970,Veer Sahota,HR,Recruitment Specialist,84,90.42,83.25,4.8,98.33,47,3.6,21,No,88.79,HIGH
300475,Hazel Thaker,HR,HR Manager,71,61.48,82.8,4.5,87.3,54,4.3,4,No,84.1,HIGH
169680,Darshit Bhasin,Marketing,SEO Specialist,76,87.36,88.2,3.3,94.36,42,3.2,4,No,80.68,HIGH
597323,Neelofar Rana,HR,HR Manager,81,76.37,95.34,3.6,89.02,50,3.8,12,No,83.01,HIGH
876520,Taran Kar,Marketing,Marketing Executive,99,91.48,78.21,3.6,96.97,48,3.5,17,No,82.28,HIGH
830628,Dharmajan Garg,Sales,Business Development,84,73.46,75.59,3.3,95.47,55,4.8,10,No,83.5,HIGH
752340,Ivana Sagar,Finance,Financial Analyst,83,92.92,83.43,4.8,98.51,37,3.3,19,No,87.93,HIGH
278587,Mannat Mand,IT,Software Engineer,52,78.13,81.17,3.9,77.15,40,3.1,18,No,75.19,HIGH
872672,Uthkarsh Hegde,Finance,Accountant,65,73.4,77.06,4.5,86.59,39,3.1,18,No,79.13,HIGH
747843,Tiya Ahuja,Sales,Sales Executive,59,64.43,80.09,4.1,75.21,53,4.2,23,No,78.22,HIGH
286442,Tanya Sharma,HR,HR Manager,87,64.05,95.83,4.2,73.6,38,3.2,0,No,77.25,HIGH
979597,Shamik Ramanathan,Finance,Financial Analyst,64,91.51,83.1,4.6,93.96,38,4.0,18,No,88.36,HIGH
896664,Raunak Kata,HR,Employee Relations,59,64.47,97.23,4.8,95.82,44,4.5,2,No,91.84,HIGH
701069,Eva Khurana,Finance,Accountant,90,86.83,95.14,3.6,84.82,36,4.0,10,No,83.56,HIGH
888334,Yuvaan Karpe,Marketing,SEO Specialist,51,94.13,79.89,4.3,81.19,39,4.7,3,No,85.75,HIGH
970274,Jiya Chana,Sales,Sales Executive,63,71.37,82.92,3.0,77.95,54,4.8,0,No,78.31,HIGH
847727,Faiyaz Balakrishnan,IT,Cybersecurity Specialist,88,79.41,84.48,5.0,87.94,48,3.9,9,No,86.82,HIGH
259811,Inaaya  Mahajan,Marketing,Marketing Executive,54,77.89,93.02,3.4,98.46,41,3.7,12,No,84.33,HIGH
648754,Rhea Varghese,Marketing,SEO Specialist,72,91.89,95.0,3.5,77.32,49,4.9,5,No,84.99,HIGH
778707,Vihaan Bhatti,Sales,Account Manager,88,94.99,85.96,3.4,93.39,43,3.8,27,No,83.51,HIGH
372929,Chirag Sengupta,Marketing,Marketing Executive,88,70.28,95.29,3.6,77.37,37,3.3,4,No,76.9,HIGH
124932,Navya Varty,HR,Recruitment Specialist,64,92.8,87.81,4.4,70.52,36,3.9,22,No,81.2,HIGH
929402,Yasmin Trivedi,IT,Data Analyst,93,67.04,98.39,3.5,92.6,54,3.8,3,No,83.36,HIGH
586041,Manjari Bassi,Sales,Sales Executive,98,64.4,78.82,3.4,87.27,55,4.8,10,Yes,81.18,HIGH
143913,Ela Batta,Marketing,Marketing Executive,65,77.04,80.52,4.9,81.6,45,4.0,9,No,83.89,HIGH
682800,Ivana Sarin,HR,Recruitment Specialist,75,82.79,94.97,3.8,73.81,38,3.8,19,No,79.82,HIGH
687697,Baiju Talwar,Finance,Financial Analyst,87,72.53,93.15,3.1,72.23,38,3.6,22,No,74.35,MEDIUM
664876,Shaan Hari,HR,HR Manager,89,68.85,96.27,4.0,80.86,51,3.7,24,No,81.2,HIGH
861468,Taimur Vyas,HR,Employee Relations,78,90.12,82.11,3.7,74.94,54,3.8,20,No,77.92,HIGH
991573,Hridaan Ramakrishnan,Finance,Auditor,50,83.42,84.47,4.5,97.89,45,4.0,15,No,88.6,HIGH
174576,Hansh Char,HR,Employee Relations,78,76.89,96.06,4.4,92.98,39,4.2,18,No,89.2,HIGH
183560,Lavanya Hora,Marketing,Content Strategist,95,66.85,82.69,3.7,81.98,47,4.6,12,Yes,81.02,HIGH
783333,Anahita Brahmbhatt,Sales,Account Manager,99,90.86,83.61,4.3,91.51,50,4.2,20,Yes,87.26,HIGH
675706,Aarav Banik,HR,HR Manager,69,60.98,91.33,4.7,85.95,46,3.5,17,No,82.95,HIGH
180869,Jayant Dhillon,HR,Employee Relations,55,93.51,80.99,3.4,72.12,46,3.2,2,No,73.59,MEDIUM
738019,Rania Tara,HR,Employee Relations,78,90.91,87.49,4.5,74.12,53,4.0,2,No,82.82,HIGH
331999,Neelofar Deep,Marketing,SEO Specialist,75,82.44,93.98,4.4,75.21,36,4.5,13,No,85.2,HIGH
345179,Neelofar Chowdhury,Sales,Business Development,90,82.35,86.26,4.2,77.01,42,3.3,20,No,78.59,HIGH
483895,Farhan Vaidya,Finance,Accountant,72,80.25,96.79,4.6,91.31,45,4.6,6,No,91.58,HIGH
712936,Zaina Iyer,Finance,Accountant,54,61.03,94.48,4.2,75.42,45,3.5,30,No,78.42,HIGH
171523,Tarini Manda,Sales,Sales Executive,66,66.77,79.64,3.2,94.72,42,3.2,28,No,76.62,HIGH
731705,Siya Vaidya,Sales,Business Development,81,74.78,98.36,3.8,85.57,51,3.2,29,No,80.82,HIGH
438055,Mannat Raja,Sales,Business Development,77,67.48,79.14,3.3,72.15,51,3.2,7,No,70.22,MEDIUM
527267,Hunar Batra,Marketing,Marketing Executive,57,77.51,95.47,4.5,78.27,49,4.2,24,No,85.13,HIGH
344341,Renee Sandhu,Sales,Account Manager,58,63.01,87.76,4.3,77.29,54,4.3,27,No,81.44,HIGH
247900,Aniruddh Grover,Finance,Financial Analyst,89,91.9,87.17,4.2,80.09,48,4.3,30,Yes,84.65,HIGH
399109,Tara Kashyap,Finance,Financial Analyst,67,63.69,89.98,4.4,94.09,50,4.8,22,No,89.39,HIGH
976438,Ivan Walia,Finance,Auditor,85,77.62,76.61,3.5,88.49,39,4.6,28,No,82.03,HIGH
218969,Urvi Hora,Finance,Auditor,73,93.22,93.04,4.3,75.86,37,3.4,14,No,81.49,HIGH
526997,Vritika Krishnamurthy,IT,Data Analyst,60,68.01,83.16,4.3,81.01,45,3.5,13,No,78.94,HIGH
193590,Prisha Kara,HR,HR Manager,79,78.16,91.7,3.1,72.34,50,3.1,10,No,72.66,MEDIUM
264411,Aaryahi Guha,IT,Software Engineer,57,69.6,90.15,3.0,86.83,47,4.3,7,No,80.24,HIGH
218346,Nitya Chauhan,IT,Data Analyst,70,80.71,89.22,4.0,91.99,52,3.4,23,No,83.11,HIGH
836767,Anvi Dutt,Sales,Sales Executive,85,74.62,83.02,3.7,88.32,45,4.1,6,No,81.76,HIGH
764121,Ayesha Kala,Sales,Sales Executive,67,92.03,83.25,4.7,86.69,47,4.0,3,No,86.66,HIGH
458278,Arnav Suri,IT,Cybersecurity Specialist,86,86.03,79.7,4.3,87.75,40,3.1,8,No,80.47,HIGH
553095,Shaan Mall,IT,Data Analyst,84,60.05,75.14,3.4,77.41,42,3.1,17,No,70.26,MEDIUM
337428,Gatik Sule,IT,Cybersecurity Specialist,71,62.29,78.06,4.7,77.01,44,4.9,9,No,83.34,HIGH
767270,Tara Issac,Finance,Auditor,80,74.82,97.28,4.5,80.62,40,3.8,15,No,84.32,HIGH
783114,Yasmin Upadhyay,Marketing,SEO Specialist,74,81.89,78.64,3.3,90.62,39,4.4,22,No,81.9,HIGH
594563,Nitara Banerjee,IT,Cybersecurity Specialist,95,84.46,78.7,3.4,84.89,39,3.9,20,No,78.85,HIGH
110245,Aarav Swaminathan,Finance,Auditor,67,84.0,95.78,3.8,88.47,52,4.7,8,No,88.1,HIGH
397482,Tanya Hans,HR,HR Manager,74,67.71,82.36,4.0,97.7,42,3.9,7,No,84.15,HIGH
993237,Pranay Grewal,Finance,Accountant,77,82.48,88.14,3.3,97.59,38,4.6,10,No,86.75,HIGH
108047,Nitara Sen,Sales,Account Manager,77,60.07,94.57,3.1,96.12,50,4.0,3,No,82.16,HIGH
446955,Dhruv Dugal,Finance,Accountant,92,66.36,91.27,4.3,79.98,52,4.1,18,Yes,82.48,HIGH
138855,Reyansh Kuruvilla,IT,Cybersecurity Specialist,78,64.07,84.9,3.6,70.99,48,4.4,24,No,76.68,HIGH
608563,Ela Bala,Finance,Financial Analyst,100,66.71,76.25,3.4,89.08,44,4.6,0,Yes,80.65,HIGH
303561,Advika Trivedi,Finance,Financial Analyst,82,84.08,76.53,3.1,85.57,41,3.9,30,No,77.39,HIGH
338324,Anahita Venkatesh,Sales,Business Development,76,65.24,95.16,3.9,83.88,47,4.8,8,No,85.52,HIGH
805972,Lakshay Saxena,HR,HR Manager,65,78.58,98.37,4.9,78.47,53,3.3,27,No,83.87,HIGH
710006,Bhavin Ahluwalia,HR,HR Manager,85,60.18,77.86,4.6,73.12,45,4.9,1,No,81.53,HIGH
174684,Shlok Bhatt,Finance,Financial Analyst,73,60.57,86.0,4.4,73.07,39,4.9,5,No,82.38,HIGH
370541,Urvi Kibe,Finance,Accountant,90,87.93,98.58,3.8,72.85,41,3.1,21,No,77.96,HIGH
643527,Samiha Loke,Sales,Business Development,91,85.31,95.06,3.1,72.09,42,3.6,30,No,75.97,HIGH
552506,Kaira Gera,HR,Employee Relations,74,60.44,91.05,4.2,83.28,53,3.6,24,No,80.44,HIGH
837493,Divit Gill,Marketing,SEO Specialist,60,93.28,94.83,3.1,97.78,49,4.3,1,No,87.23,HIGH
719443,Samiha Swamy,HR,Employee Relations,64,83.8,92.36,4.8,71.34,43,3.5,29,No,81.45,HIGH
537927,Rati Tandon,HR,Employee Relations,91,94.5,76.84,4.2,81.19,43,3.3,18,No,79.18,HIGH
928791,Kanav Sama,Finance,Accountant,94,69.05,92.21,4.6,83.13,49,3.4,25,No,82.29,HIGH
552368,Adira Grewal,Finance,Financial Analyst,64,94.83,77.36,5.0,85.03,42,4.9,23,No,90.06,HIGH
127618,Indrajit Venkatesh,Marketing,Content Strategist,55,82.09,77.77,4.9,98.66,54,3.3,9,No,86.16,HIGH
102677,Anahi Mallick,Sales,Account Manager,87,80.88,96.81,4.8,78.01,44,3.8,18,No,85.25,HIGH
689416,Renee Batra,Sales,Account Manager,72,80.79,80.69,4.7,70.77,36,3.3,3,No,77.45,HIGH
986803,Nehmat Khatri,Sales,Account Manager,50,63.41,78.74,4.6,99.21,53,3.4,15,No,83.85,HIGH
816066,Aarush Soman,Sales,Business Development,83,77.98,86.47,3.7,78.15,50,3.4,7,No,76.94,HIGH
212010,Shanaya Verma,Marketing,SEO Specialist,69,70.17,86.83,4.8,87.94,55,4.1,30,No,86.36,HIGH
599165,Nirvaan Comar,Marketing,SEO Specialist,74,91.26,78.1,4.4,81.88,53,3.2,27,No,79.71,HIGH
283744,Tiya Butala,Marketing,Marketing Executive,57,60.21,80.61,4.4,97.01,42,4.8,21,No,88.05,HIGH
134676,Kavya Vaidya,Finance,Financial Analyst,69,66.06,92.0,4.6,93.8,48,4.9,8,No,91.15,HIGH
403920,Amira Sandhu,Finance,Accountant,91,80.08,87.97,4.5,98.78,54,4.6,16,Yes,91.64,HIGH
728620,Akarsh Sibal,Sales,Sales Executive,88,66.82,83.69,3.5,79.5,49,4.0,27,No,77.27,HIGH
110266,Gatik Raj,HR,Employee Relations,94,84.04,99.9,3.0,99.43,37,4.7,7,Yes,89.01,HIGH
475929,Hrishita Hans,Finance,Accountant,80,66.84,88.67,4.6,96.76,39,3.3,5,No,85.05,HIGH
505768,Divyansh Kar,HR,Recruitment Specialist,98,65.61,94.81,4.0,82.76,54,4.4,22,Yes,83.95,HIGH
973510,Mahika Garde,Sales,Sales Executive,61,86.2,84.51,3.1,73.93,40,4.3,10,No,77.3,HIGH
633512,Misha Aurora,Sales,Account Manager,91,75.43,92.85,3.3,81.45,54,3.1,9,No,76.15,HIGH
893822,Yuvraj  Bhatnagar,IT,Software Engineer,68,63.82,95.57,4.1,77.29,48,4.2,1,No,81.88,HIGH
635822,Eshani Wable,Marketing,Marketing Executive,90,90.39,82.83,3.5,78.73,50,3.4,21,No,76.82,HIGH
685244,Raghav Mangal,Marketing,SEO Specialist,87,94.7,81.39,3.7,91.71,37,3.6,24,No,82.46,HIGH
739688,Samarth Sane,IT,Data Analyst,56,94.58,77.34,3.9,98.7,42,3.3,2,No,83.34,HIGH
977658,Taran Joshi,IT,Software Engineer,79,81.93,76.77,3.1,87.04,38,4.1,18,No,78.46,HIGH
609536,Zoya Korpal,Finance,Financial Analyst,82,68.04,78.54,4.7,94.19,48,4.8,22,No,88.77,HIGH
100859,Damini Mallick,IT,Cybersecurity Specialist,55,81.07,89.76,4.9,96.02,53,3.4,8,No,88.06,HIGH
743736,Urvi Agate,IT,Software Engineer,100,70.37,91.63,3.0,98.2,44,3.0,17,No,78.82,HIGH
942569,Vritika Keer,HR,HR Manager,56,76.24,78.64,3.2,83.2,49,4.1,4,No,77.51,HIGH
997078,Romil Kar,IT,Data Analyst,61,85.07,79.5,3.7,72.81,38,3.6,17,No,75.45,HIGH
614925,Vihaan Srinivas,Marketing,SEO Specialist,71,67.58,93.06,4.7,88.58,37,4.2,29,No,87.54,HIGH
376491,Kanav Deshpande,HR,Recruitment Specialist,65,74.32,97.36,4.1,88.35,36,3.2,8,No,82.61,HIGH
377841,Anay Raja,HR,Recruitment Specialist,68,85.11,98.58,4.0,97.29,39,4.3,5,No,90.61,HIGH
326517,Ira Yadav,Finance,Financial Analyst,66,87.39,95.55,3.2,74.86,50,4.3,6,No,80.31,HIGH
187703,Nayantara Raman,Sales,Account Manager,95,80.35,96.99,4.2,86.43,42,4.8,16,Yes,89.36,HIGH
433969,Yuvraj  Vaidya,Marketing,SEO Specialist,58,67.8,90.82,4.2,82.6,50,3.7,29,No,81.32,HIGH
817420,Kavya Sawhney,Sales,Account Manager,67,62.75,99.63,4.5,90.65,47,4.8,16,No,90.6,HIGH
969216,Neelofar Bala,Sales,Sales Executive,72,61.21,98.77,3.5,90.2,39,4.2,12,No,83.74,HIGH
122337,Samar Bansal,Sales,Sales Executive,86,89.12,76.76,3.7,77.17,37,4.3,16,Yes,79.42,HIGH
983126,Divit Mander,IT,Cybersecurity Specialist,74,79.37,82.6,3.7,96.58,52,4.8,27,No,87.43,HIGH
927620,Aniruddh Badal,IT,Cybersecurity Specialist,60,90.12,93.43,4.9,73.24,42,3.5,3,No,83.27,HIGH
322211,Misha Chokshi,Sales,Business Development,67,70.31,75.59,3.4,95.99,44,3.4,25,No,78.15,HIGH
181316,Bhamini Lala,HR,HR Manager,82,61.57,94.54,4.0,73.06,36,3.5,1,No,76.98,HIGH
809907,Anay Contractor,Marketing,SEO Specialist,50,61.13,89.04,4.2,77.93,51,3.4,23,No,77.7,HIGH
982979,Jiya Saxena,Sales,Account Manager,92,74.71,83.5,3.1,75.43,41,3.3,5,No,72.4,MEDIUM
204979,Myra Kamdar,Marketing,SEO Specialist,94,91.69,77.77,4.6,95.21,38,3.6,30,No,86.09,HIGH
411007,Madhav Solanki,Finance,Auditor,77,93.36,88.43,4.2,89.89,55,4.6,9,No,89.19,HIGH
653728,Madhup Khare,Marketing,SEO Specialist,71,80.87,76.87,3.0,97.45,42,5.0,27,No,84.7,HIGH
482889,Shray Chana,Marketing,SEO Specialist,52,84.31,86.17,4.8,89.28,50,4.4,19,No,89.25,HIGH
544759,Jiya Lal,Sales,Account Manager,50,74.67,91.94,3.1,97.42,50,4.9,11,No,87.08,HIGH
928490,Gokul Lalla,IT,Cybersecurity Specialist,66,87.4,79.49,4.4,84.55,45,4.8,4,No,86.8,HIGH
698482,Arnav Ben,Finance,Auditor,56,84.49,94.62,4.9,71.64,42,3.8,29,No,83.66,HIGH
594971,Ojas Dasgupta,Marketing,Content Strategist,51,66.1,92.64,3.6,78.53,39,4.6,13,No,81.5,HIGH
942316,Eva Bassi,IT,Data Analyst,79,92.07,75.22,3.1,86.94,37,3.9,30,No,78.33,HIGH
781987,Azad Tara,Finance,Auditor,50,70.0,93.99,3.1,82.68,50,3.2,0,No,75.8,HIGH
720143,Ivan Buch,Marketing,SEO Specialist,77,89.88,94.56,4.3,88.76,47,4.2,22,No,88.53,HIGH
339439,Pari Goswami,Marketing,Marketing Executive,90,65.45,88.92,3.4,88.1,37,4.0,21,No,80.36,HIGH
720446,Misha Bhavsar,Finance,Financial Analyst,82,81.31,82.34,4.6,96.88,35,4.3,14,No,89.26,HIGH
962430,Misha Bajaj,Sales,Account Manager,91,67.54,96.61,3.4,75.28,55,3.7,22,No,77.06,HIGH
395092,Nitara Gala,Marketing,Marketing Executive,97,78.17,96.63,3.2,92.53,45,3.7,3,No,82.5,HIGH
567705,Drishya Jayaraman,Sales,Business Development,57,64.65,99.48,4.9,74.45,54,4.4,13,No,85.9,HIGH
641399,Ira Bail,IT,Cybersecurity Specialist,93,89.38,98.74,3.3,74.24,53,3.5,22,No,78.16,HIGH
130693,Faiyaz Taneja,HR,Employee Relations,88,74.46,86.9,4.0,71.17,37,4.6,27,Yes,80.58,HIGH
182341,Bhamini Chada,Sales,Business Development,68,87.65,89.47,4.1,94.33,44,4.5,24,No,89.36,HIGH
442755,Adira Krishna,Sales,Sales Executive,64,94.44,77.78,3.2,96.67,44,4.6,27,No,85.2,HIGH
780068,Mahika Savant,HR,Employee Relations,84,77.33,99.73,3.1,85.11,46,3.6,11,No,80.01,HIGH
592447,Tara Sundaram,Sales,Account Manager,75,66.16,88.27,4.6,98.35,52,3.7,10,No,86.98,HIGH
213554,Adah Hayre,Sales,Sales Executive,69,77.89,82.46,3.9,73.9,45,4.4,18,No,79.65,HIGH
403457,Inaaya  Dugar,HR,Recruitment Specialist,79,88.87,84.82,4.0,88.81,54,3.2,8,No,81.29,HIGH
628262,Divyansh Raman,HR,HR Manager,70,82.41,84.05,3.7,72.49,37,4.4,26,No,79.2,HIGH
437789,Kanav Sem,IT,Cybersecurity Specialist,83,94.3,98.36,4.1,82.88,48,3.2,6,No,83.17,HIGH
734161,Badal Kata,Finance,Accountant,57,66.55,86.67,3.6,98.17,36,4.6,26,No,86.24,HIGH
460858,Dishani Bhandari,Marketing,SEO Specialist,82,91.14,86.95,3.9,70.64,55,4.7,30,No,82.1,HIGH
682181,Tushar Balasubramanian,Sales,Sales Executive,99,73.64,85.7,4.4,77.81,52,4.7,28,Yes,84.25,HIGH
663221,Samar Sodhi,Finance,Auditor,95,89.72,94.9,3.8,70.33,38,3.4,16,No,77.85,HIGH
646652,Anay Sen,Marketing,Marketing Executive,63,60.1,84.32,4.1,85.32,41,4.7,13,No,83.67,HIGH
137653,Kismat Chander,HR,Recruitment Specialist,76,65.32,78.28,4.3,89.58,51,4.4,2,No,83.86,HIGH
277652,Dishani Maharaj,Sales,Account Manager,61,76.54,84.32,4.4,82.34,50,3.1,18,No,79.22,HIGH
114775,Riya Saini,Sales,Sales Executive,78,69.14,82.19,3.3,83.33,43,4.6,20,No,79.95,HIGH
239240,Oorja Samra,Marketing,Marketing Executive,88,89.92,82.29,3.4,83.18,45,3.9,30,No,79.6,HIGH
842471,Ishita Majumdar,IT,Data Analyst,68,89.57,78.41,3.4,74.69,36,3.1,24,No,73.05,MEDIUM
253583,Nitara Kala,Sales,Sales Executive,100,80.61,92.72,3.7,89.41,37,4.2,25,Yes,85.03,HIGH
306160,Ahana  Suresh,Sales,Account Manager,66,62.01,81.23,4.4,89.77,39,4.4,8,No,84.58,HIGH
982686,Eshani Johal,HR,HR Manager,86,81.57,90.14,4.6,97.5,55,3.3,28,No,87.04,HIGH
580910,Abram Mandal,IT,Cybersecurity Specialist,76,91.66,84.25,3.9,86.79,41,4.0,2,No,83.65,HIGH
848391,Purab Rattan,Finance,Financial Analyst,98,90.93,87.96,3.5,70.73,51,3.2,10,No,74.7,MEDIUM
758193,Nehmat Shanker,Finance,Accountant,70,88.83,89.5,3.3,86.52,44,4.4,23,No,83.54,HIGH
307543,Shray Gulati,IT,Data Analyst,96,75.24,86.23,3.6,96.35,47,4.5,20,Yes,86.07,HIGH
449953,Zara Lal,Finance,Auditor,77,84.43,84.91,4.3,99.78,48,3.4,11,No,86.16,HIGH
377991,Anay Basak,Finance,Accountant,91,79.15,77.33,5.0,90.08,44,4.1,7,Yes,86.8,HIGH
340028,Badal Bail,HR,HR Manager,98,69.35,87.25,4.6,97.82,53,4.3,12,Yes,89.33,HIGH
421664,Romil Chawla,Marketing,Content Strategist,62,67.58,99.07,4.1,86.15,51,4.1,29,No,85.22,HIGH
583390,Yuvaan Shan,Finance,Auditor,60,94.22,93.15,4.9,73.45,37,4.0,23,No,85.69,HIGH
925356,Eva Sawhney,HR,HR Manager,70,81.02,86.16,3.8,99.98,48,4.9,13,No,90.13,HIGH
660349,Ira Swaminathan,IT,Cybersecurity Specialist,93,70.5,89.18,3.6,97.98,38,4.6,24,Yes,87.08,HIGH
691593,Ranbir Borde,HR,HR Manager,50,93.72,80.68,3.4,82.98,42,4.4,8,No,81.6,HIGH
948647,Mannat Sani,Finance,Auditor,74,67.01,86.59,3.2,95.74,39,3.7,22,No,80.34,HIGH
244588,Kimaya Datta,IT,Data Analyst,66,70.38,89.16,4.7,71.92,47,3.8,5,No,80.45,HIGH
748570,Divit Devan,Sales,Account Manager,60,84.92,95.75,4.6,74.99,40,3.7,2,No,83.34,HIGH
353447,Tarini Bala,Finance,Accountant,52,68.51,81.96,3.5,93.99,52,4.1,14,No,81.84,HIGH
961445,Bhamini Khurana,Finance,Accountant,85,92.71,87.98,3.5,75.6,48,3.4,24,No,77.15,HIGH
207255,Jayan Rama,Marketing,SEO Specialist,60,66.33,86.69,4.3,81.41,46,4.4,4,No,83.19,HIGH
667411,Anahi Hegde,Sales,Business Development,97,87.15,97.19,3.1,88.91,49,3.1,3,No,79.63,HIGH
111590,Saanvi Chowdhury,IT,Cybersecurity Specialist,86,74.67,81.41,4.8,74.64,50,4.4,22,Yes,82.94,HIGH
561624,Anay Kapoor,Finance,Auditor,84,67.49,94.74,3.0,95.68,35,3.9,17,No,82.0,HIGH
468320,Mishti Tiwari,IT,Data Analyst,53,79.26,98.44,3.4,77.59,43,4.8,29,No,83.69,HIGH
494632,Mishti Vaidya,Finance,Financial Analyst,87,93.75,85.09,3.2,78.32,51,4.5,17,Yes,80.69,HIGH
661554,Purab Kannan,Finance,Financial Analyst,67,87.04,96.52,4.8,97.09,37,3.6,12,No,90.74,HIGH
628509,Advik Divan,HR,Recruitment Specialist,86,83.48,87.61,4.6,88.26,47,3.3,6,No,83.95,HIGH
791456,Zaina Singhal,Sales,Account Manager,69,74.62,86.39,4.7,71.24,46,3.3,27,No,78.11,HIGH
322870,Shanaya Agate,Finance,Accountant,62,62.07,87.49,4.1,71.65,44,3.4,20,No,75.2,HIGH
953553,Yuvraj  Srivastava,Marketing,Content Strategist,55,60.04,85.41,3.6,84.5,37,4.6,1,No,81.24,HIGH
312682,Riaan Sehgal,HR,Employee Relations,57,85.65,93.57,4.0,88.63,40,4.2,5,No,86.67,HIGH
717604,Shaan Bera,HR,Recruitment Specialist,94,88.95,90.04,3.2,90.82,49,3.0,8,No,78.95,HIGH
188376,Azad Sani,Finance,Accountant,88,76.28,94.44,3.3,87.49,41,4.1,16,Yes,82.36,HIGH
439460,Nayantara Chauhan,IT,Software Engineer,53,75.85,86.86,3.5,75.37,45,4.6,28,No,79.97,HIGH
876583,Nayantara Chaudry,Sales,Business Development,59,92.74,97.0,4.0,81.73,39,4.0,18,No,85.19,HIGH
422978,Kaira Bhatia,IT,Software Engineer,95,63.3,93.66,4.8,70.13,49,3.4,5,No,78.9,HIGH
984713,Zeeshan Grewal,Marketing,SEO Specialist,52,63.65,87.71,3.2,99.48,54,4.5,5,No,84.55,HIGH
353323,Bhavin Bandi,HR,HR Manager,98,91.42,92.61,3.2,91.58,43,3.1,2,No,80.34,HIGH
246390,Ojas Bir,Sales,Sales Executive,55,78.44,81.62,3.6,78.05,41,4.2,2,No,78.78,HIGH
231085,Pihu Lal,HR,Recruitment Specialist,71,91.91,92.87,4.8,72.35,47,3.6,24,No,83.07,HIGH
296819,Siya Dua,HR,Recruitment Specialist,86,73.38,92.04,3.9,76.39,36,4.3,10,Yes,81.46,HIGH
446189,Shalv Hari,Finance,Accountant,54,94.84,91.16,3.4,83.55,44,3.7,9,No,81.18,HIGH
421809,Parinaaz Suresh,Finance,Auditor,80,67.41,81.13,4.3,94.39,48,3.4,28,No,82.08,HIGH
673079,Vaibhav Bava,Sales,Account Manager,88,60.17,88.86,4.8,87.77,40,3.1,3,No,81.72,HIGH
489890,Taran Chandra,Finance,Auditor,85,82.12,88.29,4.1,96.26,37,3.5,14,No,85.15,HIGH
823013,Ishita Setty,Finance,Accountant,66,93.95,87.18,3.2,84.22,39,3.7,1,No,79.7,HIGH
559358,Miraya Verma,Sales,Sales Executive,60,91.87,92.3,4.8,98.71,50,4.4,24,No,94.06,HIGH
275810,Zeeshan Vohra,HR,Employee Relations,75,87.99,98.81,3.3,70.14,51,3.0,28,No,74.8,MEDIUM
323997,Hansh Buch,IT,Software Engineer,57,92.82,96.33,4.5,70.91,43,4.8,5,No,87.02,HIGH
691011,Shanaya Virk,Marketing,Content Strategist,77,79.84,99.2,3.8,91.64,54,4.1,16,No,86.92,HIGH
606387,Anya Seshadri,Marketing,SEO Specialist,63,73.29,97.31,3.1,70.12,44,5.0,9,No,80.23,HIGH
821773,Romil Salvi,HR,Employee Relations,54,87.82,76.88,3.0,86.74,47,4.3,9,No,79.38,HIGH
913327,Piya Ram,Finance,Auditor,84,68.46,94.63,3.7,95.43,42,4.0,11,No,85.2,HIGH
305015,Devansh Kala,HR,Employee Relations,82,69.76,97.15,3.7,99.86,51,4.3,16,No,88.36,HIGH
276470,Tushar Kakar,Finance,Financial Analyst,66,72.53,80.41,3.0,84.36,41,3.8,28,No,75.84,HIGH
970750,Piya Tank,Finance,Accountant,51,94.95,91.14,4.6,96.4,38,4.9,18,No,94.64,HIGH
275281,Mannat Dugar,HR,HR Manager,90,64.72,80.61,3.3,85.44,43,3.9,2,No,77.03,HIGH
607031,Prisha Ramachandran,HR,Recruitment Specialist,50,61.07,93.73,3.2,71.35,40,4.3,23,No,76.26,HIGH
327641,Akarsh Kara,HR,HR Manager,90,85.82,93.94,3.2,84.11,44,4.8,29,Yes,84.6,HIGH
873000,Veer Joshi,Sales,Account Manager,91,94.11,92.96,3.2,87.76,47,4.7,1,Yes,85.93,HIGH
783454,Divij Chawla,Sales,Sales Executive,94,64.36,87.57,4.6,81.11,47,4.0,2,No,82.68,HIGH
768714,Drishya Deo,Finance,Accountant,53,92.64,81.34,4.9,97.8,51,3.1,4,No,86.87,HIGH
283077,Alisha Varghese,Sales,Sales Executive,60,93.62,93.98,3.1,71.64,52,3.7,27,No,76.85,HIGH
470019,Hansh Khanna,HR,Recruitment Specialist,54,78.54,76.36,3.3,90.71,39,3.2,30,No,76.34,HIGH
104228,Rasha Ahuja,Finance,Auditor,83,68.52,76.73,3.8,93.33,47,4.5,9,No,83.4,HIGH
109057,Nishith Garg,Sales,Sales Executive,62,91.18,88.57,4.6,74.44,44,4.6,25,No,85.96,HIGH
215316,Biju Kalita,Marketing,Content Strategist,71,64.67,80.23,4.4,91.24,43,4.0,20,No,83.48,HIGH
198933,Jayan Rege,Marketing,SEO Specialist,62,94.61,80.15,4.9,75.96,54,3.9,15,No,83.48,HIGH
272238,Saksham Bal,HR,Recruitment Specialist,95,93.07,97.24,4.3,90.25,47,3.1,5,No,85.43,HIGH
922221,Ahana  Bhatti,IT,Data Analyst,66,76.77,91.46,4.1,81.13,35,3.1,17,No,79.11,HIGH
312405,Indrans Aurora,Sales,Account Manager,57,74.95,88.91,4.9,71.7,52,4.7,23,No,85.19,HIGH
452560,Mamooty Raj,Sales,Account Manager,80,74.23,97.89,3.0,98.11,36,3.5,0,No,82.43,HIGH
723752,Yuvraj  Dara,Sales,Business Development,62,68.43,79.91,4.7,83.45,55,3.1,8,No,79.06,HIGH
909793,Taran Sawhney,HR,HR Manager,56,82.05,79.06,4.2,96.45,42,4.4,8,No,87.35,HIGH
677659,Hrishita Agate,Sales,Business Development,65,87.51,99.62,3.1,73.03,36,3.4,26,No,76.58,HIGH
471658,Seher Bhatnagar,Sales,Sales Executive,51,83.7,98.28,4.1,80.56,48,3.5,24,No,82.59,HIGH
805154,Dhanush Sehgal,HR,HR Manager,51,80.02,76.12,3.1,74.34,42,3.4,13,No,71.53,MEDIUM
668316,Neysa Tiwari,Marketing,SEO Specialist,90,68.05,83.57,3.2,80.21,44,3.8,4,No,75.58,HIGH
286143,Pihu Korpal,Sales,Sales Executive,72,69.12,99.37,3.6,71.84,38,3.8,6,No,77.94,HIGH
871816,Ishaan Saraf,Finance,Auditor,98,94.22,90.8,4.9,77.0,39,3.7,21,No,85.08,HIGH
773337,Yashvi Khatri,Marketing,Content Strategist,53,86.74,81.96,4.6,79.01,49,4.3,2,No,84.37,HIGH
557620,Mamooty Bora,Marketing,Content Strategist,98,81.35,88.36,3.2,77.18,55,4.1,16,Yes,78.16,HIGH
248692,Inaaya  Luthra,HR,Employee Relations,77,61.7,80.54,4.8,90.62,47,3.3,5,No,81.86,HIGH
966283,Aayush Bajaj,Finance,Auditor,51,72.53,91.71,4.0,91.79,54,4.3,0,No,86.33,HIGH
709404,Emir Grewal,HR,HR Manager,84,82.02,95.42,3.1,85.13,37,3.8,10,No,80.42,HIGH
908523,Pranay Boase,Finance,Accountant,98,90.8,90.24,4.8,90.32,51,3.7,4,No,88.22,HIGH
762849,Divij Hora,HR,Recruitment Specialist,61,75.74,76.07,3.6,81.17,41,3.1,14,No,73.94,MEDIUM
869639,Kismat Dutt,HR,HR Manager,86,71.88,80.1,3.4,72.98,48,3.1,17,No,71.1,MEDIUM
529876,Kabir Sinha,IT,Software Engineer,68,70.6,98.71,4.3,80.2,36,4.0,27,No,84.06,HIGH
919314,Jhanvi Kata,Finance,Accountant,87,88.53,96.58,4.8,85.6,37,4.2,12,Yes,89.85,HIGH
816428,Neelofar Grover,HR,HR Manager,62,61.07,94.04,3.3,97.11,41,4.2,1,No,84.05,HIGH
235934,Ivan Sami,HR,Recruitment Specialist,85,91.77,98.5,3.2,89.68,53,3.4,4,No,82.18,HIGH
360984,Taimur Tripathi,Marketing,Marketing Executive,78,91.75,95.04,4.9,88.17,37,3.2,5,No,87.03,HIGH
334951,Ira Chander,HR,Employee Relations,78,94.64,75.23,4.2,86.15,40,4.5,18,No,85.16,HIGH
919704,Hazel Gulati,Sales,Sales Executive,84,80.01,87.86,3.2,84.84,35,4.2,18,No,80.62,HIGH
929712,Ivan Bhakta,HR,HR Manager,96,67.45,93.32,4.4,97.62,35,3.3,3,No,85.5,HIGH
981654,Siya Dewan,Finance,Financial Analyst,82,61.53,93.4,3.2,93.46,39,3.1,18,No,78.07,HIGH
398951,Umang Sarraf,Sales,Sales Executive,54,70.46,78.49,3.2,87.65,37,4.2,26,No,78.64,HIGH
209017,Shlok Mani,Sales,Account Manager,82,68.5,94.46,3.0,85.75,36,4.3,18,No,80.67,HIGH
344490,Jayesh Ganesh,Sales,Sales Executive,60,78.76,90.27,4.9,96.56,48,4.3,11,No,91.7,HIGH
965837,Reyansh Khosla,Sales,Sales Executive,96,73.13,94.2,4.7,95.65,47,3.3,24,No,86.85,HIGH
634392,Samiha Chad,IT,Software Engineer,84,62.23,83.73,3.9,80.67,46,3.2,24,No,75.57,HIGH
948126,Adah Seth,Finance,Auditor,94,75.82,76.75,4.2,77.62,45,3.6,25,No,77.42,HIGH
727634,Siya Krish,IT,Cybersecurity Specialist,76,64.68,81.24,4.6,83.35,44,3.9,1,No,81.72,HIGH
116608,Diya Khatri,Marketing,Content Strategist,63,86.6,84.14,4.2,73.4,46,4.5,16,No,82.31,HIGH
966468,Hunar Bera,Sales,Account Manager,70,77.47,86.75,4.9,98.74,43,3.7,30,No,89.12,HIGH
738068,Pihu Andra,Sales,Business Development,72,78.24,76.83,4.7,87.69,49,4.6,9,No,86.7,HIGH
777491,Neysa Ravel,HR,HR Manager,61,94.97,81.64,4.5,72.46,43,3.2,18,No,78.36,HIGH
574506,Charvi Zacharia,Sales,Sales Executive,94,66.46,82.94,3.6,73.18,55,3.3,26,No,72.79,MEDIUM
543006,Elakshi Bava,IT,Cybersecurity Specialist,94,82.58,90.99,3.5,89.04,53,4.3,24,Yes,84.37,HIGH
110506,Rasha Handa,Finance,Accountant,54,94.2,79.05,3.3,91.99,45,5.0,7,No,86.03,HIGH
426947,Manjari Mane,Sales,Sales Executive,87,67.3,80.34,4.0,91.71,51,3.2,28,No,79.11,HIGH
372013,Anahita Dave,IT,Cybersecurity Specialist,97,75.97,99.83,3.8,92.49,36,4.5,18,Yes,88.51,HIGH
143610,Ranbir Arora,HR,HR Manager,96,87.4,91.54,4.1,91.52,51,3.5,9,No,84.9,HIGH
620510,Pihu Dubey,IT,Software Engineer,69,91.23,84.8,4.0,87.55,44,4.8,16,No,87.55,HIGH
461477,Miraya Reddy,Marketing,Marketing Executive,66,72.03,80.39,3.2,87.61,48,4.1,11,No,78.76,HIGH
832202,Vritika Varty,Marketing,Content Strategist,76,71.73,95.51,4.4,93.52,39,4.5,29,No,89.93,HIGH
310329,Myra Kashyap,Marketing,SEO Specialist,59,90.78,93.22,3.5,86.95,54,4.8,1,No,87.01,HIGH
401619,Abram Sarraf,Finance,Accountant,60,93.16,80.04,4.4,88.62,37,4.3,23,No,86.71,HIGH
773373,Chirag Rama,HR,Recruitment Specialist,88,84.68,87.0,4.5,98.13,46,5.0,29,Yes,93.31,HIGH
934765,Devansh Soni,IT,Software Engineer,69,83.66,85.92,3.2,79.01,36,3.4,30,No,75.65,HIGH
889121,Shlok Jhaveri,Marketing,SEO Specialist,94,70.94,92.85,3.3,80.37,41,4.3,13,Yes,80.17,HIGH
692855,Taimur Sood,HR,HR Manager,80,81.84,78.52,3.7,98.64,42,3.7,10,No,83.08,HIGH
446238,Ishaan Kuruvilla,HR,HR Manager,84,94.75,96.33,4.6,83.44,40,5.0,1,No,92.17,HIGH
553383,Kimaya Konda,Marketing,Marketing Executive,76,65.61,80.42,3.7,82.49,53,4.6,13,No,80.59,HIGH
899833,Elakshi Bal,IT,Data Analyst,78,86.3,87.67,4.7,74.02,52,3.8,13,No,82.37,HIGH
996332,Kiara Bhakta,Marketing,Marketing Executive,52,67.15,90.89,3.1,73.87,44,3.2,6,No,72.25,MEDIUM
482918,Jayesh Borah,HR,HR Manager,51,61.28,87.86,3.9,74.84,40,4.4,28,No,79.35,HIGH
654461,Hiran Chad,HR,Employee Relations,75,72.74,95.54,3.2,97.52,54,4.0,30,No,84.44,HIGH
337492,Mannat Bhasin,Sales,Account Manager,72,82.5,95.09,4.4,83.51,40,4.9,29,No,89.52,HIGH
879309,Vanya Shetty,Marketing,Marketing Executive,72,94.57,83.48,5.0,88.4,50,3.8,9,No,87.87,HIGH
496467,Biju Mann,IT,Software Engineer,60,76.13,97.81,3.1,99.14,55,3.3,24,No,82.52,HIGH
120772,Sumer Subramaniam,Marketing,SEO Specialist,50,76.09,82.75,4.0,86.52,52,4.6,8,No,84.52,HIGH
623296,Onkar Buch,Sales,Business Development,74,85.39,94.14,3.6,80.51,42,5.0,22,No,85.92,HIGH
465476,Onkar Garde,IT,Cybersecurity Specialist,84,72.48,93.34,4.6,97.08,54,4.7,27,No,92.24,HIGH
493072,Prisha Zachariah,IT,Data Analyst,58,89.56,88.98,3.2,97.88,36,4.8,21,No,88.12,HIGH
363871,Nayantara Dash,Finance,Financial Analyst,63,74.71,87.98,4.0,80.94,50,3.8,14,No,80.55,HIGH
505152,Priyansh Ravel,HR,HR Manager,52,93.21,77.55,4.5,86.92,53,4.1,23,No,85.31,HIGH
934804,Jivin Shere,HR,Employee Relations,52,73.85,83.91,4.3,91.01,44,3.9,12,No,84.27,HIGH
141745,Oorja Dhingra,Sales,Sales Executive,97,87.17,76.5,4.1,95.22,35,3.8,0,No,84.18,HIGH
642899,Samiha Ramakrishnan,HR,Employee Relations,50,81.07,96.6,3.0,72.11,37,4.8,16,No,80.26,HIGH
563624,Mahika Kapadia,IT,Data Analyst,65,87.85,91.27,3.0,93.68,35,5.0,26,No,87.14,HIGH
414030,Kartik Dugal,Sales,Business Development,60,67.06,91.46,4.7,95.79,46,4.6,2,No,90.94,HIGH
684976,Navya Doctor,Marketing,Marketing Executive,85,84.49,78.49,3.5,76.12,52,4.7,25,No,79.78,HIGH
818902,Ryan Sarin,HR,Recruitment Specialist,69,90.64,90.12,4.8,84.67,39,4.0,18,No,87.69,HIGH
122843,Mishti Cheema,HR,Recruitment Specialist,64,90.83,86.07,4.5,80.26,41,3.5,14,No,82.38,HIGH
282449,Indrans Shroff,Sales,Account Manager,90,71.4,92.48,3.1,92.62,38,4.8,30,Yes,85.02,HIGH
562245,Dhanuk Mann,HR,Employee Relations,56,71.25,92.42,3.7,97.08,49,3.9,3,No,85.13,HIGH
472554,Kiara Bhatnagar,IT,Data Analyst,69,80.88,77.86,3.8,83.04,54,3.1,21,No,76.17,HIGH
430701,Ishita Apte,Sales,Business Development,71,84.77,86.57,4.5,85.51,44,4.9,7,No,89.04,HIGH
399176,Dhanuk Dora,Finance,Auditor,56,92.96,75.37,3.3,87.94,41,3.6,10,No,78.35,HIGH
958515,Kanav Lalla,Marketing,Content Strategist,71,63.12,80.22,4.9,72.36,39,3.4,15,No,77.26,HIGH
822018,Arnav Dugar,Sales,Business Development,70,64.72,78.56,4.1,77.0,46,3.8,30,No,76.88,HIGH
885176,Raghav Goel,Sales,Business Development,80,84.3,92.18,3.8,90.27,37,3.3,1,No,82.35,HIGH
173624,Anvi Chhabra,Marketing,SEO Specialist,88,82.02,86.89,5.0,75.05,43,4.3,8,Yes,85.3,HIGH
560327,Inaaya  Kar,Finance,Financial Analyst,71,76.71,90.14,4.1,70.36,53,3.2,27,No,76.01,HIGH
104550,Samarth Kaul,Marketing,SEO Specialist,62,71.81,96.76,3.9,91.44,55,3.5,29,No,83.57,HIGH
363739,Eshani Sangha,Marketing,SEO Specialist,66,82.01,97.9,3.5,96.46,37,3.2,16,No,83.52,HIGH
934744,Kanav Lala,Sales,Account Manager,74,74.45,96.25,4.3,76.97,44,5.0,4,No,86.99,HIGH
957033,Zara Barad,HR,Recruitment Specialist,71,73.34,85.08,4.5,99.76,48,3.2,4,No,85.08,HIGH
429345,Sara Banerjee,Marketing,Marketing Executive,86,72.62,92.03,4.4,91.17,45,4.3,2,Yes,87.82,HIGH
604066,Ela Sagar,Marketing,Content Strategist,68,70.91,92.0,3.8,87.17,41,4.4,4,No,84.44,HIGH
357988,Miraya Sodhi,Marketing,Marketing Executive,67,73.45,93.11,3.9,84.81,38,3.1,0,No,79.41,HIGH
159745,Veer Rana,HR,HR Manager,83,75.01,77.21,3.5,97.16,45,3.6,30,No,80.49,HIGH
947156,Reyansh Ahuja,Marketing,Content Strategist,87,94.14,90.17,3.5,94.6,52,3.3,16,No,83.03,HIGH
779889,Nayantara Jain,IT,Data Analyst,70,73.69,96.31,3.2,85.89,51,4.5,22,No,83.2,HIGH
140005,Mishti Dubey,HR,Recruitment Specialist,58,69.39,99.7,4.0,98.89,55,3.8,3,No,87.75,HIGH
549263,Prerak Tara,HR,Recruitment Specialist,63,77.19,93.93,4.6,78.64,54,3.1,20,No,80.9,HIGH
457901,Indrans Mahal,HR,HR Manager,85,90.38,95.15,3.7,88.12,46,3.8,1,No,84.5,HIGH
999149,Heer Shetty,Marketing,Marketing Executive,55,60.39,80.35,3.9,85.58,38,3.0,15,No,75.38,HIGH
327633,Sahil Saini,HR,HR Manager,82,61.89,82.87,4.7,84.84,46,4.3,10,No,84.22,HIGH
390943,Hansh Soman,Sales,Business Development,88,87.93,78.49,4.0,93.17,45,4.8,30,Yes,87.64,HIGH
441111,Taimur Sagar,Sales,Business Development,77,94.87,75.66,4.7,89.44,53,3.4,11,No,83.85,HIGH
567830,Oorja Roy,HR,Employee Relations,85,78.2,93.07,4.0,82.87,37,4.4,20,No,84.9,HIGH
565667,Dharmajan Chada,Finance,Auditor,82,62.79,82.25,4.7,96.93,36,3.8,9,No,85.81,HIGH
156208,Yasmin Sami,Finance,Auditor,95,73.27,79.31,4.1,89.59,44,3.4,2,No,80.07,HIGH
162214,Neysa Krish,HR,Employee Relations,51,75.59,82.59,4.9,89.44,42,4.7,4,No,89.31,HIGH
539255,Nishith Kala,IT,Software Engineer,70,68.78,85.51,3.4,94.39,51,5.0,28,No,85.9,HIGH
706041,Fateh Shankar,HR,Employee Relations,82,79.15,96.56,4.4,94.01,37,3.7,6,No,87.83,HIGH
165289,Prerak Vora,IT,Software Engineer,72,65.41,91.2,3.2,92.48,42,4.0,7,No,81.32,HIGH
824223,Kanav Bora,HR,HR Manager,82,65.04,87.7,4.8,71.87,42,3.2,10,No,77.6,HIGH
396816,Rati Sachdev,Finance,Accountant,86,81.14,75.02,3.3,78.69,49,4.6,22,Yes,78.32,HIGH
177295,Aaryahi Sant,HR,HR Manager,55,78.2,97.89,3.2,95.77,42,3.8,15,No,84.13,HIGH
352571,Sara Johal,HR,Employee Relations,72,78.95,96.25,3.7,75.59,46,4.3,8,No,81.82,HIGH
467576,Sumer Shenoy,Marketing,Marketing Executive,82,94.96,89.05,3.0,89.31,37,4.2,3,No,82.9,HIGH
511363,Faiyaz Kota,IT,Cybersecurity Specialist,97,61.06,89.06,3.4,76.2,45,4.6,7,Yes,78.78,HIGH
859394,Darshit Bajwa,IT,Cybersecurity Specialist,92,66.4,80.77,3.4,98.43,38,3.5,25,No,79.92,HIGH
544360,Nakul Bandi,HR,Recruitment Specialist,71,91.8,87.73,3.6,95.08,45,3.8,10,No,84.85,HIGH
302988,Piya Acharya,Sales,Account Manager,92,90.44,83.08,4.7,83.74,50,4.0,5,No,85.58,HIGH
418965,Hridaan Goel,Finance,Financial Analyst,66,82.16,84.76,4.3,77.17,49,4.3,24,No,82.72,HIGH
614942,Sahil Varkey,Marketing,Content Strategist,70,65.59,78.5,4.9,76.63,55,4.7,9,No,83.65,HIGH
846672,Dishani Master,IT,Cybersecurity Specialist,72,67.23,79.07,4.8,91.81,44,4.8,25,No,88.48,HIGH
315653,Biju Bajwa,Marketing,Marketing Executive,85,84.74,81.74,3.9,96.61,44,4.8,2,No,88.6,HIGH
348440,Aarush Gaba,IT,Data Analyst,90,94.38,88.11,5.0,71.22,43,3.9,16,No,84.03,HIGH
739134,Neysa Saran,Sales,Business Development,76,86.91,89.09,4.4,85.06,47,3.7,7,No,84.43,HIGH
916644,Vedika Magar,Finance,Auditor,96,92.01,93.45,3.2,83.94,35,4.1,22,Yes,82.27,HIGH
239365,Siya Kamdar,Sales,Business Development,82,82.92,79.98,3.1,72.0,46,3.5,2,No,72.29,MEDIUM
398715,Priyansh Gour,Sales,Business Development,77,73.88,88.92,3.5,80.07,53,3.2,11,No,75.99,HIGH
645694,Vardaniya Anand,HR,Employee Relations,91,68.28,91.04,4.6,90.34,37,4.1,17,Yes,86.94,HIGH
746195,Tanya Mall,Finance,Auditor,50,65.01,95.72,3.7,85.45,41,4.0,11,No,82.08,HIGH
405980,Yuvraj  Magar,Marketing,Content Strategist,91,81.75,89.88,3.5,86.72,47,3.2,23,No,78.97,HIGH
914782,Raghav Verma,Sales,Sales Executive,75,90.27,75.06,3.8,86.41,50,3.4,28,No,78.76,HIGH
731859,Lavanya Sachdeva,Finance,Financial Analyst,52,65.68,80.59,3.1,98.15,54,4.3,1,No,81.73,HIGH
446248,Jayesh Gola,HR,Recruitment Specialist,93,84.95,88.96,3.1,84.33,36,3.9,8,No,79.59,HIGH
259747,Riaan Baria,Marketing,SEO Specialist,80,70.63,81.23,4.5,80.16,48,4.0,25,No,81.36,HIGH
743103,Hunar Kurian,IT,Software Engineer,91,70.03,77.74,3.5,90.92,40,3.5,5,No,77.83,HIGH
644265,Vritika Sen,IT,Data Analyst,61,94.59,83.2,4.2,78.45,52,4.4,25,No,84.03,HIGH
400105,Dishani Master,HR,Employee Relations,62,81.98,91.77,3.4,84.01,46,4.5,6,No,83.36,HIGH
308251,Zoya Bala,Marketing,Marketing Executive,64,88.02,79.02,4.3,98.94,39,3.1,25,No,83.89,HIGH
750687,Pari Kaur,IT,Data Analyst,91,75.04,94.05,4.9,95.55,45,3.7,24,No,89.38,HIGH
503002,Kanav Ramaswamy,IT,Data Analyst,63,73.42,94.37,4.3,91.67,41,4.6,13,No,89.32,HIGH
751290,Shalv Bansal,Finance,Auditor,82,86.37,87.19,3.0,76.76,55,3.2,17,No,73.9,MEDIUM
411962,Saksham Bains,HR,Recruitment Specialist,57,90.95,85.74,4.4,73.46,41,3.8,25,No,81.08,HIGH
709673,Romil Banerjee,Finance,Auditor,53,83.22,99.94,4.3,99.49,47,3.9,19,No,90.96,HIGH
217760,Indranil Tiwari,Marketing,SEO Specialist,97,68.02,83.14,4.1,96.99,45,3.9,22,No,84.53,HIGH
211295,Zaina Barman,Marketing,Content Strategist,89,72.91,97.32,3.4,96.3,53,3.8,28,No,84.44,HIGH
471878,Advik Walla,Marketing,SEO Specialist,54,67.48,91.74,4.6,81.53,44,4.9,10,No,87.56,HIGH
271641,Riya Chandran,Sales,Business Development,52,74.48,80.85,3.6,81.0,38,3.6,26,No,76.72,HIGH
124593,Vidur Sankar,Finance,Auditor,66,81.24,97.6,4.1,74.9,41,3.4,16,No,80.11,HIGH
694265,Shlok Chander,Sales,Account Manager,52,62.94,83.09,3.3,78.55,35,3.8,9,No,74.88,MEDIUM
625664,Divij Karan,Finance,Financial Analyst,90,94.91,96.75,4.4,97.81,35,4.9,14,Yes,95.38,HIGH
427889,Mahika Rastogi,Sales,Sales Executive,55,87.73,75.87,3.8,84.26,45,3.6,30,No,78.82,HIGH
833732,Hrishita Bali,IT,Software Engineer,79,76.94,82.78,3.6,76.47,47,3.1,14,No,73.99,MEDIUM
651403,Vanya Brar,Marketing,Marketing Executive,90,90.4,87.75,3.2,96.58,47,4.2,14,Yes,85.16,HIGH
322718,Vedika Kala,HR,Employee Relations,83,74.52,92.64,3.7,93.81,46,3.4,10,No,82.52,HIGH
780208,Yasmin Tripathi,HR,Employee Relations,50,65.77,89.49,3.1,87.11,42,4.7,2,No,81.81,HIGH
681449,Hunar Majumdar,Marketing,Content Strategist,66,67.54,92.27,3.5,89.75,52,4.1,7,No,82.53,HIGH
543581,Divyansh Soni,Marketing,SEO Specialist,86,67.42,82.93,4.8,82.24,54,4.0,11,No,83.2,HIGH
763808,Ela Bhatia,Marketing,SEO Specialist,97,66.75,89.69,4.3,76.99,48,3.5,22,No,78.91,HIGH
233411,Tarini Khatri,HR,Recruitment Specialist,87,86.83,84.47,3.7,76.4,49,4.3,6,Yes,80.5,HIGH
248169,Amira Sur,IT,Cybersecurity Specialist,50,90.86,86.69,3.8,86.12,45,4.3,30,No,84.66,HIGH
651219,Dharmajan Choudhury,IT,Software Engineer,70,78.2,99.3,3.5,80.25,39,4.6,5,No,84.16,HIGH
979897,Fateh Tella,Marketing,SEO Specialist,69,63.25,75.63,4.1,88.96,52,3.9,14,No,80.14,HIGH
340413,Rhea Sahni,IT,Software Engineer,78,70.07,82.01,4.3,84.46,46,3.4,7,No,79.55,HIGH
372813,Aradhya Sodhi,HR,Recruitment Specialist,98,73.11,82.69,3.2,96.82,43,4.3,10,Yes,82.9,HIGH
547222,Shlok Luthra,Finance,Financial Analyst,95,87.99,84.89,3.2,78.29,49,4.6,0,Yes,80.46,HIGH
703791,Uthkarsh Ganesan,Finance,Auditor,98,66.91,78.99,4.8,83.75,52,3.3,4,No,80.01,HIGH
307534,Piya Comar,Marketing,SEO Specialist,52,61.88,85.78,3.1,89.84,41,3.6,1,No,77.1,HIGH
567538,Anahi Jain,Sales,Sales Executive,97,69.74,80.05,4.6,99.09,44,3.8,20,No,86.31,HIGH
265320,Prisha Vig,Marketing,Content Strategist,58,78.75,80.56,3.4,81.97,50,4.9,12,No,81.78,HIGH
976051,Manjari Ram,HR,Employee Relations,95,63.94,82.99,4.0,98.72,54,3.8,21,No,83.81,HIGH
146970,Adira Mahal,Finance,Accountant,68,86.04,80.49,3.4,73.16,48,3.2,23,No,73.05,MEDIUM
168103,Shray Magar,Marketing,Content Strategist,99,86.38,83.11,3.7,72.15,35,4.1,5,Yes,78.1,HIGH
286475,Adah Khalsa,Marketing,SEO Specialist,70,65.46,87.26,4.3,82.37,54,3.6,21,No,80.31,HIGH
125136,Miraya Swaminathan,IT,Software Engineer,94,68.58,84.84,4.2,90.3,48,4.0,10,No,83.72,HIGH
361400,Ranbir Raj,Finance,Auditor,94,87.95,87.67,4.1,98.14,47,3.9,3,No,87.77,HIGH
815454,Pari Wason,HR,Employee Relations,61,85.0,91.58,3.5,88.12,42,3.8,5,No,82.45,HIGH
702276,Akarsh Amble,Marketing,SEO Specialist,56,87.64,91.32,4.2,98.55,52,3.3,16,No,86.59,HIGH
319589,Aarav Dugar,Sales,Account Manager,57,81.69,94.79,3.5,94.16,48,3.1,12,No,81.78,HIGH
371544,Ivan Borah,Marketing,SEO Specialist,79,68.03,85.87,3.5,97.14,46,4.8,2,No,86.32,HIGH
258361,Tanya Buch,HR,Employee Relations,66,76.58,90.42,5.0,73.01,46,4.5,2,No,85.64,HIGH
884671,Nishith Chad,IT,Cybersecurity Specialist,56,81.01,85.7,4.6,84.18,38,3.0,30,No,80.9,HIGH
646830,Abram Vala,Sales,Business Development,95,67.22,97.47,4.9,85.16,44,3.1,23,No,83.76,HIGH
672927,Ritvik Hans,HR,Recruitment Specialist,88,91.7,88.76,3.9,95.57,55,4.9,20,Yes,90.79,HIGH
438306,Vihaan Kota,Sales,Account Manager,65,65.71,82.87,4.8,93.0,51,4.4,27,No,87.85,HIGH
691020,Aaryahi Ratta,Sales,Business Development,65,61.55,79.73,3.4,85.86,44,4.0,3,No,77.46,HIGH
190216,Jiya Boase,Marketing,SEO Specialist,81,71.82,99.36,4.4,92.2,37,4.0,8,No,88.31,HIGH
322688,Romil Sachdev,Finance,Accountant,68,70.29,80.18,4.5,93.24,44,3.1,6,No,81.44,HIGH
838788,Ivana Edwin,Finance,Auditor,71,72.53,78.42,4.9,87.12,37,3.2,25,No,81.47,HIGH
117267,Ivana Savant,HR,Employee Relations,69,75.07,95.76,4.2,75.94,41,3.2,23,No,79.04,HIGH
505828,Samarth Dewan,Sales,Business Development,96,85.68,75.05,4.6,73.55,36,4.8,21,Yes,83.24,HIGH
397805,Ryan Sawhney,Finance,Accountant,93,69.56,96.13,3.3,72.48,37,4.1,14,Yes,77.53,HIGH
356762,Myra Bhargava,HR,Recruitment Specialist,58,90.67,85.35,4.0,91.37,47,3.9,14,No,85.15,HIGH
662095,Nitara Srivastava,Finance,Auditor,74,90.47,86.25,4.4,92.37,47,3.7,23,No,86.41,HIGH
117131,Jivin Som,Sales,Business Development,81,83.04,97.37,4.8,94.26,42,3.5,21,No,89.26,HIGH
260881,Vaibhav Sem,IT,Cybersecurity Specialist,77,83.95,87.61,3.3,86.03,47,3.2,2,No,77.73,HIGH
340172,Uthkarsh Kaur,IT,Data Analyst,99,77.08,81.51,3.3,92.0,53,4.6,18,Yes,83.21,HIGH
982115,Onkar Jani,IT,Software Engineer,81,63.4,94.69,4.6,83.02,45,3.9,14,No,84.18,HIGH
564969,Sahil Kapur,IT,Software Engineer,57,65.3,76.66,4.3,98.42,42,4.1,30,No,84.99,HIGH
380163,Saanvi Mani,Sales,Business Development,66,87.12,92.37,3.7,76.93,36,4.3,21,No,82.26,HIGH
605118,Vihaan Badal,HR,Recruitment Specialist,69,62.4,87.05,4.0,71.38,40,4.6,14,No,79.46,HIGH
106592,Seher Chand,Finance,Financial Analyst,51,71.88,78.29,3.7,79.12,55,4.9,30,No,80.98,HIGH
554972,Eshani Hayer,Sales,Sales Executive,75,81.53,95.52,4.5,86.57,45,3.3,24,No,84.43,HIGH
700114,Nirvi Raman,HR,Recruitment Specialist,68,80.75,83.06,4.6,89.91,44,4.7,14,No,88.86,HIGH
141061,Darshit Dugal,Marketing,Marketing Executive,88,68.87,78.83,3.6,84.36,55,3.7,9,No,77.16,HIGH
456365,Oorja Sethi,Marketing,Content Strategist,83,71.02,96.39,3.3,74.56,40,3.1,14,No,74.35,MEDIUM
275124,Mohanlal Ravel,Marketing,Marketing Executive,76,76.88,89.76,3.0,90.64,47,3.6,26,No,79.23,HIGH
540124,Mohanlal Dutt,Marketing,Marketing Executive,86,82.68,78.96,4.8,83.09,45,4.1,5,Yes,84.59,HIGH
753890,Dhruv Kala,Sales,Business Development,94,61.17,86.76,3.3,81.32,42,4.1,11,Yes,77.46,HIGH
891556,Pari Savant,IT,Software Engineer,64,91.29,91.82,3.2,97.17,40,4.3,2,No,86.64,HIGH
558903,Saira Sheth,Finance,Accountant,61,77.21,88.71,4.6,83.86,49,3.3,11,No,82.22,HIGH
987617,Shray Venkataraman,Finance,Accountant,82,61.03,99.77,3.2,91.06,45,4.3,0,No,83.38,HIGH
167991,Saksham Chana,Finance,Auditor,82,84.59,76.51,4.0,97.22,46,3.2,5,No,81.73,HIGH
858589,Anay Wason,Marketing,SEO Specialist,66,61.25,86.58,3.1,93.01,41,4.2,15,No,80.54,HIGH
257073,Saanvi Apte,IT,Data Analyst,54,87.99,90.31,3.4,70.36,41,3.6,5,No,75.97,HIGH
574279,Rasha Doshi,Finance,Financial Analyst,87,92.01,98.38,4.3,93.73,53,3.1,9,No,86.6,HIGH
832417,Shamik Anand,Finance,Financial Analyst,90,72.9,78.35,4.7,92.05,49,4.4,23,Yes,86.98,HIGH
702394,Kimaya Ratta,Finance,Auditor,84,69.64,89.31,3.1,90.34,43,4.6,12,No,82.73,HIGH
582854,Shamik Solanki,Sales,Sales Executive,81,85.97,76.36,3.4,93.0,43,4.6,2,No,83.77,HIGH
650234,Vivaan Chandra,Sales,Account Manager,54,81.89,92.33,3.7,96.55,54,4.8,17,No,89.62,HIGH
398486,Hansh Biswas,Sales,Sales Executive,99,89.63,81.6,4.1,80.24,39,3.6,6,No,80.16,HIGH
789196,Umang Koshy,HR,Employee Relations,60,70.88,86.28,3.1,88.39,51,4.6,3,No,81.66,HIGH
924525,Nehmat Srinivas,Finance,Auditor,99,69.24,85.79,3.9,76.52,45,4.4,28,Yes,80.24,HIGH
848918,Khushi Grewal,IT,Data Analyst,50,68.27,78.16,3.7,93.31,52,4.6,16,No,83.65,HIGH
226552,Hridaan Vig,Finance,Accountant,57,89.86,88.7,3.9,75.31,55,3.6,20,No,79.32,HIGH
301213,Shlok Goswami,HR,Employee Relations,89,65.6,90.7,3.5,80.13,36,4.6,6,Yes,81.14,HIGH
719823,Vritika Dhaliwal,Sales,Business Development,62,81.37,76.61,3.7,89.93,36,5.0,27,No,85.24,HIGH
516027,Neelofar Srinivasan,IT,Data Analyst,85,61.76,94.79,3.3,90.95,48,4.0,28,No,81.62,HIGH
684587,Charvi Kakar,Marketing,SEO Specialist,81,60.02,77.11,4.6,78.68,44,4.5,25,No,81.43,HIGH
259100,Nakul Chakraborty,IT,Data Analyst,62,77.36,90.83,3.5,92.24,51,3.8,29,No,82.77,HIGH
170458,Darshit Hari,IT,Data Analyst,82,85.28,89.45,3.5,75.81,51,3.1,19,No,75.56,HIGH
963356,Arhaan Maharaj,Marketing,Marketing Executive,82,83.31,76.85,4.4,79.83,46,4.0,7,No,81.25,HIGH
278127,Mannat Rama,Finance,Auditor,84,84.78,79.31,3.2,87.28,52,4.9,9,No,82.92,HIGH
828437,Yashvi Dugar,IT,Data Analyst,88,76.39,77.65,3.7,90.2,54,4.0,21,No,81.03,HIGH
522269,Uthkarsh Sanghvi,IT,Cybersecurity Specialist,78,90.65,81.57,5.0,87.9,46,3.8,15,No,86.95,HIGH
325754,Vaibhav Bhargava,Finance,Financial Analyst,72,82.77,88.82,4.2,86.75,45,3.7,18,No,83.67,HIGH
786317,Trisha Ravi,Finance,Accountant,96,92.23,94.96,4.9,97.52,54,3.3,24,No,90.27,HIGH
965898,Divit Varma,Finance,Accountant,85,72.09,89.26,4.9,94.31,52,3.7,25,No,87.75,HIGH
976433,Dhanuk Lad,Finance,Auditor,52,63.93,82.92,4.6,87.91,53,4.1,14,No,84.15,HIGH
721313,Manjari Sankaran,Finance,Financial Analyst,50,66.39,97.17,3.8,73.59,43,4.2,0,No,80.15,HIGH
288679,Siya Devi,Marketing,Marketing Executive,92,89.26,88.49,4.7,89.4,52,4.8,17,Yes,91.44,HIGH
123430,Saanvi Bains,IT,Data Analyst,64,67.12,80.75,4.2,85.7,36,4.0,26,No,81.37,HIGH
840182,Kimaya Chad,HR,Employee Relations,97,66.83,76.02,4.4,74.16,47,4.3,27,Yes,78.94,HIGH
266462,Vivaan Goyal,IT,Data Analyst,97,70.41,83.59,4.5,75.64,40,4.2,10,Yes,81.25,HIGH
273190,Vanya Varughese,HR,Employee Relations,76,62.75,92.91,3.1,81.59,52,3.1,18,No,74.13,MEDIUM
983110,Bhavin Kumar,Finance,Financial Analyst,60,62.93,75.9,3.9,99.87,39,4.4,19,No,84.63,HIGH
975459,Navya Varkey,Sales,Business Development,96,85.64,94.16,4.3,97.55,36,3.3,19,No,87.06,HIGH
608934,Tara Sarma,Sales,Business Development,66,74.06,82.46,4.0,91.01,39,4.4,7,No,84.8,HIGH
327094,Anaya Bhat,Sales,Business Development,95,93.6,86.32,3.3,71.27,36,4.0,27,No,77.2,HIGH
872669,Kashvi Sunder,Marketing,Content Strategist,75,77.79,78.52,4.9,90.84,48,3.3,2,No,83.54,HIGH
618726,Rati Lal,HR,Employee Relations,95,91.06,99.94,4.0,91.8,48,4.9,4,Yes,92.23,HIGH
133279,Aradhya Saraf,HR,Recruitment Specialist,72,82.93,77.95,4.3,88.33,46,3.3,19,No,80.78,HIGH
536321,Ranbir Behl,Sales,Business Development,78,87.39,98.26,4.4,93.38,37,3.6,30,No,88.41,HIGH
186630,Tarini Hayer,Marketing,SEO Specialist,83,63.93,81.63,4.9,76.2,47,4.1,24,No,81.58,HIGH
114913,Ayesha Baria,HR,Employee Relations,75,64.77,78.08,4.1,72.94,42,3.1,27,No,72.78,MEDIUM
723352,Tarini Mander,Finance,Accountant,71,78.95,79.12,4.0,78.71,45,4.3,11,No,80.53,HIGH
370045,Parinaaz Goswami,Finance,Accountant,70,70.8,83.12,4.0,79.8,51,4.7,20,No,82.44,HIGH
420636,Nirvi Sabharwal,HR,Recruitment Specialist,90,81.23,96.19,3.5,76.25,43,3.1,24,No,76.64,HIGH
204388,Raunak Hari,Marketing,SEO Specialist,55,84.12,81.88,4.6,97.82,54,4.1,6,No,88.93,HIGH
697202,Renee Divan,HR,HR Manager,74,94.19,81.36,3.9,90.16,50,3.9,14,No,83.94,HIGH
997340,Shlok Dar,Finance,Accountant,83,92.29,78.78,4.7,96.04,54,4.9,19,No,92.2,HIGH
290559,Ela Kamdar,Sales,Business Development,78,62.29,93.4,3.4,86.56,47,4.0,11,No,80.48,HIGH
891992,Raunak Khalsa,Sales,Account Manager,84,82.62,81.07,4.5,90.7,53,4.2,15,No,86.49,HIGH
106984,Kashvi Warrior,Sales,Business Development,97,60.64,88.23,3.0,90.04,53,3.3,19,No,75.92,HIGH
660308,Bhavin Comar,IT,Data Analyst,66,90.36,99.68,4.2,79.2,48,3.8,14,No,84.73,HIGH
904099,Kiara Keer,HR,Employee Relations,74,93.8,76.06,3.1,70.63,54,3.7,19,No,72.98,MEDIUM
320979,Zara Barad,HR,Recruitment Specialist,80,69.1,83.75,3.4,72.04,40,3.3,1,No,72.07,MEDIUM
222337,Fateh Ravel,Marketing,Content Strategist,54,72.56,75.15,3.8,83.04,37,4.1,24,No,78.8,HIGH
895447,Mamooty Dhaliwal,IT,Data Analyst,74,82.74,90.61,4.6,87.71,42,4.5,10,No,89.11,HIGH
571585,Neelofar Raja,IT,Cybersecurity Specialist,85,78.54,78.49,3.7,96.87,52,4.7,16,No,86.21,HIGH
202110,Romil Kothari,HR,Employee Relations,80,70.0,81.1,3.5,84.5,51,3.2,14,No,75.37,HIGH
688803,Ela Behl,Marketing,Content Strategist,66,61.77,87.42,4.6,83.83,40,4.3,27,No,84.41,HIGH
363816,Kimaya Sidhu,IT,Data Analyst,90,88.27,85.93,4.3,99.41,55,3.2,12,No,85.84,HIGH
400076,Riaan Dara,HR,Recruitment Specialist,68,94.53,98.53,3.1,90.54,45,3.8,22,No,83.92,HIGH
413996,Ivana Sengupta,Sales,Account Manager,53,82.49,82.0,3.2,72.64,47,3.5,22,No,73.24,MEDIUM
562767,Vihaan Seth,Sales,Account Manager,91,87.66,79.24,4.8,87.46,55,3.1,5,No,82.45,HIGH
262147,Zain Sampath,Marketing,Content Strategist,75,84.47,98.48,4.5,76.62,50,3.7,22,No,83.93,HIGH
131523,Dhanush Sharma,Sales,Business Development,57,64.29,86.05,4.7,91.13,46,3.8,17,No,84.98,HIGH
892225,Miraya Raja,Marketing,SEO Specialist,59,75.8,95.3,3.4,85.39,38,3.1,30,No,78.26,HIGH
964950,Umang Kapoor,Sales,Sales Executive,78,62.59,95.19,4.3,95.6,39,4.5,21,No,89.18,HIGH
585773,Kanav Virk,Marketing,Marketing Executive,72,85.42,78.67,3.4,96.4,51,3.5,20,No,80.8,HIGH
393701,Devansh Ray,Marketing,SEO Specialist,72,89.1,98.35,3.1,90.41,38,3.6,1,No,82.5,HIGH
879279,Riaan Badal,Marketing,Marketing Executive,67,70.99,85.99,4.2,71.93,49,3.7,22,No,77.48,HIGH
134961,Kabir Sethi,Finance,Accountant,88,82.71,85.83,3.4,80.73,41,3.4,28,No,76.86,HIGH
840376,Kavya Gade,IT,Data Analyst,69,65.98,96.51,4.5,92.22,51,3.9,5,No,87.17,HIGH
770481,Madhav Tak,Finance,Accountant,77,63.18,99.62,4.7,88.57,48,5.0,24,No,91.61,HIGH
901110,Gokul Chopra,Finance,Financial Analyst,93,88.06,83.82,4.6,98.95,50,4.5,10,Yes,91.66,HIGH
865493,Anahi Dasgupta,Finance,Auditor,82,67.17,89.47,4.2,75.08,39,4.6,3,No,82.34,HIGH
260922,Myra Jaggi,Marketing,Content Strategist,61,86.77,93.5,4.0,88.64,50,3.4,22,No,83.57,HIGH
997940,Siya Gola,Sales,Account Manager,96,74.97,95.93,3.8,76.72,41,3.8,24,No,80.1,HIGH
696765,Renee Kanda,Sales,Business Development,97,84.18,98.52,3.6,74.13,55,3.6,1,No,79.16,HIGH
484703,Misha Balakrishnan,IT,Data Analyst,82,65.88,95.93,4.8,71.81,55,4.7,23,No,85.32,HIGH
701483,Biju Chada,Sales,Account Manager,100,66.91,92.28,3.6,82.85,40,5.0,26,Yes,84.4,HIGH
681137,Vedika Iyer,Marketing,Content Strategist,53,75.53,84.5,4.2,91.78,39,3.1,23,No,81.19,HIGH
947639,Pari Yogi,Finance,Auditor,70,62.84,81.13,3.9,78.28,44,4.2,20,No,78.39,HIGH
128097,Rania Tella,Marketing,SEO Specialist,91,84.78,80.43,4.6,71.8,51,4.8,12,Yes,83.7,HIGH
559703,Kismat Bajwa,IT,Data Analyst,83,86.82,94.94,4.7,89.04,47,4.2,3,No,89.98,HIGH
433550,Zara Sahota,Marketing,Content Strategist,53,78.59,99.97,4.9,93.3,44,4.0,11,No,91.44,HIGH
512811,Amira Deshmukh,Finance,Auditor,68,60.22,99.92,3.5,90.85,37,4.2,7,No,84.06,HIGH
783714,Piya Kulkarni,Marketing,Marketing Executive,79,68.11,82.26,4.0,96.26,46,4.9,25,No,87.74,HIGH
932416,Vanya Rama,Finance,Financial Analyst,96,69.87,97.97,3.6,85.67,44,4.2,2,Yes,83.48,HIGH
906767,Alisha Ramachandran,Marketing,SEO Specialist,52,89.94,93.4,3.8,76.97,48,3.6,24,No,80.37,HIGH
584394,Lakshit Wali,HR,Employee Relations,95,70.72,99.65,4.4,87.01,52,3.3,13,No,83.91,HIGH
268830,Emir Swaminathan,HR,Recruitment Specialist,93,63.53,80.89,4.8,98.12,39,4.2,19,Yes,87.97,HIGH
761423,Ishaan Mane,Finance,Accountant,68,71.21,84.87,3.2,93.13,49,4.4,7,No,82.43,HIGH
116739,Damini Magar,Sales,Sales Executive,63,66.25,79.75,3.2,88.94,43,4.7,30,No,80.86,HIGH
472499,Charvi Sekhon,Finance,Financial Analyst,61,65.39,88.13,4.1,86.49,54,3.5,8,No,80.51,HIGH
567481,Kabir Shanker,Marketing,Marketing Executive,63,61.75,78.94,4.1,87.33,50,3.8,2,No,79.76,HIGH
816930,Zaina Dube,Sales,Sales Executive,59,68.55,84.54,3.2,98.53,40,4.5,6,No,84.12,HIGH
831338,Darshit Borah,Finance,Auditor,85,75.06,85.01,3.2,98.73,47,3.9,1,No,82.53,HIGH
304851,Saksham Cherian,Sales,Account Manager,95,94.32,87.99,3.7,96.15,38,3.6,15,No,85.08,HIGH
743872,Ishita Varughese,Sales,Business Development,61,84.96,79.61,3.0,71.71,46,3.9,16,No,73.53,MEDIUM
406110,Bhamini Shankar,HR,Recruitment Specialist,80,79.01,91.8,4.5,74.71,42,4.6,9,No,85.07,HIGH
498810,Kashvi Chanda,HR,Employee Relations,68,80.5,92.61,3.3,98.12,50,3.6,8,No,83.61,HIGH
702079,Kavya Arya,HR,HR Manager,91,64.63,98.63,3.0,95.49,54,4.1,12,Yes,83.24,HIGH
962057,Aayush Chauhan,HR,Employee Relations,97,85.83,83.19,3.1,71.28,44,4.5,18,Yes,77.0,HIGH
951525,Yakshit Kohli,IT,Data Analyst,75,71.03,90.1,4.9,87.93,41,3.5,17,No,85.1,HIGH
847026,Aradhya Bajaj,Marketing,Content Strategist,70,85.97,84.74,3.9,91.5,40,3.3,7,No,81.79,HIGH
429719,Kartik Chaudry,IT,Cybersecurity Specialist,70,84.36,82.66,3.0,91.57,40,4.0,6,No,80.44,HIGH
256638,Yashvi Mangat,HR,Employee Relations,59,76.37,83.89,4.7,86.73,54,4.9,22,No,88.83,HIGH
737016,Gatik Chaudhari,Sales,Account Manager,81,78.24,75.53,3.6,85.04,55,4.4,0,No,80.44,HIGH
892397,Charvi Sengupta,IT,Cybersecurity Specialist,50,79.01,82.83,4.3,94.9,47,3.9,23,No,85.74,HIGH
720127,Akarsh Setty,Sales,Business Development,95,86.1,79.25,4.7,98.9,44,4.8,10,Yes,92.13,HIGH
988457,Amani Sethi,Marketing,Marketing Executive,71,77.5,95.68,3.5,93.35,49,4.2,23,No,85.69,HIGH
598123,Tushar Mahajan,IT,Data Analyst,93,92.78,99.48,3.4,90.75,41,4.0,7,No,86.0,HIGH
194533,Tarini Lad,Marketing,Marketing Executive,51,67.7,82.49,3.9,89.51,41,3.4,22,No,79.32,HIGH
998986,Prisha Barad,Finance,Financial Analyst,85,80.49,87.62,4.0,76.77,38,3.9,21,No,80.2,HIGH
643959,Vanya Hegde,IT,Cybersecurity Specialist,98,66.72,85.54,4.8,76.94,54,4.3,28,Yes,83.26,HIGH
436654,Akarsh Kadakia,HR,Recruitment Specialist,61,69.15,82.09,4.9,81.5,48,3.3,26,No,80.58,HIGH
326256,Hansh Shanker,Finance,Auditor,54,92.31,82.28,3.3,86.56,42,3.2,5,No,77.65,HIGH
953883,Mamooty Kalita,Sales,Account Manager,79,67.55,84.17,3.5,98.37,38,4.6,1,No,85.5,HIGH
281981,Abram Das,Finance,Accountant,63,70.75,89.89,4.6,81.18,47,4.1,17,No,84.21,HIGH
313484,Ojas Bansal,IT,Software Engineer,53,67.9,79.68,4.1,77.46,45,4.8,19,No,81.56,HIGH
854376,Diya Apte,Sales,Account Manager,81,89.89,79.06,4.0,96.62,42,3.3,20,No,82.99,HIGH
582723,Shanaya D’Alia,Sales,Account Manager,91,75.89,95.4,4.3,84.37,47,5.0,26,Yes,89.18,HIGH
360036,Abram Singhal,Sales,Business Development,100,80.98,98.84,3.9,91.55,47,4.5,11,Yes,88.93,HIGH
513399,Kiaan Ganesh,Finance,Auditor,100,92.41,96.42,5.0,75.48,52,4.8,18,Yes,90.37,HIGH
100021,Rati Hayre,Finance,Auditor,100,74.97,83.08,4.5,74.16,42,3.7,13,No,79.16,HIGH
971093,Alia Chand,Finance,Financial Analyst,74,60.71,81.6,3.9,76.28,49,4.6,27,No,79.28,HIGH
731049,Jivin Dash,Marketing,SEO Specialist,92,93.88,92.47,3.9,71.7,36,4.5,3,Yes,82.99,HIGH
826752,Akarsh Jain,Finance,Auditor,57,93.9,88.6,3.7,75.94,41,5.0,6,No,84.69,HIGH
745828,Aniruddh Upadhyay,Marketing,SEO Specialist,77,65.12,91.1,4.5,80.62,35,4.5,22,No,84.92,HIGH
619015,Jivin Ben,IT,Data Analyst,87,89.86,83.43,4.3,78.28,54,4.1,2,Yes,82.76,HIGH
992874,Ritvik Dixit,Sales,Business Development,95,70.56,96.27,4.7,71.35,49,4.1,4,Yes,82.92,HIGH
898382,Dharmajan Kaur,Marketing,Content Strategist,79,75.36,75.99,3.5,81.45,45,4.3,9,No,78.37,HIGH
484630,Tarini Anne,IT,Data Analyst,86,91.07,96.65,4.9,84.7,40,4.4,25,Yes,91.05,HIGH
319787,Amani Babu,Finance,Accountant,97,94.18,79.7,4.6,99.24,52,3.1,15,No,85.93,HIGH
666580,Chirag Gour,IT,Data Analyst,92,72.62,93.23,4.1,94.39,51,4.0,27,No,86.62,HIGH
355918,Tiya Ramanathan,Finance,Financial Analyst,50,72.02,90.89,3.3,88.7,35,4.6,13,No,83.59,HIGH
581294,Ranbir Bhattacharyya,Marketing,SEO Specialist,78,68.17,76.92,4.5,84.17,48,4.7,25,No,84.25,HIGH
968669,Prerak Hayer,Sales,Sales Executive,92,91.19,90.33,3.5,94.32,46,4.3,19,Yes,86.68,HIGH
515999,Kaira Barad,Sales,Sales Executive,83,77.77,78.01,4.4,72.66,45,4.4,18,No,80.38,HIGH
816329,Nayantara Dar,HR,Recruitment Specialist,87,86.99,98.14,4.9,97.12,46,3.7,6,No,91.86,HIGH
271872,Samar Arya,Sales,Sales Executive,82,84.09,94.56,3.3,85.33,47,3.0,22,No,78.12,HIGH
147332,Navya Seshadri,IT,Cybersecurity Specialist,54,81.04,88.33,4.2,78.75,39,3.7,8,No,81.0,HIGH
542687,Lakshay Manne,Sales,Sales Executive,59,74.08,76.1,4.4,89.46,43,4.9,1,No,86.67,HIGH
454195,Yakshit Gill,IT,Cybersecurity Specialist,74,60.32,76.39,4.1,73.16,47,4.6,8,No,78.06,HIGH
788011,Taran Magar,Finance,Financial Analyst,66,80.67,81.25,3.3,74.06,36,3.2,10,No,72.54,MEDIUM
249172,Raunak Goda,IT,Software Engineer,82,75.56,78.03,3.3,94.77,53,3.6,9,No,79.19,HIGH
811225,Amira Kumar,IT,Data Analyst,86,92.53,75.54,4.5,72.3,35,3.3,3,No,77.25,HIGH
790332,Miraan Shetty,Marketing,Content Strategist,91,71.14,87.73,3.0,86.62,39,4.1,11,Yes,79.05,HIGH
110121,Manikya Shukla,Marketing,Marketing Executive,57,92.03,84.22,3.3,72.04,53,3.5,20,No,74.86,MEDIUM
481729,Onkar Atwal,Marketing,Content Strategist,69,63.06,77.36,4.6,97.34,40,3.2,11,No,82.18,HIGH
898619,Priyansh Anand,HR,Recruitment Specialist,69,78.37,96.79,3.9,89.56,41,4.4,2,No,87.26,HIGH
567306,Raghav Khurana,Marketing,SEO Specialist,74,74.75,77.08,3.4,81.27,48,3.1,9,No,73.27,MEDIUM
929819,Divit Bhargava,IT,Data Analyst,78,78.12,89.23,4.2,71.73,36,5.0,29,No,83.98,HIGH
968855,Ranbir Mani,Marketing,Marketing Executive,67,65.23,98.71,4.0,95.49,41,4.6,16,No,89.31,HIGH
191069,Emir Krish,IT,Data Analyst,89,65.58,81.49,5.0,77.19,40,4.6,1,Yes,84.41,HIGH
100227,Vihaan Garg,IT,Data Analyst,74,88.1,99.97,4.0,96.02,47,3.6,17,No,88.01,HIGH
127118,Piya Ravi,Sales,Sales Executive,63,70.37,96.96,4.9,85.7,40,3.5,20,No,85.74,HIGH
932669,Bhamini Uppal,HR,Employee Relations,78,75.37,80.05,4.0,85.28,54,4.7,21,No,83.93,HIGH
923470,Aarna Kadakia,HR,Employee Relations,82,64.9,88.99,3.3,70.2,37,4.4,4,No,76.15,HIGH
939040,Ahana  Gala,Sales,Business Development,57,92.35,82.34,3.1,72.12,39,4.1,14,No,76.14,HIGH
388758,Vihaan Kala,Sales,Account Manager,75,62.64,77.99,3.3,79.59,55,4.8,19,No,78.14,HIGH
614027,Mamooty Tripathi,Finance,Accountant,96,70.04,92.69,4.5,78.86,49,3.0,19,No,79.2,HIGH
176348,Rati Upadhyay,IT,Cybersecurity Specialist,85,90.8,96.69,3.3,86.58,51,4.2,7,No,84.39,HIGH
417386,Mahika Sant,Marketing,Marketing Executive,95,68.87,92.07,4.8,99.86,46,3.3,5,No,87.66,HIGH
678362,Hrishita Jaggi,Marketing,Marketing Executive,56,64.38,93.62,3.8,81.4,55,3.1,24,No,77.18,HIGH
120071,Tarini De,Finance,Accountant,50,63.63,85.22,4.6,75.39,53,4.3,29,No,81.62,HIGH
656354,Amira Bhatti,Sales,Account Manager,70,69.16,86.81,3.3,81.7,46,4.3,12,No,79.19,HIGH
317649,Samar Choudhury,Marketing,Content Strategist,86,85.49,98.21,4.0,92.11,42,3.9,6,No,87.42,HIGH
723461,Hazel Ram,Marketing,Content Strategist,97,91.35,99.6,4.2,91.82,45,4.8,6,Yes,92.6,HIGH
526841,Prisha Sen,IT,Software Engineer,53,69.43,89.92,4.7,83.64,45,3.1,6,No,81.22,HIGH
583717,Eshani Batta,Sales,Business Development,73,74.3,86.68,3.5,95.52,35,3.4,9,No,81.02,HIGH
746766,Samarth Bhat,HR,Employee Relations,55,65.89,95.95,4.4,76.48,52,4.8,22,No,85.52,HIGH
431327,Nitara Bakshi,Sales,Sales Executive,96,88.4,80.25,4.8,96.91,47,4.9,4,Yes,92.76,HIGH
491083,Heer Saxena,Sales,Sales Executive,90,69.68,79.51,5.0,90.05,46,3.1,12,No,82.29,HIGH
975149,Ehsaan Biswas,IT,Software Engineer,55,75.47,89.02,4.2,88.46,36,3.1,20,No,81.09,HIGH
499259,Farhan Anand,Finance,Auditor,67,68.43,99.53,4.9,91.84,39,4.3,24,No,91.1,HIGH
847889,Veer Tara,HR,Recruitment Specialist,69,64.54,97.05,3.8,74.26,51,3.8,10,No,78.54,HIGH
753580,Ritvik Lanka,HR,HR Manager,97,86.05,88.51,3.6,84.48,43,4.4,7,Yes,83.65,HIGH
278760,Samarth Bhandari,HR,HR Manager,78,75.19,91.57,4.1,80.24,45,4.1,19,No,82.71,HIGH
292074,Nayantara Kale,Sales,Sales Executive,72,62.44,84.79,3.8,79.51,40,3.2,25,No,75.06,HIGH
137704,Himmat Bir,Finance,Financial Analyst,88,94.1,94.79,3.7,97.26,45,4.5,11,Yes,90.35,HIGH
701024,Mannat Bhatnagar,HR,Employee Relations,65,67.32,89.31,5.0,90.73,37,3.1,29,No,84.21,HIGH
648401,Jayesh Kala,Finance,Accountant,97,84.54,84.01,3.6,72.52,54,4.3,11,Yes,78.61,HIGH
361661,Miraya Grover,Marketing,SEO Specialist,61,92.59,92.96,4.7,78.67,36,4.4,16,No,87.85,HIGH
782255,Vedika Varkey,Finance,Accountant,75,73.28,78.75,3.3,96.87,36,4.3,9,No,82.54,HIGH
391105,Baiju Yohannan,Marketing,SEO Specialist,94,87.22,82.6,3.7,91.45,45,3.5,22,No,81.48,HIGH
366641,Khushi Edwin,IT,Software Engineer,89,70.63,91.44,4.2,99.39,46,5.0,29,Yes,91.97,HIGH
371422,Hazel Tailor,HR,Employee Relations,59,62.13,85.14,4.0,97.82,38,3.3,20,No,81.79,HIGH
774296,Kiaan Chatterjee,HR,Recruitment Specialist,59,74.97,89.91,3.1,97.16,37,3.7,29,No,81.83,HIGH
917928,Himmat Chandran,Marketing,SEO Specialist,53,62.65,92.23,3.3,86.37,47,4.8,27,No,83.02,HIGH
899345,Drishya Garde,Sales,Account Manager,54,73.67,76.73,4.2,99.75,41,4.8,2,No,88.64,HIGH
976064,Jivika Rajagopal,IT,Data Analyst,52,88.52,92.6,4.5,97.06,39,4.5,19,No,92.49,HIGH
784983,Raghav Mallick,Finance,Financial Analyst,95,60.34,83.06,3.2,93.5,48,3.3,17,No,76.7,HIGH
947715,Purab Madan,Finance,Auditor,51,88.78,86.94,3.3,97.65,54,3.5,26,No,82.76,HIGH
522322,Tara Arya,Marketing,Content Strategist,57,81.22,75.84,4.9,78.22,49,5.0,25,No,86.36,HIGH
579876,Renee Sagar,HR,Employee Relations,64,90.86,84.29,4.3,86.74,38,4.0,10,No,85.17,HIGH
139711,Divit Sem,Finance,Auditor,80,79.53,90.57,5.0,72.41,50,3.7,0,No,82.59,HIGH
561816,Rasha Madan,Sales,Business Development,77,63.15,85.75,3.6,82.88,37,3.3,24,No,75.93,HIGH
584488,Lavanya Dalal,Sales,Sales Executive,79,67.37,76.06,4.4,76.97,47,3.4,7,No,76.24,HIGH
361708,Stuvan Dewan,Marketing,Content Strategist,74,88.09,87.92,4.0,80.69,46,4.8,24,No,85.8,HIGH
779924,Aarna Barman,Finance,Accountant,81,65.18,99.56,3.6,79.25,44,3.3,11,No,77.8,HIGH
868781,Dhanuk Bora,Sales,Sales Executive,55,84.0,98.26,3.3,80.87,44,3.9,23,No,81.11,HIGH
732948,Sana Bhargava,HR,Recruitment Specialist,77,71.49,98.81,3.4,89.17,49,3.1,21,No,79.66,HIGH
640738,Tarini Sarin,HR,Recruitment Specialist,64,68.87,99.58,3.1,83.77,42,3.4,15,No,77.93,HIGH
639446,Zaina Chhabra,Finance,Accountant,73,83.92,78.86,4.2,93.91,50,3.8,3,No,84.34,HIGH
258663,Mamooty Srinivas,Finance,Financial Analyst,70,71.76,81.27,4.2,82.88,52,4.6,20,No,83.49,HIGH
270267,Badal Gaba,IT,Software Engineer,84,84.77,76.12,3.5,96.23,38,4.9,10,No,86.17,HIGH
624789,Vaibhav Sur,HR,Employee Relations,77,68.91,86.52,4.5,71.2,53,3.7,16,No,78.36,HIGH
643456,Divyansh Kala,Sales,Account Manager,51,94.72,88.69,3.2,70.02,37,3.3,26,No,74.22,MEDIUM
314234,Taran Magar,Finance,Accountant,63,83.03,96.32,3.7,88.39,41,4.0,19,No,84.88,HIGH
552359,Zoya Deo,IT,Data Analyst,75,85.29,93.0,3.7,78.5,35,3.4,3,No,79.08,HIGH
620358,Vivaan Mani,Finance,Financial Analyst,59,65.32,78.82,4.3,97.29,51,4.2,17,No,85.48,HIGH
549637,Inaaya  Ravi,Sales,Account Manager,66,76.79,86.12,3.1,90.88,40,3.9,9,No,80.17,HIGH
837075,Misha Sawhney,HR,Recruitment Specialist,51,69.3,93.2,3.5,86.49,45,4.6,16,No,83.92,HIGH
715935,Kiara Toor,HR,HR Manager,88,79.66,96.64,4.3,79.8,47,4.7,16,Yes,87.23,HIGH
554087,Yashvi Vig,Marketing,SEO Specialist,89,87.96,97.3,4.0,93.33,46,3.1,12,No,84.66,HIGH
871388,Dhanuk Keer,Sales,Account Manager,70,62.65,90.68,3.6,72.33,41,4.1,12,No,76.9,HIGH
587411,Sara Mahajan,HR,Recruitment Specialist,66,74.41,82.54,4.7,89.9,42,3.6,24,No,84.12,HIGH
745780,Vardaniya Chokshi,Finance,Auditor,50,91.83,82.56,4.9,85.18,46,3.4,10,No,84.45,HIGH
607019,Samarth Gandhi,Sales,Account Manager,77,93.17,99.62,3.0,73.31,51,3.1,22,No,75.63,HIGH
841750,Aniruddh Sharma,IT,Cybersecurity Specialist,52,76.01,80.5,3.4,73.28,53,4.8,15,No,78.49,HIGH
632563,Dishani Mangat,HR,Recruitment Specialist,92,64.85,99.85,3.6,99.17,38,4.2,6,Yes,87.41,HIGH
255488,Romil Bhatnagar,IT,Cybersecurity Specialist,84,86.05,80.11,3.9,76.79,38,3.6,26,No,77.66,HIGH
767269,Sana Ramesh,Finance,Accountant,72,67.48,76.62,4.1,73.52,53,3.4,12,No,74.13,MEDIUM
644226,Riaan Dua,IT,Data Analyst,50,80.35,79.61,3.8,87.98,39,4.2,2,No,82.35,HIGH
543955,Uthkarsh Arya,IT,Data Analyst,80,89.61,99.32,4.4,95.61,44,3.9,13,No,90.71,HIGH
576706,Indrans Arya,HR,Employee Relations,81,90.98,92.88,3.9,81.06,46,4.8,1,No,86.79,HIGH
828734,Nitara Brahmbhatt,Sales,Business Development,74,65.81,91.17,4.0,79.99,53,3.0,26,No,76.81,HIGH
403621,Vardaniya Yogi,Sales,Sales Executive,60,64.82,99.29,4.9,97.03,50,4.0,23,No,91.05,HIGH
798350,Eshani Khalsa,HR,Recruitment Specialist,94,67.01,80.4,4.5,90.45,38,3.2,22,No,80.72,HIGH
437852,Chirag Lanka,Finance,Financial Analyst,94,65.31,97.66,3.3,92.46,51,4.6,8,Yes,85.4,HIGH
753280,Kashvi Sabharwal,HR,Employee Relations,91,80.74,84.56,3.7,97.75,44,4.9,24,Yes,88.71,HIGH
193694,Manjari Bhakta,Marketing,SEO Specialist,62,84.64,96.72,3.8,75.02,38,4.3,13,No,82.71,HIGH
304449,Anika Dora,Marketing,Marketing Executive,90,61.35,77.54,4.7,77.21,48,3.6,5,No,78.01,HIGH
556936,Vidur Dora,IT,Software Engineer,100,78.17,92.63,4.6,71.2,54,3.8,23,No,81.3,HIGH
774257,Priyansh Maharaj,IT,Cybersecurity Specialist,100,87.58,87.39,3.3,94.84,52,4.7,4,Yes,86.69,HIGH
221408,Tarini Sundaram,Sales,Account Manager,92,92.47,76.54,3.7,76.78,43,3.8,9,No,77.59,HIGH
371918,Divit Dutta,Finance,Auditor,53,79.67,98.56,3.8,95.68,41,4.8,14,No,90.78,HIGH
220541,Ira Dua,Finance,Auditor,68,81.64,84.75,4.6,82.49,40,4.7,19,No,87.06,HIGH
955204,Mannat Thaman,Finance,Financial Analyst,59,61.72,95.6,3.1,87.14,36,4.6,24,No,82.23,HIGH
185558,Suhana Lala,IT,Software Engineer,58,71.72,97.65,4.0,94.74,38,4.8,3,No,90.32,HIGH
120216,Zara Sabharwal,IT,Software Engineer,81,86.68,92.15,3.1,93.23,50,3.8,4,No,82.67,HIGH
114431,Kismat Gupta,Marketing,Marketing Executive,78,94.18,94.76,4.9,85.0,49,3.3,15,No,86.67,HIGH
824403,Aradhya Saran,Finance,Accountant,58,82.56,98.53,3.7,92.77,36,3.4,27,No,84.19,HIGH
668476,Abram Shankar,HR,Employee Relations,62,60.41,96.6,4.9,92.76,40,3.7,8,No,87.59,HIGH
449589,Siya Mane,Finance,Accountant,72,69.04,98.37,3.6,86.01,55,3.2,28,No,79.58,HIGH
857263,Jayan Bera,Finance,Accountant,50,82.51,92.57,4.2,85.26,37,3.5,12,No,83.14,HIGH
873801,Madhav Kunda,Finance,Auditor,54,90.72,80.86,3.7,72.32,36,4.2,9,No,78.54,HIGH
698063,Nayantara Tiwari,Sales,Business Development,79,75.75,91.63,3.3,95.57,48,3.5,20,No,81.77,HIGH
513486,Devansh Kibe,IT,Software Engineer,86,72.76,96.51,3.6,85.81,54,4.7,18,Yes,85.52,HIGH
608483,Nishith Banik,HR,Employee Relations,66,70.94,79.39,3.9,98.35,46,3.1,4,No,80.48,HIGH
504397,Hrishita Jaggi,Finance,Accountant,53,92.66,86.54,4.2,86.03,46,4.6,1,No,87.58,HIGH
826290,Sahil Ganesh,HR,Recruitment Specialist,56,88.02,83.85,4.6,83.12,36,3.9,12,No,84.51,HIGH
403534,Aayush Master,Marketing,Content Strategist,84,87.28,99.78,4.9,71.14,52,4.5,30,No,87.63,HIGH
812378,Bhavin Rajagopalan,HR,Employee Relations,59,84.14,79.37,3.9,96.86,52,3.2,23,No,81.75,HIGH
227383,Arhaan Bali,HR,Employee Relations,51,85.04,95.37,4.4,88.8,38,4.0,27,No,87.82,HIGH
262429,Amira Khurana,Sales,Account Manager,91,76.41,94.79,4.9,92.68,42,3.5,19,No,88.0,HIGH
189065,Tanya Garg,Marketing,SEO Specialist,70,61.23,91.94,4.1,96.53,55,4.6,21,No,88.27,HIGH
192881,Elakshi Varughese,Marketing,Marketing Executive,72,70.44,75.26,4.2,81.01,50,3.2,9,No,76.0,HIGH
873497,Azad Lala,HR,Employee Relations,71,91.25,99.96,4.1,83.3,41,3.3,10,No,83.71,HIGH
874596,Anahita Borah,HR,Employee Relations,93,68.49,82.7,3.8,84.99,52,4.0,20,No,80.09,HIGH
202827,Faiyaz Kuruvilla,Marketing,Marketing Executive,92,66.62,99.29,4.5,74.75,55,3.5,24,No,80.95,HIGH
494146,Kaira Balan,Marketing,Content Strategist,76,87.55,99.56,3.6,81.52,41,4.8,10,No,86.72,HIGH
157240,Hrishita Wason,Finance,Financial Analyst,62,85.9,82.32,3.1,72.01,53,3.1,24,No,71.46,MEDIUM
578802,Nakul Ahluwalia,HR,Recruitment Specialist,93,83.41,84.6,3.7,78.52,38,3.5,15,No,77.62,HIGH
447327,Akarsh Upadhyay,Sales,Account Manager,84,61.78,88.45,3.3,92.1,42,4.4,3,No,82.3,HIGH
758499,Faiyaz Bajaj,Finance,Financial Analyst,70,87.71,95.05,3.6,98.15,36,4.7,5,No,90.43,HIGH
927109,Nishith Bhargava,Marketing,Marketing Executive,55,86.29,95.19,4.8,77.19,35,3.3,30,No,83.22,HIGH
618616,Yuvraj  Sarkar,HR,Employee Relations,70,89.57,89.33,4.7,83.18,47,3.3,15,No,83.78,HIGH
498762,Devansh Toor,Finance,Accountant,100,82.56,92.98,3.8,75.48,54,4.8,30,Yes,83.9,HIGH
912964,Nakul Khosla,Finance,Auditor,55,84.83,83.83,3.8,79.87,38,4.5,0,No,82.41,HIGH
599483,Purab Dhar,Finance,Financial Analyst,100,88.22,80.51,3.7,72.59,40,3.4,26,No,75.1,HIGH
402376,Vihaan Raval,Marketing,SEO Specialist,65,78.28,93.33,3.0,70.79,39,4.0,28,No,75.73,HIGH
929030,Oorja Sundaram,IT,Cybersecurity Specialist,79,66.48,92.8,3.9,80.84,36,3.1,5,No,77.46,HIGH
679910,Neelofar Dada,Sales,Account Manager,66,64.49,97.92,3.1,96.07,43,4.9,2,No,86.85,HIGH
541462,Shayak Sen,HR,HR Manager,60,81.03,92.22,3.3,87.72,49,4.7,12,No,84.86,HIGH
562590,Nishith Kothari,Sales,Sales Executive,81,91.49,94.0,4.7,87.25,38,4.9,8,No,92.52,HIGH
395763,Aradhya Batta,Marketing,Marketing Executive,81,81.97,76.23,3.9,73.22,38,4.9,18,No,80.61,HIGH
612991,Indranil D’Alia,Marketing,SEO Specialist,77,74.27,90.2,4.2,83.15,53,3.1,6,No,79.61,HIGH
853157,Emir Wadhwa,Sales,Business Development,71,66.4,86.57,3.7,72.05,36,3.4,28,No,73.97,MEDIUM
801178,Kartik Mane,Sales,Sales Executive,52,70.91,76.13,3.9,87.7,39,3.9,15,No,79.83,HIGH
236373,Stuvan Gulati,IT,Cybersecurity Specialist,78,65.11,79.5,4.7,77.4,36,3.6,24,No,78.83,HIGH
201240,Jayan Mahajan,Finance,Financial Analyst,92,86.23,76.37,3.4,76.58,43,3.6,9,No,74.87,MEDIUM
243592,Pari Sami,IT,Software Engineer,68,85.21,97.75,4.7,78.94,39,3.9,12,No,86.15,HIGH
121994,Vanya Sankaran,Sales,Business Development,64,66.0,85.99,3.1,75.31,49,4.2,12,No,75.59,HIGH
240288,Ojas Joshi,IT,Software Engineer,66,81.46,85.26,4.7,79.76,41,3.2,10,No,80.73,HIGH
539202,Shlok Majumdar,Finance,Financial Analyst,79,73.26,96.54,4.8,72.4,44,4.9,30,No,87.15,HIGH
116787,Hridaan Gade,Marketing,Marketing Executive,71,69.92,77.77,3.7,74.6,44,4.8,20,No,78.93,HIGH
863845,Ehsaan Bahl,Finance,Accountant,95,89.43,83.52,4.4,89.43,53,4.4,5,Yes,87.68,HIGH
800074,Yasmin Sule,Marketing,SEO Specialist,52,83.82,78.18,4.5,90.44,36,4.9,25,No,88.75,HIGH
596736,Vidur Dada,HR,Employee Relations,91,81.75,80.23,4.0,75.03,53,4.3,29,Yes,79.93,HIGH
150249,Pari Sastry,Sales,Sales Executive,95,86.59,97.49,4.6,70.16,41,4.7,19,Yes,86.4,HIGH
302567,Taran Kakar,Marketing,SEO Specialist,70,93.16,92.31,3.4,82.56,40,4.6,22,No,84.55,HIGH
424252,Madhup Rege,HR,Employee Relations,79,85.26,87.22,3.4,93.44,38,4.3,6,No,84.8,HIGH
471416,Fateh Khanna,Finance,Auditor,64,66.15,83.38,3.1,85.06,41,4.5,14,No,79.21,HIGH
101509,Drishya Konda,HR,Recruitment Specialist,90,86.46,75.15,4.0,84.45,51,3.6,0,No,79.41,HIGH
699553,Uthkarsh Brar,IT,Software Engineer,54,88.92,88.4,3.4,80.34,43,4.7,18,No,83.07,HIGH
328148,Zeeshan Dyal,Sales,Business Development,97,74.26,78.31,3.3,75.57,49,4.2,30,Yes,75.76,HIGH
783359,Dhanuk Master,HR,Employee Relations,85,83.96,82.34,4.2,81.34,35,4.9,19,No,85.67,HIGH
207899,Jayan Bal,Finance,Auditor,82,71.06,82.02,4.7,98.42,39,4.6,9,No,90.24,HIGH
754307,Zaina Bhalla,Finance,Financial Analyst,50,77.97,98.47,4.9,91.89,36,4.4,26,No,92.26,HIGH
600343,Mohanlal Varkey,Sales,Account Manager,58,67.58,75.53,3.1,96.13,44,3.0,19,No,75.1,HIGH
223413,Raghav Sawhney,Sales,Account Manager,51,90.42,91.01,3.6,82.14,55,4.5,9,No,84.29,HIGH
185382,Jayant Soni,HR,HR Manager,56,61.36,95.24,4.7,75.01,52,3.5,13,No,80.49,HIGH
331366,Aaina Aurora,HR,Employee Relations,60,63.71,75.72,3.5,87.81,45,4.9,0,No,81.46,HIGH
430157,Darshit Jayaraman,Finance,Financial Analyst,75,68.02,91.06,3.5,96.0,39,4.0,20,No,83.81,HIGH
790106,Hazel Lall,Finance,Auditor,58,81.45,99.07,3.9,98.65,42,5.0,27,No,93.15,HIGH
288594,Manikya Sura,Finance,Financial Analyst,61,64.2,79.05,3.3,79.77,55,4.5,11,No,77.36,HIGH
456525,Vardaniya Kala,Marketing,Marketing Executive,55,92.42,88.58,4.9,89.33,51,3.3,15,No,86.56,HIGH
427823,Dhruv Sur,Marketing,Marketing Executive,88,81.88,79.65,4.0,77.42,47,3.2,10,No,76.14,HIGH
507342,Tiya Hans,IT,Cybersecurity Specialist,70,85.92,75.99,3.2,82.97,38,3.9,11,No,77.08,HIGH
261647,Hiran Kalla,IT,Software Engineer,61,82.7,79.24,3.1,79.83,54,4.6,26,No,78.87,HIGH
461648,Vidur Dugar,IT,Data Analyst,75,70.46,95.97,5.0,77.3,48,4.7,28,No,88.23,HIGH
108459,Aaina Thaman,Finance,Auditor,96,88.58,88.71,4.9,86.27,38,3.4,23,No,85.68,HIGH
924475,Indranil Mahal,Finance,Accountant,53,77.7,92.52,3.5,78.21,53,4.2,25,No,80.54,HIGH
521014,Samiha Ben,Finance,Accountant,96,73.49,97.08,3.1,70.91,52,4.8,24,Yes,79.64,HIGH
305308,Elakshi Kamdar,Sales,Account Manager,60,66.85,99.15,4.0,70.83,41,5.0,10,No,83.76,HIGH
752578,Tara Raju,Marketing,Content Strategist,94,74.69,84.54,3.8,82.02,46,3.8,22,No,79.38,HIGH
857969,Gokul Saran,HR,Recruitment Specialist,52,93.47,76.1,4.3,94.8,51,3.5,30,No,84.21,HIGH
148453,Yakshit Bandi,HR,HR Manager,86,91.89,98.07,4.8,96.21,43,4.4,0,Yes,94.47,HIGH
563347,Kiara Behl,Sales,Account Manager,54,87.01,80.26,4.2,98.4,48,5.0,27,No,91.07,HIGH
155235,Ahana  Banerjee,Sales,Account Manager,85,75.18,76.28,3.8,73.5,50,3.1,19,No,72.42,MEDIUM
133728,Onkar Dasgupta,HR,HR Manager,69,62.41,85.23,4.5,95.17,48,4.0,25,No,85.84,HIGH
697615,Raunak Ram,IT,Software Engineer,58,90.55,86.96,4.5,76.81,35,4.0,21,No,83.49,HIGH
578138,Arhaan Mangal,Finance,Accountant,78,82.6,77.31,4.5,91.99,40,4.1,9,No,85.72,HIGH
719536,Emir Sahota,Sales,Account Manager,70,74.02,97.46,4.7,99.47,39,4.9,20,No,95.14,HIGH
197110,Bhavin Karpe,Marketing,Marketing Executive,67,73.88,77.31,3.9,79.34,41,4.8,23,No,81.45,HIGH
849030,Umang Sehgal,Sales,Sales Executive,71,80.88,93.36,3.5,83.93,40,4.4,10,No,83.54,HIGH
933185,Sana Ratta,IT,Software Engineer,91,64.43,87.02,3.9,91.84,35,3.7,23,No,81.8,HIGH
987706,Ojas Lall,HR,Employee Relations,57,85.78,85.93,4.8,86.64,37,3.5,21,No,84.96,HIGH
275377,Miraan Sarin,Finance,Financial Analyst,86,73.79,95.53,4.7,99.02,51,3.2,23,No,87.79,HIGH
628855,Sara Dara,Sales,Sales Executive,80,93.94,97.26,4.3,76.55,41,3.3,3,No,82.21,HIGH
983766,Alisha Rao,Marketing,Marketing Executive,75,74.09,96.22,4.5,70.46,42,3.9,22,No,81.39,HIGH
267253,Purab Kibe,HR,Employee Relations,100,93.36,75.61,3.7,93.16,47,4.9,27,Yes,86.81,HIGH
190585,Damini Varghese,HR,HR Manager,52,84.12,77.02,4.4,70.03,37,4.9,23,No,82.03,HIGH
925908,Taimur Kapadia,Marketing,Content Strategist,98,82.01,85.35,3.8,82.11,36,3.8,13,No,80.3,HIGH
678785,Yuvaan Datta,IT,Software Engineer,61,93.66,87.94,3.1,92.86,43,3.1,8,No,79.61,HIGH
893182,Rhea Goswami,Finance,Auditor,66,74.86,98.39,4.7,93.33,52,3.9,23,No,89.56,HIGH
362414,Rania Krish,Finance,Accountant,67,73.64,78.42,4.9,94.98,51,4.5,7,No,89.14,HIGH
653357,Purab Khosla,HR,Employee Relations,51,62.02,98.63,4.0,73.71,42,4.7,20,No,82.84,HIGH
422929,Fateh Saini,Marketing,SEO Specialist,51,67.87,77.13,4.2,86.91,48,4.2,16,No,81.89,HIGH
217289,Akarsh Bali,Sales,Account Manager,77,64.46,79.1,3.4,85.1,38,3.3,6,No,74.6,MEDIUM
633863,Yuvraj  Sampath,Finance,Financial Analyst,67,85.49,96.43,3.3,75.91,55,3.9,26,No,79.41,HIGH
363701,Advik Wadhwa,Finance,Auditor,64,74.96,89.6,3.4,98.53,38,3.6,10,No,82.98,HIGH
670200,Krish Mandal,Sales,Sales Executive,81,71.4,76.69,3.1,95.01,51,3.5,26,No,77.38,HIGH
189193,Divit Suresh,Sales,Business Development,96,83.17,88.59,3.5,88.77,52,4.9,10,Yes,86.27,HIGH
438556,Jayan Shetty,IT,Software Engineer,86,64.25,90.45,3.4,90.59,39,5.0,15,Yes,85.29,HIGH
245187,Bhavin Kapur,Marketing,Content Strategist,85,72.34,79.29,4.2,81.95,35,4.4,11,No,82.08,HIGH
920338,Heer Rastogi,IT,Data Analyst,54,63.89,87.46,3.3,90.42,49,3.6,6,No,78.61,HIGH
233089,Jivin Khare,Sales,Sales Executive,61,80.04,95.49,3.7,70.95,45,4.8,0,No,82.39,HIGH
649511,Amira Swaminathan,Marketing,SEO Specialist,91,64.16,91.56,4.7,76.12,38,4.8,17,Yes,85.56,HIGH
791428,Diya Chaudhari,HR,Employee Relations,83,89.65,98.34,5.0,85.53,39,4.9,9,No,93.89,HIGH
352637,Raunak Shetty,Marketing,Marketing Executive,82,84.07,85.59,4.2,94.91,40,4.4,12,No,88.4,HIGH
996610,Sana Mane,Sales,Business Development,77,78.72,85.4,4.2,73.33,45,4.2,0,No,80.55,HIGH
886582,Riya Khatri,Finance,Auditor,84,82.74,84.19,3.7,96.98,45,3.8,28,No,84.21,HIGH
324259,Chirag Sachdev,HR,HR Manager,82,75.95,80.28,4.3,70.68,51,3.4,15,No,75.66,HIGH
904490,Tarini Tata,Sales,Business Development,51,91.62,97.29,3.1,91.33,45,3.7,17,No,83.22,HIGH
233933,Zeeshan Banerjee,HR,HR Manager,66,81.71,81.13,4.7,74.88,51,4.9,13,No,85.26,HIGH
590601,Inaaya  Arora,HR,Recruitment Specialist,90,80.6,95.94,3.9,78.91,45,4.5,6,Yes,84.52,HIGH
383830,Divij Rajagopalan,Finance,Accountant,81,75.31,96.38,3.3,91.43,51,3.1,18,No,79.84,HIGH
174541,Sahil Dani,HR,HR Manager,98,84.98,82.86,3.9,70.2,36,3.0,13,No,73.73,MEDIUM
292278,Hunar Sarraf,Marketing,Marketing Executive,70,76.14,86.07,4.3,73.02,55,3.2,16,No,76.73,HIGH
589903,Aaryahi Wagle,IT,Cybersecurity Specialist,69,67.73,97.37,4.3,88.99,50,3.1,14,No,82.54,HIGH
733099,Armaan Virk,Marketing,Marketing Executive,76,81.33,77.33,4.9,97.54,37,4.4,14,No,90.06,HIGH
268009,Manikya Bandi,Sales,Business Development,59,92.3,93.57,4.3,98.27,46,4.9,14,No,94.22,HIGH
527842,Dhruv Singhal,IT,Cybersecurity Specialist,77,69.0,85.27,5.0,79.85,41,4.8,3,No,87.11,HIGH
813536,Ryan Sankaran,HR,Employee Relations,62,79.47,86.93,3.2,89.05,54,4.5,28,No,82.85,HIGH
773537,Pari Gopal,Marketing,Content Strategist,87,75.81,88.54,3.8,99.37,35,4.4,9,Yes,87.9,HIGH
769136,Bhavin Dash,Marketing,Marketing Executive,79,73.44,95.59,3.5,81.94,55,4.5,18,No,83.04,HIGH
570527,Anya Kari,HR,Employee Relations,75,72.88,87.49,4.1,94.39,53,4.2,13,No,86.3,HIGH
307039,Indrajit Bali,Finance,Auditor,68,75.98,86.89,4.8,85.35,50,3.5,0,No,83.78,HIGH
253947,Darshit Chaudhry,Sales,Sales Executive,71,90.05,90.66,3.1,89.58,55,3.3,0,No,79.61,HIGH
952575,Miraya Dada,Marketing,Marketing Executive,73,80.76,94.72,4.2,86.11,36,4.1,13,No,86.05,HIGH
726080,Vardaniya Bose,IT,Data Analyst,51,91.15,92.49,3.4,84.84,52,3.9,4,No,82.26,HIGH
938005,Nirvaan Sami,Sales,Business Development,88,71.66,82.19,3.3,94.09,40,3.1,21,No,77.43,HIGH
850205,Anay Sangha,HR,Recruitment Specialist,59,67.29,87.55,3.9,93.91,51,4.8,4,No,87.21,HIGH
892327,Arnav Boase,Finance,Auditor,63,89.3,78.57,4.6,83.72,40,4.7,1,No,86.96,HIGH
121045,Lagan Sinha,Marketing,Content Strategist,54,93.24,81.97,4.6,98.38,46,3.0,28,No,85.63,HIGH
638882,Krish Butala,IT,Data Analyst,68,68.64,94.24,4.2,86.13,53,4.9,8,No,87.95,HIGH
885502,Tarini Vala,HR,Employee Relations,51,76.82,77.13,4.9,80.18,50,3.8,30,No,81.96,HIGH
917202,Gokul Behl,Sales,Business Development,89,67.82,94.5,3.8,83.89,49,3.9,4,No,81.65,HIGH
674175,Aarush Dhingra,Marketing,Content Strategist,52,68.58,79.48,4.5,72.04,53,3.8,0,No,77.57,HIGH
219499,Elakshi Kibe,Sales,Business Development,63,62.51,82.16,3.0,73.2,51,3.1,8,No,69.04,MEDIUM
929643,Chirag Saxena,Sales,Business Development,76,69.32,85.42,5.0,99.0,43,3.9,14,No,89.32,HIGH
237392,Eshani Chacko,Sales,Business Development,67,79.17,90.09,3.3,94.3,44,3.9,11,No,83.02,HIGH
837628,Saira Tripathi,HR,HR Manager,85,91.32,84.2,3.5,83.19,36,4.7,9,No,83.73,HIGH
688375,Faiyaz Manne,IT,Software Engineer,51,85.88,94.34,3.5,91.86,43,4.6,1,No,87.41,HIGH
268409,Tushar Jayaraman,IT,Software Engineer,95,93.25,87.16,3.1,85.69,52,3.2,24,No,77.66,HIGH
404763,Yashvi Contractor,Finance,Accountant,59,61.57,77.79,4.3,78.55,53,4.6,28,No,80.88,HIGH
454789,Vardaniya Bhat,IT,Cybersecurity Specialist,85,62.22,93.19,3.4,99.89,35,4.7,1,No,87.23,HIGH
707674,Ela Bahri,Marketing,Content Strategist,59,71.29,80.84,3.6,78.29,35,3.6,9,No,75.58,HIGH
954858,Nakul Lanka,Sales,Account Manager,98,90.1,99.41,3.4,94.82,42,4.8,16,Yes,90.14,HIGH
376829,Saira Chhabra,Sales,Business Development,81,92.38,80.75,3.9,97.83,43,4.1,13,No,86.74,HIGH
856880,Ritvik Venkataraman,Marketing,Content Strategist,85,61.49,77.54,4.7,78.88,44,4.6,28,No,82.52,HIGH
134259,Mannat Seth,Sales,Sales Executive,89,89.97,78.53,4.6,92.49,52,4.7,1,Yes,89.65,HIGH
329252,Aniruddh Luthra,Finance,Accountant,78,74.96,84.59,3.4,73.44,41,4.2,10,No,76.85,HIGH
656257,Miraya Kadakia,HR,Recruitment Specialist,86,63.93,87.7,4.6,85.93,46,3.6,16,No,82.51,HIGH
631122,Suhana Dalal,IT,Software Engineer,84,93.67,78.76,3.2,70.97,40,4.6,26,No,77.61,HIGH
690178,Sana Vig,Finance,Financial Analyst,53,75.25,90.01,4.9,84.56,37,4.3,1,No,87.7,HIGH
245783,Vihaan Subramaniam,HR,HR Manager,51,76.91,92.85,3.5,74.31,40,3.6,23,No,76.95,HIGH
759838,Jivin Kaul,IT,Cybersecurity Specialist,76,60.1,78.55,3.0,91.98,46,4.2,18,No,78.11,HIGH
292904,Tiya Varma,HR,Recruitment Specialist,83,64.88,80.24,4.4,81.88,48,3.8,11,No,79.9,HIGH
813376,Inaaya  Karan,HR,Recruitment Specialist,50,77.42,96.65,4.5,88.02,39,4.7,8,No,90.28,HIGH
634972,Vritika Arora,IT,Cybersecurity Specialist,73,71.13,78.64,4.9,73.33,52,3.3,9,No,77.64,HIGH
559766,Nehmat Sagar,Finance,Accountant,63,92.99,89.56,4.7,73.18,40,3.2,26,No,80.76,HIGH
491321,Yashvi Barad,Finance,Auditor,56,82.83,79.64,4.6,84.2,45,4.1,5,No,84.27,HIGH
242212,Divyansh Sekhon,HR,Recruitment Specialist,99,88.37,78.85,4.4,87.31,49,4.3,9,Yes,85.6,HIGH
402062,Dhanuk Sankaran,IT,Data Analyst,82,90.61,96.89,3.9,76.09,50,3.5,22,No,80.87,HIGH
268203,Aayush Sampath,Sales,Business Development,88,66.38,83.38,3.1,88.17,36,3.6,5,No,76.56,HIGH
439425,Jayan Magar,HR,Employee Relations,75,61.91,77.2,5.0,91.57,53,4.5,23,No,87.1,HIGH
